PRT1
2536
8323
4 0 2 (5600 6144 2528 ) (5120 6144 2528 ) (5120 6144 -3040 ) (5600 6144 -3040 ) 
4 0 1 (5120 6144 -3040 ) (5120 6144 2528 ) (5120 7136 2528 ) (5120 7136 -3040 ) 
4 1 4 (4096 6144 -3040 ) (4096 6144 2528 ) (4096 7136 2528 ) (4096 7136 -3040 ) 
4 1 3 (5120 6144 -3040 ) (5120 6144 2528 ) (4096 6144 2528 ) (4096 6144 -3040 ) 
4 2 12 (5600 5120 2528 ) (5120 5120 2528 ) (5120 5120 -3040 ) (5600 5120 -3040 ) 
4 2 3 (5120 6144 2528 ) (5120 6144 -3040 ) (5120 5120 -3040 ) (5120 5120 2528 ) 
4 3 13 (5120 5120 -3040 ) (5120 5120 2528 ) (4096 5120 2528 ) (4096 5120 -3040 ) 
4 3 6 (4096 5120 -3040 ) (4096 5120 2528 ) (4096 6144 2528 ) (4096 6144 -3040 ) 
4 4 6 (4096 6144 -3040 ) (4096 6144 2528 ) (3072 6144 2528 ) (3072 6144 -3040 ) 
4 4 5 (3072 6144 -3040 ) (3072 6144 2528 ) (3072 7136 2528 ) (3072 7136 -3040 ) 
4 5 8 (2048 6144 -3040 ) (2048 6144 2528 ) (2048 7136 2528 ) (2048 7136 -3040 ) 
4 5 7 (3072 6144 -3040 ) (3072 6144 2528 ) (2048 6144 2528 ) (2048 6144 -3040 ) 
4 6 28 (4096 5120 -3040 ) (4096 5120 2528 ) (3072 5120 2528 ) (3072 5120 -3040 ) 
4 6 7 (3072 6144 2528 ) (3072 6144 -3040 ) (3072 5120 -3040 ) (3072 5120 2528 ) 
4 7 29 (3072 5120 -3040 ) (3072 5120 2528 ) (2048 5120 2528 ) (2048 5120 -3040 ) 
4 7 10 (2048 5120 -3040 ) (2048 5120 2528 ) (2048 6144 2528 ) (2048 6144 -3040 ) 
4 8 10 (2048 6144 -3040 ) (2048 6144 2528 ) (1024 6144 2528 ) (1024 6144 -3040 ) 
4 8 9 (1024 6144 -3040 ) (1024 6144 2528 ) (1024 7136 2528 ) (1024 7136 -3040 ) 
4 9 1404 (0 6144 -3040 ) (0 6144 2528 ) (0 7136 2528 ) (0 7136 -3040 ) 
4 9 11 (1024 6144 -3040 ) (1024 6144 2528 ) (0 6144 2528 ) (0 6144 -3040 ) 
4 10 54 (2048 5120 -3040 ) (2048 5120 -1232 ) (1024 5120 -1232 ) (1024 5120 -3040 ) 
4 10 53 (1072 5120 -1216 ) (1024 5120 -1216 ) (1024 5120 -1232 ) (1072 5120 -1232 ) 
4 10 52 (1200 5120 -1216 ) (1072 5120 -1216 ) (1072 5120 -1232 ) (1200 5120 -1232 ) 
4 10 51 (1584 5120 -1216 ) (1200 5120 -1216 ) (1200 5120 -1232 ) (1584 5120 -1232 ) 
4 10 50 (2048 5120 -1232 ) (2048 5120 -1216 ) (1584 5120 -1216 ) (1584 5120 -1232 ) 
4 10 49 (1072 5120 -832 ) (1024 5120 -832 ) (1024 5120 -1216 ) (1072 5120 -1216 ) 
4 10 48 (1200 5120 -832 ) (1072 5120 -832 ) (1072 5120 -1216 ) (1200 5120 -1216 ) 
4 10 43 (2048 5120 -1216 ) (2048 5120 -832 ) (1712 5120 -832 ) (1712 5120 -1216 ) 
4 10 42 (1072 5120 -448 ) (1024 5120 -448 ) (1024 5120 -832 ) (1072 5120 -832 ) 
4 10 41 (1072 5120 -704 ) (1072 5120 -832 ) (1712 5120 -832 ) (1712 5120 -704 ) 
4 10 40 (1712 5120 -448 ) (1072 5120 -448 ) (1072 5120 -704 ) (1712 5120 -704 ) 
4 10 39 (2048 5120 -832 ) (2048 5120 -448 ) (1712 5120 -448 ) (1712 5120 -832 ) 
4 10 37 (1712 5120 2528 ) (1072 5120 2528 ) (1072 5120 -320 ) (1712 5120 -320 ) 
4 10 36 (2048 5120 -448 ) (2048 5120 2528 ) (1712 5120 2528 ) (1712 5120 -448 ) 
4 10 38 (1072 5120 2528 ) (1024 5120 2528 ) (1024 5120 -448 ) (1072 5120 -448 ) 
4 10 11 (1024 6144 2528 ) (1024 6144 -3040 ) (1024 5120 -3040 ) (1024 5120 2528 ) 
4 11 1406 (0 5120 -3040 ) (0 5120 2528 ) (0 6144 2528 ) (0 6144 -3040 ) 
4 11 108 (1024 5120 -3040 ) (1024 5120 -1616 ) (0 5120 -1616 ) (0 5120 -3040 ) 
4 11 101 (1008 5120 -1296 ) (624 5120 -1296 ) (624 5120 -1616 ) (1008 5120 -1616 ) 
4 11 100 (1024 5120 -1616 ) (1024 5120 -1296 ) (1008 5120 -1296 ) (1008 5120 -1616 ) 
4 11 102 (624 5120 -1296 ) (0 5120 -1296 ) (0 5120 -1616 ) (624 5120 -1616 ) 
4 11 92 (1008 5120 -1232 ) (624 5120 -1232 ) (624 5120 -1296 ) (1008 5120 -1296 ) 
4 11 91 (1024 5120 -1296 ) (1024 5120 -1232 ) (1008 5120 -1232 ) (1008 5120 -1296 ) 
4 11 94 (624 5120 -1232 ) (0 5120 -1232 ) (0 5120 -1296 ) (624 5120 -1296 ) 
4 11 80 (1024 5120 -1232 ) (1024 5120 -448 ) (544 5120 -448 ) (544 5120 -1232 ) 
4 11 81 (544 5120 -448 ) (0 5120 -448 ) (0 5120 -1232 ) (544 5120 -1232 ) 
4 11 79 (1024 5120 -448 ) (1024 5120 2528 ) (0 5120 2528 ) (0 5120 -448 ) 
4 12 14 (5600 4096 2528 ) (5120 4096 2528 ) (5120 4096 -3040 ) (5600 4096 -3040 ) 
4 12 13 (5120 5120 2528 ) (5120 5120 -3040 ) (5120 4096 -3040 ) (5120 4096 2528 ) 
4 13 28 (4096 5120 2528 ) (4096 5120 -3040 ) (4096 4096 -3040 ) (4096 4096 2528 ) 
4 13 15 (5120 4096 -3040 ) (5120 4096 2528 ) (4096 4096 2528 ) (4096 4096 -3040 ) 
4 14 16 (5600 3072 2528 ) (5120 3072 2528 ) (5120 3072 -3040 ) (5600 3072 -3040 ) 
4 14 15 (5120 4096 2528 ) (5120 4096 -3040 ) (5120 3072 -3040 ) (5120 3072 2528 ) 
4 15 30 (4096 3072 -3040 ) (4096 3072 2528 ) (4096 4096 2528 ) (4096 4096 -3040 ) 
4 15 17 (5120 3072 -3040 ) (5120 3072 2528 ) (4096 3072 2528 ) (4096 3072 -3040 ) 
4 16 18 (5600 2048 2528 ) (5120 2048 2528 ) (5120 2048 -3040 ) (5600 2048 -3040 ) 
4 16 17 (5120 3072 2528 ) (5120 3072 -3040 ) (5120 2048 -3040 ) (5120 2048 2528 ) 
4 17 312 (4096 2048 -3040 ) (4096 2048 2528 ) (4096 3072 2528 ) (4096 3072 -3040 ) 
4 17 27 (5120 2048 -3040 ) (5120 2048 -1256 ) (4096 2048 -1256 ) (4096 2048 -3040 ) 
4 17 26 (4096 2048 -1248 ) (4096 2048 -1256 ) (4144 2048 -1256 ) (4144 2048 -1248 ) 
4 17 25 (4096 2048 -704 ) (4096 2048 -1248 ) (4144 2048 -1248 ) (4144 2048 -704 ) 
4 17 23 (4144 2048 2528 ) (4096 2048 2528 ) (4096 2048 -704 ) (4144 2048 -704 ) 
4 17 22 (4336 2048 -768 ) (4144 2048 -768 ) (4144 2048 -1256 ) (4336 2048 -1256 ) 
4 17 21 (5120 2048 -1256 ) (5120 2048 -768 ) (4336 2048 -768 ) (4336 2048 -1256 ) 
4 17 19 (5120 2048 -768 ) (5120 2048 2528 ) (4144 2048 2528 ) (4144 2048 -768 ) 
4 18 1654 (5600 1024 2528 ) (5120 1024 2528 ) (5120 1024 -3040 ) (5600 1024 -3040 ) 
4 18 27 (5120 2048 -1256 ) (5120 2048 -3040 ) (5120 1024 -3040 ) (5120 1024 -1256 ) 
4 18 21 (5120 2048 -768 ) (5120 2048 -1256 ) (5120 1024 -1256 ) (5120 1024 -768 ) 
4 18 19 (5120 2048 2528 ) (5120 2048 -768 ) (5120 1024 -768 ) (5120 1024 2528 ) 
4 19 1655 (5120 1024 -768 ) (5120 1024 2528 ) (4144 1024 2528 ) (4144 1024 -768 ) 
4 19 25 (4144 2048 -704 ) (4144 2048 -768 ) (4144 1232 -768 ) (4144 1232 -704 ) 
4 19 24 (4144 1216 -768 ) (4144 1024 -768 ) (4144 1024 -704 ) (4144 1216 -704 ) 
4 19 23 (4144 2048 2528 ) (4144 2048 -704 ) (4144 1024 -704 ) (4144 1024 2528 ) 
4 19 22 (4144 1232 -768 ) (4144 2048 -768 ) (4336 2048 -768 ) (4336 1040 -768 ) 
4 19 21 (4336 2048 -768 ) (5120 2048 -768 ) (5120 1024 -768 ) (4336 1024 -768 ) 
3 19 20 (4144 1024 -768 ) (4144 1216 -768 ) (4336 1024 -768 ) 
4 20 1655 (4336 1024 -768 ) (4144 1024 -768 ) (4144 1024 -1248 ) (4336 1024 -1248 ) 
4 20 24 (4144 1024 -1248 ) (4144 1024 -768 ) (4144 1216 -768 ) (4144 1216 -1248 ) 
4 21 1656 (5120 1024 -1256 ) (5120 1024 -1248 ) (4336 1024 -1248 ) (4336 1024 -1256 ) 
4 21 1655 (5120 1024 -1248 ) (5120 1024 -768 ) (4336 1024 -768 ) (4336 1024 -1248 ) 
4 21 27 (5120 2048 -1256 ) (5120 1024 -1256 ) (4336 1024 -1256 ) (4336 2048 -1256 ) 
4 21 22 (4336 2048 -1256 ) (4336 1040 -1256 ) (4336 1040 -768 ) (4336 2048 -768 ) 
4 22 27 (4144 1232 -1256 ) (4144 2048 -1256 ) (4336 2048 -1256 ) (4336 1040 -1256 ) 
4 22 26 (4144 2048 -1248 ) (4144 2048 -1256 ) (4144 1232 -1256 ) (4144 1232 -1248 ) 
4 22 25 (4144 2048 -768 ) (4144 2048 -1248 ) (4144 1232 -1248 ) (4144 1232 -768 ) 
4 23 1661 (4096 1024 -512 ) (4096 1024 -704 ) (4144 1024 -704 ) (4144 1024 -512 ) 
4 23 1658 (4096 1024 2528 ) (4096 1024 -512 ) (4144 1024 -512 ) (4144 1024 2528 ) 
4 23 316 (4096 1238 -512 ) (4096 2048 -512 ) (4096 2048 -704 ) (4096 1238 -704 ) 
4 23 315 (4096 1024 -704 ) (4096 1024 -512 ) (4096 1238 -512 ) (4096 1238 -704 ) 
4 23 314 (4096 1024 -512 ) (4096 1024 2528 ) (4096 2048 2528 ) (4096 2048 -512 ) 
4 23 25 (4144 2048 -704 ) (4144 1232 -704 ) (4096 1254 -704 ) (4096 2048 -704 ) 
4 23 24 (4144 1216 -704 ) (4144 1024 -704 ) (4096 1024 -704 ) (4096 1238 -704 ) 
4 24 1661 (4096 1024 -704 ) (4096 1024 -1248 ) (4144 1024 -1248 ) (4144 1024 -704 ) 
4 24 315 (4096 1024 -1248 ) (4096 1024 -704 ) (4096 1238 -704 ) (4096 1238 -1248 ) 
4 25 317 (4096 1254 -704 ) (4096 2048 -704 ) (4096 2048 -1248 ) (4096 1254 -1248 ) 
4 25 26 (4144 2048 -1248 ) (4144 1232 -1248 ) (4096 1254 -1248 ) (4096 2048 -1248 ) 
4 26 317 (4096 1254 -1248 ) (4096 2048 -1248 ) (4096 2048 -1256 ) (4096 1254 -1256 ) 
4 26 27 (4096 1254 -1256 ) (4096 2048 -1256 ) (4144 2048 -1256 ) (4144 1232 -1256 ) 
4 27 1662 (4144 1024 -1256 ) (4096 1024 -1256 ) (4096 1024 -3040 ) (4144 1024 -3040 ) 
4 27 1657 (5120 1024 -3040 ) (5120 1024 -1256 ) (4144 1024 -1256 ) (4144 1024 -3040 ) 
4 27 319 (4096 1024 -3040 ) (4096 1024 -1296 ) (4096 2048 -1296 ) (4096 2048 -3040 ) 
4 27 318 (4096 1024 -1296 ) (4096 1024 -1256 ) (4096 2048 -1256 ) (4096 2048 -1296 ) 
4 28 30 (4096 4096 -3040 ) (4096 4096 2528 ) (3072 4096 2528 ) (3072 4096 -3040 ) 
4 28 29 (3072 5120 2528 ) (3072 5120 -3040 ) (3072 4096 -3040 ) (3072 4096 2528 ) 
4 29 64 (2048 4608 -3040 ) (2048 4096 -3040 ) (2048 4096 -1232 ) (2048 4608 -1232 ) 
4 29 63 (2048 4096 -1232 ) (2048 4096 -1216 ) (2048 4224 -1216 ) (2048 4224 -1232 ) 
4 29 62 (2048 4096 -1216 ) (2048 4096 -576 ) (2048 4224 -576 ) (2048 4224 -1216 ) 
4 29 57 (2048 4224 -576 ) (2048 4608 -576 ) (2048 4608 -1232 ) (2048 4224 -1232 ) 
4 29 55 (2048 4096 -576 ) (2048 4096 2528 ) (2048 4608 2528 ) (2048 4608 -576 ) 
4 29 54 (2048 5120 -1232 ) (2048 5120 -3040 ) (2048 4608 -3040 ) (2048 4608 -1232 ) 
4 29 50 (2048 5120 -1216 ) (2048 5120 -1232 ) (2048 4608 -1232 ) (2048 4608 -1216 ) 
4 29 43 (2048 5120 -832 ) (2048 5120 -1216 ) (2048 4608 -1216 ) (2048 4608 -832 ) 
4 29 39 (2048 5120 -448 ) (2048 5120 -832 ) (2048 4608 -832 ) (2048 4608 -448 ) 
4 29 36 (2048 5120 2528 ) (2048 5120 -448 ) (2048 4608 -448 ) (2048 4608 2528 ) 
4 29 35 (3072 4096 -3040 ) (3072 4096 -128 ) (2048 4096 -128 ) (2048 4096 -3040 ) 
4 29 32 (2280 4096 2528 ) (2048 4096 2528 ) (2048 4096 -128 ) (2280 4096 -128 ) 
4 29 31 (3072 4096 -128 ) (3072 4096 2528 ) (2280 4096 2528 ) (2280 4096 -128 ) 
4 30 312 (4096 3072 -3040 ) (4096 3072 2528 ) (3072 3072 2528 ) (3072 3072 -3040 ) 
4 30 35 (3072 4096 -128 ) (3072 4096 -3040 ) (3072 3072 -3040 ) (3072 3072 -128 ) 
4 30 31 (3072 4096 2528 ) (3072 4096 -128 ) (3072 3072 -128 ) (3072 3072 2528 ) 
4 31 313 (3072 3072 -128 ) (3072 3072 2528 ) (2280 3072 2528 ) (2280 3072 -128 ) 
4 31 35 (3072 4096 -128 ) (3072 3072 -128 ) (2280 3072 -128 ) (2280 4096 -128 ) 
4 31 33 (2280 3712 128 ) (2280 3712 2528 ) (2280 3840 2528 ) (2280 3840 128 ) 
4 31 32 (2280 4096 -128 ) (2280 3840 -128 ) (2280 3840 2528 ) (2280 4096 2528 ) 
4 31 34 (2280 3712 -128 ) (2280 3072 -128 ) (2280 3072 2528 ) (2280 3712 2528 ) 
4 32 124 (2048 3840 2528 ) (2048 4032 2528 ) (2048 4032 -128 ) (2048 3840 -128 ) 
4 32 109 (2048 4032 2528 ) (2048 4096 2528 ) (2048 4096 -128 ) (2048 4032 -128 ) 
4 32 35 (2048 3840 -128 ) (2048 4096 -128 ) (2280 4096 -128 ) (2280 3840 -128 ) 
4 32 33 (2280 3840 128 ) (2280 3840 2528 ) (2048 3840 2528 ) (2048 3840 128 ) 
4 33 125 (2048 3712 2528 ) (2048 3840 2528 ) (2048 3840 128 ) (2048 3712 128 ) 
4 33 34 (2280 3712 128 ) (2280 3712 2528 ) (2048 3712 2528 ) (2048 3712 128 ) 
4 34 313 (2280 3072 2528 ) (2048 3072 2528 ) (2048 3072 -128 ) (2280 3072 -128 ) 
4 34 134 (2048 3072 -128 ) (2048 3072 2528 ) (2048 3392 2528 ) (2048 3392 -128 ) 
4 34 127 (2048 3392 2528 ) (2048 3712 2528 ) (2048 3712 -128 ) (2048 3392 -128 ) 
4 34 35 (2280 3072 -128 ) (2048 3072 -128 ) (2048 3712 -128 ) (2280 3712 -128 ) 
4 35 313 (3072 3072 -3040 ) (3072 3072 -128 ) (2048 3072 -128 ) (2048 3072 -3040 ) 
4 35 183 (2048 3072 -3040 ) (2048 3072 -1616 ) (2048 4032 -1616 ) (2048 4032 -3040 ) 
4 35 181 (2048 3072 -1616 ) (2048 3072 -1600 ) (2048 4032 -1600 ) (2048 4032 -1616 ) 
4 35 164 (2048 3072 -1600 ) (2048 3072 -848 ) (2048 4032 -848 ) (2048 4032 -1600 ) 
4 35 134 (2048 3072 -848 ) (2048 3072 -128 ) (2048 3392 -128 ) (2048 3392 -848 ) 
4 35 131 (2048 4032 -576 ) (2048 4032 -848 ) (2048 3392 -848 ) (2048 3392 -576 ) 
4 35 126 (2048 3712 -128 ) (2048 3840 -128 ) (2048 3840 -576 ) (2048 3712 -576 ) 
4 35 124 (2048 3840 -128 ) (2048 4032 -128 ) (2048 4032 -576 ) (2048 3840 -576 ) 
4 35 127 (2048 3392 -128 ) (2048 3712 -128 ) (2048 3712 -576 ) (2048 3392 -576 ) 
4 35 123 (2048 4096 -1232 ) (2048 4096 -3040 ) (2048 4032 -3040 ) (2048 4032 -1232 ) 
4 35 120 (2048 4096 -1216 ) (2048 4096 -1232 ) (2048 4032 -1232 ) (2048 4032 -1216 ) 
4 35 116 (2048 4096 -960 ) (2048 4096 -1216 ) (2048 4032 -1216 ) (2048 4032 -960 ) 
4 35 115 (2048 4096 -832 ) (2048 4096 -960 ) (2048 4032 -960 ) (2048 4032 -832 ) 
4 35 112 (2048 4096 -708 ) (2048 4096 -832 ) (2048 4032 -832 ) (2048 4032 -708 ) 
4 35 110 (2048 4096 -320 ) (2048 4096 -708 ) (2048 4032 -708 ) (2048 4032 -320 ) 
4 35 109 (2048 4032 -128 ) (2048 4096 -128 ) (2048 4096 -320 ) (2048 4032 -320 ) 
4 36 56 (1808 4608 2528 ) (1712 4608 2528 ) (1712 4608 -448 ) (1808 4608 -448 ) 
4 36 55 (2048 4608 -448 ) (2048 4608 2528 ) (1808 4608 2528 ) (1808 4608 -448 ) 
4 36 39 (2048 4608 -448 ) (1712 4608 -448 ) (1712 5120 -448 ) (2048 5120 -448 ) 
4 36 37 (1712 4608 -320 ) (1712 4608 2528 ) (1712 5120 2528 ) (1712 5120 -320 ) 
4 37 65 (1712 4608 2528 ) (1072 4608 2528 ) (1072 4608 -320 ) (1712 4608 -320 ) 
4 37 38 (1072 4608 -320 ) (1072 4608 2528 ) (1072 5120 2528 ) (1072 5120 -320 ) 
4 38 79 (1024 5120 2528 ) (1024 5120 -448 ) (1024 4608 -448 ) (1024 4608 2528 ) 
4 38 65 (1072 4608 2528 ) (1024 4608 2528 ) (1024 4608 -448 ) (1072 4608 -448 ) 
4 38 42 (1024 4624 -448 ) (1024 5120 -448 ) (1072 5120 -448 ) (1072 4624 -448 ) 
4 39 58 (1920 4608 -576 ) (1904 4608 -576 ) (1904 4608 -832 ) (1920 4608 -832 ) 
4 39 57 (2048 4608 -832 ) (2048 4608 -576 ) (1920 4608 -576 ) (1920 4608 -832 ) 
4 39 56 (1808 4608 -448 ) (1712 4608 -448 ) (1712 4608 -560 ) (1808 4608 -560 ) 
4 39 55 (2048 4608 -576 ) (2048 4608 -448 ) (1808 4608 -448 ) (1808 4608 -576 ) 
4 39 43 (2048 4608 -832 ) (1712 4608 -832 ) (1712 5120 -832 ) (2048 5120 -832 ) 
4 39 41 (1712 5120 -832 ) (1712 4608 -832 ) (1712 4608 -704 ) (1712 5120 -704 ) 
4 39 40 (1712 4608 -704 ) (1712 4608 -448 ) (1712 5120 -448 ) (1712 5120 -704 ) 
4 40 65 (1712 4608 -448 ) (1072 4608 -448 ) (1072 4608 -704 ) (1712 4608 -704 ) 
4 40 42 (1072 4624 -448 ) (1072 5120 -448 ) (1072 5120 -704 ) (1072 4624 -704 ) 
4 40 41 (1072 4608 -704 ) (1072 5120 -704 ) (1712 5120 -704 ) (1712 4608 -704 ) 
4 41 65 (1072 4608 -704 ) (1072 4608 -832 ) (1712 4608 -832 ) (1712 4608 -704 ) 
4 41 48 (1200 4608 -832 ) (1072 4608 -832 ) (1072 5120 -832 ) (1200 5120 -832 ) 
4 41 42 (1072 5120 -832 ) (1072 4624 -832 ) (1072 4624 -704 ) (1072 5120 -704 ) 
4 42 80 (1024 5120 -448 ) (1024 5120 -832 ) (1024 4624 -832 ) (1024 4624 -448 ) 
4 42 49 (1024 4624 -832 ) (1024 5120 -832 ) (1072 5120 -832 ) (1072 4624 -832 ) 
4 43 58 (1920 4608 -832 ) (1904 4608 -832 ) (1904 4608 -1216 ) (1920 4608 -1216 ) 
4 43 57 (2048 4608 -1216 ) (2048 4608 -832 ) (1920 4608 -832 ) (1920 4608 -1216 ) 
4 43 50 (2048 4608 -1216 ) (1712 4608 -1216 ) (1712 5120 -1216 ) (2048 5120 -1216 ) 
4 44 45 (1456 4672 -1088 ) (1456 4672 -1216 ) (1584 4672 -1216 ) (1584 4672 -1088 ) 
4 45 72 (1456 4608 -960 ) (1456 4608 -1216 ) (1584 4608 -1216 ) (1584 4608 -960 ) 
4 46 48 (1200 4704 -1216 ) (1200 4672 -1216 ) (1200 4672 -1088 ) (1200 4704 -1088 ) 
4 46 47 (1200 4672 -1088 ) (1200 4672 -1216 ) (1328 4672 -1216 ) (1328 4672 -1088 ) 
4 47 72 (1200 4608 -960 ) (1200 4608 -1216 ) (1328 4608 -1216 ) (1328 4608 -960 ) 
4 47 48 (1200 4672 -1216 ) (1200 4608 -1216 ) (1200 4608 -960 ) (1200 4672 -960 ) 
4 48 72 (1072 4608 -880 ) (1072 4608 -1216 ) (1200 4608 -1216 ) (1200 4608 -880 ) 
4 48 65 (1200 4608 -832 ) (1072 4608 -832 ) (1072 4608 -880 ) (1200 4608 -880 ) 
4 48 52 (1200 4608 -1216 ) (1072 4608 -1216 ) (1072 5120 -1216 ) (1200 5120 -1216 ) 
4 48 49 (1072 5120 -1216 ) (1072 4624 -1216 ) (1072 4624 -832 ) (1072 5120 -832 ) 
4 49 80 (1024 5120 -832 ) (1024 5120 -1216 ) (1024 4624 -1216 ) (1024 4624 -832 ) 
4 49 53 (1024 4624 -1216 ) (1024 5120 -1216 ) (1072 5120 -1216 ) (1072 4624 -1216 ) 
4 50 58 (1920 4608 -1216 ) (1904 4608 -1216 ) (1904 4608 -1232 ) (1920 4608 -1232 ) 
4 50 57 (2048 4608 -1232 ) (2048 4608 -1216 ) (1920 4608 -1216 ) (1920 4608 -1232 ) 
4 50 54 (2048 4608 -1232 ) (1584 4608 -1232 ) (1584 5120 -1232 ) (2048 5120 -1232 ) 
4 50 51 (1584 5120 -1232 ) (1584 4736 -1232 ) (1584 4736 -1216 ) (1584 5120 -1216 ) 
4 51 54 (1200 4736 -1232 ) (1200 5120 -1232 ) (1584 5120 -1232 ) (1584 4736 -1232 ) 
4 51 52 (1200 5120 -1232 ) (1200 4736 -1232 ) (1200 4736 -1216 ) (1200 5120 -1216 ) 
4 52 54 (1200 4608 -1232 ) (1072 4608 -1232 ) (1072 5120 -1232 ) (1200 5120 -1232 ) 
4 52 53 (1072 5120 -1232 ) (1072 4624 -1232 ) (1072 4624 -1216 ) (1072 5120 -1216 ) 
4 53 80 (1024 5120 -1216 ) (1024 5120 -1232 ) (1024 4624 -1232 ) (1024 4624 -1216 ) 
4 53 54 (1024 4624 -1232 ) (1024 5120 -1232 ) (1072 5120 -1232 ) (1072 4624 -1232 ) 
4 54 108 (1024 5120 -1616 ) (1024 5120 -3040 ) (1024 4608 -3040 ) (1024 4608 -1616 ) 
4 54 100 (1024 5120 -1296 ) (1024 5120 -1616 ) (1024 4608 -1616 ) (1024 4608 -1296 ) 
4 54 91 (1024 5120 -1232 ) (1024 5120 -1296 ) (1024 4608 -1296 ) (1024 4608 -1232 ) 
4 54 78 (1712 4608 -1232 ) (1024 4608 -1232 ) (1024 4608 -3040 ) (1712 4608 -3040 ) 
4 54 64 (2048 4608 -3040 ) (2048 4608 -1232 ) (1712 4608 -1232 ) (1712 4608 -3040 ) 
4 55 110 (2048 4096 -576 ) (2048 4096 -320 ) (1808 4096 -320 ) (1808 4096 -576 ) 
4 55 109 (2048 4096 -320 ) (2048 4096 2528 ) (1808 4096 2528 ) (1808 4096 -320 ) 
4 55 62 (2048 4096 -576 ) (1904 4096 -576 ) (1904 4224 -576 ) (2048 4224 -576 ) 
4 55 59 (1920 4480 -576 ) (1920 4224 -576 ) (1904 4224 -576 ) (1904 4480 -576 ) 
4 55 58 (1904 4608 -576 ) (1920 4608 -576 ) (1920 4480 -576 ) (1904 4480 -576 ) 
4 55 57 (1920 4608 -576 ) (2048 4608 -576 ) (2048 4224 -576 ) (1920 4224 -576 ) 
4 55 56 (1808 4096 -560 ) (1808 4096 2528 ) (1808 4608 2528 ) (1808 4608 -560 ) 
4 56 110 (1712 4096 -320 ) (1712 4096 -560 ) (1808 4096 -560 ) (1808 4096 -320 ) 
4 56 109 (1808 4096 2528 ) (1712 4096 2528 ) (1712 4096 -320 ) (1808 4096 -320 ) 
4 56 76 (1712 4160 -560 ) (1712 4096 -560 ) (1712 4096 2528 ) (1712 4160 2528 ) 
4 56 68 (1712 4224 -560 ) (1712 4160 -560 ) (1712 4160 2528 ) (1712 4224 2528 ) 
4 56 67 (1712 4480 -560 ) (1712 4224 -560 ) (1712 4224 2528 ) (1712 4480 2528 ) 
4 56 66 (1712 4544 -560 ) (1712 4480 -560 ) (1712 4480 2528 ) (1712 4544 2528 ) 
4 56 65 (1712 4608 2528 ) (1712 4608 -560 ) (1712 4544 -560 ) (1712 4544 2528 ) 
4 57 64 (1920 4608 -1232 ) (2048 4608 -1232 ) (2048 4224 -1232 ) (1920 4224 -1232 ) 
4 57 63 (1920 4224 -1232 ) (2048 4224 -1232 ) (2048 4224 -1216 ) (1920 4224 -1216 ) 
4 57 62 (2048 4224 -1216 ) (2048 4224 -576 ) (1920 4224 -576 ) (1920 4224 -1216 ) 
4 57 59 (1920 4224 -896 ) (1920 4224 -576 ) (1920 4480 -576 ) (1920 4480 -896 ) 
4 57 58 (1920 4608 -1232 ) (1920 4480 -1232 ) (1920 4480 -576 ) (1920 4608 -576 ) 
4 58 64 (1904 4608 -1232 ) (1920 4608 -1232 ) (1920 4480 -1232 ) (1904 4480 -1232 ) 
4 58 59 (1904 4480 -576 ) (1904 4480 -896 ) (1920 4480 -896 ) (1920 4480 -576 ) 
4 59 62 (1920 4224 -896 ) (1920 4224 -576 ) (1904 4224 -576 ) (1904 4224 -896 ) 
4 60 61 (1840 4480 -1216 ) (1840 4224 -1216 ) (1840 4224 -960 ) (1840 4480 -960 ) 
4 61 71 (1712 4224 -1216 ) (1712 4224 -896 ) (1712 4480 -896 ) (1712 4480 -1216 ) 
4 62 116 (2048 4096 -1216 ) (2048 4096 -960 ) (1904 4096 -960 ) (1904 4096 -1216 ) 
4 62 115 (2048 4096 -960 ) (2048 4096 -832 ) (1904 4096 -832 ) (1904 4096 -960 ) 
4 62 112 (2048 4096 -832 ) (2048 4096 -708 ) (1904 4096 -708 ) (1904 4096 -832 ) 
4 62 110 (2048 4096 -708 ) (2048 4096 -576 ) (1904 4096 -576 ) (1904 4096 -708 ) 
4 62 63 (1904 4224 -1216 ) (2048 4224 -1216 ) (2048 4096 -1216 ) (1904 4096 -1216 ) 
4 63 120 (2048 4096 -1232 ) (2048 4096 -1216 ) (1904 4096 -1216 ) (1904 4096 -1232 ) 
4 63 64 (1904 4224 -1232 ) (2048 4224 -1232 ) (2048 4096 -1232 ) (1904 4096 -1232 ) 
4 64 123 (2048 4096 -3040 ) (2048 4096 -1232 ) (1712 4096 -1232 ) (1712 4096 -3040 ) 
4 64 78 (1712 4608 -1232 ) (1712 4608 -3040 ) (1712 4096 -3040 ) (1712 4096 -1232 ) 
4 65 82 (1024 4608 2528 ) (1024 4608 -880 ) (1024 4544 -880 ) (1024 4544 2528 ) 
4 65 74 (1024 4544 -880 ) (1024 4560 -880 ) (1616 4560 -880 ) (1616 4544 -880 ) 
4 65 72 (1024 4560 -880 ) (1024 4608 -880 ) (1648 4608 -880 ) (1648 4560 -880 ) 
4 65 69 (1648 4608 -880 ) (1712 4608 -880 ) (1712 4560 -880 ) (1648 4560 -880 ) 
5 65 66 (1024 4544 -880 ) (1648 4544 -880 ) (1712 4544 -576 ) (1712 4544 2528 ) (1024 4544 2528 ) 
4 66 82 (1024 4544 -880 ) (1024 4480 -880 ) (1024 4480 2528 ) (1024 4544 2528 ) 
4 66 74 (1024 4480 -880 ) (1024 4544 -880 ) (1616 4544 -880 ) (1616 4480 -880 ) 
5 66 67 (1024 4480 -880 ) (1648 4480 -880 ) (1712 4480 -576 ) (1712 4480 2528 ) (1024 4480 2528 ) 
4 67 82 (1024 4480 -880 ) (1024 4224 -880 ) (1024 4224 2528 ) (1024 4480 2528 ) 
4 67 74 (1024 4224 -880 ) (1024 4480 -880 ) (1616 4480 -880 ) (1616 4224 -880 ) 
5 67 68 (1024 4224 -880 ) (1648 4224 -880 ) (1712 4224 -576 ) (1712 4224 2528 ) (1024 4224 2528 ) 
4 68 82 (1024 4224 -880 ) (1024 4160 -880 ) (1024 4160 2528 ) (1024 4224 2528 ) 
5 68 76 (1024 4160 2528 ) (1024 4160 -832 ) (1658.105225 4160 -832 ) (1712 4160 -576 ) (1712 4160 2528 ) 
4 68 74 (1616 4160 -880 ) (1024 4160 -880 ) (1024 4224 -880 ) (1616 4224 -880 ) 
4 69 72 (1648 4560 -880 ) (1648 4608 -880 ) (1648 4608 -896 ) (1648 4560 -896 ) 
4 69 70 (1648 4560 -896 ) (1648 4608 -896 ) (1712 4608 -896 ) (1712 4560 -896 ) 
4 70 73 (1648 4544 -960 ) (1648 4544 -896 ) (1648 4560 -896 ) (1648 4560 -960 ) 
4 70 75 (1648 4560 -1216 ) (1648 4544 -1216 ) (1648 4544 -960 ) (1648 4560 -960 ) 
4 70 72 (1648 4608 -1216 ) (1648 4560 -1216 ) (1648 4560 -896 ) (1648 4608 -896 ) 
4 71 73 (1648 4224 -960 ) (1648 4224 -896 ) (1648 4480 -896 ) (1648 4480 -960 ) 
4 71 75 (1648 4480 -1216 ) (1648 4224 -1216 ) (1648 4224 -960 ) (1648 4480 -960 ) 
4 72 82 (1024 4608 -880 ) (1024 4608 -960 ) (1024 4560 -960 ) (1024 4560 -880 ) 
4 72 86 (1024 4608 -960 ) (1024 4608 -1216 ) (1024 4560 -1216 ) (1024 4560 -960 ) 
4 72 74 (1616 4560 -880 ) (1024 4560 -880 ) (1024 4560 -960 ) (1616 4560 -960 ) 
4 72 73 (1648 4560 -960 ) (1648 4560 -896 ) (1616 4560 -896 ) (1616 4560 -960 ) 
4 72 75 (1024 4560 -1216 ) (1648 4560 -1216 ) (1648 4560 -960 ) (1024 4560 -960 ) 
4 73 74 (1616 4560 -896 ) (1616 4560 -960 ) (1616 4224.007324 -960 ) (1616 4160.007324 -896 ) 
4 73 75 (1616 4560 -960 ) (1648 4560 -960 ) (1648 4224.007324 -960 ) (1616 4224.007324 -960 ) 
5 74 82 (1024 4160 -895.992737 ) (1024 4160 -880 ) (1024 4560 -880 ) (1024 4560 -960 ) (1024 4224.007324 -960 ) 
4 74 75 (1024 4560 -960 ) (1616 4560 -960 ) (1616 4224.007324 -960 ) (1024 4224.007324 -960 ) 
4 75 86 (1024 4560 -1216 ) (1024 4160 -1216 ) (1024 4160 -960 ) (1024 4560 -960 ) 
4 75 77 (1024 4160 -960 ) (1024 4160 -1216 ) (1648 4160 -1216 ) (1648 4160 -960 ) 
4 76 113 (1648 4096 -708 ) (1520 4096 -708 ) (1520 4096 -832 ) (1648 4096 -832 ) 
4 76 114 (1072 4096 -708 ) (1024 4096 -708 ) (1024 4096 -832 ) (1072 4096 -832 ) 
4 76 111 (1072 4096 -320 ) (1024 4096 -320 ) (1024 4096 -708 ) (1072 4096 -708 ) 
4 76 109 (1712 4096 -320 ) (1712 4096 2528 ) (1024 4096 2528 ) (1024 4096 -320 ) 
4 76 83 (1024 4096 -832 ) (1024 4096 2528 ) (1024 4160 2528 ) (1024 4160 -832 ) 
4 77 119 (1072 4096 -960 ) (1024 4096 -960 ) (1024 4096 -1216 ) (1072 4096 -1216 ) 
4 77 118 (1136 4096 -1024 ) (1136 4096 -1184 ) (1200 4096 -1184 ) (1200 4096 -1024 ) 
4 77 117 (1328 4096 -1088 ) (1328 4096 -1216 ) (1456 4096 -1216 ) (1456 4096 -1088 ) 
4 77 86 (1024 4096 -1216 ) (1024 4096 -960 ) (1024 4160 -960 ) (1024 4160 -1216 ) 
4 78 123 (1712 4096 -3040 ) (1712 4096 -1232 ) (1024 4096 -1232 ) (1024 4096 -3040 ) 
4 78 108 (1024 4096 -3040 ) (1024 4096 -1616 ) (1024 4608 -1616 ) (1024 4608 -3040 ) 
4 78 103 (1024 4096 -1616 ) (1024 4096 -1296 ) (1024 4608 -1296 ) (1024 4608 -1616 ) 
4 78 97 (1024 4096 -1296 ) (1024 4096 -1232 ) (1024 4216 -1232 ) (1024 4216 -1296 ) 
4 78 95 (1024 4216 -1232 ) (1024 4288 -1232 ) (1024 4288 -1296 ) (1024 4216 -1296 ) 
4 78 91 (1024 4288 -1232 ) (1024 4608 -1232 ) (1024 4608 -1296 ) (1024 4288 -1296 ) 
4 79 1418 (0 5120 2528 ) (0 5120 -448 ) (0 4608 -448 ) (0 4608 2528 ) 
4 79 87 (544 4608 -448 ) (560 4608 -448 ) (560 4608 2528 ) (544 4608 2528 ) 
4 79 88 (0 4608 2528 ) (0 4608 -448 ) (544 4608 -448 ) (544 4608 2528 ) 
4 79 84 (560 4608 -448 ) (1008 4608 -448 ) (1008 4608 2528 ) (560 4608 2528 ) 
4 79 82 (1008 4608 -448 ) (1024 4608 -448 ) (1024 4608 2528 ) (1008 4608 2528 ) 
4 79 80 (544 4624 -448 ) (544 5120 -448 ) (1024 5120 -448 ) (1024 4624 -448 ) 
4 79 81 (544 4608 -448 ) (0 4608 -448 ) (0 5120 -448 ) (544 5120 -448 ) 
4 80 92 (1008 4624 -1232 ) (624 4624 -1232 ) (624 5120 -1232 ) (1008 5120 -1232 ) 
4 80 91 (1024 5120 -1232 ) (1024 4624 -1232 ) (1008 4624 -1232 ) (1008 5120 -1232 ) 
4 80 94 (624 4624 -1232 ) (544 4624 -1232 ) (544 5120 -1232 ) (624 5120 -1232 ) 
4 80 81 (544 5120 -1232 ) (544 4624 -1232 ) (544 4624 -448 ) (544 5120 -448 ) 
4 81 1418 (0 5120 -448 ) (0 5120 -1232 ) (0 4608 -1232 ) (0 4608 -448 ) 
4 81 94 (544 4608 -1232 ) (0 4608 -1232 ) (0 5120 -1232 ) (544 5120 -1232 ) 
4 81 90 (0 4608 -1216 ) (0 4608 -1232 ) (544 4608 -1232 ) (544 4608 -1216 ) 
4 81 88 (0 4608 -448 ) (0 4608 -1216 ) (544 4608 -1216 ) (544 4608 -448 ) 
5 82 84 (1008 4608 -960 ) (1008 4224.007324 -960 ) (1008 4160 -895.992676 ) (1008 4160 2528 ) (1008 4608 2528 ) 
4 82 83 (1008 4160 2528 ) (1008 4160 -832 ) (1024 4160 -832 ) (1024 4160 2528 ) 
4 82 86 (1008 4224.007324 -960 ) (1008 4608 -960 ) (1024 4608 -960 ) (1024 4224.007324 -960 ) 
4 83 269 (1024 4096 -832 ) (1024 4096 2528 ) (1008 4096 2528 ) (1008 4096 -832 ) 
4 83 84 (1008 4096 -832 ) (1008 4096 2528 ) (1008 4160 2528 ) (1008 4160 -832 ) 
4 84 282 (688 4096 2528 ) (560 4096 2528 ) (560 4096 -831.992676 ) (688 4096 -831.992676 ) 
4 84 276 (944 4096 2528 ) (688 4096 2528 ) (688 4096 -831.992676 ) (944 4096 -831.992676 ) 
4 84 270 (1008 4096 2528 ) (944 4096 2528 ) (944 4096 -831.992676 ) (1008 4096 -831.992676 ) 
4 84 87 (560 4096 -448 ) (560 4096 2528 ) (560 4608 2528 ) (560 4608 -448 ) 
5 84 85 (560 4096 -831.992188 ) (560 4224.007812 -960 ) (944 4224.007812 -960 ) (1008 4160.007812 -896 ) (1008 4096 -831.992310 ) 
4 84 86 (560 4224.007324 -960 ) (560 4608 -960 ) (1008 4608 -960 ) (1008 4224.007324 -960 ) 
4 85 282 (560 4096 -831.992676 ) (560 4096 -960 ) (688 4096 -960 ) (688 4096 -831.992676 ) 
4 85 276 (688 4096 -960 ) (944 4096 -960 ) (944 4096 -831.992676 ) (688 4096 -831.992676 ) 
4 85 270 (944 4096 -960 ) (1008 4096 -896 ) (1008 4096 -831.992676 ) (944 4096 -831.992676 ) 
4 85 86 (944 4096 -960 ) (560 4096 -960 ) (560 4224.007324 -960 ) (944 4224.007324 -960 ) 
4 86 282 (688 4096 -960 ) (560 4096 -960 ) (560 4096 -1216 ) (688 4096 -1216 ) 
4 86 276 (944 4096 -960 ) (688 4096 -960 ) (688 4096 -1216 ) (944 4096 -1216 ) 
4 86 271 (1024 4096 -1216 ) (1024 4096 -960 ) (944 4096 -960 ) (944 4096 -1216 ) 
4 86 89 (936 4096 -1216 ) (696 4096 -1216 ) (696 4216 -1216 ) (936 4216 -1216 ) 
4 87 287 (560 4096 2528 ) (544 4096 2528 ) (544 4096 -448 ) (560 4096 -448 ) 
4 87 88 (544 4096 -448 ) (544 4096 2528 ) (544 4608 2528 ) (544 4608 -448 ) 
4 88 1418 (0 4096 -1216 ) (0 4096 2528 ) (0 4608 2528 ) (0 4608 -1216 ) 
4 88 289 (0 4096 -448 ) (0 4096 -1216 ) (544 4096 -1216 ) (544 4096 -448 ) 
4 88 287 (544 4096 2528 ) (0 4096 2528 ) (0 4096 -448 ) (544 4096 -448 ) 
4 88 90 (0 4608 -1216 ) (544 4608 -1216 ) (544 4096 -1216 ) (0 4096 -1216 ) 
4 89 277 (936 4096 -1216 ) (696 4096 -1216 ) (696 4096 -1232 ) (936 4096 -1232 ) 
4 89 98 (936 4096 -1232 ) (696 4096 -1232 ) (696 4216 -1232 ) (936 4216 -1232 ) 
4 90 1418 (0 4096 -1232 ) (0 4096 -1216 ) (0 4608 -1216 ) (0 4608 -1232 ) 
4 90 289 (544 4096 -1216 ) (0 4096 -1216 ) (0 4096 -1232 ) (544 4096 -1232 ) 
4 90 99 (544 4096 -1232 ) (0 4096 -1232 ) (0 4216 -1232 ) (544 4216 -1232 ) 
4 90 96 (0 4216 -1232 ) (0 4288 -1232 ) (544 4288 -1232 ) (544 4216 -1232 ) 
4 90 94 (0 4288 -1232 ) (0 4608 -1232 ) (544 4608 -1232 ) (544 4288 -1232 ) 
4 91 103 (1024 4608 -1296 ) (1024 4288 -1296 ) (1008 4288 -1296 ) (1008 4608 -1296 ) 
4 91 100 (1008 5120 -1296 ) (1024 5120 -1296 ) (1024 4608 -1296 ) (1008 4608 -1296 ) 
4 91 95 (1008 4288 -1296 ) (1024 4288 -1296 ) (1024 4288 -1232 ) (1008 4288 -1232 ) 
4 91 93 (1008 4288 -1280 ) (1008 4288 -1232 ) (1008 4608 -1232 ) (1008 4608 -1280 ) 
4 91 92 (1008 5120 -1296 ) (1008 4608 -1296 ) (1008 4608 -1232 ) (1008 5120 -1232 ) 
4 92 101 (624 5120 -1296 ) (1008 5120 -1296 ) (1008 4672 -1296 ) (624 4672 -1296 ) 
4 92 93 (624 4608 -1232 ) (624 4608 -1280 ) (1008 4608 -1280 ) (1008 4608 -1232 ) 
4 92 94 (624 5120 -1296 ) (624 4608 -1296 ) (624 4608 -1232 ) (624 5120 -1232 ) 
4 93 94 (624 4288 -1280 ) (624 4288 -1232 ) (624 4608 -1232 ) (624 4608 -1280 ) 
4 94 1418 (0 4288 -1232 ) (0 5120 -1232 ) (0 5120 -1296 ) (0 4288 -1296 ) 
4 94 107 (0 4288 -1296 ) (0 4608 -1296 ) (624 4608 -1296 ) (624 4288 -1296 ) 
4 94 102 (0 4608 -1296 ) (0 5120 -1296 ) (624 5120 -1296 ) (624 4608 -1296 ) 
4 94 96 (0 4288 -1296 ) (624 4288 -1296 ) (624 4288 -1232 ) (0 4288 -1232 ) 
4 95 103 (1008 4288 -1296 ) (1024 4288 -1296 ) (1024 4216 -1296 ) (1008 4216 -1296 ) 
4 95 97 (1008 4216 -1296 ) (1024 4216 -1296 ) (1024 4216 -1232 ) (1008 4216 -1232 ) 
4 96 1418 (0 4216 -1232 ) (0 4288 -1232 ) (0 4288 -1296 ) (0 4216 -1296 ) 
4 96 107 (0 4216 -1296 ) (0 4288 -1296 ) (624 4288 -1296 ) (624 4216 -1296 ) 
4 96 99 (0 4216 -1296 ) (624 4216 -1296 ) (624 4216 -1232 ) (0 4216 -1232 ) 
4 97 290 (1024 4096 -1296 ) (1024 4096 -1232 ) (1008 4096 -1232 ) (1008 4096 -1296 ) 
4 97 103 (1024 4096 -1296 ) (1008 4096 -1296 ) (1008 4216 -1296 ) (1024 4216 -1296 ) 
4 98 291 (944 4096 -1232 ) (688 4096 -1232 ) (688 4096 -1296 ) (944 4096 -1296 ) 
4 98 104 (944 4096 -1296 ) (688 4096 -1296 ) (688 4216 -1296 ) (944 4216 -1296 ) 
4 99 1418 (0 4096 -1296 ) (0 4096 -1232 ) (0 4216 -1232 ) (0 4216 -1296 ) 
4 99 292 (624 4096 -1232 ) (0 4096 -1232 ) (0 4096 -1296 ) (624 4096 -1296 ) 
4 99 107 (624 4096 -1296 ) (0 4096 -1296 ) (0 4216 -1296 ) (624 4216 -1296 ) 
4 100 108 (1024 5120 -1616 ) (1024 4608 -1616 ) (1008 4608 -1616 ) (1008 5120 -1616 ) 
4 100 103 (1008 4608 -1616 ) (1024 4608 -1616 ) (1024 4608 -1296 ) (1008 4608 -1296 ) 
4 100 101 (1008 5120 -1616 ) (1008 4672 -1616 ) (1008 4672 -1296 ) (1008 5120 -1296 ) 
4 101 108 (624 4672 -1616 ) (624 5120 -1616 ) (1008 5120 -1616 ) (1008 4672 -1616 ) 
4 101 102 (624 5120 -1616 ) (624 4672 -1616 ) (624 4672 -1296 ) (624 5120 -1296 ) 
4 102 1418 (0 4608 -1296 ) (0 5120 -1296 ) (0 5120 -1616 ) (0 4608 -1616 ) 
4 102 108 (624 4608 -1616 ) (0 4608 -1616 ) (0 5120 -1616 ) (624 5120 -1616 ) 
4 102 107 (0 4608 -1616 ) (624 4608 -1616 ) (624 4608 -1296 ) (0 4608 -1296 ) 
4 103 298 (1024 4096 -1616 ) (1024 4096 -1296 ) (1008 4096 -1296 ) (1008 4096 -1616 ) 
4 103 108 (1024 4608 -1616 ) (1024 4096 -1616 ) (1008 4096 -1616 ) (1008 4608 -1616 ) 
4 104 299 (944 4096 -1296 ) (688 4096 -1296 ) (688 4096 -1604 ) (944 4096 -1604 ) 
4 104 106 (880 4608 -1604 ) (944 4608 -1604 ) (944 4096 -1604 ) (880 4096 -1604 ) 
4 104 105 (688 4096 -1604 ) (688 4608 -1604 ) (752 4608 -1604 ) (752 4096 -1604 ) 
3 105 301 (688 4096 -1604 ) (688 4096 -1608 ) (752 4096 -1604 ) 
3 106 300 (944 4096 -1608 ) (944 4096 -1604 ) (880 4096 -1604 ) 
4 107 1418 (0 4096 -1616 ) (0 4096 -1296 ) (0 4608 -1296 ) (0 4608 -1616 ) 
4 107 302 (624 4096 -1296 ) (0 4096 -1296 ) (0 4096 -1616 ) (624 4096 -1616 ) 
4 107 108 (624 4096 -1616 ) (0 4096 -1616 ) (0 4608 -1616 ) (624 4608 -1616 ) 
4 108 1418 (0 4096 -3040 ) (0 4096 -1616 ) (0 5120 -1616 ) (0 5120 -3040 ) 
4 108 311 (1024 4096 -3040 ) (1024 4096 -1616 ) (0 4096 -1616 ) (0 4096 -3040 ) 
4 109 269 (1024 4096 2528 ) (1024 4096 -320 ) (1024 4032 -320 ) (1024 4032 2528 ) 
4 109 264 (1072 4032 2528 ) (1024 4032 2528 ) (1024 4032 -320 ) (1072 4032 -320 ) 
4 109 253 (1136 4032 2528 ) (1072 4032 2528 ) (1072 4032 -320 ) (1136 4032 -320 ) 
4 109 194 (1264 4032 2528 ) (1248 4032 2528 ) (1248 4032 -320 ) (1264 4032 -320 ) 
4 109 196 (1248 4032 2528 ) (1136 4032 2528 ) (1136 4032 -320 ) (1248 4032 -320 ) 
4 109 192 (1296 4032 2528 ) (1264 4032 2528 ) (1264 4032 -320 ) (1296 4032 -320 ) 
4 109 184 (1520 4032 2528 ) (1456 4032 2528 ) (1456 4032 -320 ) (1520 4032 -320 ) 
4 109 185 (1456 4032 2528 ) (1296 4032 2528 ) (1296 4032 -320 ) (1456 4032 -320 ) 
4 109 129 (1712 4032 2528 ) (1520 4032 2528 ) (1520 4032 -320 ) (1712 4032 -320 ) 
4 109 124 (2048 4032 -320 ) (2048 4032 2528 ) (2040 4032 2528 ) (2040 4032 -320 ) 
4 109 128 (2040 4032 2528 ) (1712 4032 2528 ) (1712 4032 -320 ) (2040 4032 -320 ) 
4 109 110 (2048 4032 -320 ) (1712 4032 -320 ) (1712 4096 -320 ) (2048 4096 -320 ) 
4 109 111 (1072 4032 -320 ) (1024 4032 -320 ) (1024 4096 -320 ) (1072 4096 -320 ) 
4 110 131 (2048 4032 -708 ) (2048 4032 -576 ) (1712 4032 -576 ) (1712 4032 -708 ) 
4 110 124 (2048 4032 -576 ) (2048 4032 -320 ) (2040 4032 -320 ) (2040 4032 -576 ) 
4 110 128 (2040 4032 -320 ) (1712 4032 -320 ) (1712 4032 -576 ) (2040 4032 -576 ) 
4 110 112 (2048 4032 -708 ) (1712 4032 -708 ) (1712 4096 -708 ) (2048 4096 -708 ) 
4 111 269 (1024 4096 -320 ) (1024 4096 -708 ) (1024 4032 -708 ) (1024 4032 -320 ) 
4 111 265 (1024 4032 -448 ) (1024 4032 -708 ) (1072 4032 -708 ) (1072 4032 -448 ) 
4 111 264 (1072 4032 -320 ) (1024 4032 -320 ) (1024 4032 -448 ) (1072 4032 -448 ) 
4 111 114 (1072 4032 -708 ) (1024 4032 -708 ) (1024 4096 -708 ) (1072 4096 -708 ) 
4 112 131 (2048 4032 -832 ) (2048 4032 -708 ) (1712 4032 -708 ) (1712 4032 -832 ) 
4 112 115 (2048 4032 -832 ) (1712 4032 -832 ) (1712 4096 -832 ) (2048 4096 -832 ) 
4 113 133 (1648 4032 -708 ) (1520 4032 -708 ) (1520 4032 -832 ) (1648 4032 -832 ) 
4 114 269 (1024 4096 -708 ) (1024 4096 -832 ) (1024 4032 -832 ) (1024 4032 -708 ) 
4 114 265 (1072 4032 -708 ) (1024 4032 -708 ) (1024 4032 -832 ) (1072 4032 -832 ) 
4 115 170 (1776 4032 -848 ) (1712 4032 -848 ) (1712 4032 -960 ) (1776 4032 -960 ) 
4 115 165 (1792 4032 -848 ) (1776 4032 -848 ) (1776 4032 -960 ) (1792 4032 -960 ) 
4 115 164 (2048 4032 -960 ) (2048 4032 -848 ) (1792 4032 -848 ) (1792 4032 -960 ) 
4 115 131 (2048 4032 -848 ) (2048 4032 -832 ) (1712 4032 -832 ) (1712 4032 -848 ) 
4 115 116 (2048 4032 -960 ) (1712 4032 -960 ) (1712 4096 -960 ) (2048 4096 -960 ) 
4 116 170 (1776 4032 -960 ) (1712 4032 -960 ) (1712 4032 -1216 ) (1776 4032 -1216 ) 
4 116 165 (1792 4032 -960 ) (1776 4032 -960 ) (1776 4032 -1216 ) (1792 4032 -1216 ) 
4 116 164 (2048 4032 -1216 ) (2048 4032 -960 ) (1792 4032 -960 ) (1792 4032 -1216 ) 
4 116 120 (2048 4032 -1216 ) (1712 4032 -1216 ) (1712 4096 -1216 ) (2048 4096 -1216 ) 
4 119 271 (1024 4096 -960 ) (1024 4096 -1216 ) (1024 4032 -1216 ) (1024 4032 -960 ) 
4 119 266 (1072 4032 -960 ) (1024 4032 -960 ) (1024 4032 -1216 ) (1072 4032 -1216 ) 
4 120 190 (1488 4032 -1216 ) (1456 4032 -1216 ) (1456 4032 -1232 ) (1488 4032 -1232 ) 
4 120 189 (1520 4032 -1216 ) (1488 4032 -1216 ) (1488 4032 -1232 ) (1520 4032 -1232 ) 
4 120 175 (1536 4032 -1216 ) (1520 4032 -1216 ) (1520 4032 -1232 ) (1536 4032 -1232 ) 
4 120 174 (1648 4032 -1216 ) (1536 4032 -1216 ) (1536 4032 -1232 ) (1648 4032 -1232 ) 
4 120 171 (1776 4032 -1216 ) (1648 4032 -1216 ) (1648 4032 -1232 ) (1776 4032 -1232 ) 
4 120 165 (1792 4032 -1216 ) (1776 4032 -1216 ) (1776 4032 -1232 ) (1792 4032 -1232 ) 
4 120 164 (2048 4032 -1232 ) (2048 4032 -1216 ) (1792 4032 -1216 ) (1792 4032 -1232 ) 
4 120 123 (2048 4032 -1232 ) (1456 4032 -1232 ) (1456 4096 -1232 ) (2048 4096 -1232 ) 
4 120 121 (1456 4096 -1232 ) (1456 4032 -1232 ) (1456 4032 -1224 ) (1456 4096 -1224 ) 
4 121 190 (1328 4032 -1224 ) (1328 4032 -1232 ) (1456 4032 -1232 ) (1456 4032 -1224 ) 
4 121 123 (1456 4032 -1232 ) (1328 4032 -1232 ) (1328 4096 -1232 ) (1456 4096 -1232 ) 
4 121 122 (1328 4096 -1232 ) (1328 4032 -1232 ) (1328 4032 -1224 ) (1328 4096 -1224 ) 
4 122 257 (1136 4032 -1216 ) (1072 4032 -1216 ) (1072 4032 -1232 ) (1136 4032 -1232 ) 
4 122 194 (1264 4032 -1216 ) (1248 4032 -1216 ) (1248 4032 -1232 ) (1264 4032 -1232 ) 
4 122 196 (1248 4032 -1216 ) (1136 4032 -1216 ) (1136 4032 -1232 ) (1248 4032 -1232 ) 
4 122 192 (1296 4032 -1216 ) (1264 4032 -1216 ) (1264 4032 -1232 ) (1296 4032 -1232 ) 
4 122 190 (1328 4032 -1216 ) (1296 4032 -1216 ) (1296 4032 -1232 ) (1328 4032 -1232 ) 
4 122 123 (1328 4032 -1232 ) (1072 4032 -1232 ) (1072 4096 -1232 ) (1328 4096 -1232 ) 
4 123 311 (1024 4096 -1616 ) (1024 4096 -3040 ) (1024 4032 -3040 ) (1024 4032 -1616 ) 
4 123 298 (1024 4096 -1296 ) (1024 4096 -1616 ) (1024 4032 -1616 ) (1024 4032 -1296 ) 
4 123 290 (1024 4096 -1232 ) (1024 4096 -1296 ) (1024 4032 -1296 ) (1024 4032 -1232 ) 
4 123 268 (1072 4032 -1232 ) (1024 4032 -1232 ) (1024 4032 -3040 ) (1072 4032 -3040 ) 
4 123 257 (1136 4032 -1232 ) (1072 4032 -1232 ) (1072 4032 -3040 ) (1136 4032 -3040 ) 
4 123 204 (1136 4032 -1616 ) (1136 4032 -3040 ) (1520 4032 -3040 ) (1520 4032 -1616 ) 
4 123 202 (1264 4032 -1616 ) (1520 4032 -1616 ) (1520 4032 -1600 ) (1264 4032 -1600 ) 
4 123 203 (1136 4032 -1600 ) (1136 4032 -1616 ) (1264 4032 -1616 ) (1264 4032 -1600 ) 
4 123 200 (1248 4032 -1600 ) (1264 4032 -1600 ) (1264 4032 -1328 ) (1248 4032 -1328 ) 
4 123 201 (1136 4032 -1328 ) (1136 4032 -1600 ) (1248 4032 -1600 ) (1248 4032 -1328 ) 
4 123 198 (1264 4032 -1600 ) (1520 4032 -1600 ) (1520 4032 -1408 ) (1264 4032 -1408 ) 
4 123 197 (1520 4032 -1408 ) (1520 4032 -1328 ) (1264 4032 -1328 ) (1264 4032 -1408 ) 
4 123 194 (1264 4032 -1232 ) (1248 4032 -1232 ) (1248 4032 -1328 ) (1264 4032 -1328 ) 
4 123 196 (1248 4032 -1232 ) (1136 4032 -1232 ) (1136 4032 -1328 ) (1248 4032 -1328 ) 
4 123 192 (1296 4032 -1232 ) (1264 4032 -1232 ) (1264 4032 -1328 ) (1296 4032 -1328 ) 
4 123 190 (1488 4032 -1232 ) (1296 4032 -1232 ) (1296 4032 -1328 ) (1488 4032 -1328 ) 
4 123 189 (1520 4032 -1232 ) (1488 4032 -1232 ) (1488 4032 -1328 ) (1520 4032 -1328 ) 
4 123 183 (2048 4032 -3040 ) (2048 4032 -1616 ) (1520 4032 -1616 ) (1520 4032 -3040 ) 
4 123 182 (1776 4032 -1600 ) (1520 4032 -1600 ) (1520 4032 -1616 ) (1776 4032 -1616 ) 
4 123 181 (2048 4032 -1616 ) (2048 4032 -1600 ) (1776 4032 -1600 ) (1776 4032 -1616 ) 
4 123 175 (1536 4032 -1232 ) (1520 4032 -1232 ) (1520 4032 -1600 ) (1536 4032 -1600 ) 
4 123 174 (1648 4032 -1232 ) (1536 4032 -1232 ) (1536 4032 -1600 ) (1648 4032 -1600 ) 
4 123 171 (1776 4032 -1232 ) (1648 4032 -1232 ) (1648 4032 -1600 ) (1776 4032 -1600 ) 
4 123 169 (1776 4032 -1568 ) (1776 4032 -1600 ) (1792 4032 -1600 ) (1792 4032 -1568 ) 
4 123 167 (1776 4032 -1472 ) (1776 4032 -1568 ) (1792 4032 -1568 ) (1792 4032 -1472 ) 
4 123 165 (1792 4032 -1232 ) (1776 4032 -1232 ) (1776 4032 -1472 ) (1792 4032 -1472 ) 
4 123 164 (2048 4032 -1600 ) (2048 4032 -1232 ) (1792 4032 -1232 ) (1792 4032 -1600 ) 
4 124 131 (2040 3840 -576 ) (2040 4032 -576 ) (2048 4032 -576 ) (2048 3840 -576 ) 
4 124 125 (2040 3840 2528 ) (2040 3840 128 ) (2048 3840 128 ) (2048 3840 2528 ) 
4 124 126 (2040 3840 -128 ) (2040 3840 -576 ) (2048 3840 -576 ) (2048 3840 -128 ) 
4 124 128 (2040 4032 -576 ) (2040 3840 -576 ) (2040 3840 2528 ) (2040 4032 2528 ) 
4 125 127 (2040 3712 2528 ) (2040 3712 128 ) (2048 3712 128 ) (2048 3712 2528 ) 
4 125 128 (2040 3712 128 ) (2040 3712 2528 ) (2040 3840 2528 ) (2040 3840 128 ) 
4 126 131 (2040 3712 -576 ) (2040 3840 -576 ) (2048 3840 -576 ) (2048 3712 -576 ) 
4 126 128 (2040 3840 -576 ) (2040 3712 -576 ) (2040 3712 -128 ) (2040 3840 -128 ) 
4 126 127 (2040 3712 -128 ) (2040 3712 -576 ) (2048 3712 -576 ) (2048 3712 -128 ) 
4 127 134 (2040 3392 -576 ) (2048 3392 -576 ) (2048 3392 2528 ) (2040 3392 2528 ) 
4 127 131 (2048 3392 -576 ) (2040 3392 -576 ) (2040 3712 -576 ) (2048 3712 -576 ) 
4 127 128 (2040 3712 -576 ) (2040 3392 -576 ) (2040 3392 2528 ) (2040 3712 2528 ) 
4 128 134 (1712 3392 -576 ) (2040 3392 -576 ) (2040 3392 2528 ) (1712 3392 2528 ) 
4 128 131 (2040 3392 -576 ) (1712 3392 -576 ) (1712 4032 -576 ) (2040 4032 -576 ) 
4 128 130 (1712 3392 -320 ) (1712 3392 2528 ) (1712 3456 2528 ) (1712 3456 -320 ) 
4 128 129 (1712 4032 -576 ) (1712 3456 -576 ) (1712 3456 2528 ) (1712 4032 2528 ) 
4 129 184 (1520 4032 2528 ) (1520 4032 -576 ) (1520 3456 -576 ) (1520 3456 2528 ) 
4 129 130 (1712 3456 -320 ) (1712 3456 2528 ) (1520 3456 2528 ) (1520 3456 -320 ) 
4 130 205 (1520 3392 -320 ) (1520 3392 2528 ) (1520 3456 2528 ) (1520 3456 -320 ) 
4 130 136 (1632 3392 -320 ) (1648 3392 -320 ) (1648 3392 2528 ) (1632 3392 2528 ) 
4 130 137 (1520 3392 2528 ) (1520 3392 -320 ) (1632 3392 -320 ) (1632 3392 2528 ) 
4 130 135 (1648 3392 -320 ) (1712 3392 -320 ) (1712 3392 2528 ) (1648 3392 2528 ) 
4 131 170 (1712 4032 -848 ) (1776 4032 -848 ) (1776 3392 -848 ) (1712 3392 -848 ) 
4 131 166 (1792 3456 -848 ) (1792 3392 -848 ) (1776 3392 -848 ) (1776 3456 -848 ) 
4 131 165 (1776 4032 -848 ) (1792 4032 -848 ) (1792 3456 -848 ) (1776 3456 -848 ) 
4 131 164 (1792 4032 -848 ) (2048 4032 -848 ) (2048 3392 -848 ) (1792 3392 -848 ) 
4 131 134 (1712 3392 -848 ) (2048 3392 -848 ) (2048 3392 -576 ) (1712 3392 -576 ) 
4 132 133 (1648 4032 -672 ) (1648 3456 -672 ) (1520 3456 -672 ) (1520 4032 -672 ) 
4 133 162 (1520 3392 -672 ) (1520 3392 -800 ) (1524 3392 -800 ) (1524 3392 -672 ) 
4 133 161 (1524 3392 -832 ) (1640 3392 -832 ) (1640 3392 -672 ) (1524 3392 -672 ) 
4 133 143 (1648 3392 -699.199097 ) (1648 3392 -672 ) (1640 3392 -672 ) (1640 3392 -696 ) 
4 133 142 (1648 3392 -784.391663 ) (1648 3392 -699.199097 ) (1640 3392 -696 ) (1640 3392 -779.991516 ) 
4 133 141 (1640 3392 -832 ) (1648 3392 -832 ) (1648 3392 -784.391663 ) (1640 3392 -779.991516 ) 
4 134 400 (2048 3072 -848 ) (2048 3072 -576 ) (1712 3072 -576 ) (1712 3072 -848 ) 
4 134 399 (2048 3072 -576 ) (2048 3072 2528 ) (1712 3072 2528 ) (1712 3072 -576 ) 
4 134 170 (1712 3392 -848 ) (1776 3392 -848 ) (1776 3072 -848 ) (1712 3072 -848 ) 
4 134 166 (1776 3392 -848 ) (1792 3392 -848 ) (1792 3072 -848 ) (1776 3072 -848 ) 
4 134 164 (1792 3392 -848 ) (2048 3392 -848 ) (2048 3072 -848 ) (1792 3072 -848 ) 
4 134 135 (1712 3072 2528 ) (1712 3392 2528 ) (1712 3392 -576 ) (1712 3072 -576 ) 
4 135 399 (1712 3072 2528 ) (1648 3072 2528 ) (1648 3072 -576 ) (1712 3072 -576 ) 
4 135 136 (1648 3392 2528 ) (1648 3392 -512 ) (1648 3072 -512 ) (1648 3072 2528 ) 
4 136 406 (1648 3072 -512 ) (1648 3072 2528 ) (1632 3072 2528 ) (1632 3072 -512 ) 
4 136 137 (1632 3072 -512 ) (1632 3072 2528 ) (1632 3392 2528 ) (1632 3392 -512 ) 
4 137 411 (1520 3072 2528 ) (1520 3072 -576 ) (1524 3072 -576 ) (1524 3072 2528 ) 
4 137 410 (1524 3072 -576 ) (1552 3072 -576 ) (1552 3072 2528 ) (1524 3072 2528 ) 
4 137 407 (1552 3072 -576 ) (1632 3072 -576 ) (1632 3072 2528 ) (1552 3072 2528 ) 
4 137 234 (1520 3072 -576 ) (1520 3072 2528 ) (1520 3384 2528 ) (1520 3384 -576 ) 
4 137 213 (1520 3384 2528 ) (1520 3392 2528 ) (1520 3392 -398.430908 ) (1520 3384 -385.632782 ) 
4 137 212 (1520 3392 -398.430908 ) (1520 3392 -576 ) (1520 3384 -576 ) (1520 3384 -385.632782 ) 
4 137 162 (1520 3072 -576 ) (1520 3392 -576 ) (1524 3392 -576 ) (1524 3072 -576 ) 
4 137 161 (1524 3392 -576 ) (1632 3392 -576 ) (1632 3072 -576 ) (1524 3072 -576 ) 
3 138 161 (1640 3204 -688 ) (1640 3232 -576 ) (1640 3316 -576 ) 
4 138 157 (1640 3225.334717 -602.664795 ) (1640 3204.001221 -688 ) (1648 3209.733154 -677.867432 ) (1648 3231.065918 -592.533691 ) 
4 138 150 (1640 3232 -576 ) (1640 3225.334717 -602.664795 ) (1648 3231.065918 -592.533691 ) (1648 3235.199219 -576 ) 
4 138 149 (1640 3280.001953 -612 ) (1640 3286.401367 -605.600281 ) (1648 3285.440430 -602.161011 ) (1648 3278.401855 -609.199524 ) 
4 138 148 (1640 3286.401367 -605.600281 ) (1640 3296 -596 ) (1648 3296.002686 -591.598694 ) (1648 3285.440430 -602.161011 ) 
5 138 147 (1640 3296 -596 ) (1640 3312.800293 -579.201233 ) (1644.212158 3313.684814 -576 ) (1648 3311.601318 -576 ) (1648 3296.002686 -591.598694 ) 
3 138 146 (1640 3312.800293 -579.201233 ) (1640 3316.001465 -576 ) (1644.212158 3313.684814 -576 ) 
4 138 139 (1648 3209.731445 -677.870300 ) (1640 3203.998047 -688.003906 ) (1640 3268 -624.002441 ) (1648 3265.199463 -622.402100 ) 
4 139 161 (1640 3216.003906 -832 ) (1640 3168 -832 ) (1640 3204 -688 ) (1640 3268 -624 ) 
4 139 157 (1640 3204.001221 -688 ) (1640 3200 -704.002075 ) (1648 3203.199951 -704 ) (1648 3209.733154 -677.867432 ) 
4 139 156 (1640 3196.001465 -719.998413 ) (1640 3193.601074 -729.599792 ) (1648 3196.160400 -732.159973 ) (1648 3198.800049 -721.600830 ) 
4 139 155 (1640 3193.601074 -729.599792 ) (1640 3190.589355 -741.647217 ) (1648 3192.846924 -745.413635 ) (1648 3196.160400 -732.159973 ) 
4 139 154 (1640 3190.589355 -741.647217 ) (1640 3184.799316 -764.807007 ) (1648 3186.478516 -770.887878 ) (1648 3192.846924 -745.413635 ) 
4 139 153 (1640 3184.799316 -764.807007 ) (1640 3168 -832 ) (1648 3171.200928 -832 ) (1648 3186.478516 -770.887878 ) 
4 139 140 (1640 3216.004883 -832 ) (1640 3264 -640.002441 ) (1648 3260.800537 -640.002136 ) (1648 3212.804932 -832 ) 
3 140 161 (1640 3312.001465 -832 ) (1640 3216.003906 -832 ) (1640 3264 -640 ) 
4 140 141 (1640 3312.002930 -832 ) (1640 3268.002197 -656.002869 ) (1648 3265.202393 -657.603027 ) (1648 3308.803223 -832 ) 
4 141 161 (1640 3392 -832 ) (1640 3312.001465 -832 ) (1640 3268 -656.001221 ) (1640 3392 -779.991516 ) 
4 141 142 (1640 3392 -779.991638 ) (1640 3280.001465 -668 ) (1648 3278.400146 -670.799011 ) (1648 3392 -784.391479 ) 
3 142 161 (1640 3392 -696 ) (1640 3392 -779.991516 ) (1640 3280 -668 ) 
4 142 143 (1640 3392 -696 ) (1640 3296 -672 ) (1648 3296.002441 -675.199402 ) (1648 3392 -699.198853 ) 
3 143 161 (1640 3392 -648 ) (1640 3392 -696 ) (1640 3296 -672 ) 
4 143 144 (1640 3392 -648 ) (1640 3312 -668 ) (1648 3313.586914 -670.804077 ) (1648 3392 -651.200867 ) 
3 144 161 (1640 3392 -588 ) (1640 3392 -648 ) (1640 3312 -668 ) 
4 144 145 (1640 3392 -588.003967 ) (1640 3323.998779 -656.005493 ) (1648 3326.801270 -657.594055 ) (1648 3392 -592.394714 ) 
4 145 161 (1640 3344 -576 ) (1640 3392 -576 ) (1640 3392 -588 ) (1640 3324 -656 ) 
4 145 146 (1640 3344.002197 -576 ) (1640 3328.001221 -640.004700 ) (1648 3331.200928 -640.004456 ) (1648 3347.201172 -576 ) 
4 146 161 (1640 3312.799805 -579.200134 ) (1640 3316 -576 ) (1640 3344 -576 ) (1640 3328 -640 ) 
5 146 147 (1648 3326.802979 -622.398804 ) (1648 3315.203125 -576 ) (1644.208252 3313.686279 -576 ) (1640 3312.802490 -579.198181 ) (1640 3324.004150 -624.004089 ) 
3 147 161 (1640 3296 -596 ) (1640 3312.799805 -579.200134 ) (1640 3324 -624 ) 
4 147 148 (1648 3313.606445 -609.202576 ) (1648 3296.002441 -591.601196 ) (1640 3296 -596.003174 ) (1640 3312 -612 ) 
3 148 161 (1640 3286.400146 -605.600037 ) (1640 3296 -596 ) (1640 3312 -612 ) 
4 148 149 (1648 3285.439941 -602.161255 ) (1640 3286.400635 -605.600403 ) (1640 3296 -608 ) (1648 3295.998291 -604.800598 ) 
3 149 161 (1640 3280 -612 ) (1640 3286.400146 -605.600037 ) (1640 3296 -608 ) 
4 150 408 (1648 3072 -751.600586 ) (1648 3072 -576 ) (1640 3072 -576 ) (1640 3072 -756 ) 
4 150 161 (1640 3072 -756 ) (1640 3072 -576 ) (1640 3232 -576 ) (1640 3225.333740 -602.665771 ) 
4 150 160 (1640 3152 -676 ) (1640 3158.400146 -669.599976 ) (1648 3157.439941 -666.159973 ) (1648 3150.399902 -673.200012 ) 
4 150 159 (1640 3158.400146 -669.599976 ) (1640 3168 -660 ) (1648 3167.998291 -655.601562 ) (1648 3157.439941 -666.159973 ) 
4 150 158 (1640 3168 -660 ) (1640 3184.799805 -643.200134 ) (1648 3186.479736 -637.120117 ) (1648 3167.998291 -655.601562 ) 
4 150 157 (1640 3184.799805 -643.200134 ) (1640 3225.339844 -602.660156 ) (1648 3231.073242 -592.526672 ) (1648 3186.479736 -637.120117 ) 
4 150 151 (1640 3072 -756 ) (1640 3140 -688 ) (1648 3137.199707 -686.400146 ) (1648 3072 -751.599731 ) 
4 151 408 (1640 3072 -832 ) (1648 3072 -832 ) (1648 3072 -751.600586 ) (1640 3072 -756 ) 
4 151 161 (1640 3104.002441 -832 ) (1640 3072 -832 ) (1640 3072 -756 ) (1640 3140 -688 ) 
4 151 152 (1648 3100.800781 -832 ) (1640 3104 -832 ) (1640 3136 -703.996277 ) (1648 3132.799316 -703.996460 ) 
3 152 161 (1640 3168 -832 ) (1640 3104.002441 -832 ) (1640 3136 -704 ) 
4 152 153 (1648 3164.796875 -832 ) (1640 3167.996826 -832 ) (1640 3139.995605 -719.992554 ) (1648 3137.196045 -721.593872 ) 
3 153 161 (1640 3168 -832 ) (1640 3140 -719.997070 ) (1640 3184.798584 -764.806396 ) 
4 153 154 (1648 3186.476562 -770.886108 ) (1640 3184.796875 -764.804688 ) (1640 3151.997314 -732 ) (1648 3150.398438 -734.801514 ) 
3 154 161 (1640 3190.588379 -741.646973 ) (1640 3184.798584 -764.806396 ) (1640 3152 -732 ) 
4 154 155 (1648 3192.846436 -745.415100 ) (1640 3190.587891 -741.648438 ) (1640 3167.998047 -736 ) (1648 3167.993896 -739.201538 ) 
3 155 161 (1640 3193.600098 -729.599976 ) (1640 3190.588379 -741.646973 ) (1640 3168 -736 ) 
4 155 156 (1648 3196.159668 -732.159607 ) (1640 3193.599609 -729.599609 ) (1640 3184 -732 ) (1648 3185.602051 -734.799072 ) 
3 156 161 (1640 3196 -720 ) (1640 3193.600098 -729.599976 ) (1640 3184 -732 ) 
3 157 161 (1640 3184.800049 -643.199707 ) (1640 3225.333740 -602.665771 ) (1640 3200 -704 ) 
4 157 158 (1648 3198.802246 -686.405212 ) (1648 3186.480713 -637.119324 ) (1640 3184.800781 -643.199219 ) (1640 3196.001221 -688.001282 ) 
3 158 161 (1640 3168 -660 ) (1640 3184.800049 -643.199707 ) (1640 3196 -688 ) 
4 158 159 (1648 3185.595947 -673.198975 ) (1648 3167.998291 -655.601562 ) (1640 3168 -660 ) (1640 3184 -676 ) 
3 159 161 (1640 3158.399902 -669.599976 ) (1640 3168 -660 ) (1640 3184 -676 ) 
4 159 160 (1648 3157.438965 -666.159607 ) (1640 3158.398926 -669.599609 ) (1640 3168 -672 ) (1648 3168 -668.800110 ) 
3 160 161 (1640 3152 -676 ) (1640 3158.399902 -669.599976 ) (1640 3168 -672 ) 
4 161 410 (1524 3072 -832 ) (1552 3072 -832 ) (1552 3072 -576 ) (1524 3072 -576 ) 
4 161 408 (1552 3072 -832 ) (1640 3072 -832 ) (1640 3072 -576 ) (1552 3072 -576 ) 
4 161 163 (1528 3392 -832 ) (1640 3392 -832 ) (1640 3072 -832 ) (1528 3072 -832 ) 
4 161 162 (1524 3072 -800 ) (1524 3072 -576 ) (1524 3392 -576 ) (1524 3392 -800 ) 
4 162 411 (1520 3072 -576 ) (1520 3072 -800 ) (1524 3072 -800 ) (1524 3072 -576 ) 
4 162 234 (1520 3072 -800 ) (1520 3072 -576 ) (1520 3384 -576 ) (1520 3384 -800 ) 
4 162 212 (1520 3384 -576 ) (1520 3392 -576 ) (1520 3392 -784.725830 ) (1520 3384 -780.323059 ) 
4 162 211 (1520 3392 -784.725830 ) (1520 3392 -800 ) (1520 3384 -800 ) (1520 3384 -780.323059 ) 
4 163 439 (1528 3072 -848 ) (1640 3072 -848 ) (1640 3072 -832 ) (1528 3072 -832 ) 
4 163 179 (1528 3328 -848 ) (1528 3360 -848 ) (1552 3360 -848 ) (1552 3328 -848 ) 
4 163 180 (1552 3072 -848 ) (1528 3072 -848 ) (1528 3328 -848 ) (1552 3328 -848 ) 
4 163 178 (1640 3360 -848 ) (1640 3072 -848 ) (1552 3072 -848 ) (1552 3360 -848 ) 
4 163 177 (1528 3392 -848 ) (1640 3392 -848 ) (1640 3360 -848 ) (1528 3360 -848 ) 
4 164 476 (2048 3072 -1600 ) (2048 3072 -1472 ) (1792 3072 -1472 ) (1792 3072 -1600 ) 
4 164 460 (2048 3072 -1472 ) (2048 3072 -1344 ) (1792 3072 -1344 ) (1792 3072 -1472 ) 
4 164 403 (2048 3072 -1344 ) (2048 3072 -1216 ) (1792 3072 -1216 ) (1792 3072 -1344 ) 
4 164 400 (2048 3072 -1216 ) (2048 3072 -848 ) (1792 3072 -848 ) (1792 3072 -1216 ) 
4 164 181 (2048 3072 -1600 ) (1792 3072 -1600 ) (1792 4032 -1600 ) (2048 4032 -1600 ) 
4 164 169 (1792 4032 -1600 ) (1792 3456 -1600 ) (1792 3456 -1568 ) (1792 4032 -1568 ) 
4 164 167 (1792 3456 -1472 ) (1792 4032 -1472 ) (1792 4032 -1568 ) (1792 3456 -1568 ) 
4 164 166 (1792 3072 -1344 ) (1792 3072 -848 ) (1792 3456 -848 ) (1792 3456 -1344 ) 
4 164 165 (1792 3456 -848 ) (1792 4032 -848 ) (1792 4032 -1472 ) (1792 3456 -1472 ) 
4 165 171 (1776 4032 -1216 ) (1776 4032 -1472 ) (1776 3456 -1472 ) (1776 3456 -1216 ) 
4 165 170 (1776 3456 -848 ) (1776 4032 -848 ) (1776 4032 -1216 ) (1776 3456 -1216 ) 
4 165 167 (1776 3456 -1472 ) (1776 4032 -1472 ) (1792 4032 -1472 ) (1792 3456 -1472 ) 
4 165 166 (1776 3456 -848 ) (1776 3456 -1328 ) (1792 3456 -1344 ) (1792 3456 -848 ) 
4 166 403 (1776 3072 -1216 ) (1776 3072 -1328 ) (1792 3072 -1344 ) (1792 3072 -1216 ) 
4 166 400 (1792 3072 -848 ) (1776 3072 -848 ) (1776 3072 -1216 ) (1792 3072 -1216 ) 
4 166 173 (1776 3072 -1328 ) (1776 3072 -1216 ) (1776 3392 -1216 ) (1776 3392 -1328 ) 
4 166 170 (1776 3072 -1216 ) (1776 3072 -848 ) (1776 3456 -848 ) (1776 3456 -1216 ) 
4 167 171 (1776 3456 -1472 ) (1776 4032 -1472 ) (1776 4032 -1568 ) (1776 3456 -1568 ) 
4 167 169 (1776 3456 -1568 ) (1776 4032 -1568 ) (1792 4032 -1568 ) (1792 3456 -1568 ) 
4 168 172 (1776 3136 -1472 ) (1776 3328 -1472 ) (1776 3328 -1568 ) (1776 3136 -1568 ) 
4 169 181 (1776 3456 -1600 ) (1776 4032 -1600 ) (1792 4032 -1600 ) (1792 3456 -1600 ) 
4 169 171 (1776 4032 -1600 ) (1776 3456 -1600 ) (1776 3456 -1568 ) (1776 4032 -1568 ) 
4 170 400 (1776 3072 -848 ) (1712 3072 -848 ) (1712 3072 -1216 ) (1776 3072 -1216 ) 
4 170 173 (1776 3392 -1216 ) (1776 3072 -1216 ) (1712 3072 -1216 ) (1712 3392 -1216 ) 
4 170 171 (1712 4032 -1216 ) (1776 4032 -1216 ) (1776 3456 -1216 ) (1712 3456 -1216 ) 
4 171 182 (1648 3456 -1600 ) (1648 4032 -1600 ) (1776 4032 -1600 ) (1776 3456 -1600 ) 
4 171 174 (1648 4032 -1600 ) (1648 3456 -1600 ) (1648 3456 -1216 ) (1648 4032 -1216 ) 
4 172 478 (1648 3072 -1472 ) (1648 3072 -1600 ) (1776 3072 -1600 ) (1776 3072 -1472 ) 
4 172 461 (1648 3072 -1344 ) (1648 3072 -1472 ) (1776 3072 -1472 ) (1776 3072 -1344 ) 
3 172 402 (1648 3072 -1216 ) (1648 3072 -1344 ) (1776 3072 -1344 ) 
4 172 178 (1648 3360 -1600 ) (1648 3072 -1600 ) (1648 3072 -1216 ) (1648 3360 -1216 ) 
4 172 177 (1648 3392 -1600 ) (1648 3360 -1600 ) (1648 3360 -1216 ) (1648 3392 -1216 ) 
3 173 403 (1776 3072 -1328 ) (1776 3072 -1216 ) (1664 3072 -1216 ) 
4 174 182 (1536 4032 -1600 ) (1648 4032 -1600 ) (1648 3456 -1600 ) (1536 3456 -1600 ) 
4 174 176 (1536 3456 -1344 ) (1536 3456 -848 ) (1536 3600 -848 ) (1536 3600 -1344 ) 
4 174 175 (1536 4032 -1600 ) (1536 3600 -1600 ) (1536 3600 -848 ) (1536 4032 -848 ) 
4 175 198 (1520 4032 -1408 ) (1520 4032 -1600 ) (1520 3600 -1600 ) (1520 3600 -1408 ) 
4 175 197 (1520 4032 -1328 ) (1520 4032 -1408 ) (1520 3600 -1408 ) (1520 3600 -1328 ) 
4 175 189 (1520 4032 -1152 ) (1520 4032 -1328 ) (1520 3600 -1328 ) (1520 3600 -1152 ) 
4 175 186 (1520 4032 -848 ) (1520 4032 -1152 ) (1520 3600 -1152 ) (1520 3600 -848 ) 
4 175 182 (1520 3600 -1600 ) (1520 4032 -1600 ) (1536 4032 -1600 ) (1536 3600 -1600 ) 
4 175 176 (1536 3600 -1344 ) (1536 3600 -848 ) (1520 3600 -848 ) (1520 3600 -1344 ) 
4 176 197 (1520 3584 -1328 ) (1520 3600 -1328 ) (1520 3600 -1344 ) (1520 3584 -1344 ) 
4 176 186 (1520 3456 -1152 ) (1520 3456 -848 ) (1520 3600 -848 ) (1520 3600 -1152 ) 
4 177 245 (1520 3392 -1600 ) (1520 3360 -1600 ) (1520 3360 -1344 ) (1520 3392 -1344 ) 
4 177 242 (1520 3360 -1344 ) (1520 3360 -1328 ) (1520 3392 -1328 ) (1520 3392 -1344 ) 
4 177 234 (1520 3360 -1328 ) (1520 3360 -848 ) (1520 3384 -848 ) (1520 3384 -1328 ) 
4 177 223 (1520 3392 -1012.700073 ) (1520 3392 -1328 ) (1520 3384 -1328 ) (1520 3384 -1015.900146 ) 
4 177 211 (1520 3384 -848 ) (1520 3392 -848 ) (1520 3392 -1012.700073 ) (1520 3384 -1015.900146 ) 
4 177 179 (1552 3360 -1344 ) (1552 3360 -848 ) (1520 3360 -848 ) (1520 3360 -1344 ) 
4 177 178 (1552 3360 -1600 ) (1648 3360 -1600 ) (1648 3360 -848 ) (1552 3360 -848 ) 
4 178 478 (1552 3072 -1472 ) (1552 3072 -1600 ) (1648 3072 -1600 ) (1648 3072 -1472 ) 
4 178 461 (1552 3072 -1344 ) (1552 3072 -1472 ) (1648 3072 -1472 ) (1648 3072 -1344 ) 
4 178 447 (1552 3072 -896 ) (1552 3072 -1344 ) (1648 3072 -1344 ) (1648 3072 -896 ) 
4 178 441 (1648 3072 -848 ) (1552 3072 -848 ) (1552 3072 -896 ) (1648 3072 -896 ) 
4 178 179 (1552 3360 -848 ) (1552 3360 -1344 ) (1552 3328 -1344 ) (1552 3328 -848 ) 
4 178 180 (1552 3328 -1600 ) (1552 3072 -1600 ) (1552 3072 -848 ) (1552 3328 -848 ) 
4 179 242 (1520 3328 -1344 ) (1520 3328 -1328 ) (1520 3360 -1328 ) (1520 3360 -1344 ) 
4 179 234 (1520 3328 -1328 ) (1520 3328 -848 ) (1520 3360 -848 ) (1520 3360 -1328 ) 
4 179 180 (1552 3328 -1344 ) (1552 3328 -848 ) (1520 3328 -848 ) (1520 3328 -1344 ) 
4 180 479 (1520 3072 -1472 ) (1520 3072 -1600 ) (1552 3072 -1600 ) (1552 3072 -1472 ) 
4 180 462 (1520 3072 -1344 ) (1520 3072 -1472 ) (1552 3072 -1472 ) (1552 3072 -1344 ) 
4 180 447 (1520 3072 -896 ) (1520 3072 -1344 ) (1552 3072 -1344 ) (1552 3072 -896 ) 
4 180 441 (1552 3072 -848 ) (1520 3072 -848 ) (1520 3072 -896 ) (1552 3072 -896 ) 
4 180 247 (1520 3328 -1600 ) (1520 3072 -1600 ) (1520 3072 -1344 ) (1520 3328 -1344 ) 
4 180 242 (1520 3072 -1344 ) (1520 3072 -1328 ) (1520 3328 -1328 ) (1520 3328 -1344 ) 
4 180 234 (1520 3072 -1328 ) (1520 3072 -848 ) (1520 3328 -848 ) (1520 3328 -1328 ) 
4 181 500 (2048 3072 -1616 ) (2048 3072 -1600 ) (1776 3072 -1600 ) (1776 3072 -1616 ) 
4 181 183 (1776 4032 -1616 ) (2048 4032 -1616 ) (2048 3072 -1616 ) (1776 3072 -1616 ) 
4 181 182 (1776 4032 -1616 ) (1776 3456 -1616 ) (1776 3456 -1600 ) (1776 4032 -1600 ) 
4 182 202 (1520 4032 -1600 ) (1520 4032 -1616 ) (1520 3584 -1616 ) (1520 3584 -1600 ) 
4 182 183 (1520 3456 -1616 ) (1520 4032 -1616 ) (1776 4032 -1616 ) (1776 3456 -1616 ) 
4 183 505 (2048 3072 -3040 ) (2048 3072 -1616 ) (1520 3072 -1616 ) (1520 3072 -3040 ) 
4 183 248 (1520 3392 -3040 ) (1520 3072 -3040 ) (1520 3072 -1616 ) (1520 3392 -1616 ) 
4 183 210 (1520 3456 -3040 ) (1520 3392 -3040 ) (1520 3392 -1616 ) (1520 3456 -1616 ) 
4 183 204 (1520 4032 -1616 ) (1520 4032 -3040 ) (1520 3456 -3040 ) (1520 3456 -1616 ) 
4 184 206 (1488 3456 2528 ) (1456 3456 2528 ) (1456 3456 -320 ) (1488 3456 -320 ) 
4 184 205 (1520 3456 -320 ) (1520 3456 2528 ) (1488 3456 2528 ) (1488 3456 -320 ) 
4 184 185 (1456 3456 -576 ) (1456 3456 2528 ) (1456 4032 2528 ) (1456 4032 -576 ) 
4 185 206 (1456 3456 2528 ) (1296 3456 2528 ) (1296 3456 -320 ) (1456 3456 -320 ) 
4 185 193 (1296 3600 -848 ) (1296 3456 -848 ) (1296 3456 2528 ) (1296 3600 2528 ) 
4 185 192 (1296 4032 2528 ) (1296 4032 -848 ) (1296 3600 -848 ) (1296 3600 2528 ) 
4 185 188 (1456 3456 -848 ) (1296 3456 -848 ) (1296 3584 -848 ) (1456 3584 -848 ) 
4 185 187 (1296 3584 -848 ) (1296 4032 -848 ) (1456 4032 -848 ) (1456 3584 -848 ) 
4 186 189 (1488 3600 -1152 ) (1488 4032 -1152 ) (1520 4032 -1152 ) (1520 3600 -1152 ) 
4 186 188 (1488 3456 -1136 ) (1488 3456 -848 ) (1488 3584 -848 ) (1488 3584 -1136 ) 
4 186 187 (1488 4032 -1152 ) (1488 3584 -1152 ) (1488 3584 -848 ) (1488 4032 -848 ) 
4 187 193 (1296 3600 -1152 ) (1296 3584 -1152 ) (1296 3584 -848 ) (1296 3600 -848 ) 
4 187 192 (1296 4032 -848 ) (1296 4032 -1152 ) (1296 3600 -1152 ) (1296 3600 -848 ) 
4 187 190 (1296 3600 -1152 ) (1296 4032 -1152 ) (1488 4032 -1152 ) (1488 3600 -1152 ) 
4 187 188 (1488 3584 -1136 ) (1488 3584 -848 ) (1296 3584 -848 ) (1296 3584 -1136 ) 
4 188 193 (1296 3456 -1136 ) (1296 3456 -848 ) (1296 3584 -848 ) (1296 3584 -1136 ) 
4 189 197 (1488 3600 -1328 ) (1488 4032 -1328 ) (1520 4032 -1328 ) (1520 3600 -1328 ) 
4 189 190 (1488 4032 -1328 ) (1488 3600 -1328 ) (1488 3600 -1152 ) (1488 4032 -1152 ) 
4 190 197 (1296 3600 -1328 ) (1296 4032 -1328 ) (1488 4032 -1328 ) (1488 3600 -1328 ) 
4 190 192 (1296 4032 -1152 ) (1296 4032 -1328 ) (1296 3600 -1328 ) (1296 3600 -1152 ) 
4 191 207 (1296 3456 -1328 ) (1488 3456 -1328 ) (1488 3456 -1152 ) (1296 3456 -1152 ) 
4 192 197 (1264 3600 -1328 ) (1264 4032 -1328 ) (1296 4032 -1328 ) (1296 3600 -1328 ) 
4 192 194 (1264 4032 2528 ) (1264 4032 -1328 ) (1264 3600 -1328 ) (1264 3600 2528 ) 
4 192 193 (1296 3600 -1152 ) (1296 3600 2528 ) (1264 3600 2528 ) (1264 3600 -1152 ) 
4 193 208 (1296 3456 -320 ) (1296 3456 2528 ) (1264 3456 2528 ) (1264 3456 -320 ) 
4 193 195 (1264 3456 -576 ) (1264 3456 2528 ) (1264 3600 2528 ) (1264 3600 -576 ) 
4 194 200 (1248 3600 -1328 ) (1248 4032 -1328 ) (1264 4032 -1328 ) (1264 3600 -1328 ) 
4 194 195 (1248 3600 2528 ) (1248 3600 -576 ) (1264 3600 -576 ) (1264 3600 2528 ) 
4 194 196 (1248 4032 -1328 ) (1248 3600 -1328 ) (1248 3600 2528 ) (1248 4032 2528 ) 
4 195 208 (1264 3456 -320 ) (1264 3456 2528 ) (1248 3456 2528 ) (1248 3456 -320 ) 
4 195 196 (1248 3456 -576 ) (1248 3456 2528 ) (1248 3600 2528 ) (1248 3600 -576 ) 
4 196 261 (1136 3712 -1328 ) (1136 3584 -1328 ) (1136 3584 -1216 ) (1136 3712 -1216 ) 
4 196 262 (1136 3584 -1328 ) (1136 3456 -1328 ) (1136 3456 -960 ) (1136 3584 -960 ) 
4 196 260 (1136 3776 -1328 ) (1136 3712 -1328 ) (1136 3712 -1216 ) (1136 3776 -1216 ) 
4 196 258 (1136 3968 -1328 ) (1136 3776 -1328 ) (1136 3776 -1216 ) (1136 3968 -1216 ) 
4 196 257 (1136 4032 -1216 ) (1136 4032 -1328 ) (1136 3968 -1328 ) (1136 3968 -1216 ) 
4 196 255 (1136 3584 -960 ) (1136 3456 -960 ) (1136 3456 -576 ) (1136 3584 -576 ) 
4 196 254 (1136 3456 -576 ) (1136 3456 2528 ) (1136 3584 2528 ) (1136 3584 -576 ) 
4 196 253 (1136 4032 2528 ) (1136 4032 -320 ) (1136 3584 -320 ) (1136 3584 2528 ) 
4 196 208 (1136 3456 2528 ) (1136 3456 -320 ) (1248 3456 -320 ) (1248 3456 2528 ) 
4 196 201 (1248 3456 -1328 ) (1136 3456 -1328 ) (1136 4032 -1328 ) (1248 4032 -1328 ) 
4 197 200 (1264 3600 -1328 ) (1264 4032 -1328 ) (1264 4032 -1408 ) (1264 3600 -1408 ) 
4 197 198 (1264 3584 -1408 ) (1264 4032 -1408 ) (1520 4032 -1408 ) (1520 3584 -1408 ) 
4 198 202 (1264 3584 -1600 ) (1264 4032 -1600 ) (1520 4032 -1600 ) (1520 3584 -1600 ) 
4 198 200 (1264 4032 -1600 ) (1264 3600 -1600 ) (1264 3600 -1408 ) (1264 4032 -1408 ) 
4 199 209 (1264 3456 -1600 ) (1520 3456 -1600 ) (1520 3456 -1408 ) (1264 3456 -1408 ) 
4 200 203 (1248 3600 -1600 ) (1248 4032 -1600 ) (1264 4032 -1600 ) (1264 3600 -1600 ) 
4 200 201 (1248 4032 -1600 ) (1248 3600 -1600 ) (1248 3600 -1328 ) (1248 4032 -1328 ) 
4 201 261 (1136 3712 -1600 ) (1136 3584 -1600 ) (1136 3584 -1328 ) (1136 3712 -1328 ) 
4 201 262 (1136 3584 -1600 ) (1136 3456 -1600 ) (1136 3456 -1328 ) (1136 3584 -1328 ) 
4 201 260 (1136 3776 -1600 ) (1136 3712 -1600 ) (1136 3712 -1328 ) (1136 3776 -1328 ) 
4 201 258 (1136 3968 -1600 ) (1136 3776 -1600 ) (1136 3776 -1328 ) (1136 3968 -1328 ) 
4 201 257 (1136 4032 -1328 ) (1136 4032 -1600 ) (1136 3968 -1600 ) (1136 3968 -1328 ) 
4 201 203 (1248 3456 -1600 ) (1136 3456 -1600 ) (1136 4032 -1600 ) (1248 4032 -1600 ) 
4 202 204 (1264 3584 -1616 ) (1264 4032 -1616 ) (1520 4032 -1616 ) (1520 3584 -1616 ) 
4 202 203 (1264 4032 -1616 ) (1264 3584 -1616 ) (1264 3584 -1600 ) (1264 4032 -1600 ) 
4 203 261 (1136 3712 -1616 ) (1136 3584 -1616 ) (1136 3584 -1600 ) (1136 3712 -1600 ) 
4 203 262 (1136 3584 -1616 ) (1136 3456 -1616 ) (1136 3456 -1600 ) (1136 3584 -1600 ) 
4 203 260 (1136 3776 -1616 ) (1136 3712 -1616 ) (1136 3712 -1600 ) (1136 3776 -1600 ) 
4 203 258 (1136 3968 -1616 ) (1136 3776 -1616 ) (1136 3776 -1600 ) (1136 3968 -1600 ) 
4 203 257 (1136 4032 -1600 ) (1136 4032 -1616 ) (1136 3968 -1616 ) (1136 3968 -1600 ) 
4 203 204 (1264 3456 -1616 ) (1136 3456 -1616 ) (1136 4032 -1616 ) (1264 4032 -1616 ) 
4 204 261 (1136 3712 -3040 ) (1136 3584 -3040 ) (1136 3584 -1616 ) (1136 3712 -1616 ) 
4 204 262 (1136 3584 -3040 ) (1136 3456 -3040 ) (1136 3456 -1616 ) (1136 3584 -1616 ) 
4 204 260 (1136 3776 -3040 ) (1136 3712 -3040 ) (1136 3712 -1616 ) (1136 3776 -1616 ) 
4 204 258 (1136 3968 -3040 ) (1136 3776 -3040 ) (1136 3776 -1616 ) (1136 3968 -1616 ) 
4 204 257 (1136 4032 -1616 ) (1136 4032 -3040 ) (1136 3968 -3040 ) (1136 3968 -1616 ) 
4 204 210 (1136 3456 -1616 ) (1136 3456 -3040 ) (1520 3456 -3040 ) (1520 3456 -1616 ) 
4 205 213 (1520 3392 -320 ) (1520 3392 2528 ) (1488 3392 2528 ) (1488 3392 -320 ) 
4 205 206 (1488 3456 2528 ) (1488 3456 -320 ) (1488 3392 -320 ) (1488 3392 2528 ) 
4 206 213 (1488 3392 -320 ) (1488 3392 2528 ) (1296 3392 2528 ) (1296 3392 -320 ) 
4 206 208 (1296 3456 2528 ) (1296 3456 -320 ) (1296 3392 -320 ) (1296 3392 2528 ) 
3 207 229 (1344.801025 3392 -1152 ) (1296 3392 -1152 ) (1296 3392 -1200.801392 ) 
5 207 223 (1488 3392 -1328 ) (1488 3392 -1152 ) (1344.801025 3392 -1152 ) (1296 3392 -1200.801392 ) (1296 3392 -1328 ) 
4 208 254 (1136 3392 -320 ) (1136 3392 2528 ) (1136 3456 2528 ) (1136 3456 -320 ) 
3 208 214 (1136 3392 142.277588 ) (1136 3392 -320 ) (1251.583130 3392 -320 ) 
5 208 213 (1136 3392 2528 ) (1136 3392 142.277588 ) (1251.583130 3392 -320 ) (1296 3392 -320 ) (1296 3392 2528 ) 
4 209 245 (1264 3392 -1600 ) (1520 3392 -1600 ) (1520 3392 -1408 ) (1264 3392 -1408 ) 
4 210 262 (1136 3392 -3040 ) (1136 3392 -1616 ) (1136 3456 -1616 ) (1136 3456 -3040 ) 
4 210 252 (1136 3392 -1616 ) (1136 3392 -3040 ) (1264 3392 -3040 ) (1264 3392 -1616 ) 
4 210 248 (1264 3392 -3040 ) (1520 3392 -3040 ) (1520 3392 -1616 ) (1264 3392 -1616 ) 
3 211 234 (1331.619263 3384 -968.804810 ) (1520 3384 -1015.900146 ) (1520 3384 -780.323059 ) 
4 211 227 (1424.400269 3384 -992 ) (1331.619507 3384 -968.804504 ) (1337.699341 3392 -967.124268 ) (1424.402954 3392 -988.800171 ) 
4 211 226 (1450 3384 -998.399658 ) (1440.398804 3384 -996 ) (1441.997925 3392 -993.198914 ) (1452.559814 3392 -995.839355 ) 
4 211 225 (1462.047119 3384 -1001.411438 ) (1450 3384 -998.399658 ) (1452.559814 3392 -995.839355 ) (1465.811890 3392 -999.152405 ) 
4 211 224 (1485.200073 3384 -1007.199646 ) (1462.047119 3384 -1001.411438 ) (1465.811890 3392 -999.152405 ) (1491.280151 3392 -1005.519470 ) 
4 211 223 (1520 3384 -1015.899597 ) (1485.200073 3384 -1007.199646 ) (1491.280151 3392 -1005.519470 ) (1520 3392 -1012.699402 ) 
4 211 222 (1370.005127 3384 -930.402771 ) (1376.404785 3384 -924 ) (1378.007690 3392 -926.799072 ) (1370.967163 3392 -933.843323 ) 
4 211 221 (1360.406494 3384 -940.006531 ) (1370.005127 3384 -930.402771 ) (1370.967163 3392 -933.843323 ) (1360.408203 3392 -944.407898 ) 
4 211 220 (1343.604370 3384 -956.817627 ) (1360.406494 3384 -940.006531 ) (1360.408203 3392 -944.407898 ) (1341.924927 3392 -962.901123 ) 
4 211 219 (1337.703125 3392 -967.125244 ) (1331.623047 3384 -968.805420 ) (1343.604370 3384 -956.817627 ) (1341.924927 3392 -962.901123 ) 
4 211 212 (1388.400757 3384 -911.997314 ) (1520 3384 -780.327454 ) (1520 3392 -784.730713 ) (1391.199707 3392 -913.599976 ) 
3 212 234 (1388.402222 3384 -911.991455 ) (1520 3384 -780.323059 ) (1520 3384 -385.632843 ) 
4 212 213 (1392.400635 3384 -896.001892 ) (1520 3384 -385.636169 ) (1520 3392 -398.434082 ) (1395.600464 3392 -896.001587 ) 
4 213 254 (1136 3392 2528 ) (1136 3392 142.277588 ) (1136 3384 129.479736 ) (1136 3384 2528 ) 
4 213 235 (1136 3384 2528 ) (1136 3384 129.479736 ) (1144 3384 97.483513 ) (1144 3384 2528 ) 
5 213 234 (1144 3384 97.483513 ) (1392.400269 3384 -896 ) (1520 3384 -385.632843 ) (1520 3384 2528 ) (1144 3384 2528 ) 
4 213 214 (1388.397339 3384 -879.997437 ) (1136 3384 129.474609 ) (1136 3392 142.272705 ) (1391.197266 3392 -878.397400 ) 
4 214 254 (1136 3392 142.277588 ) (1136 3392 -576 ) (1136 3384 -576 ) (1136 3384 129.479736 ) 
4 214 235 (1136 3384 129.479736 ) (1136 3384 -627.598877 ) (1144 3384 -635.598938 ) (1144 3384 97.483521 ) 
3 214 234 (1144 3384 -635.598938 ) (1388.399658 3384 -880 ) (1144 3384 97.483521 ) 
4 214 215 (1376.402466 3384 -868 ) (1136 3384 -627.597290 ) (1136 3392 -623.197266 ) (1378.002441 3392 -865.200684 ) 
4 215 235 (1136 3384 -627.598877 ) (1136 3384 -807.900024 ) (1144 3384 -809.900024 ) (1144 3384 -635.598938 ) 
3 215 234 (1144 3384 -809.900024 ) (1376.400024 3384 -868 ) (1144 3384 -635.598938 ) 
4 215 216 (1136 3392 -804.698730 ) (1360.402588 3392 -860.799377 ) (1360.402344 3384 -864 ) (1136 3384 -807.898743 ) 
5 216 235 (1136 3384 -807.900024 ) (1136 3384 -919.899902 ) (1136.400024 3384 -920 ) (1144 3384 -918.099976 ) (1144 3384 -809.900024 ) 
3 216 234 (1144 3384 -918.099976 ) (1360.399780 3384 -864 ) (1144 3384 -809.900024 ) 
4 216 227 (1136.400635 3384 -920 ) (1136 3384 -919.899658 ) (1136 3392 -916.699463 ) (1136.401123 3392 -916.799744 ) 
4 216 217 (1344.397461 3384 -868.002319 ) (1136.403687 3384 -920 ) (1136.403687 3392 -916.800781 ) (1342.798462 3392 -865.201843 ) 
3 217 235 (1136.400024 3384 -920 ) (1144 3384 -921.899963 ) (1144 3384 -918.099976 ) 
4 217 234 (1144 3384 -921.899963 ) (1261.199951 3384 -951.199951 ) (1344.400391 3384 -868 ) (1144 3384 -918.099976 ) 
4 217 227 (1261.200317 3384 -951.199707 ) (1136.400635 3384 -920 ) (1136.401123 3392 -916.799744 ) (1260.240601 3392 -947.759583 ) 
4 217 218 (1332.400879 3384 -879.997314 ) (1261.198486 3384 -951.199768 ) (1260.238525 3392 -947.759766 ) (1329.600830 3392 -878.397400 ) 
3 218 234 (1261.199951 3384 -951.199951 ) (1311.459106 3384 -963.764771 ) (1332.400391 3384 -880 ) 
4 218 227 (1311.459106 3384 -963.764404 ) (1261.200317 3384 -951.199707 ) (1260.240601 3392 -947.759583 ) (1309.200317 3392 -960 ) 
4 218 219 (1328.398926 3384 -895.995544 ) (1311.456543 3384 -963.764160 ) (1309.197632 3392 -960 ) (1325.198730 3392 -895.996216 ) 
4 219 234 (1311.459106 3384 -963.764771 ) (1331.619263 3384 -968.804810 ) (1343.603394 3384 -956.814209 ) (1328.400146 3384 -896 ) 
4 219 227 (1331.619507 3384 -968.804504 ) (1311.459106 3384 -963.764404 ) (1309.200317 3392 -960 ) (1337.699341 3392 -967.124268 ) 
4 219 220 (1332.399780 3384 -912 ) (1343.603394 3384 -956.814453 ) (1341.923828 3392 -962.897705 ) (1329.599365 3392 -913.598938 ) 
3 220 234 (1343.603394 3384 -956.814209 ) (1360.404419 3384 -940.004272 ) (1332.399780 3384 -912 ) 
4 220 221 (1344.401855 3384 -924 ) (1360.404907 3384 -940.003845 ) (1360.406372 3392 -944.405273 ) (1342.801758 3392 -926.800354 ) 
3 221 234 (1360.404419 3384 -940.004272 ) (1370.001587 3384 -930.401917 ) (1344.400146 3384 -924 ) 
4 221 222 (1360.395874 3384 -928 ) (1370 3384 -930.402527 ) (1370.962646 3392 -933.843079 ) (1360.395874 3392 -931.201050 ) 
3 222 234 (1370.001587 3384 -930.401917 ) (1376.398926 3384 -924.001160 ) (1360.397949 3384 -928 ) 
4 223 244 (1168.802612 3392 -1328 ) (1296 3392 -1328 ) (1296 3384 -1328 ) (1164.402710 3384 -1328 ) 
4 223 242 (1488 3392 -1328 ) (1520 3392 -1328 ) (1520 3384 -1328 ) (1488 3384 -1328 ) 
4 223 243 (1360 3392 -1328 ) (1424 3392 -1328 ) (1424 3384 -1328 ) (1360 3384 -1328 ) 
4 223 234 (1164.402710 3384 -1328 ) (1520 3384 -1328 ) (1520 3384 -1015.900146 ) (1485.199707 3384 -1007.200012 ) 
4 223 233 (1433.995728 3384 -1058.398682 ) (1440.392334 3384 -1052.001953 ) (1441.992554 3392 -1054.801880 ) (1434.955688 3392 -1061.838867 ) 
4 223 232 (1424.397095 3384 -1067.997437 ) (1433.995728 3384 -1058.398682 ) (1434.955688 3392 -1061.838867 ) (1424.397339 3392 -1072.397339 ) 
4 223 231 (1407.598999 3384 -1084.795776 ) (1424.397095 3384 -1067.997437 ) (1424.397339 3392 -1072.397339 ) (1405.918945 3392 -1090.875977 ) 
4 223 230 (1367.068359 3384 -1125.327026 ) (1407.598999 3384 -1084.795776 ) (1405.918945 3392 -1090.875977 ) (1361.334961 3392 -1135.460815 ) 
4 223 229 (1168.798828 3392 -1328 ) (1164.398438 3384 -1328 ) (1367.068359 3384 -1125.327026 ) (1361.334961 3392 -1135.460815 ) 
4 223 224 (1452.401978 3384 -1039.992188 ) (1485.191406 3384 -1007.202148 ) (1491.271362 3392 -1005.522156 ) (1455.201904 3392 -1041.592285 ) 
3 224 234 (1452.399902 3384 -1040 ) (1485.199707 3384 -1007.200012 ) (1462.046997 3384 -1001.411804 ) 
4 224 225 (1456.398682 3384 -1023.994568 ) (1462.044800 3384 -1001.412476 ) (1465.809448 3392 -999.153625 ) (1459.598633 3392 -1023.994568 ) 
3 225 234 (1456.400024 3384 -1024 ) (1462.046997 3384 -1001.411804 ) (1450 3384 -998.400085 ) 
4 225 226 (1452.399048 3384 -1007.998840 ) (1450 3384 -998.399841 ) (1452.559692 3392 -995.839844 ) (1455.198730 3392 -1006.398743 ) 
3 226 234 (1452.400024 3384 -1008 ) (1450 3384 -998.400085 ) (1440.399170 3384 -996 ) 
4 227 235 (1136 3384 -919.899902 ) (1136 3384 -1064.099854 ) (1144 3384 -1062.099854 ) (1144 3384 -921.899902 ) 
3 227 234 (1144 3384 -1062.099854 ) (1424.399536 3384 -992 ) (1144 3384 -921.899902 ) 
4 227 228 (1408.405273 3384 -995.994324 ) (1136 3384 -1064.095703 ) (1136 3392 -1060.896729 ) (1406.804077 3392 -993.195679 ) 
4 228 236 (1136 3384 -1159.622803 ) (1136 3384 -1268.399780 ) (1144 3384 -1260.399780 ) (1144 3384 -1164.022095 ) 
4 228 235 (1136 3384 -1064.099854 ) (1136 3384 -1159.622803 ) (1144 3384 -1164.022095 ) (1144 3384 -1062.099854 ) 
3 228 234 (1144 3384 -1260.399780 ) (1408.399658 3384 -996 ) (1144 3384 -1062.099854 ) 
4 228 229 (1396.401978 3384 -1007.992004 ) (1136 3384 -1268.394165 ) (1136 3392 -1263.994141 ) (1393.601807 3392 -1006.392334 ) 
4 229 244 (1136 3384 -1328 ) (1136 3392 -1328 ) (1168.802612 3392 -1328 ) (1164.402710 3384 -1328 ) 
4 229 236 (1136 3384 -1268.399780 ) (1136 3384 -1328 ) (1144 3384 -1328 ) (1144 3384 -1260.399780 ) 
5 229 234 (1144 3384 -1328 ) (1164.402710 3384 -1328 ) (1367.066528 3384 -1125.334229 ) (1396.400269 3384 -1008 ) (1144 3384 -1260.399780 ) 
4 229 230 (1392.401001 3384 -1024.003540 ) (1367.068604 3384 -1125.332642 ) (1361.335083 3392 -1135.466187 ) (1389.201172 3392 -1024.003784 ) 
3 230 234 (1367.066528 3384 -1125.334229 ) (1407.600098 3384 -1084.800293 ) (1392.400024 3384 -1024 ) 
4 230 231 (1396.396240 3384 -1039.996216 ) (1407.599243 3384 -1084.803589 ) (1405.919189 3392 -1090.883667 ) (1393.594971 3392 -1041.594971 ) 
3 231 234 (1407.600098 3384 -1084.800293 ) (1424.400024 3384 -1068 ) (1396.400146 3384 -1040 ) 
4 231 232 (1408.400879 3384 -1052 ) (1424.400146 3384 -1068 ) (1424.400146 3392 -1072.400146 ) (1406.801147 3392 -1054.800293 ) 
3 232 234 (1424.400024 3384 -1068 ) (1434 3384 -1058.399902 ) (1408.399658 3384 -1052 ) 
4 232 233 (1424.404175 3384 -1055.998901 ) (1434.001831 3384 -1058.398682 ) (1434.961792 3392 -1061.838745 ) (1424.404053 3392 -1059.198853 ) 
3 233 234 (1434 3384 -1058.399902 ) (1440.400146 3384 -1052 ) (1424.400269 3384 -1056 ) 
4 234 452 (1296 3072 -896 ) (1144 3072 -896 ) (1144 3072 -1328 ) (1296 3072 -1328 ) 
4 234 448 (1488 3072 -896 ) (1296 3072 -896 ) (1296 3072 -1328 ) (1488 3072 -1328 ) 
4 234 447 (1520 3072 -1328 ) (1520 3072 -896 ) (1488 3072 -896 ) (1488 3072 -1328 ) 
4 234 441 (1520 3072 -896 ) (1520 3072 -848 ) (1144 3072 -848 ) (1144 3072 -896 ) 
4 234 440 (1520 3072 -848 ) (1520 3072 -832 ) (1144 3072 -832 ) (1144 3072 -848 ) 
4 234 412 (1520 3072 -832 ) (1520 3072 2528 ) (1144 3072 2528 ) (1144 3072 -832 ) 
4 234 244 (1144 3384 -1328 ) (1296 3384 -1328 ) (1296 3072 -1328 ) (1144 3072 -1328 ) 
4 234 242 (1488 3384 -1328 ) (1520 3384 -1328 ) (1520 3072 -1328 ) (1488 3072 -1328 ) 
4 234 243 (1360 3384 -1328 ) (1424 3384 -1328 ) (1424 3072 -1328 ) (1360 3072 -1328 ) 
3 234 241 (1144 3072.014648 -863.996338 ) (1144 3081.601562 -861.600220 ) (1144 3087.990234 -867.989258 ) 
3 234 240 (1144 3072 -864 ) (1144 3072 -851.997986 ) (1144 3081.601562 -861.600220 ) 
3 234 239 (1144 3072 -940 ) (1144 3072 -928 ) (1144 3088.001465 -923.998657 ) 
3 234 238 (1144 3072 -1024.016357 ) (1144 3072 -940 ) (1144 3100 -912.001770 ) 
4 234 237 (1144 3211.997559 -1328 ) (1144 3072 -1328 ) (1144 3072 -1024.016357 ) (1144 3104 -895.998657 ) 
4 234 236 (1144 3384 -1164.022217 ) (1144 3384 -1328 ) (1144 3211.997559 -1328 ) (1144 3100 -880 ) 
4 234 235 (1144 3072 2528 ) (1144 3384 2528 ) (1144 3384 -1164.022217 ) (1144 3072 -851.997986 ) 
3 235 444 (1136.729858 3072 -848 ) (1144 3072 -851.997986 ) (1144 3072 -848 ) 
5 235 440 (1136 3072 -832 ) (1136 3072 -847.598633 ) (1136.729858 3072 -848 ) (1144 3072 -848 ) (1144 3072 -832 ) 
4 235 412 (1144 3072 2528 ) (1136 3072 2528 ) (1136 3072 -832 ) (1144 3072 -832 ) 
4 235 254 (1136 3072 -576 ) (1136 3072 2528 ) (1136 3384 2528 ) (1136 3384 -576 ) 
4 235 241 (1144 3087.993652 -867.990112 ) (1144 3081.603760 -861.599670 ) (1136 3082.562988 -858.159851 ) (1136 3089.591064 -865.188293 ) 
4 235 240 (1144 3081.603760 -861.599670 ) (1144 3072 -851.995117 ) (1136 3072 -847.595947 ) (1136 3082.562988 -858.159851 ) 
4 235 236 (1144 3384 -1164.019531 ) (1144 3100 -879.996460 ) (1136 3102.799805 -878.398071 ) (1136 3384 -1159.620361 ) 
4 236 244 (1136 3215.197754 -1328 ) (1136 3384 -1328 ) (1144 3384 -1328 ) (1144 3211.997559 -1328 ) 
4 236 237 (1144 3211.998047 -1328 ) (1144 3104 -895.997681 ) (1136 3107.200195 -896 ) (1136 3215.197998 -1328 ) 
4 237 453 (1136 3072 -1036.819824 ) (1136 3072 -1328 ) (1144 3072 -1328 ) (1144 3072 -1024.016357 ) 
4 237 244 (1136 3072 -1328 ) (1136 3215.197754 -1328 ) (1144 3211.997559 -1328 ) (1144 3072 -1328 ) 
4 237 238 (1144 3072 -1024.008667 ) (1144 3099.997314 -912.003540 ) (1136 3102.798340 -913.601807 ) (1136 3072 -1036.812256 ) 
4 238 453 (1136 3072 -944.398132 ) (1136 3072 -1036.819824 ) (1144 3072 -1024.016357 ) (1144 3072 -940 ) 
4 238 239 (1136 3089.597900 -926.799438 ) (1136 3072 -944.396362 ) (1144 3072 -939.997314 ) (1144 3088 -924 ) 
4 239 453 (1136 3072 -931.200012 ) (1136 3072 -944.398132 ) (1144 3072 -940 ) (1144 3072 -928 ) 
5 240 445 (1136 3072 -848 ) (1136 3072 -860.799927 ) (1144 3072 -864 ) (1144 3072 -851.997986 ) (1136.729858 3072 -848 ) 
3 240 440 (1136 3072 -847.598633 ) (1136 3072 -848 ) (1136.729858 3072 -848 ) 
4 240 241 (1136 3082.560547 -858.159790 ) (1144 3081.601074 -861.599609 ) (1144 3072 -864 ) (1136 3072 -860.799316 ) 
4 242 447 (1520 3072 -1344 ) (1520 3072 -1328 ) (1488 3072 -1328 ) (1488 3072 -1344 ) 
4 242 245 (1488 3392 -1344 ) (1520 3392 -1344 ) (1520 3360 -1344 ) (1488 3360 -1344 ) 
4 242 247 (1520 3328 -1344 ) (1520 3072 -1344 ) (1488 3072 -1344 ) (1488 3328 -1344 ) 
4 243 450 (1424 3072 -1328 ) (1360 3072 -1328 ) (1360 3072 -1344 ) (1424 3072 -1344 ) 
4 243 245 (1360 3392 -1344 ) (1424 3392 -1344 ) (1424 3360 -1344 ) (1360 3360 -1344 ) 
4 243 247 (1424 3328 -1344 ) (1424 3072 -1344 ) (1360 3072 -1344 ) (1360 3328 -1344 ) 
4 244 453 (1144 3072 -1328 ) (1136 3072 -1328 ) (1136 3072 -1344 ) (1144 3072 -1344 ) 
4 244 452 (1296 3072 -1328 ) (1144 3072 -1328 ) (1144 3072 -1344 ) (1296 3072 -1344 ) 
4 244 249 (1236 3392 -1344 ) (1264 3392 -1344 ) (1264 3360 -1344 ) (1236 3360 -1344 ) 
4 244 250 (1264 3328 -1344 ) (1264 3072 -1344 ) (1236 3072 -1344 ) (1236 3328 -1344 ) 
4 244 251 (1136 3072 -1344 ) (1136 3392 -1344 ) (1236 3392 -1344 ) (1236 3072 -1344 ) 
4 244 245 (1264 3392 -1344 ) (1296 3392 -1344 ) (1296 3360 -1344 ) (1264 3360 -1344 ) 
4 244 247 (1296 3328 -1344 ) (1296 3072 -1344 ) (1264 3072 -1344 ) (1264 3328 -1344 ) 
4 245 249 (1264 3360 -1344 ) (1264 3392 -1344 ) (1264 3392 -1600 ) (1264 3360 -1600 ) 
6 245 246 (1264 3360 -1408 ) (1264 3360 -1600 ) (1520 3360 -1600 ) (1520 3360 -1408 ) (1408 3360 -1376 ) (1376 3360 -1376 ) 
6 246 247 (1264 3328 -1408 ) (1264 3328 -1600 ) (1520 3328 -1600 ) (1520 3328 -1408 ) (1408 3328 -1376 ) (1376 3328 -1376 ) 
4 247 481 (1520 3072 -1600 ) (1520 3072 -1472 ) (1264 3072 -1472 ) (1264 3072 -1600 ) 
4 247 463 (1520 3072 -1472 ) (1520 3072 -1344 ) (1264 3072 -1344 ) (1264 3072 -1472 ) 
4 247 250 (1264 3072 -1600 ) (1264 3072 -1344 ) (1264 3328 -1344 ) (1264 3328 -1600 ) 
4 248 505 (1520 3072 -3040 ) (1520 3072 -1616 ) (1264 3072 -1616 ) (1264 3072 -3040 ) 
4 248 252 (1264 3072 -3040 ) (1264 3072 -1616 ) (1264 3392 -1616 ) (1264 3392 -3040 ) 
4 249 251 (1236 3392 -1600 ) (1236 3360 -1600 ) (1236 3360 -1344 ) (1236 3392 -1344 ) 
4 250 485 (1264 3072 -1600 ) (1264 3072 -1344 ) (1236 3072 -1344 ) (1236 3072 -1600 ) 
4 250 251 (1236 3328 -1600 ) (1236 3072 -1600 ) (1236 3072 -1344 ) (1236 3328 -1344 ) 
4 251 487 (1236 3072 -1344 ) (1136 3072 -1344 ) (1136 3072 -1600 ) (1236 3072 -1600 ) 
4 252 505 (1264 3072 -3040 ) (1264 3072 -1616 ) (1136 3072 -1616 ) (1136 3072 -3040 ) 
4 252 263 (1136 3072 -3040 ) (1136 3072 -1616 ) (1136 3392 -1616 ) (1136 3392 -3040 ) 
4 253 264 (1072 4032 2528 ) (1072 4032 -320 ) (1072 3584 -320 ) (1072 3584 2528 ) 
4 253 254 (1072 3584 2528 ) (1072 3584 -320 ) (1136 3584 -320 ) (1136 3584 2528 ) 
4 254 413 (1136 3072 -576 ) (1136 3072 2528 ) (1072 3072 2528 ) (1072 3072 -576 ) 
4 254 267 (1072 3072 -576 ) (1072 3072 2528 ) (1072 3584 2528 ) (1072 3584 -576 ) 
4 254 255 (1072 3392 -576 ) (1072 3584 -576 ) (1136 3584 -576 ) (1136 3392 -576 ) 
4 255 267 (1072 3584 -960 ) (1072 3392 -960 ) (1072 3392 -576 ) (1072 3584 -576 ) 
4 255 262 (1072 3392 -960 ) (1072 3584 -960 ) (1136 3584 -960 ) (1136 3392 -960 ) 
4 256 266 (1072 4032 -1024 ) (1072 4032 -1184 ) (1072 3968 -1184 ) (1072 3968 -1024 ) 
4 257 268 (1072 4032 -1232 ) (1072 4032 -3040 ) (1072 3968 -3040 ) (1072 3968 -1232 ) 
4 257 258 (1136 3968 -3040 ) (1136 3968 -1216 ) (1072 3968 -1216 ) (1072 3968 -3040 ) 
4 258 268 (1072 3776 -3040 ) (1072 3776 -1232 ) (1072 3968 -1232 ) (1072 3968 -3040 ) 
4 258 260 (1136 3776 -3040 ) (1136 3776 -1216 ) (1072 3776 -1216 ) (1072 3776 -3040 ) 
4 259 266 (1072 3712 -1184 ) (1072 3712 -1024 ) (1072 3776 -1024 ) (1072 3776 -1184 ) 
4 260 268 (1072 3712 -3040 ) (1072 3712 -1232 ) (1072 3776 -1232 ) (1072 3776 -3040 ) 
4 260 261 (1136 3712 -3040 ) (1136 3712 -1216 ) (1072 3712 -1216 ) (1072 3712 -3040 ) 
4 261 268 (1072 3712 -1232 ) (1072 3712 -3040 ) (1072 3584 -3040 ) (1072 3584 -1232 ) 
4 261 262 (1072 3584 -3040 ) (1136 3584 -3040 ) (1136 3584 -1216 ) (1072 3584 -1216 ) 
4 262 268 (1072 3584 -1232 ) (1072 3584 -3040 ) (1072 3392 -3040 ) (1072 3392 -1232 ) 
4 262 267 (1072 3392 -960 ) (1072 3584 -960 ) (1072 3584 -1232 ) (1072 3392 -1232 ) 
4 262 263 (1072 3392 -3040 ) (1136 3392 -3040 ) (1136 3392 -1600 ) (1072 3392 -1600 ) 
4 263 505 (1136 3072 -3040 ) (1136 3072 -1616 ) (1072 3072 -1616 ) (1072 3072 -3040 ) 
4 263 504 (1136 3072 -1616 ) (1136 3072 -1600 ) (1072 3072 -1600 ) (1072 3072 -1616 ) 
4 263 268 (1072 3072 -3040 ) (1072 3072 -1600 ) (1072 3392 -1600 ) (1072 3392 -3040 ) 
4 264 272 (1024 3584 2528 ) (1024 3648 2528 ) (1024 3648 -448 ) (1024 3584 -448 ) 
4 264 269 (1024 3648 2528 ) (1024 4032 2528 ) (1024 4032 -448 ) (1024 3648 -448 ) 
4 264 265 (1024 3648 -448 ) (1024 4032 -448 ) (1072 4032 -448 ) (1072 3648 -448 ) 
4 264 267 (1072 3584 -448 ) (1072 3584 2528 ) (1024 3584 2528 ) (1024 3584 -448 ) 
4 265 269 (1024 4032 -448 ) (1024 4032 -832 ) (1024 3648 -832 ) (1024 3648 -448 ) 
4 266 271 (1024 4032 -960 ) (1024 4032 -1216 ) (1024 3648 -1216 ) (1024 3648 -960 ) 
4 267 413 (1072 3072 -576 ) (1072 3072 2528 ) (1024 3072 2528 ) (1024 3072 -576 ) 
4 267 273 (1024 3072 -1232 ) (1024 3072 2528 ) (1024 3584 2528 ) (1024 3584 -1232 ) 
4 267 268 (1072 3584 -1232 ) (1072 3072 -1232 ) (1024 3072 -1232 ) (1024 3584 -1232 ) 
4 268 505 (1072 3072 -3040 ) (1072 3072 -1616 ) (1024 3072 -1616 ) (1024 3072 -3040 ) 
4 268 504 (1072 3072 -1616 ) (1072 3072 -1600 ) (1024 3072 -1600 ) (1024 3072 -1616 ) 
4 268 311 (1024 3072 -3040 ) (1024 3072 -1616 ) (1024 4032 -1616 ) (1024 4032 -3040 ) 
4 268 303 (1024 3072 -1616 ) (1024 3072 -1232 ) (1024 3328 -1232 ) (1024 3328 -1616 ) 
4 268 298 (1024 4032 -1296 ) (1024 4032 -1616 ) (1024 3328 -1616 ) (1024 3328 -1296 ) 
4 268 295 (1024 3328 -1232 ) (1024 3904 -1232 ) (1024 3904 -1296 ) (1024 3328 -1296 ) 
4 268 293 (1024 3904 -1232 ) (1024 3968 -1232 ) (1024 3968 -1296 ) (1024 3904 -1296 ) 
4 268 290 (1024 3968 -1232 ) (1024 4032 -1232 ) (1024 4032 -1296 ) (1024 3968 -1296 ) 
4 269 272 (1024 3648 -448 ) (1024 3648 2528 ) (1008 3648 2528 ) (1008 3648 -448 ) 
4 269 270 (1008 3648 -832 ) (1008 3648 2528 ) (1008 4096 2528 ) (1008 4096 -832 ) 
4 270 278 (944 3976 -960 ) (944 3648 -960 ) (944 3648 2528 ) (944 3976 2528 ) 
4 270 276 (944 4096 2528 ) (944 4096 -960 ) (944 3976 -960 ) (944 3976 2528 ) 
4 270 272 (944 3648 2528 ) (944 3648 -448 ) (1008 3648 -448 ) (1008 3648 2528 ) 
4 271 278 (944 3976 -1216 ) (944 3648 -1216 ) (944 3648 -960 ) (944 3976 -960 ) 
4 271 276 (944 4096 -960 ) (944 4096 -1216 ) (944 3976 -1216 ) (944 3976 -960 ) 
4 272 279 (944 3584 -448 ) (944 3584 2528 ) (944 3648 2528 ) (944 3648 -448 ) 
4 272 274 (1008 3584 2528 ) (944 3584 2528 ) (944 3584 -448 ) (1008 3584 -448 ) 
4 272 273 (1024 3584 2528 ) (1008 3584 2528 ) (1008 3584 -448 ) (1024 3584 -448 ) 
4 273 536 (1024 3072 -576 ) (1024 3072 2528 ) (1008 3072 2528 ) (1008 3072 -576 ) 
4 273 303 (1024 3328 -1232 ) (1024 3072 -1232 ) (1008 3072 -1232 ) (1008 3328 -1232 ) 
4 273 295 (1024 3584 -1232 ) (1024 3328 -1232 ) (1008 3328 -1232 ) (1008 3584 -1232 ) 
4 273 275 (1008 3072 -576 ) (1008 3072 2528 ) (1008 3328 2528 ) (1008 3328 -576 ) 
4 273 274 (1008 3584 2528 ) (1008 3584 -1232 ) (1008 3328 -1232 ) (1008 3328 2528 ) 
4 274 296 (944 3328 -1232 ) (944 3584 -1232 ) (1008 3584 -1232 ) (1008 3328 -1232 ) 
4 274 280 (944 3584 -1232 ) (944 3328 -1232 ) (944 3328 -448 ) (944 3584 -448 ) 
4 274 279 (944 3328 -448 ) (944 3328 2528 ) (944 3584 2528 ) (944 3584 -448 ) 
4 274 275 (1008 3328 -576 ) (1008 3328 2528 ) (944 3328 2528 ) (944 3328 -576 ) 
4 275 536 (1008 3072 2528 ) (944 3072 2528 ) (944 3072 -576 ) (1008 3072 -576 ) 
4 275 281 (944 3072 -576 ) (944 3072 2528 ) (944 3136 2528 ) (944 3136 -576 ) 
4 275 280 (944 3328 -448 ) (944 3328 -576 ) (944 3136 -576 ) (944 3136 -448 ) 
4 275 279 (944 3136 2528 ) (944 3328 2528 ) (944 3328 -448 ) (944 3136 -448 ) 
4 276 282 (688 3976 -1216 ) (688 3976 2528 ) (688 4096 2528 ) (688 4096 -1216 ) 
4 276 278 (688 3976 2528 ) (688 3976 -1216 ) (944 3976 -1216 ) (944 3976 2528 ) 
4 276 277 (936 3976 -1216 ) (696 3976 -1216 ) (696 4096 -1216 ) (936 4096 -1216 ) 
4 277 291 (696 4096 -1232 ) (936 4096 -1232 ) (936 3976 -1232 ) (696 3976 -1232 ) 
4 278 282 (688 3648 -1216 ) (688 3648 2528 ) (688 3976 2528 ) (688 3976 -1216 ) 
4 278 279 (688 3648 2528 ) (688 3648 -448 ) (944 3648 -448 ) (944 3648 2528 ) 
4 279 285 (688 3136 -448 ) (688 3136 2528 ) (688 3328 2528 ) (688 3328 -448 ) 
4 279 284 (688 3328 2528 ) (688 3584 2528 ) (688 3584 -448 ) (688 3328 -448 ) 
4 279 283 (688 3584 2528 ) (688 3648 2528 ) (688 3648 -448 ) (688 3584 -448 ) 
4 279 281 (688 3136 2528 ) (688 3136 -448 ) (944 3136 -448 ) (944 3136 2528 ) 
4 279 280 (944 3136 -448 ) (688 3136 -448 ) (688 3584 -448 ) (944 3584 -448 ) 
4 280 305 (688 3136 -1232 ) (688 3328 -1232 ) (944 3328 -1232 ) (944 3136 -1232 ) 
4 280 296 (688 3328 -1232 ) (688 3584 -1232 ) (944 3584 -1232 ) (944 3328 -1232 ) 
4 280 285 (688 3136 -576 ) (688 3136 -448 ) (688 3328 -448 ) (688 3328 -576 ) 
4 280 284 (688 3584 -1232 ) (688 3328 -1232 ) (688 3328 -448 ) (688 3584 -448 ) 
4 280 281 (688 3136 -448 ) (688 3136 -576 ) (944 3136 -576 ) (944 3136 -448 ) 
4 281 536 (688 3072 2528 ) (688 3072 -576 ) (944 3072 -576 ) (944 3072 2528 ) 
4 281 285 (688 3072 -576 ) (688 3072 2528 ) (688 3136 2528 ) (688 3136 -576 ) 
4 282 287 (560 4096 2528 ) (560 4096 -448 ) (560 3648 -448 ) (560 3648 2528 ) 
4 282 283 (560 3648 2528 ) (560 3648 -448 ) (688 3648 -448 ) (688 3648 2528 ) 
4 283 287 (560 3584 -448 ) (560 3584 2528 ) (560 3648 2528 ) (560 3648 -448 ) 
4 283 284 (688 3584 -448 ) (688 3584 2528 ) (624 3584 2528 ) (624 3584 -448 ) 
4 283 286 (624 3584 2528 ) (560 3584 2528 ) (560 3584 -448 ) (624 3584 -448 ) 
4 284 296 (624 3328 -1232 ) (624 3584 -1232 ) (688 3584 -1232 ) (688 3328 -1232 ) 
4 284 285 (624 3328 2528 ) (624 3328 -576 ) (688 3328 -576 ) (688 3328 2528 ) 
4 284 286 (624 3584 2528 ) (624 3584 -1232 ) (624 3328 -1232 ) (624 3328 2528 ) 
4 285 536 (688 3072 -576 ) (688 3072 2528 ) (624 3072 2528 ) (624 3072 -576 ) 
4 285 286 (624 3072 -576 ) (624 3072 2528 ) (624 3328 2528 ) (624 3328 -576 ) 
4 286 539 (560 3072 -576 ) (560 3072 -1232 ) (576 3072 -1232 ) (576 3072 -576 ) 
4 286 538 (576 3072 -1232 ) (624 3072 -1232 ) (624 3072 -576 ) (576 3072 -576 ) 
4 286 536 (560 3072 2528 ) (560 3072 -576 ) (624 3072 -576 ) (624 3072 2528 ) 
4 286 310 (624 3072 -1232 ) (560 3072 -1232 ) (560 3328 -1232 ) (624 3328 -1232 ) 
4 286 297 (560 3328 -1232 ) (560 3584 -1232 ) (624 3584 -1232 ) (624 3328 -1232 ) 
4 286 288 (560 3584 -1232 ) (560 3072 -1232 ) (560 3072 -448 ) (560 3584 -448 ) 
4 286 287 (560 3072 -448 ) (560 3072 2528 ) (560 3584 2528 ) (560 3584 -448 ) 
4 287 1420 (0 3072 -448 ) (0 3072 2528 ) (0 4096 2528 ) (0 4096 -448 ) 
4 287 700 (0 3072 2528 ) (0 3072 -448 ) (296 3072 -448 ) (296 3072 2528 ) 
4 287 629 (296 3072 -448 ) (360 3072 -448 ) (360 3072 -320 ) (296 3072 -320 ) 
4 287 627 (360 3072 -320 ) (360 3072 2528 ) (296 3072 2528 ) (296 3072 -320 ) 
4 287 536 (360 3072 -448 ) (560 3072 -448 ) (560 3072 2528 ) (360 3072 2528 ) 
4 287 288 (560 3584 -448 ) (560 3072 -448 ) (544 3072 -448 ) (544 3584 -448 ) 
4 287 289 (544 3072 -448 ) (0 3072 -448 ) (0 4096 -448 ) (544 4096 -448 ) 
4 288 542 (544 3072 -1232 ) (560 3072 -1232 ) (560 3072 -576 ) (544 3072 -576 ) 
4 288 536 (560 3072 -576 ) (560 3072 -448 ) (544 3072 -448 ) (544 3072 -576 ) 
4 288 310 (560 3072 -1232 ) (544 3072 -1232 ) (544 3328 -1232 ) (560 3328 -1232 ) 
4 288 297 (544 3328 -1232 ) (544 3584 -1232 ) (560 3584 -1232 ) (560 3328 -1232 ) 
4 288 289 (544 3584 -1232 ) (544 3072 -1232 ) (544 3072 -448 ) (544 3584 -448 ) 
4 289 1420 (0 3072 -1232 ) (0 3072 -448 ) (0 4096 -448 ) (0 4096 -1232 ) 
4 289 701 (0 3072 -640 ) (0 3072 -1232 ) (296 3072 -1232 ) (296 3072 -640 ) 
4 289 700 (0 3072 -448 ) (0 3072 -640 ) (296 3072 -640 ) (296 3072 -448 ) 
4 289 635 (360 3072 -720 ) (360 3072 -640 ) (296 3072 -640 ) (296 3072 -720 ) 
4 289 634 (360 3072 -640 ) (360 3072 -624 ) (296 3072 -624 ) (296 3072 -640 ) 
4 289 631 (360 3072 -624 ) (360 3072 -576 ) (296 3072 -576 ) (296 3072 -624 ) 
4 289 629 (360 3072 -576 ) (360 3072 -448 ) (296 3072 -448 ) (296 3072 -576 ) 
4 289 608 (360 3072 -984 ) (360 3072 -720 ) (296 3072 -720 ) (296 3072 -984 ) 
4 289 601 (296 3072 -1232 ) (360 3072 -1232 ) (360 3072 -984 ) (296 3072 -984 ) 
4 289 545 (360 3072 -1232 ) (368 3072 -1232 ) (368 3072 -576 ) (360 3072 -576 ) 
4 289 542 (368 3072 -1232 ) (544 3072 -1232 ) (544 3072 -576 ) (368 3072 -576 ) 
4 289 536 (544 3072 -576 ) (544 3072 -448 ) (360 3072 -448 ) (360 3072 -576 ) 
4 289 310 (544 3072 -1232 ) (0 3072 -1232 ) (0 3328 -1232 ) (544 3328 -1232 ) 
4 289 297 (0 3328 -1232 ) (0 3904 -1232 ) (544 3904 -1232 ) (544 3328 -1232 ) 
4 289 294 (0 3904 -1232 ) (0 3968 -1232 ) (544 3968 -1232 ) (544 3904 -1232 ) 
4 289 292 (0 3968 -1232 ) (0 4096 -1232 ) (544 4096 -1232 ) (544 3968 -1232 ) 
4 290 298 (1008 4096 -1296 ) (1024 4096 -1296 ) (1024 3968 -1296 ) (1008 3968 -1296 ) 
4 290 293 (1008 3968 -1296 ) (1024 3968 -1296 ) (1024 3968 -1232 ) (1008 3968 -1232 ) 
4 291 299 (688 4096 -1296 ) (944 4096 -1296 ) (944 3968 -1296 ) (688 3968 -1296 ) 
4 292 1420 (0 3968 -1232 ) (0 4096 -1232 ) (0 4096 -1296 ) (0 3968 -1296 ) 
4 292 302 (0 3968 -1296 ) (0 4096 -1296 ) (624 4096 -1296 ) (624 3968 -1296 ) 
4 292 294 (0 3968 -1296 ) (624 3968 -1296 ) (624 3968 -1232 ) (0 3968 -1232 ) 
4 293 298 (1008 3968 -1296 ) (1024 3968 -1296 ) (1024 3904 -1296 ) (1008 3904 -1296 ) 
4 293 295 (1008 3904 -1296 ) (1024 3904 -1296 ) (1024 3904 -1232 ) (1008 3904 -1232 ) 
4 294 1420 (0 3904 -1232 ) (0 3968 -1232 ) (0 3968 -1296 ) (0 3904 -1296 ) 
4 294 302 (0 3904 -1296 ) (0 3968 -1296 ) (624 3968 -1296 ) (624 3904 -1296 ) 
4 294 297 (0 3904 -1296 ) (624 3904 -1296 ) (624 3904 -1232 ) (0 3904 -1232 ) 
4 295 303 (1024 3328 -1296 ) (1024 3328 -1232 ) (1008 3328 -1232 ) (1008 3328 -1296 ) 
4 295 298 (1024 3328 -1296 ) (1008 3328 -1296 ) (1008 3904 -1296 ) (1024 3904 -1296 ) 
4 295 296 (1008 3904 -1232 ) (1008 3904 -1280 ) (1008 3328 -1280 ) (1008 3328 -1232 ) 
4 296 305 (944 3328 -1232 ) (688 3328 -1232 ) (688 3328 -1280 ) (944 3328 -1280 ) 
4 296 297 (624 3904 -1232 ) (624 3904 -1280 ) (624 3328 -1280 ) (624 3328 -1232 ) 
4 297 1420 (0 3328 -1232 ) (0 3904 -1232 ) (0 3904 -1296 ) (0 3328 -1296 ) 
4 297 310 (624 3328 -1232 ) (0 3328 -1232 ) (0 3328 -1296 ) (624 3328 -1296 ) 
4 297 302 (624 3328 -1296 ) (0 3328 -1296 ) (0 3904 -1296 ) (624 3904 -1296 ) 
4 298 311 (1008 4096 -1616 ) (1024 4096 -1616 ) (1024 3328 -1616 ) (1008 3328 -1616 ) 
4 298 303 (1008 3328 -1616 ) (1024 3328 -1616 ) (1024 3328 -1296 ) (1008 3328 -1296 ) 
11 299 306 (944 3328 -1604 ) (944 3328 -1472 ) (936 3328 -1424 ) (908 3328 -1380 ) (864 3328 -1352 ) (816 3328 -1344 ) (768 3328 -1352 ) (724 3328 -1380 ) (696 3328 -1424 ) (688 3328 -1472 ) (688 3328 -1604 ) 
4 299 301 (688 3328 -1604 ) (688 4096 -1604 ) (752 4096 -1604 ) (752 3328 -1604 ) 
4 299 300 (880 4096 -1604 ) (944 4096 -1604 ) (944 3328 -1604 ) (880 3328 -1604 ) 
3 300 308 (944 3328 -1608 ) (944 3328 -1604 ) (880 3328 -1604 ) 
3 301 307 (752 3328 -1604 ) (688 3328 -1604 ) (688 3328 -1608 ) 
4 302 1420 (0 4096 -1296 ) (0 4096 -1616 ) (0 3328 -1616 ) (0 3328 -1296 ) 
4 302 311 (0 3328 -1616 ) (0 4096 -1616 ) (624 4096 -1616 ) (624 3328 -1616 ) 
4 302 310 (0 3328 -1616 ) (624 3328 -1616 ) (624 3328 -1296 ) (0 3328 -1296 ) 
4 303 1099 (1024 3072 -1616 ) (1024 3072 -1600 ) (1008 3072 -1600 ) (1008 3072 -1616 ) 
4 303 311 (1024 3072 -1616 ) (1008 3072 -1616 ) (1008 3328 -1616 ) (1024 3328 -1616 ) 
4 303 304 (1008 3328 -1608 ) (1008 3328 -1616 ) (1008 3072 -1616 ) (1008 3072 -1608 ) 
4 304 1100 (944 3072 -1608 ) (944 3072 -1616 ) (1008 3072 -1616 ) (1008 3072 -1608 ) 
4 304 311 (1008 3072 -1616 ) (944 3072 -1616 ) (944 3328 -1616 ) (1008 3328 -1616 ) 
4 306 1101 (688 3072 -1600 ) (688 3072 -1604 ) (944 3072 -1604 ) (944 3072 -1600 ) 
4 306 997 (688 3072 -1472 ) (688 3072 -1600 ) (944 3072 -1600 ) (944 3072 -1472 ) 
9 306 537 (688 3072 -1472 ) (944 3072 -1472 ) (936 3072 -1424 ) (908 3072 -1380 ) (864 3072 -1352 ) (816 3072 -1344 ) (768 3072 -1352 ) (724 3072 -1380 ) (696 3072 -1424 ) 
4 306 308 (880 3328 -1604 ) (944 3328 -1604 ) (944 3072 -1604 ) (880 3072 -1604 ) 
4 306 307 (688 3072 -1604 ) (688 3328 -1604 ) (752 3328 -1604 ) (752 3072 -1604 ) 
3 307 1102 (688 3072 -1604 ) (688 3072 -1608 ) (752 3072 -1604 ) 
3 308 1103 (944 3072 -1608 ) (944 3072 -1604 ) (880 3072 -1604 ) 
4 309 1104 (624 3072 -1608 ) (624 3072 -1616 ) (688 3072 -1616 ) (688 3072 -1608 ) 
4 309 311 (688 3072 -1616 ) (624 3072 -1616 ) (624 3328 -1616 ) (688 3328 -1616 ) 
4 309 310 (624 3328 -1608 ) (624 3328 -1616 ) (624 3072 -1616 ) (624 3072 -1608 ) 
4 310 1420 (0 3072 -1616 ) (0 3072 -1232 ) (0 3328 -1232 ) (0 3328 -1616 ) 
4 310 1105 (368 3072 -1616 ) (624 3072 -1616 ) (624 3072 -1600 ) (368 3072 -1600 ) 
4 310 1107 (0 3072 -1600 ) (0 3072 -1616 ) (368 3072 -1616 ) (368 3072 -1600 ) 
4 310 1060 (368 3072 -1600 ) (432 3072 -1600 ) (432 3072 -1472 ) (368 3072 -1472 ) 
4 310 1061 (0 3072 -1472 ) (0 3072 -1600 ) (368 3072 -1600 ) (368 3072 -1472 ) 
4 310 1034 (432 3072 -1600 ) (496 3072 -1600 ) (496 3072 -1488 ) (432 3072 -1488 ) 
4 310 1032 (496 3072 -1488 ) (496 3072 -1472 ) (432 3072 -1472 ) (432 3072 -1488 ) 
4 310 1024 (496 3072 -1600 ) (560 3072 -1600 ) (560 3072 -1488 ) (496 3072 -1488 ) 
4 310 1019 (560 3072 -1488 ) (560 3072 -1472 ) (496 3072 -1472 ) (496 3072 -1488 ) 
4 310 1008 (560 3072 -1600 ) (624 3072 -1600 ) (624 3072 -1472 ) (560 3072 -1472 ) 
4 310 689 (200 3072 -1232 ) (0 3072 -1232 ) (0 3072 -1472 ) (200 3072 -1472 ) 
4 310 667 (264 3072 -1232 ) (200 3072 -1232 ) (200 3072 -1472 ) (264 3072 -1472 ) 
4 310 653 (296 3072 -1232 ) (264 3072 -1232 ) (264 3072 -1472 ) (296 3072 -1472 ) 
4 310 601 (360 3072 -1232 ) (296 3072 -1232 ) (296 3072 -1472 ) (360 3072 -1472 ) 
4 310 545 (368 3072 -1232 ) (360 3072 -1232 ) (360 3072 -1472 ) (368 3072 -1472 ) 
4 310 542 (560 3072 -1232 ) (368 3072 -1232 ) (368 3072 -1472 ) (560 3072 -1472 ) 
4 310 539 (576 3072 -1232 ) (560 3072 -1232 ) (560 3072 -1472 ) (576 3072 -1472 ) 
4 310 538 (624 3072 -1232 ) (576 3072 -1232 ) (576 3072 -1472 ) (624 3072 -1472 ) 
4 310 311 (624 3072 -1616 ) (0 3072 -1616 ) (0 3328 -1616 ) (624 3328 -1616 ) 
4 311 1420 (0 3072 -3040 ) (0 3072 -1616 ) (0 4096 -1616 ) (0 4096 -3040 ) 
4 311 1108 (1024 3072 -3040 ) (1024 3072 -1616 ) (0 3072 -1616 ) (0 3072 -3040 ) 
4 312 333 (3072 2048 -1296 ) (3072 2048 -3040 ) (3760 2048 -3040 ) (3760 2048 -1296 ) 
4 312 321 (3184 2048 2528 ) (3072 2048 2528 ) (3072 2048 -1296 ) (3184 2048 -1296 ) 
4 312 320 (3760 2048 2528 ) (3184 2048 2528 ) (3184 2048 -1296 ) (3760 2048 -1296 ) 
4 312 319 (4096 2048 -3040 ) (4096 2048 -1296 ) (3760 2048 -1296 ) (3760 2048 -3040 ) 
4 312 318 (4096 2048 -1296 ) (4096 2048 -1256 ) (3760 2048 -1256 ) (3760 2048 -1296 ) 
4 312 317 (4096 2048 -1256 ) (4096 2048 -704 ) (3760 2048 -704 ) (3760 2048 -1256 ) 
4 312 316 (4096 2048 -704 ) (4096 2048 -512 ) (3760 2048 -512 ) (3760 2048 -704 ) 
4 312 314 (4096 2048 -512 ) (4096 2048 2528 ) (3760 2048 2528 ) (3760 2048 -512 ) 
4 312 313 (3072 3072 2528 ) (3072 3072 -3040 ) (3072 2048 -3040 ) (3072 2048 2528 ) 
4 313 506 (2048 2304 -3040 ) (2048 2048 -3040 ) (2048 2048 2528 ) (2048 2304 2528 ) 
4 313 505 (2048 3072 -1616 ) (2048 3072 -3040 ) (2048 2304 -3040 ) (2048 2304 -1616 ) 
4 313 500 (2048 3072 -1600 ) (2048 3072 -1616 ) (2048 2304 -1616 ) (2048 2304 -1600 ) 
4 313 482 (2048 2816 -1600 ) (2048 2304 -1600 ) (2048 2304 -1344 ) (2048 2816 -1344 ) 
4 313 476 (2048 3072 -1472 ) (2048 3072 -1600 ) (2048 2816 -1600 ) (2048 2816 -1472 ) 
4 313 468 (2048 2976 -1472 ) (2048 2816 -1472 ) (2048 2816 -1408 ) (2048 2976 -1408 ) 
4 313 465 (2048 2816 -1408 ) (2048 2816 -1344 ) (2048 2976 -1344 ) (2048 2976 -1408 ) 
4 313 460 (2048 3072 -1344 ) (2048 3072 -1472 ) (2048 2976 -1472 ) (2048 2976 -1344 ) 
4 313 404 (2048 2816 -1344 ) (2048 2304 -1344 ) (2048 2304 -1216 ) (2048 2816 -1216 ) 
4 313 403 (2048 3072 -1216 ) (2048 3072 -1344 ) (2048 2816 -1344 ) (2048 2816 -1216 ) 
4 313 400 (2048 3072 -576 ) (2048 3072 -1216 ) (2048 2304 -1216 ) (2048 2304 -576 ) 
4 313 399 (2048 3072 2528 ) (2048 3072 -576 ) (2048 2304 -576 ) (2048 2304 2528 ) 
4 313 378 (2048 2048 -1344 ) (2048 2048 -3040 ) (2416 2048 -3040 ) (2416 2048 -1344 ) 
4 313 359 (2048 2048 -640 ) (2048 2048 -1344 ) (2416 2048 -1344 ) (2416 2048 -640 ) 
4 313 358 (2416 2048 2528 ) (2048 2048 2528 ) (2048 2048 -640 ) (2416 2048 -640 ) 
4 313 342 (3072 2048 -3040 ) (3072 2048 -1280 ) (2416 2048 -1280 ) (2416 2048 -3040 ) 
4 313 341 (2416 2048 -608 ) (2416 2048 -1280 ) (2432 2048 -1280 ) (2432 2048 -608 ) 
4 313 340 (2432 2048 -1280 ) (2672 2048 -1280 ) (2672 2048 -608 ) (2432 2048 -608 ) 
4 313 338 (2672 2048 2528 ) (2416 2048 2528 ) (2416 2048 -608 ) (2672 2048 -608 ) 
4 313 336 (2688 2048 -256 ) (2672 2048 -256 ) (2672 2048 -1280 ) (2688 2048 -1280 ) 
4 313 335 (3072 2048 -1280 ) (3072 2048 -256 ) (2688 2048 -256 ) (2688 2048 -1280 ) 
4 313 334 (3072 2048 -256 ) (3072 2048 2528 ) (2672 2048 2528 ) (2672 2048 -256 ) 
4 314 1671 (4096 1024 -512 ) (4096 1024 2528 ) (4016 1024 2528 ) (4016 1024 -512 ) 
4 314 1669 (4016 1024 2528 ) (3760 1024 2528 ) (3760 1024 -512 ) (4016 1024 -512 ) 
4 314 329 (3760 1040 2528 ) (3760 1152 2528 ) (3760 1152 -512 ) (3760 1040 -512 ) 
4 314 330 (3760 1024 -512 ) (3760 1024 2528 ) (3760 1040 2528 ) (3760 1040 -512 ) 
4 314 324 (3760 1152 2528 ) (3760 1424 2528 ) (3760 1424 -512 ) (3760 1152 -512 ) 
4 314 320 (3760 1424 2528 ) (3760 2048 2528 ) (3760 2048 -512 ) (3760 1424 -512 ) 
4 314 316 (3760 1392 -512 ) (3760 2048 -512 ) (4096 2048 -512 ) (4096 1238 -512 ) 
5 314 315 (3760 1152 -512 ) (3760 1392 -512 ) (4096 1238 -512 ) (4096 1024 -512 ) (4016 1024 -512 ) 
4 315 1671 (4096 1024 -1248 ) (4096 1024 -512 ) (4016 1024 -512 ) (4016 1024 -1248 ) 
4 315 327 (3760 1392 -704 ) (3760 1392 -1240 ) (3760 1152 -1240 ) (3760 1152 -704 ) 
4 315 324 (3760 1152 -512 ) (3760 1392 -512 ) (3760 1392 -704 ) (3760 1152 -704 ) 
4 315 328 (3760 1392 -1240 ) (3760 1392 -1248 ) (3760 1152 -1248 ) (3760 1152 -1240 ) 
4 315 316 (3760 1392 -704 ) (3760 1392 -512 ) (4096 1238 -512 ) (4096 1238 -704 ) 
4 316 324 (3760 1392 -512 ) (3760 1424 -512 ) (3760 1424 -704 ) (3760 1392 -704 ) 
4 316 320 (3760 1424 -512 ) (3760 2048 -512 ) (3760 2048 -704 ) (3760 1424 -704 ) 
4 316 317 (3760 1408 -704 ) (3760 2048 -704 ) (4096 2048 -704 ) (4096 1254 -704 ) 
4 317 325 (3760 1408 -1240 ) (3760 1408 -704 ) (3760 1424 -704 ) (3760 1424 -1240 ) 
4 317 328 (3760 1424 -1256 ) (3760 1408 -1256 ) (3760 1408 -1240 ) (3760 1424 -1240 ) 
4 317 320 (3760 2048 -704 ) (3760 2048 -1256 ) (3760 1424 -1256 ) (3760 1424 -704 ) 
4 317 318 (3760 1408 -1256 ) (3760 2048 -1256 ) (4096 2048 -1256 ) (4096 1254 -1256 ) 
4 318 1672 (4096 1024 -1296 ) (4096 1024 -1256 ) (4016 1024 -1256 ) (4016 1024 -1296 ) 
4 318 328 (3760 1152 -1256 ) (3760 1424 -1256 ) (3760 1424 -1296 ) (3760 1152 -1296 ) 
4 318 320 (3760 1424 -1256 ) (3760 2048 -1256 ) (3760 2048 -1296 ) (3760 1424 -1296 ) 
5 318 319 (3760 1152 -1296 ) (3760 2048 -1296 ) (4096 2048 -1296 ) (4096 1024 -1296 ) (4016 1024 -1296 ) 
4 319 1677 (4096 1024 -3040 ) (4096 1024 -1296 ) (3760 1024 -1296 ) (3760 1024 -3040 ) 
4 319 333 (3760 1024 -3040 ) (3760 1024 -1296 ) (3760 2048 -1296 ) (3760 2048 -3040 ) 
4 320 333 (3184 2048 -1296 ) (3760 2048 -1296 ) (3760 1424 -1296 ) (3184 1424 -1296 ) 
4 320 325 (3760 1424 -1240 ) (3760 1424 -704 ) (3439.824707 1424 -704 ) (3439.824707 1424 -1240 ) 
4 320 324 (3760 1424 -704 ) (3760 1424 2528 ) (3184 1424 2528 ) (3184 1424 -704 ) 
4 320 328 (3184 1424 -1296 ) (3760 1424 -1296 ) (3760 1424 -1240 ) (3184 1424 -1240 ) 
4 320 322 (3184 1424 -576 ) (3184 1424 2528 ) (3184 1440 2528 ) (3184 1440 -576 ) 
4 320 323 (3184 1440 -1296 ) (3184 1424 -1296 ) (3184 1424 -1280 ) (3184 1440 -1280 ) 
4 320 321 (3184 2048 -1296 ) (3184 1440 -1296 ) (3184 1440 2528 ) (3184 2048 2528 ) 
4 321 344 (3072 1456 -1296 ) (3072 1440 -1296 ) (3072 1440 -256 ) (3072 1456 -256 ) 
4 321 343 (3072 1440 -256 ) (3072 1440 2528 ) (3072 1456 2528 ) (3072 1456 -256 ) 
4 321 342 (3072 2048 -1280 ) (3072 2048 -1296 ) (3072 1456 -1296 ) (3072 1456 -1280 ) 
4 321 335 (3072 2048 -256 ) (3072 2048 -1280 ) (3072 1456 -1280 ) (3072 1456 -256 ) 
4 321 334 (3072 2048 2528 ) (3072 2048 -256 ) (3072 1456 -256 ) (3072 1456 2528 ) 
4 321 333 (3072 1440 -1296 ) (3072 2048 -1296 ) (3184 2048 -1296 ) (3184 1440 -1296 ) 
4 321 322 (3184 1440 -576 ) (3184 1440 2528 ) (3072 1440 2528 ) (3072 1440 -576 ) 
4 321 323 (3072 1440 -1296 ) (3184 1440 -1296 ) (3184 1440 -1280 ) (3072 1440 -1280 ) 
4 322 347 (3072 1424 -576 ) (3072 1424 2528 ) (3072 1440 2528 ) (3072 1440 -576 ) 
4 322 324 (3184 1424 -576 ) (3184 1424 2528 ) (3072 1424 2528 ) (3072 1424 -576 ) 
4 323 348 (3072 1440 -1296 ) (3072 1424 -1296 ) (3072 1424 -1280 ) (3072 1440 -1280 ) 
4 323 333 (3072 1424 -1296 ) (3072 1440 -1296 ) (3184 1440 -1296 ) (3184 1424 -1296 ) 
4 323 328 (3072 1424 -1296 ) (3184 1424 -1296 ) (3184 1424 -1280 ) (3072 1424 -1280 ) 
4 324 350 (3072 1152 -704 ) (3072 1152 2528 ) (3072 1424 2528 ) (3072 1424 -704 ) 
4 324 331 (3376 1152 2528 ) (3072 1152 2528 ) (3072 1152 -704 ) (3376 1152 -704 ) 
4 324 329 (3760 1152 -512 ) (3760 1152 2528 ) (3376 1152 2528 ) (3376 1152 -512 ) 
5 324 327 (3760 1152 -704 ) (3072 1152 -704 ) (3072 1408 -704 ) (3440.001953 1408 -704 ) (3760 1392 -704 ) 
4 324 325 (3439.824707 1424 -704 ) (3760 1424 -704 ) (3760 1408 -704 ) (3759.823975 1408 -704 ) 
4 324 326 (3072 1408 -704 ) (3072 1424 -704 ) (3184 1424 -704 ) (3184 1408 -704 ) 
4 325 328 (3439.824707 1424 -1240 ) (3760 1424 -1240 ) (3760 1408 -1240 ) (3759.823975 1408 -1240 ) 
4 326 350 (3072 1408 -704 ) (3072 1424 -704 ) (3072 1424 -1240 ) (3072 1408 -1240 ) 
4 326 327 (3072 1408 -1240 ) (3184 1408 -1240 ) (3184 1408 -704 ) (3072 1408 -704 ) 
4 326 328 (3072 1408 -1240 ) (3072 1424 -1240 ) (3184 1424 -1240 ) (3184 1408 -1240 ) 
4 327 350 (3072 1152 -1240 ) (3072 1152 -704 ) (3072 1408 -704 ) (3072 1408 -1240 ) 
4 327 331 (3376 1152 -704 ) (3072 1152 -704 ) (3072 1152 -1240 ) (3376 1152 -1240 ) 
5 327 328 (3760 1152 -1240 ) (3072 1152 -1240 ) (3072 1408 -1240 ) (3440.001953 1408 -1240 ) (3760 1392 -1240 ) 
4 328 350 (3072 1424 -1296 ) (3072 1152 -1296 ) (3072 1152 -1240 ) (3072 1424 -1240 ) 
4 328 333 (3072 1152 -1296 ) (3072 1424 -1296 ) (3760 1424 -1296 ) (3760 1152 -1296 ) 
4 328 331 (3072 1152 -1296 ) (3376 1152 -1296 ) (3376 1152 -1240 ) (3072 1152 -1240 ) 
4 329 332 (3376 1040 -320 ) (3376 1040 2528 ) (3376 1136 2528 ) (3376 1136 -320 ) 
4 329 331 (3376 1152 2528 ) (3376 1152 -512 ) (3376 1136 -512 ) (3376 1136 2528 ) 
4 329 330 (3376 1040 2528 ) (3376 1040 -512 ) (3760 1040 -512 ) (3760 1040 2528 ) 
4 330 1673 (3760 1024 -1296 ) (3760 1024 2528 ) (3376 1024 2528 ) (3376 1024 -1296 ) 
4 330 333 (3760 1040 -1296 ) (3760 1024 -1296 ) (3376 1024 -1296 ) (3376 1040 -1296 ) 
4 330 332 (3376 1024 -320 ) (3376 1024 2528 ) (3376 1040 2528 ) (3376 1040 -320 ) 
4 331 350 (3072 1152 -1296 ) (3072 1136 -1296 ) (3072 1136 2528 ) (3072 1152 2528 ) 
4 331 333 (3072 1136 -1296 ) (3072 1152 -1296 ) (3376 1152 -1296 ) (3376 1136 -1296 ) 
4 331 332 (3376 1136 -320 ) (3376 1136 2528 ) (3072 1136 2528 ) (3072 1136 -320 ) 
4 332 1674 (3184 1024 2528 ) (3072 1024 2528 ) (3072 1024 -320 ) (3184 1024 -320 ) 
4 332 1673 (3376 1024 2528 ) (3184 1024 2528 ) (3184 1024 -320 ) (3376 1024 -320 ) 
4 332 351 (3072 1024 -320 ) (3072 1024 2528 ) (3072 1136 2528 ) (3072 1136 -320 ) 
4 333 1677 (3760 1024 -3040 ) (3760 1024 -1296 ) (3072 1024 -1296 ) (3072 1024 -3040 ) 
4 333 357 (3072 1456 -3040 ) (3072 1024 -3040 ) (3072 1024 -1296 ) (3072 1456 -1296 ) 
4 333 342 (3072 2048 -1296 ) (3072 2048 -3040 ) (3072 1456 -3040 ) (3072 1456 -1296 ) 
4 334 343 (3072 1456 -256 ) (3072 1456 2528 ) (2672 1456 2528 ) (2672 1456 -256 ) 
4 334 339 (2672 1920 -256 ) (2672 1456 -256 ) (2672 1456 2528 ) (2672 1920 2528 ) 
4 334 338 (2672 2048 2528 ) (2672 2048 -256 ) (2672 1920 -256 ) (2672 1920 2528 ) 
4 334 336 (2672 1776 -256 ) (2672 2048 -256 ) (2688 2048 -256 ) (2688 1776 -256 ) 
4 334 335 (3072 1456 -256 ) (2688 1456 -256 ) (2688 2048 -256 ) (3072 2048 -256 ) 
4 335 345 (2688 1456 -1280 ) (2928 1456 -1280 ) (2928 1456 -1240 ) (2688 1456 -1240 ) 
4 335 344 (2928 1456 -1280 ) (3072 1456 -1280 ) (3072 1456 -256 ) (2928 1456 -256 ) 
4 335 342 (3072 1456 -1280 ) (2688 1456 -1280 ) (2688 2048 -1280 ) (3072 2048 -1280 ) 
4 335 337 (2688 1776 -1280 ) (2688 1456 -1280 ) (2688 1456 -1240 ) (2688 1776 -1240 ) 
4 335 336 (2688 2048 -1280 ) (2688 1776 -1280 ) (2688 1776 -256 ) (2688 2048 -256 ) 
4 336 342 (2672 1776 -1280 ) (2672 2048 -1280 ) (2688 2048 -1280 ) (2688 1776 -1280 ) 
4 336 340 (2672 2048 -608 ) (2672 2048 -1280 ) (2672 1776 -1280 ) (2672 1776 -608 ) 
4 336 339 (2672 1776 -576 ) (2672 1776 -256 ) (2672 1920 -256 ) (2672 1920 -576 ) 
4 336 338 (2672 2048 -256 ) (2672 2048 -608 ) (2672 1920 -608 ) (2672 1920 -256 ) 
4 336 337 (2688 1776 -1280 ) (2688 1776 -1240 ) (2672 1776 -1240 ) (2672 1776 -1280 ) 
4 337 345 (2672 1456 -1280 ) (2688 1456 -1280 ) (2688 1456 -1240 ) (2672 1456 -1240 ) 
4 337 342 (2688 1456 -1280 ) (2672 1456 -1280 ) (2672 1776 -1280 ) (2688 1776 -1280 ) 
4 337 340 (2672 1776 -1280 ) (2672 1472 -1280 ) (2672 1472 -1240 ) (2672 1776 -1240 ) 
4 338 358 (2416 1920 2528 ) (2416 2048 2528 ) (2416 2048 -608 ) (2416 1920 -608 ) 
4 338 341 (2432 1920 -608 ) (2416 1920 -608 ) (2416 2048 -608 ) (2432 2048 -608 ) 
4 338 340 (2672 2048 -608 ) (2672 1920 -608 ) (2432 1920 -608 ) (2432 2048 -608 ) 
4 338 339 (2672 1920 -576 ) (2672 1920 2528 ) (2416 1920 2528 ) (2416 1920 -576 ) 
4 339 368 (2416 1456 -576 ) (2416 1456 2528 ) (2416 1568 2528 ) (2416 1568 -576 ) 
4 339 358 (2416 1568 2528 ) (2416 1920 2528 ) (2416 1920 -576 ) (2416 1568 -576 ) 
4 339 346 (2416 1456 -256 ) (2416 1456 -576 ) (2672 1456 -576 ) (2672 1456 -256 ) 
4 339 343 (2416 1456 2528 ) (2416 1456 -256 ) (2672 1456 -256 ) (2672 1456 2528 ) 
4 340 342 (2432 2048 -1280 ) (2672 2048 -1280 ) (2672 1472 -1280 ) (2432 1472 -1280 ) 
4 340 341 (2432 2048 -1280 ) (2432 1808 -1280 ) (2432 1808 -608 ) (2432 2048 -608 ) 
4 341 359 (2416 2048 -640 ) (2416 2048 -1280 ) (2416 1808 -1280 ) (2416 1808 -640 ) 
4 341 358 (2416 1808 -608 ) (2416 2048 -608 ) (2416 2048 -640 ) (2416 1808 -640 ) 
4 341 342 (2416 1808 -1280 ) (2416 2048 -1280 ) (2432 2048 -1280 ) (2432 1808 -1280 ) 
4 342 378 (2416 1456 -3040 ) (2416 1456 -1344 ) (2416 2048 -1344 ) (2416 2048 -3040 ) 
4 342 376 (2416 1456 -1344 ) (2416 1456 -1280 ) (2416 1472 -1280 ) (2416 1472 -1344 ) 
4 342 373 (2416 1504 -1280 ) (2416 1536 -1280 ) (2416 1536 -1344 ) (2416 1504 -1344 ) 
4 342 369 (2416 1536 -1280 ) (2416 1568 -1280 ) (2416 1568 -1344 ) (2416 1536 -1344 ) 
4 342 367 (2416 1568 -1280 ) (2416 1792 -1280 ) (2416 1792 -1344 ) (2416 1568 -1344 ) 
4 342 359 (2416 1792 -1280 ) (2416 2048 -1280 ) (2416 2048 -1344 ) (2416 1792 -1344 ) 
4 342 357 (2416 1456 -1296 ) (2416 1456 -3040 ) (3072 1456 -3040 ) (3072 1456 -1296 ) 
4 342 345 (2672 1456 -1296 ) (2928 1456 -1296 ) (2928 1456 -1280 ) (2672 1456 -1280 ) 
4 342 344 (2928 1456 -1296 ) (3072 1456 -1296 ) (3072 1456 -1280 ) (2928 1456 -1280 ) 
4 342 346 (2416 1456 -1280 ) (2416 1456 -1296 ) (2672 1456 -1296 ) (2672 1456 -1280 ) 
4 343 368 (2416 1456 2528 ) (2416 1456 -256 ) (2416 1440 -256 ) (2416 1440 2528 ) 
4 343 354 (2416 1440 2528 ) (2416 1440 -256 ) (2800 1440 -256 ) (2800 1440 2528 ) 
4 343 347 (2928 1440 -256 ) (3072 1440 -256 ) (3072 1440 2528 ) (2928 1440 2528 ) 
4 343 349 (2800 1440 -256 ) (2928 1440 -256 ) (2928 1440 2528 ) (2800 1440 2528 ) 
4 343 344 (3072 1440 -256 ) (2928 1440 -256 ) (2928 1456 -256 ) (3072 1456 -256 ) 
4 343 346 (2672 1440 -256 ) (2416 1440 -256 ) (2416 1456 -256 ) (2672 1456 -256 ) 
4 344 357 (2928 1456 -1296 ) (3072 1456 -1296 ) (3072 1440 -1296 ) (2928 1440 -1296 ) 
4 344 347 (3072 1440 -576 ) (3072 1440 -256 ) (2928 1440 -256 ) (2928 1440 -576 ) 
4 344 348 (2928 1440 -1296 ) (3072 1440 -1296 ) (3072 1440 -1280 ) (2928 1440 -1280 ) 
4 344 345 (2928 1456 -1296 ) (2928 1440 -1296 ) (2928 1440 -1240 ) (2928 1456 -1240 ) 
4 345 357 (2672 1456 -1296 ) (2928 1456 -1296 ) (2928 1440 -1296 ) (2672 1440 -1296 ) 
4 345 354 (2672 1440 -1296 ) (2800 1440 -1296 ) (2800 1440 -1240 ) (2672 1440 -1240 ) 
4 345 349 (2800 1440 -1296 ) (2928 1440 -1296 ) (2928 1440 -1240 ) (2800 1440 -1240 ) 
4 345 346 (2672 1456 -1296 ) (2672 1440 -1296 ) (2672 1440 -1240 ) (2672 1456 -1240 ) 
4 346 376 (2416 1456 -1232 ) (2416 1456 -1296 ) (2416 1440 -1296 ) (2416 1440 -1232 ) 
4 346 374 (2416 1456 -832 ) (2416 1456 -1232 ) (2416 1440 -1232 ) (2416 1440 -832 ) 
4 346 368 (2416 1456 -256 ) (2416 1456 -832 ) (2416 1440 -832 ) (2416 1440 -256 ) 
4 346 357 (2416 1440 -1296 ) (2416 1456 -1296 ) (2672 1456 -1296 ) (2672 1440 -1296 ) 
4 346 354 (2416 1440 -256 ) (2416 1440 -1296 ) (2672 1440 -1296 ) (2672 1440 -256 ) 
4 347 352 (3056 1424 2528 ) (2928 1424 2528 ) (2928 1424 -576 ) (3056 1424 -576 ) 
4 347 350 (3072 1424 2528 ) (3056 1424 2528 ) (3056 1424 -576 ) (3072 1424 -576 ) 
4 347 349 (2928 1424 -576 ) (2928 1424 2528 ) (2928 1440 2528 ) (2928 1440 -576 ) 
4 348 357 (2928 1440 -1296 ) (3072 1440 -1296 ) (3072 1424 -1296 ) (2928 1424 -1296 ) 
4 348 352 (2928 1424 -1280 ) (2928 1424 -1296 ) (3056 1424 -1296 ) (3056 1424 -1280 ) 
4 348 350 (3056 1424 -1296 ) (3072 1424 -1296 ) (3072 1424 -1280 ) (3056 1424 -1280 ) 
4 348 349 (2928 1424 -1296 ) (2928 1424 -1280 ) (2928 1440 -1280 ) (2928 1440 -1296 ) 
4 349 357 (2800 1440 -1296 ) (2928 1440 -1296 ) (2928 1424 -1296 ) (2800 1424 -1296 ) 
4 349 354 (2800 1440 2528 ) (2800 1440 -1296 ) (2800 1424 -1296 ) (2800 1424 2528 ) 
4 349 352 (2928 1424 2528 ) (2800 1424 2528 ) (2800 1424 -1296 ) (2928 1424 -1296 ) 
4 350 357 (3072 1424 -1296 ) (3072 1136 -1296 ) (3056 1136 -1296 ) (3056 1424 -1296 ) 
4 350 352 (3056 1424 2528 ) (3056 1424 -1296 ) (3056 1136 -1296 ) (3056 1136 2528 ) 
4 350 351 (3056 1136 2528 ) (3056 1136 -320 ) (3072 1136 -320 ) (3072 1136 2528 ) 
4 351 1680 (3072 1024 -320 ) (3072 1024 -192 ) (3056 1024 -192 ) (3056 1024 -320 ) 
4 351 1679 (3072 1024 -192 ) (3072 1024 192 ) (3056 1024 192 ) (3056 1024 -192 ) 
4 351 1678 (3072 1024 192 ) (3072 1024 2528 ) (3056 1024 2528 ) (3056 1024 192 ) 
4 351 353 (3056 1024 -192 ) (3056 1024 2528 ) (3056 1120 2528 ) (3056 1120 -192 ) 
4 351 352 (3056 1120 2528 ) (3056 1136 2528 ) (3056 1136 -320 ) (3056 1120 -320 ) 
4 352 357 (2800 1120 -1296 ) (2800 1424 -1296 ) (3056 1424 -1296 ) (3056 1120 -1296 ) 
4 352 354 (2800 1424 -1296 ) (2800 1120 -1296 ) (2800 1120 2528 ) (2800 1424 2528 ) 
4 352 353 (3056 1120 -192 ) (3056 1120 2528 ) (2800 1120 2528 ) (2800 1120 -192 ) 
4 353 1679 (2800 1024 192 ) (2800 1024 -192 ) (3056 1024 -192 ) (3056 1024 192 ) 
4 353 1678 (3056 1024 2528 ) (2800 1024 2528 ) (2800 1024 192 ) (3056 1024 192 ) 
4 353 355 (2800 1024 -192 ) (2800 1024 2528 ) (2800 1072 2528 ) (2800 1072 -192 ) 
4 353 354 (2800 1072 2528 ) (2800 1120 2528 ) (2800 1120 -192 ) (2800 1072 -192 ) 
4 354 398 (2416 1408 -1280 ) (2416 1408 -1296 ) (2416 1072 -1296 ) (2416 1072 -1280 ) 
4 354 395 (2416 1152 -1280 ) (2416 1072 -1280 ) (2416 1072 -1256 ) (2416 1152 -1256 ) 
4 354 392 (2416 1072 -1256 ) (2416 1072 -1024 ) (2416 1088 -1024 ) (2416 1088 -1256 ) 
4 354 391 (2416 1072 -1024 ) (2416 1072 -640 ) (2416 1152 -640 ) (2416 1152 -1024 ) 
4 354 388 (2416 1408 -1248 ) (2416 1408 -1256 ) (2416 1152 -1256 ) (2416 1152 -1248 ) 
4 354 389 (2416 1408 -1256 ) (2416 1408 -1280 ) (2416 1152 -1280 ) (2416 1152 -1256 ) 
4 354 381 (2416 1408 -1024 ) (2416 1408 -1248 ) (2416 1152 -1248 ) (2416 1152 -1024 ) 
4 354 380 (2416 1408 -640 ) (2416 1408 -1024 ) (2416 1152 -1024 ) (2416 1152 -640 ) 
4 354 379 (2416 1072 2528 ) (2416 1408 2528 ) (2416 1408 -640 ) (2416 1072 -640 ) 
4 354 376 (2416 1440 -1232 ) (2416 1440 -1296 ) (2416 1408 -1296 ) (2416 1408 -1232 ) 
4 354 374 (2416 1440 -832 ) (2416 1440 -1232 ) (2416 1408 -1232 ) (2416 1408 -832 ) 
4 354 368 (2416 1408 2528 ) (2416 1440 2528 ) (2416 1440 -832 ) (2416 1408 -832 ) 
4 354 357 (2416 1072 -1296 ) (2416 1440 -1296 ) (2800 1440 -1296 ) (2800 1072 -1296 ) 
4 354 355 (2800 1072 -640 ) (2800 1072 2528 ) (2416 1072 2528 ) (2416 1072 -640 ) 
4 354 356 (2416 1072 -1296 ) (2800 1072 -1296 ) (2800 1072 -1280 ) (2416 1072 -1280 ) 
4 355 1678 (2416 1024 2528 ) (2416 1024 192 ) (2800 1024 192 ) (2800 1024 2528 ) 
4 355 379 (2416 1024 -640 ) (2416 1024 2528 ) (2416 1072 2528 ) (2416 1072 -640 ) 
4 356 398 (2416 1024 -1296 ) (2416 1024 -1280 ) (2416 1072 -1280 ) (2416 1072 -1296 ) 
4 356 357 (2416 1024 -1296 ) (2416 1072 -1296 ) (2800 1072 -1296 ) (2800 1024 -1296 ) 
4 357 1688 (3072 1024 -3040 ) (3072 1024 -1296 ) (2416 1024 -1296 ) (2416 1024 -3040 ) 
4 357 398 (2416 1024 -3040 ) (2416 1024 -1296 ) (2416 1408 -1296 ) (2416 1408 -3040 ) 
4 357 378 (2416 1456 -1344 ) (2416 1456 -3040 ) (2416 1408 -3040 ) (2416 1408 -1344 ) 
4 357 376 (2416 1408 -1296 ) (2416 1456 -1296 ) (2416 1456 -1344 ) (2416 1408 -1344 ) 
4 358 1110 (2048 1792 -640 ) (2048 1568 -640 ) (2048 1568 2528 ) (2048 1792 2528 ) 
4 358 1109 (2048 2048 2528 ) (2048 2048 -640 ) (2048 1792 -640 ) (2048 1792 2528 ) 
4 358 368 (2048 1568 2528 ) (2048 1568 -640 ) (2416 1568 -640 ) (2416 1568 2528 ) 
4 358 364 (2416 1568 -640 ) (2048 1568 -640 ) (2048 1664 -640 ) (2416 1664 -640 ) 
4 358 363 (2048 1664 -640 ) (2048 1728 -640 ) (2224 1728 -640 ) (2224 1664 -640 ) 
4 358 362 (2288 1728 -640 ) (2416 1728 -640 ) (2416 1664 -640 ) (2288 1664 -640 ) 
4 358 360 (2048 1728 -640 ) (2048 1792 -640 ) (2416 1792 -640 ) (2416 1728 -640 ) 
4 358 359 (2048 1792 -640 ) (2048 2048 -640 ) (2416 2048 -640 ) (2416 1792 -640 ) 
4 359 1220 (2048 2048 -1248 ) (2048 2048 -1344 ) (2048 1792 -1344 ) (2048 1792 -1248 ) 
4 359 1210 (2048 2048 -1088 ) (2048 2048 -1248 ) (2048 1792 -1248 ) (2048 1792 -1088 ) 
4 359 1112 (2048 2048 -960 ) (2048 2048 -1088 ) (2048 1792 -1088 ) (2048 1792 -960 ) 
4 359 1109 (2048 2048 -640 ) (2048 2048 -960 ) (2048 1792 -960 ) (2048 1792 -640 ) 
4 359 378 (2048 1792 -1344 ) (2048 2048 -1344 ) (2416 2048 -1344 ) (2416 1792 -1344 ) 
4 359 366 (2160 1792 -960 ) (2048 1792 -960 ) (2048 1792 -1224 ) (2160 1792 -1224 ) 
4 359 367 (2048 1792 -1344 ) (2416 1792 -1344 ) (2416 1792 -1224 ) (2048 1792 -1224 ) 
4 359 360 (2416 1792 -704 ) (2416 1792 -640 ) (2048 1792 -640 ) (2048 1792 -704 ) 
4 360 1110 (2048 1728 -640 ) (2048 1792 -640 ) (2048 1792 -704 ) (2048 1728 -704 ) 
4 360 363 (2224 1728 -640 ) (2048 1728 -640 ) (2048 1728 -704 ) (2224 1728 -704 ) 
4 360 362 (2416 1728 -704 ) (2416 1728 -640 ) (2288 1728 -640 ) (2288 1728 -704 ) 
4 360 361 (2416 1728 -704 ) (2048 1728 -704 ) (2048 1776 -704 ) (2416 1776 -704 ) 
3 361 1111 (2048 1728 -755.200073 ) (2048 1728 -704 ) (2048 1776 -704 ) 
4 361 363 (2224 1728 -704 ) (2048 1728 -704 ) (2048 1728 -755.200073 ) (2224 1728 -755.200073 ) 
4 361 362 (2416 1728 -755.200073 ) (2416 1728 -704 ) (2288 1728 -704 ) (2288 1728 -755.200073 ) 
4 362 364 (2416 1664 -823.466858 ) (2416 1664 -640 ) (2288 1664 -640 ) (2288 1664 -823.466858 ) 
4 363 1111 (2048 1728 -704 ) (2048 1728 -755.200073 ) (2048 1664 -823.466858 ) (2048 1664 -704 ) 
4 363 1110 (2048 1664 -640 ) (2048 1728 -640 ) (2048 1728 -704 ) (2048 1664 -704 ) 
4 363 364 (2224 1664 -823.466858 ) (2224 1664 -640 ) (2048 1664 -640 ) (2048 1664 -823.466858 ) 
5 364 1111 (2048 1568 -832 ) (2048 1568 -704 ) (2048 1664 -704 ) (2048 1664 -823.466858 ) (2048 1656 -832 ) 
4 364 1110 (2048 1568 -704 ) (2048 1568 -640 ) (2048 1664 -640 ) (2048 1664 -704 ) 
4 364 368 (2048 1568 -640 ) (2048 1568 -832 ) (2416 1568 -832 ) (2416 1568 -640 ) 
4 364 365 (2160 1568 -832 ) (2048 1568 -832 ) (2048 1656 -832 ) (2160 1656 -832 ) 
3 365 1111 (2048 1568 -925.866638 ) (2048 1568 -832 ) (2048 1656 -832 ) 
4 365 371 (2048 1568 -832 ) (2048 1568 -925.866699 ) (2096 1568 -925.866699 ) (2096 1568 -832 ) 
4 365 370 (2096 1568 -925.866699 ) (2160 1568 -925.866638 ) (2160 1568 -832 ) (2096 1568 -832 ) 
4 366 1240 (2048 1568 -1224 ) (2048 1568 -1152 ) (2048 1728 -1152 ) (2048 1728 -1224 ) 
4 366 1239 (2048 1568 -1152 ) (2048 1568 -1088 ) (2048 1728 -1088 ) (2048 1728 -1152 ) 
4 366 1210 (2048 1728 -1088 ) (2048 1792 -1088 ) (2048 1792 -1224 ) (2048 1728 -1224 ) 
4 366 1112 (2048 1568 -1088 ) (2048 1568 -960 ) (2048 1792 -960 ) (2048 1792 -1088 ) 
4 366 367 (2160 1568 -1224 ) (2048 1568 -1224 ) (2048 1792 -1224 ) (2160 1792 -1224 ) 
4 367 1240 (2048 1728 -1344 ) (2048 1568 -1344 ) (2048 1568 -1224 ) (2048 1728 -1224 ) 
4 367 1220 (2048 1792 -1344 ) (2048 1728 -1344 ) (2048 1728 -1248 ) (2048 1792 -1248 ) 
4 367 1210 (2048 1728 -1248 ) (2048 1728 -1224 ) (2048 1792 -1224 ) (2048 1792 -1248 ) 
4 367 378 (2048 1568 -1344 ) (2048 1792 -1344 ) (2416 1792 -1344 ) (2416 1568 -1344 ) 
4 367 372 (2048 1568 -1240 ) (2048 1568 -1344 ) (2096 1568 -1344 ) (2096 1568 -1240 ) 
4 367 369 (2352 1568 -1344 ) (2416 1568 -1344 ) (2416 1568 -1224 ) (2352 1568 -1224 ) 
4 368 1111 (2048 1408 -832 ) (2048 1408 -704 ) (2048 1568 -704 ) (2048 1568 -832 ) 
4 368 1110 (2048 1408 -704 ) (2048 1408 2528 ) (2048 1568 2528 ) (2048 1568 -704 ) 
4 368 382 (2048 1408 -640 ) (2048 1408 -832 ) (2240 1408 -832 ) (2240 1408 -640 ) 
4 368 380 (2240 1408 -832 ) (2416 1408 -832 ) (2416 1408 -640 ) (2240 1408 -640 ) 
4 368 379 (2048 1408 2528 ) (2048 1408 -640 ) (2416 1408 -640 ) (2416 1408 2528 ) 
4 368 374 (2416 1408 -832 ) (2160 1408 -832 ) (2160 1536 -832 ) (2416 1472 -832 ) 
4 368 375 (2160 1408 -832 ) (2048 1408 -832 ) (2048 1536 -832 ) (2160 1536 -832 ) 
4 368 371 (2048 1536 -832 ) (2048 1568 -832 ) (2096 1568 -832 ) (2096 1536 -832 ) 
4 368 370 (2096 1568 -832 ) (2160 1568 -832 ) (2160 1536 -832 ) (2096 1536 -832 ) 
4 369 378 (2352 1568 -1344 ) (2416 1568 -1344 ) (2416 1536 -1344 ) (2352 1536 -1344 ) 
4 369 373 (2352 1536 -1344 ) (2416 1536 -1344 ) (2416 1536 -1224 ) (2352 1536 -1224 ) 
4 370 375 (2160 1536 -960 ) (2160 1536 -832 ) (2096 1536 -832 ) (2096 1536 -960 ) 
4 370 371 (2096 1536 -960 ) (2096 1536 -832 ) (2096 1568 -832 ) (2096 1568 -925.866699 ) 
4 371 1111 (2048 1536 -832 ) (2048 1568 -832 ) (2048 1568 -925.866699 ) (2048 1536 -960 ) 
4 371 375 (2096 1536 -960 ) (2096 1536 -832 ) (2048 1536 -832 ) (2048 1536 -960 ) 
4 372 1241 (2048 1568 -1240 ) (2048 1568 -1344 ) (2048 1536 -1344 ) (2048 1536 -1240 ) 
4 372 378 (2048 1536 -1344 ) (2048 1568 -1344 ) (2096 1568 -1344 ) (2096 1536 -1344 ) 
4 372 377 (2048 1536 -1344 ) (2096 1536 -1344 ) (2096 1536 -1248 ) (2048 1536 -1248 ) 
3 373 378 (2288 1536 -1344 ) (2416 1536 -1344 ) (2416 1504 -1344 ) 
4 374 383 (2160 1408 -1232 ) (2240 1408 -1232 ) (2240 1408 -1024 ) (2160 1408 -1024 ) 
4 374 382 (2240 1408 -1024 ) (2240 1408 -832 ) (2160 1408 -832 ) (2160 1408 -1024 ) 
4 374 381 (2240 1408 -1232 ) (2416 1408 -1232 ) (2416 1408 -1024 ) (2240 1408 -1024 ) 
4 374 380 (2416 1408 -1024 ) (2416 1408 -832 ) (2240 1408 -832 ) (2240 1408 -1024 ) 
4 374 376 (2240 1516 -1232 ) (2416 1472 -1232 ) (2416 1408 -1232 ) (2240 1408 -1232 ) 
4 374 375 (2160 1536 -832 ) (2160 1536 -1232 ) (2160 1408 -1232 ) (2160 1408 -832 ) 
4 375 1262 (2048 1408 -1232 ) (2048 1408 -1088 ) (2048 1536 -1088 ) (2048 1536 -1232 ) 
4 375 1113 (2048 1408 -1088 ) (2048 1408 -960 ) (2048 1536 -960 ) (2048 1536 -1088 ) 
4 375 1111 (2048 1408 -960 ) (2048 1408 -832 ) (2048 1536 -832 ) (2048 1536 -960 ) 
4 375 384 (2048 1408 -1024 ) (2048 1408 -1232 ) (2160 1408 -1232 ) (2160 1408 -1024 ) 
4 375 382 (2048 1408 -832 ) (2048 1408 -1024 ) (2160 1408 -1024 ) (2160 1408 -832 ) 
4 376 398 (2240 1408 -1344 ) (2416 1408 -1344 ) (2416 1408 -1280 ) (2240 1408 -1280 ) 
4 376 388 (2416 1408 -1256 ) (2416 1408 -1248 ) (2240 1408 -1248 ) (2240 1408 -1256 ) 
4 376 389 (2416 1408 -1280 ) (2416 1408 -1256 ) (2240 1408 -1256 ) (2240 1408 -1280 ) 
4 376 381 (2416 1408 -1248 ) (2416 1408 -1232 ) (2240 1408 -1232 ) (2240 1408 -1248 ) 
4 376 378 (2416 1408 -1344 ) (2240 1408 -1344 ) (2240 1516 -1344 ) (2416 1472 -1344 ) 
4 376 377 (2240 1516 -1248 ) (2240 1516 -1344 ) (2240 1408 -1344 ) (2240 1408 -1248 ) 
4 377 1277 (2048 1408 -1344 ) (2048 1408 -1296 ) (2048 1536 -1296 ) (2048 1536 -1344 ) 
4 377 1265 (2048 1408 -1296 ) (2048 1408 -1248 ) (2048 1536 -1248 ) (2048 1536 -1296 ) 
4 377 398 (2048 1408 -1280 ) (2048 1408 -1344 ) (2240 1408 -1344 ) (2240 1408 -1280 ) 
4 377 388 (2240 1408 -1256 ) (2240 1408 -1248 ) (2160 1408 -1248 ) (2160 1408 -1256 ) 
4 377 389 (2160 1408 -1280 ) (2240 1408 -1280 ) (2240 1408 -1256 ) (2160 1408 -1256 ) 
4 377 390 (2048 1408 -1248 ) (2048 1408 -1280 ) (2160 1408 -1280 ) (2160 1408 -1248 ) 
5 377 378 (2240 1408 -1344 ) (2048 1408 -1344 ) (2048 1536 -1344 ) (2160 1536 -1344 ) (2240 1516 -1344 ) 
4 378 1277 (2048 1408 -3040 ) (2048 1408 -1344 ) (2048 1536 -1344 ) (2048 1536 -3040 ) 
4 378 1249 (2048 1728 -1616 ) (2048 1728 -3040 ) (2048 1536 -3040 ) (2048 1536 -1616 ) 
4 378 1248 (2048 1728 -1600 ) (2048 1728 -1616 ) (2048 1536 -1616 ) (2048 1536 -1600 ) 
4 378 1247 (2048 1728 -1472 ) (2048 1728 -1600 ) (2048 1536 -1600 ) (2048 1536 -1472 ) 
4 378 1241 (2048 1536 -1344 ) (2048 1568 -1344 ) (2048 1568 -1472 ) (2048 1536 -1472 ) 
4 378 1240 (2048 1568 -1344 ) (2048 1728 -1344 ) (2048 1728 -1472 ) (2048 1568 -1472 ) 
4 378 1224 (2048 2048 -1600 ) (2048 2048 -3040 ) (2048 1728 -3040 ) (2048 1728 -1600 ) 
4 378 1222 (2048 1856 -1600 ) (2048 1728 -1600 ) (2048 1728 -1472 ) (2048 1856 -1472 ) 
4 378 1221 (2048 2048 -1472 ) (2048 2048 -1600 ) (2048 1856 -1600 ) (2048 1856 -1472 ) 
4 378 1220 (2048 1728 -1344 ) (2048 2048 -1344 ) (2048 2048 -1472 ) (2048 1728 -1472 ) 
4 378 398 (2048 1408 -1344 ) (2048 1408 -3040 ) (2416 1408 -3040 ) (2416 1408 -1344 ) 
4 379 1689 (2160 1024 2528 ) (2048 1024 2528 ) (2048 1024 -640 ) (2160 1024 -640 ) 
4 379 1685 (2416 1024 -640 ) (2416 1024 192 ) (2160 1024 192 ) (2160 1024 -640 ) 
4 379 1678 (2416 1024 192 ) (2416 1024 2528 ) (2160 1024 2528 ) (2160 1024 192 ) 
4 379 1110 (2048 1024 -640 ) (2048 1024 2528 ) (2048 1408 2528 ) (2048 1408 -640 ) 
4 379 396 (2160 1024 -640 ) (2048 1024 -640 ) (2048 1152 -640 ) (2160 1152 -640 ) 
4 379 391 (2416 1152 -640 ) (2416 1072 -640 ) (2160 1072 -640 ) (2160 1152 -640 ) 
4 379 382 (2048 1408 -640 ) (2240 1408 -640 ) (2240 1152 -640 ) (2048 1152 -640 ) 
4 379 380 (2240 1408 -640 ) (2416 1408 -640 ) (2416 1152 -640 ) (2240 1152 -640 ) 
4 380 391 (2416 1152 -1024 ) (2416 1152 -640 ) (2240 1152 -640 ) (2240 1152 -1024 ) 
4 380 382 (2240 1152 -1024 ) (2240 1152 -640 ) (2240 1408 -640 ) (2240 1408 -1024 ) 
4 380 381 (2416 1152 -1024 ) (2240 1196 -1024 ) (2240 1408 -1024 ) (2416 1408 -1024 ) 
4 381 388 (2416 1152 -1248 ) (2240 1196 -1248 ) (2240 1408 -1248 ) (2416 1408 -1248 ) 
3 381 386 (2240 1196 -1234.499878 ) (2240 1196 -1232 ) (2240 1216 -1232 ) 
3 381 385 (2240 1343.993896 -1232 ) (2240 1408 -1232 ) (2240 1408 -1240 ) 
4 381 383 (2240 1196 -1232 ) (2240 1196 -1024 ) (2240 1408 -1024 ) (2240 1408 -1232 ) 
4 382 1113 (2048 1408 -960 ) (2048 1408 -1024 ) (2048 1152 -1024 ) (2048 1152 -960 ) 
4 382 1111 (2048 1408 -704 ) (2048 1408 -960 ) (2048 1152 -960 ) (2048 1152 -704 ) 
4 382 1110 (2048 1152 -640 ) (2048 1408 -640 ) (2048 1408 -704 ) (2048 1152 -704 ) 
4 382 396 (2160 1152 -640 ) (2048 1152 -640 ) (2048 1152 -1024 ) (2160 1152 -1024 ) 
4 382 391 (2240 1152 -640 ) (2160 1152 -640 ) (2160 1152 -1024 ) (2240 1152 -1024 ) 
4 382 383 (2160 1408 -1024 ) (2240 1408 -1024 ) (2240 1196 -1024 ) (2160 1216 -1024 ) 
4 382 384 (2048 1408 -1024 ) (2160 1408 -1024 ) (2160 1152 -1024 ) (2048 1152 -1024 ) 
3 383 386 (2240 1216 -1232 ) (2240 1196 -1232 ) (2160 1216 -1232 ) 
4 383 385 (2160 1408 -1232 ) (2240 1408 -1232 ) (2240 1343.993896 -1232 ) (2160 1343.993774 -1232 ) 
4 383 384 (2160 1408 -1232 ) (2160 1216 -1232 ) (2160 1216 -1024 ) (2160 1408 -1024 ) 
4 384 1262 (2048 1408 -1088 ) (2048 1408 -1232 ) (2048 1152 -1232 ) (2048 1152 -1088 ) 
4 384 1113 (2048 1408 -1024 ) (2048 1408 -1088 ) (2048 1152 -1088 ) (2048 1152 -1024 ) 
4 384 396 (2048 1152 -1024 ) (2048 1152 -1232 ) (2160 1152 -1232 ) (2160 1152 -1024 ) 
4 384 387 (2160 1216 -1232 ) (2160 1152 -1232 ) (2048 1152 -1232 ) (2048 1216 -1232 ) 
4 384 385 (2048 1408 -1232 ) (2160 1408 -1232 ) (2160 1343.993896 -1232 ) (2048 1343.993896 -1232 ) 
3 385 1263 (2048 1408 -1232 ) (2048 1408 -1240 ) (2048 1343.993896 -1232 ) 
3 387 1264 (2048 1152 -1240 ) (2048 1152 -1232 ) (2048 1216 -1232 ) 
4 388 389 (2416 1152 -1256 ) (2160 1216 -1256 ) (2160 1408 -1256 ) (2416 1408 -1256 ) 
4 388 390 (2160 1216 -1248 ) (2160 1408 -1248 ) (2160 1408 -1256 ) (2160 1216 -1256 ) 
4 389 398 (2160 1408 -1280 ) (2416 1408 -1280 ) (2416 1152 -1280 ) (2160 1152 -1280 ) 
4 389 395 (2160 1152 -1280 ) (2416 1152 -1280 ) (2416 1152 -1256 ) (2160 1152 -1256 ) 
4 389 390 (2160 1408 -1280 ) (2160 1152 -1280 ) (2160 1152 -1256 ) (2160 1408 -1256 ) 
4 390 1265 (2048 1408 -1248 ) (2048 1408 -1280 ) (2048 1152 -1280 ) (2048 1152 -1248 ) 
4 390 398 (2048 1408 -1280 ) (2160 1408 -1280 ) (2160 1152 -1280 ) (2048 1152 -1280 ) 
4 390 397 (2048 1152 -1280 ) (2160 1152 -1280 ) (2160 1152 -1248 ) (2048 1152 -1248 ) 
4 391 396 (2160 1152 -640 ) (2160 1152 -1024 ) (2160 1072 -1024 ) (2160 1072 -640 ) 
4 391 393 (2160 1072 -1024 ) (2160 1088 -1024 ) (2240 1088 -1024 ) (2240 1072 -1024 ) 
4 391 392 (2416 1088 -1024 ) (2416 1072 -1024 ) (2240 1072 -1024 ) (2240 1088 -1024 ) 
4 392 395 (2416 1088 -1256 ) (2416 1072 -1256 ) (2240 1072 -1256 ) (2240 1088 -1256 ) 
4 392 394 (2240 1088 -1256 ) (2240 1072 -1256 ) (2240 1072 -1248 ) (2240 1088 -1248 ) 
4 392 393 (2240 1072 -1232 ) (2240 1072 -1024 ) (2240 1088 -1024 ) (2240 1088 -1232 ) 
4 393 396 (2160 1072 -1024 ) (2160 1088 -1024 ) (2160 1088 -1232 ) (2160 1072 -1232 ) 
4 394 397 (2160 1088 -1256 ) (2160 1072 -1256 ) (2160 1072 -1248 ) (2160 1088 -1248 ) 
4 394 395 (2160 1072 -1256 ) (2160 1088 -1256 ) (2240 1088 -1256 ) (2240 1072 -1256 ) 
4 395 398 (2416 1152 -1280 ) (2416 1072 -1280 ) (2160 1072 -1280 ) (2160 1152 -1280 ) 
4 395 397 (2160 1152 -1256 ) (2160 1152 -1280 ) (2160 1072 -1280 ) (2160 1072 -1256 ) 
4 396 1689 (2160 1024 -640 ) (2048 1024 -640 ) (2048 1024 -1024 ) (2160 1024 -1024 ) 
4 396 1262 (2048 1024 -1232 ) (2048 1024 -1088 ) (2048 1152 -1088 ) (2048 1152 -1232 ) 
4 396 1113 (2048 1024 -1088 ) (2048 1024 -960 ) (2048 1152 -960 ) (2048 1152 -1088 ) 
4 396 1111 (2048 1024 -960 ) (2048 1024 -704 ) (2048 1152 -704 ) (2048 1152 -960 ) 
4 396 1110 (2048 1024 -704 ) (2048 1024 -640 ) (2048 1152 -640 ) (2048 1152 -704 ) 
4 397 1265 (2048 1024 -1280 ) (2048 1024 -1248 ) (2048 1152 -1248 ) (2048 1152 -1280 ) 
4 397 398 (2160 1024 -1280 ) (2048 1024 -1280 ) (2048 1152 -1280 ) (2160 1152 -1280 ) 
4 398 1690 (2048 1024 -1284 ) (2048 1024 -3040 ) (2160 1024 -3040 ) (2160 1024 -1284 ) 
4 398 1688 (2416 1024 -3040 ) (2416 1024 -1296 ) (2160 1024 -1296 ) (2160 1024 -3040 ) 
4 398 1687 (2416 1024 -1296 ) (2416 1024 -1280 ) (2160 1024 -1280 ) (2160 1024 -1296 ) 
4 398 1277 (2048 1024 -3040 ) (2048 1024 -1296 ) (2048 1408 -1296 ) (2048 1408 -3040 ) 
4 398 1265 (2048 1024 -1296 ) (2048 1024 -1280 ) (2048 1408 -1280 ) (2048 1408 -1296 ) 
4 399 509 (1648 2304 -448 ) (1648 2304 -576 ) (1840 2304 -576 ) (1840 2304 -448 ) 
4 399 507 (1840 2304 2528 ) (1648 2304 2528 ) (1648 2304 -432 ) (1840 2304 -432 ) 
4 399 506 (2048 2304 -576 ) (2048 2304 2528 ) (1840 2304 2528 ) (1840 2304 -576 ) 
4 399 426 (1648 2304 -128 ) (1648 2304 2528 ) (1648 2816 2528 ) (1648 2816 -128 ) 
4 399 406 (1648 2816 2528 ) (1648 3072 2528 ) (1648 3072 -512 ) (1648 2816 -512 ) 
4 399 401 (1712 2304 -576 ) (1648 2304 -576 ) (1648 2816 -576 ) (1712 2816 -576 ) 
4 399 400 (2048 2304 -576 ) (1712 2304 -576 ) (1712 3072 -576 ) (2048 3072 -576 ) 
4 400 513 (1712 2304 -832 ) (1712 2304 -1088 ) (1840 2304 -1088 ) (1840 2304 -832 ) 
4 400 509 (1840 2304 -576 ) (1712 2304 -576 ) (1712 2304 -704 ) (1840 2304 -704 ) 
4 400 506 (2048 2304 -1216 ) (2048 2304 -576 ) (1840 2304 -576 ) (1840 2304 -1216 ) 
4 400 405 (1792 2304 -1216 ) (1712 2304 -1216 ) (1712 2752 -1216 ) (1792 2752 -1216 ) 
4 400 404 (2048 2304 -1216 ) (1792 2304 -1216 ) (1792 2816 -1216 ) (2048 2816 -1216 ) 
4 400 403 (1712 2816 -1216 ) (1712 3072 -1216 ) (2048 3072 -1216 ) (2048 2816 -1216 ) 
4 400 401 (1712 2816 -1216 ) (1712 2304 -1216 ) (1712 2304 -576 ) (1712 2816 -576 ) 
4 401 513 (1648 2304 -832 ) (1648 2304 -1088 ) (1712 2304 -1088 ) (1712 2304 -832 ) 
4 401 509 (1712 2304 -576 ) (1648 2304 -576 ) (1648 2304 -704 ) (1712 2304 -704 ) 
4 401 405 (1712 2304 -1216 ) (1648 2304 -1216 ) (1648 2752 -1216 ) (1712 2752 -1216 ) 
4 402 466 (1648 2816 -1344 ) (1648 2976 -1344 ) (1776 2976 -1344 ) (1776 2816 -1344 ) 
4 402 461 (1648 2976 -1344 ) (1648 3072 -1344 ) (1776 3072 -1344 ) (1776 2976 -1344 ) 
4 402 447 (1648 3072 -1344 ) (1648 2880 -1344 ) (1648 2880 -1216 ) (1648 3072 -1216 ) 
4 403 465 (2048 2976 -1344 ) (2048 2816 -1344 ) (1792 2816 -1344 ) (1792 2976 -1344 ) 
4 403 460 (1792 3072 -1344 ) (2048 3072 -1344 ) (2048 2976 -1344 ) (1792 2976 -1344 ) 
4 403 404 (2048 2816 -1216 ) (1792 2816 -1216 ) (1792 2816 -1344 ) (2048 2816 -1344 ) 
4 404 506 (2048 2304 -1344 ) (2048 2304 -1216 ) (1840 2304 -1216 ) (1840 2304 -1344 ) 
4 404 482 (2048 2304 -1344 ) (1792 2304 -1344 ) (1792 2816 -1344 ) (2048 2816 -1344 ) 
4 404 405 (1792 2752 -1344 ) (1792 2304 -1344 ) (1792 2304 -1216 ) (1792 2752 -1216 ) 
4 405 483 (1792 2304 -1344 ) (1648 2304 -1344 ) (1648 2752 -1344 ) (1792 2752 -1344 ) 
4 406 426 (1648 2816 -128 ) (1648 2816 2528 ) (1632 2816 2528 ) (1632 2816 -128 ) 
4 406 407 (1632 2816 -512 ) (1632 2816 2528 ) (1632 3072 2528 ) (1632 3072 -512 ) 
4 407 426 (1632 2816 2528 ) (1552 2816 2528 ) (1552 2816 -128 ) (1632 2816 -128 ) 
4 407 422 (1552 2816 -448 ) (1552 2816 2528 ) (1552 2880 2528 ) (1552 2880 -512 ) 
4 407 414 (1552 2944 -576 ) (1552 2880 -576 ) (1552 2880 2528 ) (1552 2944 2528 ) 
4 407 410 (1552 3072 2528 ) (1552 3072 -576 ) (1552 2944 -576 ) (1552 2944 2528 ) 
4 407 408 (1552 2880 -576 ) (1552 3072 -576 ) (1632 3072 -576 ) (1632 2880 -576 ) 
4 408 439 (1640 2944 -832 ) (1552 2944 -832 ) (1552 3072 -832 ) (1640 3072 -832 ) 
4 408 419 (1552 2944 -832 ) (1552 2880 -832 ) (1552 2880 -800 ) (1552 2944 -800 ) 
4 408 415 (1552 2880 -800 ) (1552 2880 -704 ) (1552 2944 -640 ) (1552 2944 -800 ) 
4 408 414 (1552 2880 -640 ) (1552 2880 -576 ) (1552 2944 -576 ) (1552 2944 -640 ) 
4 408 410 (1552 3072 -576 ) (1552 3072 -832 ) (1552 2944 -832 ) (1552 2944 -576 ) 
4 408 409 (1552 2880 -640 ) (1552 2880 -832 ) (1648 2880 -832 ) (1648 2880 -640 ) 
4 409 425 (1552 2880 -832 ) (1552 2816 -832 ) (1552 2816 -704 ) (1552 2880 -704 ) 
4 410 439 (1528 3072 -832 ) (1552 3072 -832 ) (1552 2944 -832 ) (1528 2944 -832 ) 
4 410 419 (1524 2944 -832 ) (1552 2944 -832 ) (1552 2944 -800 ) (1524 2944 -800 ) 
4 410 415 (1552 2944 -800 ) (1552 2944 -640 ) (1524 2944 -640 ) (1524 2944 -800 ) 
4 410 414 (1552 2944 -640 ) (1552 2944 2528 ) (1524 2944 2528 ) (1524 2944 -640 ) 
4 410 411 (1524 2944 -800 ) (1524 2944 2528 ) (1524 3072 2528 ) (1524 3072 -800 ) 
4 411 415 (1524 2944 -800 ) (1524 2944 -640 ) (1520 2944 -640 ) (1520 2944 -800 ) 
4 411 414 (1524 2944 -640 ) (1524 2944 2528 ) (1520 2944 2528 ) (1520 2944 -640 ) 
4 411 412 (1520 2944 -800 ) (1520 2944 2528 ) (1520 3072 2528 ) (1520 3072 -800 ) 
4 412 440 (1136 3072 -832 ) (1520 3072 -832 ) (1520 2944 -832 ) (1136 2944 -832 ) 
4 412 417 (1296 2944 -640 ) (1232 2944 -640 ) (1232 2944 -800 ) (1296 2944 -800 ) 
4 412 416 (1488 2944 -640 ) (1296 2944 -640 ) (1296 2944 -800 ) (1488 2944 -800 ) 
4 412 418 (1232 2944 -640 ) (1136 2944 -640 ) (1136 2944 -800 ) (1232 2944 -800 ) 
4 412 415 (1520 2944 -800 ) (1520 2944 -640 ) (1488 2944 -640 ) (1488 2944 -800 ) 
4 412 414 (1520 2944 -640 ) (1520 2944 2528 ) (1136 2944 2528 ) (1136 2944 -640 ) 
4 412 413 (1136 2944 -576 ) (1136 2944 2528 ) (1136 3072 2528 ) (1136 3072 -576 ) 
4 413 536 (1024 3072 2528 ) (1024 3072 -576 ) (1024 2944 -576 ) (1024 2944 2528 ) 
4 413 414 (1136 2944 -576 ) (1136 2944 2528 ) (1024 2944 2528 ) (1024 2944 -576 ) 
4 414 551 (1024 2880 -640 ) (1024 2880 -320 ) (1024 2944 -320 ) (1024 2944 -640 ) 
4 414 548 (1024 2880 -320 ) (1024 2880 2528 ) (1024 2944 2528 ) (1024 2944 -320 ) 
4 414 423 (1488 2880 -512 ) (1296 2880 -512 ) (1296 2880 -640 ) (1488 2880 -640 ) 
4 414 424 (1232 2880 -512 ) (1024 2880 -512 ) (1024 2880 -640 ) (1232 2880 -640 ) 
4 414 422 (1552 2880 -512 ) (1552 2880 2528 ) (1024 2880 2528 ) (1024 2880 -512 ) 
4 414 416 (1488 2880 -640 ) (1296 2880 -640 ) (1296 2944 -640 ) (1488 2944 -640 ) 
4 414 418 (1232 2880 -640 ) (1024 2880 -640 ) (1024 2944 -640 ) (1232 2944 -640 ) 
4 415 425 (1552 2880 -800 ) (1552 2880 -704 ) (1488 2880 -704 ) (1488 2880 -800 ) 
4 415 421 (1520 2880 -800 ) (1488 2880 -800 ) (1488 2940 -800 ) (1520 2940 -800 ) 
4 415 420 (1524 2880 -800 ) (1520 2880 -800 ) (1520 2940 -800 ) (1524 2940 -800 ) 
4 415 419 (1552 2880 -800 ) (1524 2880 -800 ) (1524 2944 -800 ) (1552 2944 -800 ) 
4 415 416 (1488 2944 -800 ) (1488 2880 -800 ) (1488 2880 -704 ) (1488 2944 -640 ) 
4 416 423 (1488 2880 -640 ) (1296 2880 -640 ) (1296 2880 -704 ) (1488 2880 -704 ) 
4 416 425 (1296 2880 -704 ) (1296 2880 -800 ) (1488 2880 -800 ) (1488 2880 -704 ) 
4 416 421 (1488 2880 -800 ) (1296 2880 -800 ) (1296 2940 -800 ) (1488 2940 -800 ) 
4 416 417 (1296 2944 -800 ) (1296 2880 -800 ) (1296 2880 -704 ) (1296 2944 -640 ) 
4 417 425 (1232 2880 -704 ) (1232 2880 -800 ) (1296 2880 -800 ) (1296 2880 -704 ) 
4 417 421 (1296 2880 -800 ) (1232 2880 -800 ) (1232 2940 -800 ) (1296 2940 -800 ) 
4 417 418 (1232 2944 -800 ) (1232 2880 -800 ) (1232 2880 -704 ) (1232 2944 -640 ) 
4 418 563 (1024 2880 -800 ) (1024 2880 -640 ) (1024 2944 -640 ) (1024 2944 -800 ) 
4 418 424 (1232 2880 -640 ) (1024 2880 -640 ) (1024 2880 -704 ) (1232 2880 -704 ) 
4 418 425 (1024 2880 -704 ) (1024 2880 -800 ) (1232 2880 -800 ) (1232 2880 -704 ) 
4 418 421 (1232 2880 -800 ) (1024 2880 -800 ) (1024 2940 -800 ) (1232 2940 -800 ) 
4 419 425 (1524 2880 -832 ) (1552 2880 -832 ) (1552 2880 -800 ) (1524 2880 -800 ) 
4 419 420 (1524 2880 -832 ) (1524 2880 -800 ) (1524 2940 -800 ) (1524 2940 -832 ) 
4 420 425 (1520 2880 -832 ) (1524 2880 -832 ) (1524 2880 -800 ) (1520 2880 -800 ) 
4 420 421 (1520 2880 -832 ) (1520 2880 -800 ) (1520 2940 -800 ) (1520 2940 -832 ) 
4 421 565 (1024 2940 -832 ) (1024 2880 -832 ) (1024 2880 -800 ) (1024 2940 -800 ) 
4 421 425 (1024 2880 -832 ) (1520 2880 -832 ) (1520 2880 -800 ) (1024 2880 -800 ) 
4 422 551 (1024 2816 -448 ) (1024 2816 -320 ) (1024 2880 -320 ) (1024 2880 -512 ) 
4 422 548 (1024 2816 -320 ) (1024 2816 2528 ) (1024 2880 2528 ) (1024 2880 -320 ) 
4 422 434 (1072 2816 2528 ) (1024 2816 2528 ) (1024 2816 -448 ) (1072 2816 -448 ) 
4 422 427 (1136 2816 2528 ) (1072 2816 2528 ) (1072 2816 -448 ) (1136 2816 -448 ) 
4 422 426 (1552 2816 -128 ) (1552 2816 2528 ) (1136 2816 2528 ) (1136 2816 -128 ) 
4 422 423 (1296 2880 -511.998077 ) (1488 2880 -511.998108 ) (1488 2816 -447.998108 ) (1296 2816 -447.998077 ) 
4 422 424 (1024 2880 -511.998077 ) (1232 2880 -511.998077 ) (1232 2816 -447.998077 ) (1024 2816 -447.998077 ) 
4 423 425 (1296 2880 -704 ) (1488 2880 -704 ) (1488 2816 -704 ) (1296 2816 -704 ) 
4 424 563 (1024 2816 -704 ) (1024 2816 -640 ) (1024 2880 -640 ) (1024 2880 -704 ) 
4 424 551 (1024 2816 -640 ) (1024 2816 -448 ) (1024 2880 -512 ) (1024 2880 -640 ) 
4 424 434 (1072 2816 -448 ) (1024 2816 -448 ) (1024 2816 -704 ) (1072 2816 -704 ) 
4 424 427 (1136 2816 -448 ) (1072 2816 -448 ) (1072 2816 -704 ) (1136 2816 -704 ) 
4 424 425 (1024 2880 -704 ) (1232 2880 -704 ) (1232 2816 -704 ) (1024 2816 -704 ) 
4 425 565 (1024 2880 -832 ) (1024 2816 -832 ) (1024 2816 -800 ) (1024 2880 -800 ) 
4 425 563 (1024 2816 -800 ) (1024 2816 -704 ) (1024 2880 -704 ) (1024 2880 -800 ) 
4 425 438 (1024 2816 -832 ) (1072 2816 -832 ) (1072 2816 -800 ) (1024 2816 -800 ) 
4 425 434 (1072 2816 -800 ) (1072 2816 -704 ) (1024 2816 -704 ) (1024 2816 -800 ) 
4 425 432 (1136 2816 -768 ) (1136 2816 -704 ) (1072 2816 -704 ) (1072 2816 -768 ) 
4 425 433 (1072 2816 -832 ) (1136 2816 -832 ) (1136 2816 -768 ) (1072 2816 -768 ) 
4 426 507 (1136 2304 2528 ) (1136 2304 -128 ) (1648 2304 -128 ) (1648 2304 2528 ) 
4 426 430 (1136 2464 -128 ) (1136 2400 -128 ) (1136 2400 2528 ) (1136 2464 2528 ) 
4 426 429 (1136 2656 -128 ) (1136 2464 -128 ) (1136 2464 2528 ) (1136 2656 2528 ) 
4 426 431 (1136 2400 -128 ) (1136 2304 -128 ) (1136 2304 2528 ) (1136 2400 2528 ) 
4 426 428 (1136 2720 -128 ) (1136 2656 -128 ) (1136 2656 2528 ) (1136 2720 2528 ) 
4 426 427 (1136 2816 2528 ) (1136 2816 -128 ) (1136 2720 -128 ) (1136 2720 2528 ) 
4 427 434 (1072 2816 2528 ) (1072 2816 -704 ) (1072 2720 -704 ) (1072 2720 2528 ) 
4 427 432 (1072 2720 -704 ) (1072 2816 -704 ) (1136 2816 -704 ) (1136 2720 -704 ) 
4 427 428 (1136 2720 -448 ) (1136 2720 2528 ) (1072 2720 2528 ) (1072 2720 -512 ) 
4 428 435 (1072 2656 -512 ) (1072 2656 2528 ) (1072 2720 2528 ) (1072 2720 -512 ) 
4 428 429 (1136 2656 -448 ) (1136 2656 2528 ) (1072 2656 2528 ) (1072 2656 -512 ) 
4 429 437 (1072 2656 -704 ) (1072 2464 -704 ) (1072 2464 2528 ) (1072 2656 2528 ) 
4 429 432 (1072 2464 -704 ) (1072 2656 -704 ) (1136 2656 -704 ) (1136 2464 -704 ) 
4 429 430 (1136 2464 -448 ) (1136 2464 2528 ) (1072 2464 2528 ) (1072 2464 -512 ) 
4 430 437 (1072 2400 -512 ) (1072 2400 2528 ) (1072 2464 2528 ) (1072 2464 -512 ) 
4 430 431 (1136 2400 -448 ) (1136 2400 2528 ) (1072 2400 2528 ) (1072 2400 -512 ) 
4 431 510 (1072 2304 -448 ) (1072 2304 -704 ) (1136 2304 -704 ) (1136 2304 -448 ) 
4 431 508 (1072 2304 -432 ) (1072 2304 -448 ) (1136 2304 -448 ) (1136 2304 -432 ) 
4 431 507 (1072 2304 2528 ) (1072 2304 -432 ) (1136 2304 -432 ) (1136 2304 2528 ) 
4 431 437 (1072 2400 -704 ) (1072 2304 -704 ) (1072 2304 2528 ) (1072 2400 2528 ) 
4 432 436 (1072 2720 -768 ) (1072 2656 -768 ) (1072 2656 -704 ) (1072 2720 -704 ) 
4 432 434 (1072 2816 -704 ) (1072 2816 -768 ) (1072 2720 -768 ) (1072 2720 -704 ) 
4 432 437 (1072 2656 -768 ) (1072 2400 -768 ) (1072 2464 -704 ) (1072 2656 -704 ) 
4 432 433 (1072 2400 -768 ) (1072 2816 -768 ) (1136 2816 -768 ) (1136 2400 -768 ) 
4 433 438 (1072 2816 -800 ) (1072 2816 -832 ) (1072 2308 -832 ) (1072 2308 -800 ) 
4 433 436 (1072 2720 -800 ) (1072 2656 -800 ) (1072 2656 -768 ) (1072 2720 -768 ) 
4 433 434 (1072 2816 -768 ) (1072 2816 -800 ) (1072 2720 -800 ) (1072 2720 -768 ) 
4 433 437 (1072 2656 -800 ) (1072 2304 -800 ) (1072 2304 -768 ) (1072 2656 -768 ) 
4 434 563 (1024 2816 -640 ) (1024 2816 -800 ) (1024 2720 -800 ) (1024 2720 -640 ) 
4 434 551 (1024 2816 -320 ) (1024 2816 -640 ) (1024 2720 -640 ) (1024 2720 -320 ) 
4 434 548 (1024 2720 2528 ) (1024 2816 2528 ) (1024 2816 -320 ) (1024 2720 -320 ) 
4 434 438 (1024 2816 -800 ) (1072 2816 -800 ) (1072 2720 -800 ) (1024 2720 -800 ) 
4 434 436 (1024 2720 -800 ) (1072 2720 -800 ) (1072 2720 -704 ) (1024 2720 -656 ) 
4 434 435 (1072 2720 -640 ) (1072 2720 2528 ) (1024 2720 2528 ) (1024 2720 -640 ) 
4 435 760 (1024 2688 -320 ) (1024 2688 -640 ) (1024 2656 -640 ) (1024 2656 -320 ) 
4 435 758 (1024 2656 2528 ) (1024 2688 2528 ) (1024 2688 -320 ) (1024 2656 -320 ) 
4 435 551 (1024 2720 -320 ) (1024 2720 -640 ) (1024 2688 -640 ) (1024 2688 -320 ) 
4 435 548 (1024 2688 2528 ) (1024 2720 2528 ) (1024 2720 -320 ) (1024 2688 -320 ) 
4 435 437 (1072 2656 -640 ) (1072 2656 2528 ) (1024 2656 2528 ) (1024 2656 -640 ) 
4 436 763 (1024 2688 -800 ) (1024 2656 -800 ) (1024 2656 -704 ) (1024 2688 -704 ) 
4 436 761 (1024 2656 -704 ) (1024 2656 -656 ) (1024 2688 -656 ) (1024 2688 -704 ) 
4 436 564 (1024 2720 -656 ) (1024 2720 -800 ) (1024 2688 -800 ) (1024 2688 -656 ) 
4 436 438 (1072 2720 -800 ) (1072 2656 -800 ) (1024 2656 -800 ) (1024 2720 -800 ) 
4 436 437 (1024 2656 -800 ) (1072 2656 -800 ) (1072 2656 -704 ) (1024 2656 -656 ) 
4 437 837 (1024 2304 -800 ) (1024 2304 -320 ) (1024 2308 -320 ) (1024 2308 -800 ) 
4 437 836 (1024 2308 -320 ) (1024 2560 -320 ) (1024 2560 -800 ) (1024 2308 -800 ) 
4 437 834 (1024 2304 -320 ) (1024 2304 2528 ) (1024 2560 2528 ) (1024 2560 -320 ) 
4 437 763 (1024 2656 -704 ) (1024 2656 -800 ) (1024 2560 -800 ) (1024 2560 -704 ) 
4 437 762 (1024 2656 -320 ) (1024 2656 -704 ) (1024 2560 -704 ) (1024 2560 -320 ) 
4 437 758 (1024 2560 2528 ) (1024 2656 2528 ) (1024 2656 -320 ) (1024 2560 -320 ) 
4 437 512 (1024 2304 -720 ) (1024 2304 -800 ) (1072 2304 -800 ) (1072 2304 -720 ) 
4 437 511 (1024 2304 -704 ) (1024 2304 -720 ) (1068 2304 -720 ) (1056 2304 -704 ) 
4 437 510 (1024 2304 -448 ) (1024 2304 -704 ) (1072 2304 -704 ) (1072 2304 -448 ) 
4 437 508 (1024 2304 -432 ) (1024 2304 -448 ) (1072 2304 -448 ) (1072 2304 -432 ) 
4 437 507 (1024 2304 2528 ) (1024 2304 -432 ) (1072 2304 -432 ) (1072 2304 2528 ) 
4 437 438 (1072 2656 -800 ) (1072 2308 -800 ) (1024 2308 -800 ) (1024 2656 -800 ) 
4 438 836 (1024 2560 -832 ) (1024 2308 -832 ) (1024 2308 -800 ) (1024 2560 -800 ) 
4 438 763 (1024 2688 -832 ) (1024 2560 -832 ) (1024 2560 -800 ) (1024 2688 -800 ) 
4 438 565 (1024 2816 -832 ) (1024 2688 -832 ) (1024 2688 -800 ) (1024 2816 -800 ) 
4 439 441 (1640 2944 -848 ) (1528 2944 -848 ) (1528 3072 -848 ) (1640 3072 -848 ) 
3 440 445 (1136 3071.600342 -848 ) (1136 3072 -848 ) (1136.726807 3072 -848 ) 
5 440 444 (1136 3048.800293 -848 ) (1136 3071.600342 -848 ) (1136.726807 3072 -848 ) (1144 3072 -848 ) (1144 3052 -848 ) 
4 440 443 (1136 3024.800049 -848 ) (1136 3048.800293 -848 ) (1144 3052 -848 ) (1144 3028 -848 ) 
4 440 442 (1144 2944 -848 ) (1136 2944 -848 ) (1136 3024.800049 -848 ) (1144 3028 -848 ) 
4 440 441 (1520 2944 -848 ) (1144 2944 -848 ) (1144 3072 -848 ) (1520 3072 -848 ) 
4 441 452 (1144 3072 -896 ) (1296 3072 -896 ) (1296 2944 -896 ) (1144 2944 -896 ) 
4 441 448 (1296 3072 -896 ) (1488 3072 -896 ) (1488 2944 -896 ) (1296 2944 -896 ) 
4 441 447 (1488 3072 -896 ) (1648 3072 -896 ) (1648 2944 -896 ) (1488 2944 -896 ) 
4 441 446 (1144 2944 -896 ) (1648 2944 -896 ) (1648 2944 -848 ) (1144 2944 -848 ) 
3 441 445 (1144 3056.001465 -867.998718 ) (1144 3072 -852 ) (1144 3072 -864 ) 
4 441 444 (1144 3044 -880 ) (1144 3052 -848 ) (1144 3072 -848 ) (1144 3072 -852 ) 
3 441 443 (1144 3040 -896 ) (1144 3028 -848 ) (1144 3052 -848 ) 
4 441 442 (1144 3040 -896 ) (1144 2944 -896 ) (1144 2944 -848 ) (1144 3028 -848 ) 
4 442 456 (1144 3040 -896 ) (1144 3028 -896 ) (1136 3023.598877 -896 ) (1136 3036.800049 -896 ) 
4 442 455 (1144 3028 -896 ) (1144 2944 -896 ) (1136 2944 -896 ) (1136 3023.598877 -896 ) 
4 442 446 (1136 2944 -896 ) (1144 2944 -896 ) (1144 2944 -848 ) (1136 2944 -848 ) 
4 442 443 (1144 3028 -848 ) (1144 3040 -896 ) (1136 3036.798828 -896 ) (1136 3024.798828 -848 ) 
4 443 444 (1144 3051.998047 -848 ) (1144 3043.997803 -880.002319 ) (1136 3041.197998 -878.402100 ) (1136 3048.798828 -848 ) 
5 444 445 (1144 3072 -852 ) (1144 3056.001953 -867.998535 ) (1136 3054.401855 -865.198486 ) (1136 3071.600098 -848 ) (1136.727051 3072 -848 ) 
4 446 566 (1024 2944 -896 ) (1024 2880 -896 ) (1024 2880 -848 ) (1024 2944 -848 ) 
4 446 458 (1072 2880 -896 ) (1024 2880 -896 ) (1024 2944 -896 ) (1072 2944 -896 ) 
4 446 457 (1136 2880 -896 ) (1072 2880 -896 ) (1072 2944 -896 ) (1136 2944 -896 ) 
3 446 455 (1136 2931.194336 -896 ) (1136 2944 -896 ) (1144 2944 -896 ) 
4 446 454 (1144 2880 -896 ) (1136 2880 -896 ) (1136 2931.194336 -896 ) (1144 2944 -896 ) 
4 446 452 (1296 2880 -896 ) (1144 2880 -896 ) (1144 2944 -896 ) (1296 2944 -896 ) 
4 446 448 (1488 2880 -896 ) (1296 2880 -896 ) (1296 2944 -896 ) (1488 2944 -896 ) 
4 446 447 (1648 2944 -896 ) (1648 2880 -896 ) (1488 2880 -896 ) (1488 2944 -896 ) 
4 447 467 (1488 2880 -1344 ) (1488 2976 -1344 ) (1648 2976 -1344 ) (1648 2880 -1344 ) 
4 447 463 (1488 3008 -1344 ) (1488 3072 -1344 ) (1520 3072 -1344 ) (1520 3008 -1344 ) 
4 447 462 (1520 3072 -1344 ) (1552 3072 -1344 ) (1552 3008 -1344 ) (1520 3008 -1344 ) 
4 447 461 (1552 3072 -1344 ) (1648 3072 -1344 ) (1648 2976 -1344 ) (1552 2976 -1344 ) 
4 447 448 (1488 2880 -1328 ) (1488 2880 -896 ) (1488 3072 -896 ) (1488 3072 -1328 ) 
4 448 452 (1296 2880 -896 ) (1296 3072 -896 ) (1296 3072 -1328 ) (1296 2880 -1328 ) 
4 448 450 (1360 3072 -1328 ) (1424 3072 -1328 ) (1424 2880 -1328 ) (1360 2880 -1328 ) 
4 448 449 (1296 2880 -1088 ) (1296 2880 -1328 ) (1488 2880 -1328 ) (1488 2880 -1088 ) 
4 449 451 (1296 2752 -1152 ) (1296 2752 -1328 ) (1488 2752 -1328 ) (1488 2752 -1152 ) 
4 449 450 (1424 2752 -1328 ) (1360 2752 -1328 ) (1360 2880 -1328 ) (1424 2880 -1328 ) 
4 450 467 (1424 2976 -1344 ) (1424 2880 -1344 ) (1360 2880 -1344 ) (1360 2976 -1344 ) 
4 450 463 (1360 3072 -1344 ) (1424 3072 -1344 ) (1424 3008 -1344 ) (1360 3008 -1344 ) 
4 450 451 (1360 2752 -1344 ) (1424 2752 -1344 ) (1424 2752 -1328 ) (1360 2752 -1328 ) 
4 452 487 (1144 3072 -1344 ) (1236 3072 -1344 ) (1236 2880 -1344 ) (1144 2880 -1344 ) 
4 452 485 (1236 3072 -1344 ) (1264 3072 -1344 ) (1264 3008 -1344 ) (1236 3008 -1344 ) 
4 452 486 (1264 2976 -1344 ) (1264 2880 -1344 ) (1236 2880 -1344 ) (1236 2976 -1344 ) 
4 452 467 (1296 2976 -1344 ) (1296 2880 -1344 ) (1264 2880 -1344 ) (1264 2976 -1344 ) 
4 452 463 (1264 3072 -1344 ) (1296 3072 -1344 ) (1296 3008 -1344 ) (1264 3008 -1344 ) 
3 452 456 (1144 3028 -896 ) (1144 3040 -896 ) (1144 3044 -912 ) 
3 452 455 (1144 2943.998535 -896 ) (1144 3028 -896 ) (1144 3056 -924 ) 
4 452 454 (1144 2880 -976.010498 ) (1144 2880 -896 ) (1144 2943.998535 -896 ) (1144 3072 -928 ) 
4 452 453 (1144 3072 -1344 ) (1144 2880 -1344 ) (1144 2880 -976.010498 ) (1144 3072 -928 ) 
4 453 487 (1136 3072 -1344 ) (1144 3072 -1344 ) (1144 2880 -1344 ) (1136 2880 -1344 ) 
4 453 457 (1136 2944 -1344 ) (1136 2880 -1344 ) (1136 2880 -979.210571 ) (1136 2944 -963.207031 ) 
4 453 454 (1136 3072 -931.199280 ) (1136 2880 -979.209961 ) (1144 2880 -976.009766 ) (1144 3072 -928 ) 
5 454 457 (1136 2880 -979.210571 ) (1136 2880 -896 ) (1136 2931.194336 -896 ) (1136 2944 -899.201294 ) (1136 2944 -963.207031 ) 
4 454 455 (1136 3054.399658 -926.800781 ) (1136 2931.194824 -896 ) (1144 2944 -896 ) (1144 3056 -924 ) 
3 455 457 (1136 2931.194336 -896 ) (1136 2944 -896 ) (1136 2944 -899.201294 ) 
4 455 456 (1144 3028 -896 ) (1144 3044 -912 ) (1136 3041.200439 -913.601868 ) (1136 3023.598633 -896 ) 
4 457 488 (1072 2880 -1344 ) (1072 2944 -1344 ) (1136 2944 -1344 ) (1136 2880 -1344 ) 
4 457 458 (1072 2944 -1344 ) (1072 2880 -1344 ) (1072 2880 -896 ) (1072 2944 -896 ) 
4 458 568 (1024 2944 -1344 ) (1024 2880 -1344 ) (1024 2880 -896 ) (1024 2944 -896 ) 
4 458 494 (1024 2880 -1344 ) (1024 2944 -1344 ) (1072 2944 -1344 ) (1072 2880 -1344 ) 
4 459 902 (1024 2320 -1344 ) (1024 2304 -1344 ) (1024 2304 -1152 ) (1024 2320 -1152 ) 
4 459 840 (1024 2304 -1152 ) (1024 2304 -896 ) (1024 2320 -896 ) (1024 2320 -1152 ) 
4 459 526 (1056 2304 -1344 ) (1072 2304 -1344 ) (1072 2304 -1296 ) (1056 2304 -1296 ) 
4 459 529 (1024 2304 -1296 ) (1024 2304 -1344 ) (1056 2304 -1344 ) (1056 2304 -1296 ) 
4 459 515 (1024 2304 -1088 ) (1024 2304 -1280 ) (1072 2304 -1280 ) (1072 2304 -1088 ) 
4 459 514 (1024 2304 -896 ) (1024 2304 -1088 ) (1072 2304 -1088 ) (1072 2304 -896 ) 
4 459 499 (1072 2304 -1344 ) (1024 2304 -1344 ) (1024 2320 -1344 ) (1072 2320 -1344 ) 
4 460 476 (1792 3072 -1472 ) (2048 3072 -1472 ) (2048 2976 -1472 ) (1792 2976 -1472 ) 
4 460 468 (1792 2976 -1472 ) (2048 2976 -1472 ) (2048 2976 -1408 ) (1792 2976 -1408 ) 
4 460 465 (2048 2976 -1408 ) (2048 2976 -1344 ) (1792 2976 -1344 ) (1792 2976 -1408 ) 
4 461 478 (1552 3072 -1472 ) (1776 3072 -1472 ) (1776 2976 -1472 ) (1552 2976 -1472 ) 
4 461 469 (1552 2976 -1472 ) (1776 2976 -1472 ) (1776 2976 -1408 ) (1552 2976 -1408 ) 
4 461 467 (1648 2976 -1344 ) (1552 2976 -1344 ) (1552 2976 -1408 ) (1648 2976 -1408 ) 
4 461 466 (1776 2976 -1408 ) (1776 2976 -1344 ) (1648 2976 -1344 ) (1648 2976 -1408 ) 
4 461 462 (1552 3072 -1472 ) (1552 3008 -1472 ) (1552 3008 -1344 ) (1552 3072 -1344 ) 
4 462 479 (1520 3072 -1472 ) (1552 3072 -1472 ) (1552 3008 -1472 ) (1520 3008 -1472 ) 
4 462 463 (1520 3072 -1472 ) (1520 3008 -1472 ) (1520 3008 -1344 ) (1520 3072 -1344 ) 
4 463 485 (1264 3008 -1344 ) (1264 3072 -1344 ) (1264 3072 -1472 ) (1264 3008 -1472 ) 
4 463 481 (1264 3008 -1472 ) (1264 3072 -1472 ) (1520 3072 -1472 ) (1520 3008 -1472 ) 
6 463 464 (1264 3008 -1408 ) (1264 3008 -1472 ) (1520 3008 -1472 ) (1520 3008 -1408 ) (1408 3008 -1376 ) (1376 3008 -1376 ) 
4 464 481 (1264 2976 -1472 ) (1264 3008 -1472 ) (1520 3008 -1472 ) (1520 2976 -1472 ) 
4 464 469 (1264 2976 -1408 ) (1264 2976 -1472 ) (1520 2976 -1472 ) (1520 2976 -1408 ) 
4 464 467 (1264 2976 -1408 ) (1520 2976 -1408 ) (1408 2976 -1376 ) (1376 2976 -1376 ) 
4 465 482 (1792 2816 -1408 ) (2048 2816 -1408 ) (2048 2816 -1344 ) (1792 2816 -1344 ) 
4 465 468 (2048 2816 -1408 ) (1792 2816 -1408 ) (1792 2976 -1408 ) (2048 2976 -1408 ) 
4 466 470 (1776 2816 -1408 ) (1648 2816 -1408 ) (1648 2880 -1408 ) (1776 2880 -1408 ) 
4 466 469 (1648 2880 -1408 ) (1648 2976 -1408 ) (1776 2976 -1408 ) (1776 2880 -1408 ) 
4 466 467 (1648 2976 -1344 ) (1648 2976 -1408 ) (1648 2880 -1408 ) (1648 2880 -1344 ) 
4 467 486 (1264 2880 -1344 ) (1264 2976 -1344 ) (1264 2976 -1408 ) (1264 2880 -1408 ) 
4 467 469 (1264 2880 -1408 ) (1264 2976 -1408 ) (1648 2976 -1408 ) (1648 2880 -1408 ) 
4 468 482 (1792 2816 -1472 ) (2048 2816 -1472 ) (2048 2816 -1408 ) (1792 2816 -1408 ) 
4 468 476 (2048 2816 -1472 ) (1792 2816 -1472 ) (1792 2976 -1472 ) (2048 2976 -1472 ) 
3 469 489 (1264 2816 -1472 ) (1264 2880 -1408 ) (1264 2880 -1472 ) 
4 469 486 (1264 2880 -1408 ) (1264 2976 -1408 ) (1264 2976 -1472 ) (1264 2880 -1472 ) 
4 469 480 (1552 2816 -1472 ) (1520 2816 -1472 ) (1520 2976 -1472 ) (1552 2976 -1472 ) 
4 469 478 (1776 2816 -1472 ) (1552 2816 -1472 ) (1552 2976 -1472 ) (1776 2976 -1472 ) 
4 469 481 (1520 2816 -1472 ) (1264 2816 -1472 ) (1264 2976 -1472 ) (1520 2976 -1472 ) 
4 469 475 (1264 2816 -1472 ) (1584 2816 -1472 ) (1524 2876 -1412 ) (1264 2876 -1412 ) 
4 469 474 (1520 2880 -1408 ) (1518 2880 -1408 ) (1516 2876 -1412 ) (1524 2876 -1412 ) 
4 469 473 (1518 2880 -1408 ) (1264 2880 -1408 ) (1264 2876 -1412 ) (1516 2876 -1412 ) 
4 469 470 (1584 2816 -1472 ) (1776 2816 -1472 ) (1776 2880 -1408 ) (1648 2880 -1408 ) 
4 471 475 (1548 2816 -1436 ) (1520 2816 -1436 ) (1520 2840 -1412 ) (1524 2840 -1412 ) 
4 471 472 (1520 2844 -1408 ) (1520 2816 -1436 ) (1520 2816 -1424 ) (1520 2824 -1408 ) 
4 472 489 (1264 2816 -1436 ) (1264 2816 -1424 ) (1264 2824 -1408 ) (1264 2844 -1408 ) 
4 472 484 (1264 2816 -1424 ) (1264 2816 -1436 ) (1520 2816 -1436 ) (1520 2816 -1424 ) 
4 472 475 (1520 2816 -1436 ) (1264 2816 -1436 ) (1264 2840 -1412 ) (1520 2840 -1412 ) 
4 472 473 (1264 2840 -1412 ) (1264 2844 -1408 ) (1518 2844 -1408 ) (1516 2840 -1412 ) 
4 473 489 (1264 2840 -1412 ) (1264 2844 -1408 ) (1264 2880 -1408 ) (1264 2876 -1412 ) 
4 473 475 (1516 2840 -1412 ) (1264 2840 -1412 ) (1264 2876.003906 -1412 ) (1516 2876.003906 -1412 ) 
4 473 474 (1516 2856 -1412 ) (1516 2876 -1412 ) (1518 2880 -1408 ) (1518 2852 -1408 ) 
4 474 475 (1516 2856 -1412 ) (1516 2876.003906 -1412 ) (1524 2876.003906 -1412 ) (1524 2856 -1412 ) 
4 475 489 (1264 2816 -1472 ) (1264 2816 -1436 ) (1264 2840 -1412 ) (1264 2876 -1412 ) 
4 475 484 (1264 2816 -1436 ) (1264 2816 -1472 ) (1520 2816 -1472 ) (1520 2816 -1436 ) 
4 476 500 (1792 3072 -1600 ) (2048 3072 -1600 ) (2048 2816 -1600 ) (1792 2816 -1600 ) 
4 476 482 (1792 2816 -1600 ) (2048 2816 -1600 ) (2048 2816 -1472 ) (1792 2816 -1472 ) 
4 477 478 (1776 2880 -1472 ) (1776 3072 -1472 ) (1776 3072 -1568 ) (1776 2880 -1568 ) 
4 478 479 (1552 3072 -1600 ) (1552 3008 -1600 ) (1552 3008 -1472 ) (1552 3072 -1472 ) 
4 478 480 (1552 2976 -1600 ) (1552 2816 -1600 ) (1552 2816 -1472 ) (1552 2976 -1472 ) 
4 479 481 (1520 3072 -1600 ) (1520 3008 -1600 ) (1520 3008 -1472 ) (1520 3072 -1472 ) 
4 480 481 (1520 2976 -1600 ) (1520 2816 -1600 ) (1520 2816 -1472 ) (1520 2976 -1472 ) 
4 481 489 (1264 2880 -1600 ) (1264 2816 -1600 ) (1264 2816 -1472 ) (1264 2880 -1472 ) 
4 481 485 (1264 3072 -1600 ) (1264 3008 -1600 ) (1264 3008 -1472 ) (1264 3072 -1472 ) 
4 481 486 (1264 2976 -1600 ) (1264 2880 -1600 ) (1264 2880 -1472 ) (1264 2976 -1472 ) 
4 481 484 (1264 2816 -1472 ) (1264 2816 -1600 ) (1520 2816 -1600 ) (1520 2816 -1472 ) 
4 482 530 (1792 2304 -1472 ) (1792 2304 -1600 ) (1840 2304 -1600 ) (1840 2304 -1472 ) 
4 482 506 (2048 2304 -1600 ) (2048 2304 -1344 ) (1840 2304 -1344 ) (1840 2304 -1600 ) 
4 482 500 (2048 2304 -1600 ) (1792 2304 -1600 ) (1792 2816 -1600 ) (2048 2816 -1600 ) 
4 482 483 (1792 2752 -1600 ) (1792 2304 -1600 ) (1792 2304 -1344 ) (1792 2752 -1344 ) 
4 483 530 (1648 2304 -1472 ) (1648 2304 -1600 ) (1792 2304 -1600 ) (1792 2304 -1472 ) 
4 483 501 (1776 2304 -1600 ) (1648 2304 -1600 ) (1648 2752 -1600 ) (1776 2752 -1600 ) 
4 483 500 (1792 2304 -1600 ) (1776 2304 -1600 ) (1776 2752 -1600 ) (1792 2752 -1600 ) 
4 485 487 (1236 3072 -1600 ) (1236 3008 -1600 ) (1236 3008 -1344 ) (1236 3072 -1344 ) 
4 486 489 (1236 2880 -1600 ) (1264 2880 -1600 ) (1264 2880 -1408 ) (1236 2880 -1408 ) 
4 486 487 (1236 2976 -1600 ) (1236 2880 -1600 ) (1236 2880 -1344 ) (1236 2976 -1344 ) 
4 487 490 (1136 2880 -1600 ) (1234 2880 -1600 ) (1138 2880 -1408 ) (1136 2880 -1408 ) 
4 487 489 (1234 2880 -1600 ) (1236 2880 -1600 ) (1236 2880 -1408 ) (1138 2880 -1408 ) 
4 487 488 (1136 2944 -1600 ) (1136 2880 -1600 ) (1136 2880 -1344 ) (1136 2944 -1344 ) 
4 488 494 (1072 2944 -1600 ) (1072 2880 -1600 ) (1072 2880 -1344 ) (1072 2944 -1344 ) 
4 488 490 (1072 2880 -1408 ) (1072 2880 -1600 ) (1136 2880 -1600 ) (1136 2880 -1408 ) 
3 489 493 (1170 2816 -1472 ) (1140 2816 -1412 ) (1140 2876 -1412 ) 
4 489 492 (1138 2852 -1408 ) (1138 2880 -1408 ) (1140 2876 -1412 ) (1140 2856 -1412 ) 
4 489 491 (1140 2816 -1412 ) (1138 2816 -1408 ) (1138 2844 -1408 ) (1140 2840 -1412 ) 
4 489 490 (1234 2816 -1600 ) (1170 2816 -1472 ) (1138 2880 -1408 ) (1234 2880 -1600 ) 
3 490 496 (1072 2816 -1472 ) (1072 2880 -1408 ) (1072 2880 -1472 ) 
4 490 495 (1072 2880 -1600 ) (1072 2816 -1600 ) (1072 2816 -1472 ) (1072 2880 -1472 ) 
4 490 493 (1072 2816 -1472 ) (1169.996094 2816 -1472 ) (1139.996094 2876 -1412 ) (1132 2876 -1412 ) 
4 490 492 (1139.996094 2876 -1412 ) (1137.996094 2880 -1408 ) (1136 2880 -1408 ) (1132 2876 -1412 ) 
4 491 493 (1140 2840 -1412 ) (1140 2816 -1412 ) (1132 2816 -1412 ) (1132 2840 -1412 ) 
4 492 493 (1132 2876.001953 -1412 ) (1140 2876.001953 -1412 ) (1140 2856 -1412 ) (1132 2856 -1412 ) 
4 494 998 (1024 2944 -1600 ) (1024 2880 -1600 ) (1024 2880 -1472 ) (1024 2944 -1472 ) 
4 494 568 (1024 2880 -1424 ) (1024 2880 -1344 ) (1024 2944 -1344 ) (1024 2944 -1424 ) 
4 494 567 (1024 2880 -1472 ) (1024 2880 -1424 ) (1024 2944 -1424 ) (1024 2944 -1472 ) 
4 494 496 (1072 2880 -1472 ) (1072 2880 -1408 ) (1024 2880 -1408 ) (1024 2880 -1424 ) 
4 494 495 (1024 2880 -1600 ) (1072 2880 -1600 ) (1072 2880 -1472 ) (1024 2880 -1424 ) 
4 495 998 (1024 2880 -1600 ) (1024 2752 -1600 ) (1024 2752 -1472 ) (1024 2880 -1472 ) 
4 495 567 (1024 2752 -1472 ) (1024 2752 -1424 ) (1024 2880 -1424 ) (1024 2880 -1472 ) 
4 495 497 (1024 2752 -1600 ) (1072 2752 -1600 ) (1072 2752 -1472 ) (1024 2752 -1424 ) 
4 495 496 (1072 2815.998047 -1472.001953 ) (1072 2880 -1472 ) (1024 2880 -1424 ) (1024 2864 -1424 ) 
3 496 569 (1024 2880 -1408 ) (1024 2880 -1424 ) (1024 2864 -1424 ) 
4 497 998 (1024 2752 -1600 ) (1024 2496 -1600 ) (1024 2496 -1472 ) (1024 2752 -1472 ) 
4 497 871 (1024 2496 -1472 ) (1024 2496 -1408 ) (1024 2560 -1408 ) (1024 2560 -1472 ) 
4 497 769 (1024 2560 -1408 ) (1024 2688 -1408 ) (1024 2688 -1472 ) (1024 2560 -1472 ) 
4 497 570 (1024 2688 -1408 ) (1024 2752 -1408 ) (1024 2752 -1472 ) (1024 2688 -1472 ) 
4 497 498 (1024 2496 -1600 ) (1072 2496 -1600 ) (1072 2496 -1472 ) (1024 2496 -1424 ) 
4 498 998 (1024 2496 -1600 ) (1024 2320 -1600 ) (1024 2320 -1472 ) (1024 2496 -1472 ) 
4 498 898 (1024 2320 -1472 ) (1024 2320 -1424 ) (1024 2368 -1424 ) (1024 2368 -1472 ) 
4 498 886 (1024 2368 -1424 ) (1024 2432 -1424 ) (1024 2432 -1472 ) (1024 2368 -1472 ) 
4 498 872 (1024 2432 -1424 ) (1024 2496 -1424 ) (1024 2496 -1472 ) (1024 2432 -1472 ) 
4 498 499 (1024 2320 -1600 ) (1072 2320 -1600 ) (1072 2320 -1472 ) (1024 2320 -1424 ) 
4 499 998 (1024 2320 -1600 ) (1024 2304 -1600 ) (1024 2304 -1472 ) (1024 2320 -1472 ) 
4 499 902 (1024 2304 -1472 ) (1024 2304 -1344 ) (1024 2320 -1344 ) (1024 2320 -1472 ) 
4 499 531 (1024 2304 -1472 ) (1024 2304 -1600 ) (1072 2304 -1600 ) (1072 2304 -1472 ) 
4 499 526 (1072 2304 -1344 ) (1056 2304 -1344 ) (1056 2304 -1472 ) (1072 2304 -1472 ) 
4 499 529 (1056 2304 -1344 ) (1024 2304 -1344 ) (1024 2304 -1472 ) (1056 2304 -1472 ) 
4 500 534 (1840 2304 -1600 ) (1776 2304 -1600 ) (1776 2304 -1616 ) (1840 2304 -1616 ) 
4 500 506 (2048 2304 -1616 ) (2048 2304 -1600 ) (1840 2304 -1600 ) (1840 2304 -1616 ) 
4 500 505 (2048 2304 -1616 ) (1776 2304 -1616 ) (1776 3072 -1616 ) (2048 3072 -1616 ) 
4 500 501 (1776 2816 -1616 ) (1776 2304 -1616 ) (1776 2304 -1600 ) (1776 2816 -1600 ) 
4 501 534 (1776 2304 -1600 ) (1520 2304 -1600 ) (1520 2304 -1616 ) (1776 2304 -1616 ) 
4 501 505 (1776 2304 -1616 ) (1520 2304 -1616 ) (1520 2816 -1616 ) (1776 2816 -1616 ) 
4 501 502 (1520 2808 -1616 ) (1520 2304 -1616 ) (1520 2304 -1600 ) (1520 2808 -1600 ) 
4 502 534 (1520 2304 -1600 ) (1264 2304 -1600 ) (1264 2304 -1616 ) (1520 2304 -1616 ) 
4 502 505 (1520 2304 -1616 ) (1264 2304 -1616 ) (1264 2808 -1616 ) (1520 2808 -1616 ) 
4 502 503 (1264 2808 -1616 ) (1264 2304 -1616 ) (1264 2304 -1600 ) (1264 2808 -1600 ) 
4 503 534 (1264 2304 -1600 ) (1136 2304 -1600 ) (1136 2304 -1616 ) (1264 2304 -1616 ) 
4 503 505 (1264 2304 -1616 ) (1136 2304 -1616 ) (1136 2808 -1616 ) (1264 2808 -1616 ) 
4 504 1099 (1024 3072 -1600 ) (1024 3072 -1616 ) (1024 3008 -1616 ) (1024 3008 -1600 ) 
4 504 505 (1024 3008 -1616 ) (1024 3072 -1616 ) (1136 3072 -1616 ) (1136 3008 -1616 ) 
4 505 1108 (1024 3072 -1616 ) (1024 3072 -3040 ) (1024 2304 -3040 ) (1024 2304 -1616 ) 
4 505 535 (1136 2304 -1616 ) (1024 2304 -1616 ) (1024 2304 -3040 ) (1136 2304 -3040 ) 
4 505 534 (1840 2304 -1616 ) (1136 2304 -1616 ) (1136 2304 -3040 ) (1840 2304 -3040 ) 
4 505 506 (2048 2304 -3040 ) (2048 2304 -1616 ) (1840 2304 -1616 ) (1840 2304 -3040 ) 
4 506 1224 (2048 2048 -3040 ) (2048 2048 -1600 ) (1840 2048 -1600 ) (1840 2048 -3040 ) 
4 506 1221 (2048 2048 -1600 ) (2048 2048 -1472 ) (1840 2048 -1472 ) (1840 2048 -1600 ) 
4 506 1220 (2048 2048 -1472 ) (2048 2048 -1248 ) (1840 2048 -1248 ) (1840 2048 -1472 ) 
4 506 1210 (2048 2048 -1248 ) (2048 2048 -1088 ) (1840 2048 -1088 ) (1840 2048 -1248 ) 
4 506 1112 (2048 2048 -1088 ) (2048 2048 -960 ) (1840 2048 -960 ) (1840 2048 -1088 ) 
4 506 1109 (2048 2048 -960 ) (2048 2048 2528 ) (1840 2048 2528 ) (1840 2048 -960 ) 
4 506 534 (1840 2304 -1600 ) (1840 2304 -3040 ) (1840 2048 -3040 ) (1840 2048 -1600 ) 
4 506 532 (1840 2176 -1600 ) (1840 2048 -1600 ) (1840 2048 -1472 ) (1840 2176 -1472 ) 
4 506 530 (1840 2304 -1472 ) (1840 2304 -1600 ) (1840 2176 -1600 ) (1840 2176 -1472 ) 
4 506 513 (1840 2304 -832 ) (1840 2304 -1088 ) (1840 2048 -1088 ) (1840 2048 -832 ) 
4 506 509 (1840 2304 -448 ) (1840 2304 -704 ) (1840 2048 -704 ) (1840 2048 -448 ) 
4 506 507 (1840 2304 2528 ) (1840 2304 -432 ) (1840 2048 -432 ) (1840 2048 2528 ) 
4 507 1159 (1840 2048 -432 ) (1840 2048 -320 ) (1409 2048 -320 ) (1409 2048 -432 ) 
5 507 1158 (1409 2048 -320 ) (1174 2048 -320 ) (1174 2048 -422 ) (1184 2048 -432 ) (1409 2048 -432 ) 
3 507 1157 (1174 2048 -320 ) (1072 2048 -320 ) (1174 2048 -422 ) 
3 507 1144 (1174 2048 -432 ) (1184 2048 -432 ) (1174 2048 -422 ) 
5 507 1143 (1072 2048 -320 ) (1024 2048 -320 ) (1024 2048 -432 ) (1174 2048 -432 ) (1174 2048 -422 ) 
4 507 1116 (1840 2048 -320 ) (1840 2048 0 ) (1024 2048 0 ) (1024 2048 -320 ) 
4 507 1114 (1840 2048 0 ) (1840 2048 2528 ) (1024 2048 2528 ) (1024 2048 0 ) 
4 507 929 (1024 2048 -432 ) (1024 2048 2528 ) (1024 2304 2528 ) (1024 2304 -432 ) 
4 507 508 (1024 2304 -432 ) (1184 2304 -432 ) (1184 2048 -432 ) (1024 2048 -432 ) 
4 508 1144 (1184 2048 -432 ) (1174 2048 -432 ) (1174 2048 -448 ) (1200 2048 -448 ) 
4 508 1143 (1174 2048 -432 ) (1024 2048 -432 ) (1024 2048 -448 ) (1174 2048 -448 ) 
4 508 929 (1024 2048 -448 ) (1024 2048 -432 ) (1024 2304 -432 ) (1024 2304 -448 ) 
4 508 510 (1024 2048 -448 ) (1024 2304 -448 ) (1200 2304 -448 ) (1200 2048 -448 ) 
4 509 1173 (1226 2048 -448 ) (1200 2048 -448 ) (1200 2048 -704 ) (1226 2048 -704 ) 
4 509 1166 (1840 2048 -704 ) (1840 2048 -448 ) (1226 2048 -448 ) (1226 2048 -704 ) 
4 509 510 (1200 2304 -704 ) (1200 2048 -704 ) (1200 2048 -448 ) (1200 2304 -448 ) 
4 510 1190 (1200 2048 -448 ) (1174 2048 -448 ) (1174 2048 -704 ) (1200 2048 -704 ) 
4 510 1189 (1174 2048 -448 ) (1024 2048 -448 ) (1024 2048 -704 ) (1174 2048 -704 ) 
4 510 932 (1024 2048 -704 ) (1024 2048 -448 ) (1024 2304 -448 ) (1024 2304 -704 ) 
4 510 511 (1024 2304 -704 ) (1056 2304 -704 ) (1056 2048 -704 ) (1024 2048 -704 ) 
4 511 1193 (1056 2048 -704 ) (1024 2048 -704 ) (1024 2048 -720 ) (1068 2048 -720 ) 
4 511 932 (1024 2048 -720 ) (1024 2048 -704 ) (1024 2304 -704 ) (1024 2304 -720 ) 
4 511 512 (1024 2048 -720 ) (1024 2304 -720 ) (1068 2304 -720 ) (1068 2048 -720 ) 
4 512 1194 (1072 2048 -720 ) (1024 2048 -720 ) (1024 2048 -832 ) (1072 2048 -832 ) 
4 512 932 (1024 2048 -832 ) (1024 2048 -720 ) (1024 2304 -720 ) (1024 2304 -832 ) 
4 512 514 (1024 2304 -832 ) (1072 2304 -832 ) (1072 2048 -832 ) (1024 2048 -832 ) 
4 513 1195 (1840 2048 -1088 ) (1840 2048 -832 ) (1072 2048 -832 ) (1072 2048 -1088 ) 
4 513 514 (1072 2304 -1088 ) (1072 2048 -1088 ) (1072 2048 -832 ) (1072 2304 -832 ) 
4 514 1196 (1072 2048 -832 ) (1024 2048 -832 ) (1024 2048 -1088 ) (1072 2048 -1088 ) 
4 514 936 (1024 2048 -1088 ) (1024 2048 -960 ) (1024 2304 -960 ) (1024 2304 -1088 ) 
4 514 932 (1024 2048 -960 ) (1024 2048 -832 ) (1024 2304 -832 ) (1024 2304 -960 ) 
4 514 516 (1024 2048 -1088 ) (1024 2112 -1088 ) (1072 2112 -1088 ) (1072 2048 -1088 ) 
4 514 515 (1024 2112 -1088 ) (1024 2304 -1088 ) (1072 2304 -1088 ) (1072 2112 -1088 ) 
4 515 936 (1024 2112 -1088 ) (1024 2304 -1088 ) (1024 2304 -1280 ) (1024 2112 -1280 ) 
4 515 525 (1024 2112 -1280 ) (1072 2112 -1280 ) (1072 2112 -1248 ) (1024 2112 -1248 ) 
4 515 524 (1072 2112 -1248 ) (1072 2112 -1152 ) (1024 2112 -1152 ) (1024 2112 -1248 ) 
4 515 516 (1072 2112 -1152 ) (1072 2112 -1088 ) (1024 2112 -1088 ) (1024 2112 -1152 ) 
4 516 1250 (1072 2048 -1088 ) (1024 2048 -1088 ) (1024 2048 -1152 ) (1072 2048 -1152 ) 
4 516 936 (1024 2048 -1152 ) (1024 2048 -1088 ) (1024 2112 -1088 ) (1024 2112 -1152 ) 
4 516 524 (1024 2048 -1152 ) (1024 2112 -1152 ) (1072 2112 -1152 ) (1072 2048 -1152 ) 
4 517 1211 (1136 2048 -1152 ) (1120 2048 -1152 ) (1120 2048 -1248 ) (1136 2048 -1248 ) 
5 517 523 (1120 2060 -1248 ) (1120 2048 -1248 ) (1120 2048 -1184 ) (1120 2064 -1184 ) (1120 2064 -1240 ) 
4 517 522 (1120 2048 -1184 ) (1120 2048 -1152 ) (1120 2064 -1152 ) (1120 2064 -1184 ) 
4 517 519 (1120 2064 -1176 ) (1120 2064 -1152 ) (1120 2096 -1152 ) (1120 2096 -1176 ) 
5 517 518 (1120 2112 -1248 ) (1120 2100 -1248 ) (1120 2096 -1240 ) (1120 2096 -1152 ) (1120 2112 -1152 ) 
4 518 521 (1092 2112 -1248 ) (1092 2100 -1248 ) (1092 2096 -1240 ) (1092 2112 -1240 ) 
4 518 520 (1092 2096 -1240 ) (1092 2096 -1152 ) (1092 2112 -1152 ) (1092 2112 -1240 ) 
4 518 519 (1092 2096 -1152 ) (1092 2096 -1176 ) (1120 2096 -1176 ) (1120 2096 -1152 ) 
4 519 522 (1120 2064 -1176 ) (1120 2064 -1152 ) (1092 2064 -1152 ) (1092 2064 -1176 ) 
4 519 520 (1092 2064 -1176 ) (1092 2064 -1152 ) (1092 2096 -1152 ) (1092 2096 -1176 ) 
4 520 524 (1076 2064 -1240 ) (1076 2064 -1160 ) (1076 2104 -1160 ) (1076 2104 -1240 ) 
5 520 522 (1076 2064 -1152 ) (1076 2064 -1248 ) (1088 2064 -1248 ) (1092 2064 -1240 ) (1092 2064 -1152 ) 
4 520 521 (1092 2112 -1240.001831 ) (1092 2096 -1240.001831 ) (1088 2100 -1248 ) (1088 2112 -1248 ) 
5 522 1214 (1076 2048 -1208 ) (1076 2048 -1248 ) (1088 2048 -1248 ) (1092 2048 -1240 ) (1092 2048 -1208 ) 
3 522 1213 (1092 2048 -1240 ) (1108 2048 -1208 ) (1092 2048 -1208 ) 
5 522 1212 (1120 2048 -1152 ) (1076 2048 -1152 ) (1076 2048 -1208 ) (1108 2048 -1208 ) (1120 2048 -1184 ) 
4 522 524 (1076 2048 -1240 ) (1076 2048 -1160 ) (1076 2064 -1160 ) (1076 2064 -1240 ) 
5 522 523 (1088 2048 -1248 ) (1088 2060 -1248 ) (1092 2064 -1240 ) (1120 2064 -1184 ) (1120 2048 -1184 ) 
3 523 1215 (1088 2048 -1248 ) (1092 2048 -1248 ) (1092 2048 -1240 ) 
5 523 1213 (1092 2048 -1248 ) (1120 2048 -1248 ) (1120 2048 -1208 ) (1108 2048 -1208 ) (1092 2048 -1240 ) 
3 523 1212 (1120 2048 -1208 ) (1120 2048 -1184 ) (1108 2048 -1208 ) 
4 524 1250 (1072 2048 -1152 ) (1024 2048 -1152 ) (1024 2048 -1248 ) (1072 2048 -1248 ) 
4 524 1218 (1072 2048 -1152 ) (1072 2048 -1248 ) (1076 2048 -1240 ) (1076 2048 -1160 ) 
4 524 936 (1024 2048 -1248 ) (1024 2048 -1152 ) (1024 2112 -1152 ) (1024 2112 -1248 ) 
4 524 525 (1024 2112 -1248 ) (1072 2112 -1248 ) (1072 2048 -1248 ) (1024 2048 -1248 ) 
4 525 1250 (1072 2048 -1248 ) (1024 2048 -1248 ) (1024 2048 -1280 ) (1072 2048 -1280 ) 
4 525 936 (1024 2048 -1280 ) (1024 2048 -1248 ) (1024 2112 -1248 ) (1024 2112 -1280 ) 
4 526 531 (1056 2304 -1472 ) (1072 2304 -1472 ) (1072 2176 -1472 ) (1056 2176 -1472 ) 
3 526 528 (1056 2176 -1464 ) (1056 2176 -1472 ) (1064 2176 -1472 ) 
4 526 527 (1056 2176 -1296 ) (1056 2176 -1456 ) (1072 2176 -1456 ) (1072 2176 -1296 ) 
4 526 529 (1056 2304 -1472 ) (1056 2176 -1472 ) (1056 2176 -1296 ) (1056 2304 -1296 ) 
4 527 1251 (1072 2048 -1456 ) (1072 2048 -1296 ) (1056 2048 -1296 ) (1056 2048 -1456 ) 
4 527 529 (1056 2048 -1456 ) (1056 2048 -1296 ) (1056 2176 -1296 ) (1056 2176 -1456 ) 
3 528 1251 (1056 2048 -1472 ) (1064 2048 -1472 ) (1056 2048 -1464 ) 
4 528 533 (1064 2048 -1472 ) (1056 2048 -1472 ) (1056 2176 -1472 ) (1064 2176 -1472 ) 
4 528 529 (1056 2176 -1472 ) (1056 2048 -1472 ) (1056 2048 -1464 ) (1056 2176 -1464 ) 
4 529 1251 (1024 2048 -1296 ) (1024 2048 -1472 ) (1056 2048 -1472 ) (1056 2048 -1296 ) 
4 529 966 (1024 2224 -1344 ) (1024 2256 -1344 ) (1024 2256 -1472 ) (1024 2224 -1472 ) 
4 529 965 (1024 2256 -1344 ) (1024 2304 -1344 ) (1024 2304 -1472 ) (1024 2256 -1472 ) 
4 529 969 (1024 2048 -1472 ) (1024 2048 -1344 ) (1024 2224 -1344 ) (1024 2224 -1472 ) 
5 529 949 (1024 2256 -1296 ) (1024 2304 -1296 ) (1024 2304 -1320 ) (1024 2288 -1328 ) (1024 2256 -1328 ) 
4 529 950 (1024 2048 -1344 ) (1024 2048 -1328 ) (1024 2288 -1328 ) (1024 2256 -1344 ) 
3 529 948 (1024 2304 -1320 ) (1024 2304 -1344 ) (1024 2256 -1344 ) 
4 529 533 (1024 2048 -1472 ) (1024 2176 -1472 ) (1056 2176 -1472 ) (1056 2048 -1472 ) 
4 529 531 (1024 2176 -1472 ) (1024 2304 -1472 ) (1056 2304 -1472 ) (1056 2176 -1472 ) 
4 530 534 (1136 2304 -1600 ) (1840 2304 -1600 ) (1840 2176 -1600 ) (1136 2176 -1600 ) 
4 530 532 (1136 2176 -1600 ) (1840 2176 -1600 ) (1840 2176 -1472 ) (1136 2176 -1472 ) 
4 531 1004 (1024 2224 -1472 ) (1024 2256 -1472 ) (1024 2256 -1600 ) (1024 2224 -1600 ) 
4 531 1007 (1024 2176 -1472 ) (1024 2224 -1472 ) (1024 2224 -1600 ) (1024 2176 -1600 ) 
4 531 998 (1024 2256 -1472 ) (1024 2304 -1472 ) (1024 2304 -1600 ) (1024 2256 -1600 ) 
4 531 533 (1024 2176 -1600 ) (1072 2176 -1600 ) (1072 2176 -1472 ) (1024 2176 -1472 ) 
4 532 1221 (1840 2048 -1600 ) (1840 2048 -1472 ) (1136 2048 -1472 ) (1136 2048 -1600 ) 
4 532 534 (1840 2176 -1600 ) (1840 2048 -1600 ) (1136 2048 -1600 ) (1136 2176 -1600 ) 
4 533 1251 (1072 2048 -1472 ) (1024 2048 -1472 ) (1024 2048 -1600 ) (1072 2048 -1600 ) 
4 533 1007 (1024 2048 -1600 ) (1024 2048 -1472 ) (1024 2176 -1472 ) (1024 2176 -1600 ) 
4 534 1224 (1840 2048 -3040 ) (1840 2048 -1600 ) (1136 2048 -1600 ) (1136 2048 -3040 ) 
4 534 535 (1136 2304 -3040 ) (1136 2048 -3040 ) (1136 2048 -1616 ) (1136 2304 -1616 ) 
4 535 1261 (1024 2048 -1616 ) (1024 2048 -3040 ) (1072 2048 -3040 ) (1072 2048 -1616 ) 
4 535 1225 (1072 2048 -3040 ) (1136 2048 -3040 ) (1136 2048 -1616 ) (1072 2048 -1616 ) 
4 535 1108 (1024 2048 -3040 ) (1024 2048 -1616 ) (1024 2304 -1616 ) (1024 2304 -3040 ) 
4 536 629 (360 2944 -576 ) (360 2944 -320 ) (360 3072 -320 ) (360 3072 -576 ) 
4 536 627 (360 2944 -320 ) (360 2944 2528 ) (360 3072 2528 ) (360 3072 -320 ) 
4 536 554 (360 2944 -320 ) (360 2944 -576 ) (624 2944 -576 ) (624 2944 -320 ) 
4 536 552 (624 2944 -576 ) (688 2944 -576 ) (688 2944 -320 ) (624 2944 -320 ) 
4 536 551 (688 2944 -576 ) (1024 2944 -576 ) (1024 2944 -320 ) (688 2944 -320 ) 
4 536 549 (360 2944 2528 ) (360 2944 -320 ) (632 2944 -320 ) (632 2944 2528 ) 
4 536 548 (632 2944 -320 ) (1024 2944 -320 ) (1024 2944 2528 ) (632 2944 2528 ) 
4 536 546 (368 2944 -576 ) (360 2944 -576 ) (360 2960 -576 ) (368 2960 -576 ) 
4 536 545 (360 2960 -576 ) (360 3072 -576 ) (368 3072 -576 ) (368 2960 -576 ) 
4 536 543 (560 2944 -576 ) (368 2944 -576 ) (368 2960 -576 ) (560 2960 -576 ) 
4 536 542 (368 2960 -576 ) (368 3072 -576 ) (560 3072 -576 ) (560 2960 -576 ) 
4 536 540 (576 2944 -576 ) (560 2944 -576 ) (560 2960 -576 ) (576 2960 -576 ) 
4 536 539 (560 2960 -576 ) (560 3072 -576 ) (576 3072 -576 ) (576 2960 -576 ) 
4 536 538 (624 2944 -576 ) (576 2944 -576 ) (576 3072 -576 ) (624 3072 -576 ) 
4 536 537 (944 2944 -576 ) (688 2944 -576 ) (688 3072 -576 ) (944 3072 -576 ) 
4 537 997 (944 2944 -1472 ) (688 2944 -1472 ) (688 3072 -1472 ) (944 3072 -1472 ) 
4 537 571 (688 2944 -1472 ) (944 2944 -1472 ) (944 2944 -640 ) (688 2944 -640 ) 
4 537 551 (944 2944 -640 ) (944 2944 -576 ) (688 2944 -576 ) (688 2944 -640 ) 
4 538 1008 (624 2944 -1472 ) (576 2944 -1472 ) (576 3072 -1472 ) (624 3072 -1472 ) 
4 538 584 (576 2944 -1472 ) (624 2944 -1472 ) (624 2944 -1408 ) (576 2944 -1408 ) 
4 538 583 (600 2944 -1392 ) (576 2944 -1392 ) (576 2944 -1408 ) (600 2944 -1408 ) 
4 538 582 (624 2944 -1408 ) (624 2944 -1392 ) (600 2944 -1392 ) (600 2944 -1408 ) 
4 538 580 (624 2944 -1392 ) (624 2944 -848 ) (576 2944 -848 ) (576 2944 -1392 ) 
4 538 579 (624 2944 -848 ) (624 2944 -832 ) (576 2944 -832 ) (576 2944 -848 ) 
4 538 573 (624 2944 -832 ) (624 2944 -640 ) (576 2944 -640 ) (576 2944 -832 ) 
4 538 561 (600 2944 -624 ) (576 2944 -624 ) (576 2944 -640 ) (600 2944 -640 ) 
4 538 560 (608 2944 -624 ) (600 2944 -624 ) (600 2944 -640 ) (608 2944 -640 ) 
4 538 559 (624 2944 -640 ) (624 2944 -624 ) (608 2944 -624 ) (608 2944 -640 ) 
4 538 554 (624 2944 -624 ) (624 2944 -576 ) (576 2944 -576 ) (576 2944 -624 ) 
4 538 540 (576 2944 -640 ) (576 2944 -576 ) (576 2960 -576 ) (576 2960 -640 ) 
4 538 541 (576 2960 -1472 ) (576 2944 -1472 ) (576 2944 -848 ) (576 2960 -848 ) 
4 538 539 (576 3072 -1472 ) (576 2960 -1472 ) (576 2960 -576 ) (576 3072 -576 ) 
4 539 1008 (560 2960 -1472 ) (560 3072 -1472 ) (576 3072 -1472 ) (576 2960 -1472 ) 
4 539 542 (560 3072 -1472 ) (560 2960 -1472 ) (560 2960 -576 ) (560 3072 -576 ) 
4 539 540 (560 2960 -576 ) (560 2960 -640 ) (576 2960 -640 ) (576 2960 -576 ) 
4 539 541 (560 2960 -848 ) (560 2960 -1472 ) (576 2960 -1472 ) (576 2960 -848 ) 
4 540 561 (576 2944 -640 ) (576 2944 -624 ) (560 2944 -624 ) (560 2944 -640 ) 
4 540 554 (576 2944 -624 ) (576 2944 -576 ) (560 2944 -576 ) (560 2944 -624 ) 
4 540 543 (560 2944 -640 ) (560 2944 -576 ) (560 2960 -576 ) (560 2960 -640 ) 
4 541 1008 (576 2944 -1472 ) (560 2944 -1472 ) (560 2960 -1472 ) (576 2960 -1472 ) 
4 541 584 (560 2944 -1472 ) (576 2944 -1472 ) (576 2944 -1408 ) (560 2944 -1408 ) 
4 541 583 (576 2944 -1408 ) (576 2944 -1392 ) (560 2944 -1392 ) (560 2944 -1408 ) 
4 541 580 (576 2944 -1392 ) (576 2944 -848 ) (560 2944 -848 ) (560 2944 -1392 ) 
4 541 544 (560 2960 -1472 ) (560 2944 -1472 ) (560 2944 -848 ) (560 2960 -848 ) 
4 542 1060 (368 2960 -1472 ) (368 3072 -1472 ) (432 3072 -1472 ) (432 2960 -1472 ) 
4 542 1032 (432 3072 -1472 ) (496 3072 -1472 ) (496 2960 -1472 ) (432 2960 -1472 ) 
4 542 1019 (496 3072 -1472 ) (560 3072 -1472 ) (560 2960 -1472 ) (496 2960 -1472 ) 
4 542 545 (368 3072 -1472 ) (368 2960 -1472 ) (368 2960 -576 ) (368 3072 -576 ) 
4 542 543 (368 2960 -576 ) (368 2960 -640 ) (560 2960 -640 ) (560 2960 -576 ) 
4 542 544 (368 2960 -848 ) (368 2960 -1472 ) (560 2960 -1472 ) (560 2960 -848 ) 
4 543 554 (560 2944 -624 ) (560 2944 -576 ) (368 2944 -576 ) (368 2944 -624 ) 
4 543 546 (368 2944 -640 ) (368 2944 -576 ) (368 2960 -576 ) (368 2960 -640 ) 
4 544 1060 (432 2944 -1472 ) (368 2944 -1472 ) (368 2960 -1472 ) (432 2960 -1472 ) 
4 544 1032 (496 2944 -1472 ) (432 2944 -1472 ) (432 2960 -1472 ) (496 2960 -1472 ) 
4 544 1019 (560 2944 -1472 ) (496 2944 -1472 ) (496 2960 -1472 ) (560 2960 -1472 ) 
4 544 584 (368 2944 -1472 ) (560 2944 -1472 ) (560 2944 -1408 ) (368 2944 -1408 ) 
4 544 583 (560 2944 -1408 ) (560 2944 -1392 ) (368 2944 -1392 ) (368 2944 -1408 ) 
4 544 581 (368 2944 -1376 ) (368 2944 -1392 ) (384 2944 -1392 ) (384 2944 -1376 ) 
4 544 580 (560 2944 -1392 ) (560 2944 -848 ) (384 2944 -848 ) (384 2944 -1392 ) 
4 544 547 (368 2960 -1472 ) (368 2944 -1472 ) (368 2944 -1376 ) (368 2960 -1376 ) 
4 545 1061 (360 2960 -1472 ) (360 3072 -1472 ) (368 3072 -1472 ) (368 2960 -1472 ) 
4 545 635 (360 2960 -794.666626 ) (360 2960 -640 ) (360 3072 -640 ) (360 3072 -720 ) 
4 545 634 (360 2960 -640 ) (360 2960 -624 ) (360 3072 -624 ) (360 3072 -640 ) 
4 545 631 (360 2960 -624 ) (360 2960 -576 ) (360 3072 -576 ) (360 3072 -624 ) 
4 545 608 (360 2960 -1058.666504 ) (360 2960 -794.666626 ) (360 3072 -720 ) (360 3072 -984 ) 
4 545 601 (360 3072 -1472 ) (360 2960 -1472 ) (360 2960 -1058.666504 ) (360 3072 -984 ) 
4 545 546 (368 2960 -640 ) (368 2960 -576 ) (360 2960 -576 ) (360 2960 -640 ) 
4 545 547 (368 2960 -1472 ) (368 2960 -1376 ) (360 2960 -1376 ) (360 2960 -1472 ) 
4 546 634 (360 2944 -640 ) (360 2944 -624 ) (360 2960 -624 ) (360 2960 -640 ) 
4 546 631 (360 2944 -624 ) (360 2944 -576 ) (360 2960 -576 ) (360 2960 -624 ) 
4 546 554 (360 2944 -576 ) (360 2944 -624 ) (368 2944 -624 ) (368 2944 -576 ) 
4 547 1061 (368 2944 -1472 ) (360 2944 -1472 ) (360 2960 -1472 ) (368 2960 -1472 ) 
4 547 602 (360 2960 -1472 ) (360 2944 -1472 ) (360 2944 -1376 ) (360 2960 -1376 ) 
4 547 596 (360 2944 -1384 ) (360 2944 -1472 ) (368 2944 -1472 ) (368 2944 -1384 ) 
4 548 758 (1024 2688 -320 ) (1024 2688 2528 ) (632 2688 2528 ) (632 2688 -320 ) 
4 548 552 (632 2816 -320 ) (632 2944 -320 ) (688 2944 -320 ) (688 2816 -320 ) 
4 548 553 (688 2688 -320 ) (632 2688 -320 ) (632 2816 -320 ) (688 2816 -320 ) 
4 548 551 (1024 2688 -320 ) (688 2688 -320 ) (688 2944 -320 ) (1024 2944 -320 ) 
4 548 550 (632 2688 -176 ) (632 2688 2528 ) (632 2816 2528 ) (632 2816 -304 ) 
4 548 549 (632 2944 -320 ) (632 2816 -320 ) (632 2816 2528 ) (632 2944 2528 ) 
4 549 627 (360 2816 2528 ) (360 2944 2528 ) (360 2944 -320 ) (360 2816 -320 ) 
4 549 555 (360 2816 -320 ) (360 2880 -320 ) (624 2880 -320 ) (624 2816 -320 ) 
4 549 554 (360 2880 -320 ) (360 2944 -320 ) (624 2944 -320 ) (624 2880 -320 ) 
4 549 552 (624 2944 -320 ) (632 2944 -320 ) (632 2816 -320 ) (624 2816 -320 ) 
4 549 550 (632 2816 -304 ) (632 2816 2528 ) (360 2816 2528 ) (360 2816 -304 ) 
4 550 771 (600 2688 2528 ) (360 2688 2528 ) (360 2688 -176 ) (600 2688 -176 ) 
4 550 759 (632 2688 2528 ) (600 2688 2528 ) (600 2688 -176 ) (632 2688 -176 ) 
4 550 628 (360 2688 -176 ) (360 2688 2528 ) (360 2816 2528 ) (360 2816 -304 ) 
4 551 760 (1024 2688 -640 ) (1024 2688 -320 ) (688 2688 -320 ) (688 2688 -640 ) 
4 551 571 (1008 2688 -640 ) (688 2688 -640 ) (688 2944 -640 ) (1008 2944 -640 ) 
4 551 563 (1008 2720 -640 ) (1008 2944 -640 ) (1024 2944 -640 ) (1024 2720 -640 ) 
4 551 552 (688 2816 -576 ) (688 2816 -320 ) (688 2944 -320 ) (688 2944 -576 ) 
4 551 553 (688 2816 -640 ) (688 2688 -640 ) (688 2688 -320 ) (688 2816 -320 ) 
4 552 555 (624 2816 -576 ) (624 2816 -320 ) (624 2880 -320 ) (624 2880 -576 ) 
4 552 554 (624 2880 -320 ) (624 2944 -320 ) (624 2944 -576 ) (624 2880 -576 ) 
4 552 553 (624 2816 -320 ) (624 2816 -576 ) (688 2816 -576 ) (688 2816 -320 ) 
4 553 760 (688 2688 -320 ) (624 2688 -320 ) (624 2688 -640 ) (688 2688 -640 ) 
4 553 572 (688 2688 -640 ) (624 2688 -640 ) (624 2816 -640 ) (688 2816 -640 ) 
4 554 631 (360 2944 -576 ) (360 2944 -624 ) (360 2880 -624 ) (360 2880 -576 ) 
4 554 629 (360 2880 -320 ) (360 2944 -320 ) (360 2944 -576 ) (360 2880 -576 ) 
4 554 561 (560 2944 -624 ) (600 2944 -624 ) (600 2880 -624 ) (560 2880 -624 ) 
4 554 560 (600 2944 -624 ) (608 2944 -624 ) (608 2880 -624 ) (600 2880 -624 ) 
4 554 559 (608 2944 -624 ) (624 2944 -624 ) (624 2880 -624 ) (608 2880 -624 ) 
4 554 555 (624 2880 -576 ) (624 2880 -320 ) (360 2880 -320 ) (360 2880 -576 ) 
4 554 556 (360 2880 -624 ) (624 2880 -624 ) (624 2880 -592 ) (360 2880 -592 ) 
4 555 629 (360 2816 -320 ) (360 2880 -320 ) (360 2880 -576 ) (360 2816 -576 ) 
4 556 632 (360 2880 -592 ) (360 2880 -624 ) (360 2816 -624 ) (360 2816 -592 ) 
4 556 562 (384 2880 -624 ) (416 2880 -624 ) (416 2816 -624 ) (384 2816 -624 ) 
4 556 561 (560 2880 -624 ) (600 2880 -624 ) (600 2816 -624 ) (560 2816 -624 ) 
4 556 560 (600 2880 -624 ) (608 2880 -624 ) (608 2816 -624 ) (600 2816 -624 ) 
4 556 559 (608 2880 -624 ) (624 2880 -624 ) (624 2816 -624 ) (608 2816 -624 ) 
4 556 557 (360 2816 -624 ) (608 2816 -624 ) (608 2816 -592 ) (360 2816 -592 ) 
4 557 633 (360 2816 -576 ) (360 2816 -624 ) (360 2800 -624 ) (360 2800 -576 ) 
4 557 562 (384 2816 -624 ) (416 2816 -624 ) (416 2800 -624 ) (384 2800 -624 ) 
4 557 561 (560 2816 -624 ) (600 2816 -624 ) (600 2800 -624 ) (560 2800 -624 ) 
4 557 560 (600 2816 -624 ) (608 2816 -624 ) (608 2800 -624 ) (600 2800 -624 ) 
4 557 558 (360 2800 -624 ) (608 2800 -624 ) (608 2800 -576 ) (360 2800 -576 ) 
4 558 772 (600 2688 -320 ) (360 2688 -320 ) (360 2688 -624 ) (600 2688 -624 ) 
4 558 633 (360 2688 -624 ) (360 2688 -576 ) (360 2800 -576 ) (360 2800 -624 ) 
4 558 630 (360 2688 -576 ) (360 2688 -320 ) (360 2800 -320 ) (360 2800 -576 ) 
4 558 562 (384 2800 -624 ) (416 2800 -624 ) (416 2688 -624 ) (384 2688 -624 ) 
4 558 561 (560 2800 -624 ) (600 2800 -624 ) (600 2704 -624 ) (560 2704 -624 ) 
4 558 560 (600 2800 -624 ) (608 2800 -624 ) (608 2688 -624 ) (600 2688 -624 ) 
4 559 585 (608 2816 -640 ) (608 2880 -640 ) (624 2880 -640 ) (624 2816 -640 ) 
4 559 573 (608 2880 -640 ) (608 2944 -640 ) (624 2944 -640 ) (624 2880 -640 ) 
4 559 560 (608 2944 -640 ) (608 2816 -640 ) (608 2816 -624 ) (608 2944 -624 ) 
4 560 586 (608 2688 -640 ) (600 2688 -640 ) (600 2880 -640 ) (608 2880 -640 ) 
4 560 573 (600 2880 -640 ) (600 2944 -640 ) (608 2944 -640 ) (608 2880 -640 ) 
4 560 561 (600 2944 -640 ) (600 2704 -640 ) (600 2704 -624 ) (600 2944 -624 ) 
4 561 587 (576 2880 -640 ) (600 2880 -640 ) (600 2704 -640 ) (576 2704 -640 ) 
4 561 573 (576 2944 -640 ) (600 2944 -640 ) (600 2880 -640 ) (576 2880 -640 ) 
4 562 773 (384 2688 -640 ) (416 2688 -640 ) (416 2688 -624 ) (384 2688 -624 ) 
4 562 589 (416 2688 -640 ) (384 2688 -640 ) (384 2864 -640 ) (416 2864 -640 ) 
4 563 571 (1008 2720 -640 ) (1008 2944 -640 ) (1008 2944 -800 ) (1008 2720 -800 ) 
4 563 565 (1012 2940 -800 ) (1024 2940 -800 ) (1024 2720 -800 ) (1012 2720 -800 ) 
4 563 564 (1008 2720 -640 ) (1008 2720 -800 ) (1024 2720 -800 ) (1024 2720 -656 ) 
4 564 764 (1012 2688 -704 ) (1008 2688 -704 ) (1008 2688 -800 ) (1012 2688 -800 ) 
4 564 763 (1024 2688 -800 ) (1024 2688 -704 ) (1012 2688 -704 ) (1012 2688 -800 ) 
4 564 761 (1024 2688 -704 ) (1024 2688 -656 ) (1008 2688 -640 ) (1008 2688 -704 ) 
4 564 571 (1008 2688 -800 ) (1008 2688 -640 ) (1008 2720 -640 ) (1008 2720 -800 ) 
4 564 565 (1024 2688 -800 ) (1012 2688 -800 ) (1012 2720 -800 ) (1024 2720 -800 ) 
4 565 763 (1024 2688 -832 ) (1024 2688 -800 ) (1012 2688 -800 ) (1012 2688 -832 ) 
4 566 571 (1008 2944 -848 ) (1008 2944 -896 ) (1008 2880 -896 ) (1008 2880 -848 ) 
4 566 568 (1008 2880 -896 ) (1008 2944 -896 ) (1024 2944 -896 ) (1024 2880 -896 ) 
4 567 998 (1024 2944 -1472 ) (1024 2752 -1472 ) (1008 2752 -1472 ) (1008 2944 -1472 ) 
4 567 571 (1008 2944 -1408 ) (1008 2944 -1472 ) (1008 2752 -1472 ) (1008 2752 -1408 ) 
4 567 570 (1008 2752 -1408 ) (1008 2752 -1472 ) (1024 2752 -1472 ) (1024 2752 -1424 ) 
4 567 569 (1024 2863.995850 -1424.003906 ) (1024 2880 -1424.003906 ) (1008 2880 -1408.003906 ) (1008 2879.995850 -1408.003906 ) 
4 567 568 (1024 2880 -1424.003906 ) (1024 2944 -1424.003906 ) (1008 2944 -1408.003906 ) (1008 2880 -1408.003906 ) 
4 568 571 (1008 2880 -896 ) (1008 2944 -896 ) (1008 2944 -1408 ) (1008 2880 -1408 ) 
3 568 569 (1008 2880 -1408 ) (1024 2880 -1424 ) (1024 2880 -1408 ) 
4 570 998 (1024 2752 -1472 ) (1024 2688 -1472 ) (1008 2688 -1472 ) (1008 2752 -1472 ) 
4 570 769 (1008 2688 -1472 ) (1024 2688 -1472 ) (1024 2688 -1408 ) (1008 2688 -1408 ) 
4 570 571 (1008 2688 -1472 ) (1008 2688 -1408 ) (1008 2752 -1408 ) (1008 2752 -1472 ) 
4 571 1002 (952 2688 -1472 ) (688 2688 -1472 ) (688 2944 -1472 ) (952 2944 -1472 ) 
4 571 999 (952 2943 -1472 ) (952 2944 -1472 ) (983 2944 -1472 ) (983 2943 -1472 ) 
4 571 1001 (983 2688 -1472 ) (952 2688 -1472 ) (952 2943 -1472 ) (983 2943 -1472 ) 
4 571 998 (1008 2688 -1472 ) (983 2688 -1472 ) (983 2944 -1472 ) (1008 2944 -1472 ) 
4 571 770 (688 2688 -1472 ) (1008 2688 -1472 ) (1008 2688 -840 ) (688 2688 -840 ) 
4 571 766 (1008 2688 -800 ) (1008 2688 -704 ) (688 2688 -704 ) (688 2688 -800 ) 
4 571 761 (1008 2688 -704 ) (1008 2688 -640 ) (688 2688 -640 ) (688 2688 -704 ) 
4 571 572 (688 2688 -1472 ) (688 2688 -640 ) (688 2816 -640 ) (688 2816 -1472 ) 
4 572 1003 (688 2688 -1472 ) (624 2688 -1472 ) (624 2816 -1472 ) (688 2816 -1472 ) 
4 572 770 (624 2688 -1472 ) (688 2688 -1472 ) (688 2688 -840 ) (624 2688 -840 ) 
4 572 766 (688 2688 -800 ) (688 2688 -704 ) (624 2688 -704 ) (624 2688 -800 ) 
4 572 761 (688 2688 -704 ) (688 2688 -640 ) (624 2688 -640 ) (624 2688 -704 ) 
4 573 587 (576 2880 -832 ) (600 2880 -832 ) (600 2880 -640 ) (576 2880 -640 ) 
4 573 585 (608 2880 -832 ) (624 2880 -832 ) (624 2880 -640 ) (608 2880 -640 ) 
4 573 586 (600 2880 -832 ) (608 2880 -832 ) (608 2880 -640 ) (600 2880 -640 ) 
4 573 579 (624 2880 -832 ) (576 2880 -832 ) (576 2944 -832 ) (624 2944 -832 ) 
4 574 588 (432 2880 -832 ) (560 2880 -832 ) (560 2880 -640 ) (432 2880 -640 ) 
4 574 575 (432 2944 -832 ) (432 2880 -832 ) (432 2880 -720 ) (432 2944 -720 ) 
4 575 577 (376 2936 -832 ) (376 2888 -832 ) (376 2888 -724 ) (376 2936 -724 ) 
4 576 593 (368 2884 -724 ) (368 2884 -720 ) (368 2940 -720 ) (368 2940 -724 ) 
4 576 578 (372 2884 -724 ) (368 2884 -724 ) (368 2940 -724 ) (372 2940 -724 ) 
4 577 578 (372 2888 -724 ) (372 2936 -724 ) (372 2936 -832 ) (372 2888 -832 ) 
4 578 593 (368 2940 -832 ) (368 2884 -832 ) (368 2884 -724 ) (368 2940 -724 ) 
4 579 587 (576 2880 -848 ) (600 2880 -848 ) (600 2880 -832 ) (576 2880 -832 ) 
4 579 585 (608 2880 -848 ) (624 2880 -848 ) (624 2880 -832 ) (608 2880 -832 ) 
4 579 586 (600 2880 -848 ) (608 2880 -848 ) (608 2880 -832 ) (600 2880 -832 ) 
4 579 580 (624 2880 -848 ) (576 2880 -848 ) (576 2944 -848 ) (624 2944 -848 ) 
4 580 590 (384 2880 -1392 ) (600 2880 -1392 ) (600 2880 -848 ) (384 2880 -848 ) 
4 580 585 (624 2880 -1088 ) (624 2880 -848 ) (608 2880 -848 ) (608 2880 -1088 ) 
4 580 586 (608 2880 -848 ) (600 2880 -848 ) (600 2880 -1088 ) (608 2880 -1088 ) 
4 580 583 (384 2896 -1392 ) (384 2944 -1392 ) (600 2944 -1392 ) (600 2896 -1392 ) 
4 580 582 (624 2880 -1392 ) (600 2880 -1392 ) (600 2944 -1392 ) (624 2944 -1392 ) 
4 580 581 (384 2944 -1392 ) (384 2880 -1392 ) (384 2880 -1376 ) (384 2944 -1376 ) 
4 581 596 (368 2944 -1384 ) (368 2944 -1392 ) (368 2880 -1392 ) (368 2880 -1384 ) 
4 581 591 (368 2880 -1376 ) (368 2880 -1392 ) (384 2880 -1392 ) (384 2880 -1376 ) 
4 581 583 (368 2896 -1392 ) (368 2944 -1392 ) (384 2944 -1392 ) (384 2896 -1392 ) 
4 582 584 (600 2896 -1408 ) (600 2944 -1408 ) (624 2944 -1408 ) (624 2896 -1408 ) 
4 582 583 (600 2944 -1408 ) (600 2896 -1408 ) (600 2896 -1392 ) (600 2944 -1392 ) 
4 583 596 (368 2944 -1392 ) (368 2944 -1408 ) (368 2896 -1408 ) (368 2896 -1392 ) 
4 583 584 (368 2896 -1408 ) (368 2944 -1408 ) (600 2944 -1408 ) (600 2896 -1408 ) 
4 584 1060 (368 2896 -1472 ) (368 2944 -1472 ) (432 2944 -1472 ) (432 2896 -1472 ) 
4 584 1032 (432 2944 -1472 ) (496 2944 -1472 ) (496 2896 -1472 ) (432 2896 -1472 ) 
4 584 1019 (496 2944 -1472 ) (560 2944 -1472 ) (560 2896 -1472 ) (496 2896 -1472 ) 
4 584 1008 (560 2944 -1472 ) (624 2944 -1472 ) (624 2896 -1472 ) (560 2896 -1472 ) 
4 584 596 (368 2944 -1408 ) (368 2944 -1472 ) (368 2896 -1472 ) (368 2896 -1408 ) 
4 585 586 (608 2880 -640 ) (608 2880 -1088 ) (608 2816 -1088 ) (608 2816 -640 ) 
4 586 590 (600 2880 -848 ) (600 2880 -1088 ) (600 2688 -1088 ) (600 2688 -848 ) 
4 586 587 (600 2880 -640 ) (600 2880 -848 ) (600 2704 -848 ) (600 2704 -640 ) 
4 587 590 (576 2880 -848 ) (600 2880 -848 ) (600 2704 -848 ) (576 2704 -848 ) 
4 588 775 (560 2688 -640 ) (432 2688 -640 ) (432 2688 -832 ) (560 2688 -832 ) 
4 589 778 (416 2688 -640 ) (384 2688 -640 ) (384 2688 -848 ) (416 2688 -848 ) 
4 589 590 (416 2864 -848 ) (416 2688 -848 ) (384 2688 -848 ) (384 2864 -848 ) 
4 590 780 (384 2688 -1376 ) (384 2688 -1392 ) (432 2688 -1392 ) (432 2688 -1376 ) 
4 590 777 (432 2688 -848 ) (416 2688 -848 ) (416 2688 -1376 ) (432 2688 -1376 ) 
4 590 778 (416 2688 -848 ) (384 2688 -848 ) (384 2688 -1376 ) (416 2688 -1376 ) 
4 590 776 (600 2688 -1392 ) (600 2688 -848 ) (432 2688 -848 ) (432 2688 -1392 ) 
4 590 591 (384 2880 -1392 ) (384 2688 -1392 ) (384 2688 -1376 ) (384 2880 -1376 ) 
4 591 780 (368 2688 -1376 ) (368 2688 -1392 ) (384 2688 -1392 ) (384 2688 -1376 ) 
5 591 598 (368 2688 -1392 ) (368 2688 -1376 ) (368 2868 -1376 ) (368 2880 -1384 ) (368 2880 -1392 ) 
4 592 1064 (432 2688 -1472 ) (384 2688 -1472 ) (384 2752 -1472 ) (432 2752 -1472 ) 
4 592 1062 (384 2752 -1472 ) (384 2880 -1472 ) (432 2880 -1472 ) (432 2752 -1472 ) 
4 592 1033 (496 2688 -1472 ) (432 2688 -1472 ) (432 2880 -1472 ) (496 2880 -1472 ) 
4 592 1020 (560 2688 -1472 ) (496 2688 -1472 ) (496 2880 -1472 ) (560 2880 -1472 ) 
4 592 1009 (600 2688 -1472 ) (560 2688 -1472 ) (560 2880 -1472 ) (600 2880 -1472 ) 
4 592 781 (384 2688 -1472 ) (600 2688 -1472 ) (600 2688 -1408 ) (384 2688 -1408 ) 
5 593 636 (360 2880 -832 ) (360 2880 -640 ) (360 2944 -640 ) (360 2944 -805.333374 ) (360 2904 -832 ) 
3 593 609 (360 2944 -805.333374 ) (360 2944 -832 ) (360 2904 -832 ) 
4 593 600 (368 2880 -824 ) (368 2880 -640 ) (360 2880 -640 ) (360 2880 -824 ) 
5 594 610 (360 2880 -1088 ) (360 2880 -848 ) (360 2944 -848 ) (360 2944 -1069.333252 ) (360 2916 -1088 ) 
3 594 603 (360 2944 -1069.333252 ) (360 2944 -1088 ) (360 2916 -1088 ) 
4 594 597 (368 2880 -1088 ) (368 2880 -848 ) (360 2880 -848 ) (360 2880 -1088 ) 
4 595 604 (360 2880 -1360 ) (360 2880 -1112 ) (360 2944 -1112 ) (360 2944 -1360 ) 
4 595 599 (368 2880 -1360 ) (368 2880 -1112 ) (360 2880 -1112 ) (360 2880 -1360 ) 
4 596 1061 (360 2880 -1472 ) (360 2944 -1472 ) (368 2944 -1472 ) (368 2880 -1472 ) 
4 596 605 (360 2944 -1472 ) (360 2880 -1472 ) (360 2880 -1384 ) (360 2944 -1384 ) 
4 596 598 (368 2880 -1472 ) (368 2880 -1384 ) (360 2880 -1384 ) (360 2880 -1472 ) 
4 597 790 (368 2688 -1216 ) (368 2688 -976 ) (360 2688 -976 ) (360 2688 -1216 ) 
4 597 626 (360 2688 -1216 ) (360 2688 -976 ) (360 2700 -968 ) (360 2700 -1208 ) 
4 597 625 (360 2700 -968 ) (360 2712 -960 ) (360 2712 -1200 ) (360 2700 -1208 ) 
4 597 624 (360 2712 -960 ) (360 2724 -952 ) (360 2724 -1192 ) (360 2712 -1200 ) 
4 597 623 (360 2724 -952 ) (360 2736 -944 ) (360 2736 -1184 ) (360 2724 -1192 ) 
4 597 622 (360 2736 -944 ) (360 2748 -936 ) (360 2748 -1176 ) (360 2736 -1184 ) 
4 597 621 (360 2748 -936 ) (360 2760 -928 ) (360 2760 -1168 ) (360 2748 -1176 ) 
4 597 620 (360 2760 -928 ) (360 2772 -920 ) (360 2772 -1160 ) (360 2760 -1168 ) 
4 597 619 (360 2772 -920 ) (360 2784 -912 ) (360 2784 -1152 ) (360 2772 -1160 ) 
4 597 618 (360 2784 -912 ) (360 2796 -904 ) (360 2796 -1144 ) (360 2784 -1152 ) 
4 597 617 (360 2796 -904 ) (360 2808 -896 ) (360 2808 -1136 ) (360 2796 -1144 ) 
4 597 616 (360 2808 -896 ) (360 2820 -888 ) (360 2820 -1128 ) (360 2808 -1136 ) 
4 597 615 (360 2820 -888 ) (360 2832 -880 ) (360 2832 -1120 ) (360 2820 -1128 ) 
4 597 614 (360 2832 -880 ) (360 2844 -872 ) (360 2844 -1112 ) (360 2832 -1120 ) 
4 597 613 (360 2844 -872 ) (360 2856 -864 ) (360 2856 -1104 ) (360 2844 -1112 ) 
4 597 612 (360 2856 -864 ) (360 2868 -856 ) (360 2868 -1096 ) (360 2856 -1104 ) 
4 597 611 (360 2868 -856 ) (360 2880 -848 ) (360 2880 -1088 ) (360 2868 -1096 ) 
4 598 1065 (368 2688 -1472 ) (360 2688 -1472 ) (360 2752 -1472 ) (368 2752 -1472 ) 
4 598 1063 (360 2752 -1472 ) (360 2880 -1472 ) (368 2880 -1472 ) (368 2752 -1472 ) 
4 598 803 (360 2688 -1472 ) (368 2688 -1472 ) (368 2688 -1256 ) (360 2688 -1256 ) 
4 598 607 (360 2880 -1472 ) (360 2688 -1472 ) (360 2688 -1256 ) (360 2880 -1384 ) 
3 599 606 (360 2694 -1236 ) (360 2880 -1112 ) (360 2880 -1360 ) 
4 600 782 (368 2688 -644 ) (368 2688 -640 ) (360 2688 -640 ) (360 2688 -644 ) 
4 600 786 (368 2688 -952 ) (368 2688 -644 ) (360 2688 -644 ) (360 2688 -952 ) 
4 600 652 (360 2688 -952 ) (360 2688 -880 ) (360 2700 -880 ) (360 2700 -944 ) 
4 600 651 (360 2700 -880 ) (360 2712 -880 ) (360 2712 -936 ) (360 2700 -944 ) 
4 600 650 (360 2712 -880 ) (360 2724 -880 ) (360 2724 -928 ) (360 2712 -936 ) 
4 600 649 (360 2724 -880 ) (360 2736 -880 ) (360 2736 -920 ) (360 2724 -928 ) 
4 600 648 (360 2736 -880 ) (360 2748 -880 ) (360 2748 -912 ) (360 2736 -920 ) 
4 600 647 (360 2748 -880 ) (360 2760 -880 ) (360 2760 -904 ) (360 2748 -912 ) 
4 600 646 (360 2760 -880 ) (360 2772 -880 ) (360 2772 -896 ) (360 2760 -904 ) 
4 600 645 (360 2772 -880 ) (360 2784 -880 ) (360 2784 -888 ) (360 2772 -896 ) 
3 600 644 (360 2784 -880 ) (360 2796 -880 ) (360 2784 -888 ) 
4 600 641 (360 2820 -640 ) (360 2832 -640 ) (360 2832 -856 ) (360 2820 -864 ) 
5 600 642 (360 2688 -880 ) (360 2688 -640 ) (360 2820 -640 ) (360 2820 -864 ) (360 2796 -880 ) 
4 600 640 (360 2832 -640 ) (360 2844 -640 ) (360 2844 -848 ) (360 2832 -856 ) 
4 600 639 (360 2844 -640 ) (360 2856 -640 ) (360 2856 -840 ) (360 2844 -848 ) 
4 600 638 (360 2856 -640 ) (360 2868 -640 ) (360 2868 -832 ) (360 2856 -840 ) 
4 600 637 (360 2868 -640 ) (360 2880 -640 ) (360 2880 -824 ) (360 2868 -832 ) 
4 601 1061 (296 2960 -1472 ) (296 3072 -1472 ) (360 3072 -1472 ) (360 2960 -1472 ) 
4 601 701 (296 3072 -984 ) (296 3072 -1232 ) (296 2960 -1157.333252 ) (296 2960 -1058.666504 ) 
4 601 653 (296 3072 -1232 ) (296 3072 -1472 ) (296 2960 -1472 ) (296 2960 -1157.333252 ) 
4 601 608 (296 3072 -984 ) (296 2960 -1058.666748 ) (360 2960 -1058.666748 ) (360 3072 -984 ) 
4 601 602 (360 2960 -1472 ) (360 2960 -1376 ) (296 2960 -1376 ) (296 2960 -1472 ) 
4 602 1061 (296 2944 -1472 ) (296 2960 -1472 ) (360 2960 -1472 ) (360 2944 -1472 ) 
4 602 654 (296 2960 -1472 ) (296 2944 -1472 ) (296 2944 -1376 ) (296 2960 -1376 ) 
4 602 605 (360 2944 -1472 ) (360 2944 -1384 ) (296 2944 -1384 ) (296 2944 -1472 ) 
3 603 718 (296 2904 -1096 ) (296 2944 -1069.333130 ) (296 2944 -1096 ) 
4 603 610 (296 2944 -1069.333374 ) (296 2904 -1096 ) (360 2904 -1096 ) (360 2944 -1069.333374 ) 
4 604 723 (296 2916 -1120 ) (296 2904 -1120 ) (296 2898 -1116 ) (296 2914 -1116 ) 
4 604 721 (296 2944 -1116 ) (296 2944 -1120 ) (296 2916 -1120 ) (296 2914 -1116 ) 
3 604 725 (296 2944 -1120 ) (296 2944 -1146.666504 ) (296 2904 -1120 ) 
4 604 720 (296 2892 -1112 ) (296 2944 -1112 ) (296 2944 -1116 ) (296 2898 -1116 ) 
5 604 655 (296 2880 -1360 ) (296 2880 -1112 ) (296 2892 -1112 ) (296 2944 -1146.666504 ) (296 2944 -1360 ) 
4 604 606 (360 2880 -1360 ) (360 2880 -1112.001953 ) (296 2880 -1112.001953 ) (296 2880 -1360 ) 
4 605 1061 (296 2880 -1472 ) (296 2944 -1472 ) (360 2944 -1472 ) (360 2880 -1472 ) 
4 605 656 (296 2944 -1472 ) (296 2880 -1472 ) (296 2880 -1384 ) (296 2944 -1384 ) 
4 605 607 (360 2880 -1472 ) (360 2880 -1384 ) (296 2880 -1384 ) (296 2880 -1472 ) 
3 606 659 (296 2694 -1236 ) (296 2880 -1112 ) (296 2880 -1360 ) 
4 607 1065 (360 2688 -1472 ) (296 2688 -1472 ) (296 2752 -1472 ) (360 2752 -1472 ) 
4 607 1063 (296 2752 -1472 ) (296 2880 -1472 ) (360 2880 -1472 ) (360 2752 -1472 ) 
4 607 803 (296 2688 -1472 ) (360 2688 -1472 ) (360 2688 -1256 ) (296 2688 -1256 ) 
4 607 657 (296 2880 -1472 ) (296 2688 -1472 ) (296 2688 -1256 ) (296 2880 -1384 ) 
4 608 701 (296 3072 -720 ) (296 3072 -984 ) (296 2960 -1058.666504 ) (296 2960 -794.666626 ) 
4 608 635 (296 3072 -720 ) (296 2960 -794.666626 ) (360 2960 -794.666626 ) (360 3072 -720 ) 
3 609 716 (296 2904 -832 ) (296 2944 -805.333252 ) (296 2944 -832 ) 
4 609 636 (296 2944 -805.333313 ) (296 2904 -832 ) (360 2904 -832 ) (360 2944 -805.333313 ) 
4 610 719 (296 2880 -1080 ) (296 2880 -848 ) (296 2888 -848 ) (296 2888 -1080 ) 
5 610 718 (296 2944 -1069.333130 ) (296 2904 -1096 ) (296 2888 -1096 ) (296 2888 -848 ) (296 2944 -848 ) 
4 610 611 (360 2880 -1096 ) (360 2880 -848 ) (296 2880 -848 ) (296 2880 -1096 ) 
4 611 727 (296 2868 -1096 ) (296 2868 -856 ) (296 2880 -848 ) (296 2880 -1088 ) 
4 611 612 (360 2868 -1104 ) (360 2868 -856 ) (296 2868 -856 ) (296 2868 -1104 ) 
4 612 727 (296 2856 -1088 ) (296 2856 -864 ) (296 2868 -856 ) (296 2868 -1096 ) 
3 612 658 (296 2856 -1104 ) (296 2856 -1088 ) (296 2868 -1096 ) 
4 612 613 (360 2856 -1112 ) (360 2856 -864 ) (296 2856 -864 ) (296 2856 -1112 ) 
4 613 727 (296 2844 -1080 ) (296 2844 -872 ) (296 2856 -864 ) (296 2856 -1088 ) 
4 613 658 (296 2844 -1112 ) (296 2844 -1080 ) (296 2856 -1088 ) (296 2856 -1104 ) 
4 613 614 (360 2844 -1120 ) (360 2844 -872 ) (296 2844 -872 ) (296 2844 -1120 ) 
4 614 727 (296 2832 -1072 ) (296 2832 -880 ) (296 2844 -872 ) (296 2844 -1080 ) 
4 614 658 (296 2832 -1120 ) (296 2832 -1072 ) (296 2844 -1080 ) (296 2844 -1112 ) 
4 614 615 (360 2832 -1128 ) (360 2832 -880 ) (296 2832 -880 ) (296 2832 -1128 ) 
4 615 727 (296 2820 -1064 ) (296 2820 -888 ) (296 2832 -880 ) (296 2832 -1072 ) 
4 615 658 (296 2820 -1128 ) (296 2820 -1064 ) (296 2832 -1072 ) (296 2832 -1120 ) 
4 615 616 (360 2820 -1136 ) (360 2820 -888 ) (296 2820 -888 ) (296 2820 -1136 ) 
4 616 727 (296 2808 -1056 ) (296 2808 -896 ) (296 2820 -888 ) (296 2820 -1064 ) 
4 616 658 (296 2808 -1136 ) (296 2808 -1056 ) (296 2820 -1064 ) (296 2820 -1128 ) 
4 616 617 (360 2808 -1144 ) (360 2808 -896 ) (296 2808 -896 ) (296 2808 -1144 ) 
4 617 727 (296 2796 -1048 ) (296 2796 -904 ) (296 2808 -896 ) (296 2808 -1056 ) 
4 617 658 (296 2796 -1144 ) (296 2796 -1048 ) (296 2808 -1056 ) (296 2808 -1136 ) 
4 617 618 (360 2796 -1152 ) (360 2796 -904 ) (296 2796 -904 ) (296 2796 -1152 ) 
4 618 727 (296 2784 -1040 ) (296 2784 -912 ) (296 2796 -904 ) (296 2796 -1048 ) 
4 618 658 (296 2784 -1152 ) (296 2784 -1040 ) (296 2796 -1048 ) (296 2796 -1144 ) 
4 618 619 (360 2784 -1160 ) (360 2784 -912 ) (296 2784 -912 ) (296 2784 -1160 ) 
4 619 727 (296 2772 -1032 ) (296 2772 -920 ) (296 2784 -912 ) (296 2784 -1040 ) 
4 619 658 (296 2772 -1160 ) (296 2772 -1032 ) (296 2784 -1040 ) (296 2784 -1152 ) 
4 619 620 (360 2772 -1168 ) (360 2772 -920 ) (296 2772 -920 ) (296 2772 -1168 ) 
4 620 727 (296 2760 -1024 ) (296 2760 -928 ) (296 2772 -920 ) (296 2772 -1032 ) 
4 620 658 (296 2760 -1168 ) (296 2760 -1024 ) (296 2772 -1032 ) (296 2772 -1160 ) 
4 620 621 (360 2760 -1176 ) (360 2760 -928 ) (296 2760 -928 ) (296 2760 -1176 ) 
4 621 727 (296 2748 -1016 ) (296 2748 -936 ) (296 2760 -928 ) (296 2760 -1024 ) 
4 621 658 (296 2748 -1176 ) (296 2748 -1016 ) (296 2760 -1024 ) (296 2760 -1168 ) 
4 621 622 (360 2748 -1184 ) (360 2748 -936 ) (296 2748 -936 ) (296 2748 -1184 ) 
4 622 727 (296 2736 -1008 ) (296 2736 -944 ) (296 2748 -936 ) (296 2748 -1016 ) 
4 622 658 (296 2736 -1184 ) (296 2736 -1008 ) (296 2748 -1016 ) (296 2748 -1176 ) 
4 622 623 (360 2736 -1192 ) (360 2736 -944 ) (296 2736 -944 ) (296 2736 -1192 ) 
4 623 727 (296 2724 -1000 ) (296 2724 -952 ) (296 2736 -944 ) (296 2736 -1008 ) 
4 623 658 (296 2724 -1192 ) (296 2724 -1000 ) (296 2736 -1008 ) (296 2736 -1184 ) 
4 623 624 (360 2724 -1200 ) (360 2724 -952 ) (296 2724 -952 ) (296 2724 -1200 ) 
4 624 727 (296 2712 -992 ) (296 2712 -960 ) (296 2724 -952 ) (296 2724 -1000 ) 
4 624 658 (296 2712 -1200 ) (296 2712 -992 ) (296 2724 -1000 ) (296 2724 -1192 ) 
4 624 625 (360 2712 -1208 ) (360 2712 -960 ) (296 2712 -960 ) (296 2712 -1208 ) 
4 625 727 (296 2700 -984 ) (296 2700 -968 ) (296 2712 -960 ) (296 2712 -992 ) 
4 625 658 (296 2700 -1208 ) (296 2700 -984 ) (296 2712 -992 ) (296 2712 -1200 ) 
4 625 626 (360 2700 -1216 ) (360 2700 -968 ) (296 2700 -968 ) (296 2700 -1216 ) 
4 626 800 (360 2688 -1224 ) (360 2688 -1216 ) (296 2688 -1216 ) (296 2688 -1224 ) 
4 626 793 (296 2688 -980 ) (296 2688 -984 ) (344 2688 -984 ) (344 2688 -980 ) 
4 626 792 (344 2688 -976 ) (296 2688 -976 ) (296 2688 -980 ) (344 2688 -980 ) 
4 626 797 (296 2688 -984 ) (296 2688 -1216 ) (344 2688 -1216 ) (344 2688 -984 ) 
4 626 791 (360 2688 -1216 ) (360 2688 -992 ) (344 2688 -992 ) (344 2688 -1216 ) 
3 626 727 (296 2688 -976 ) (296 2700 -968 ) (296 2700 -984 ) 
4 626 658 (296 2688 -1216 ) (296 2688 -976 ) (296 2700 -984 ) (296 2700 -1208 ) 
4 627 702 (296 2944 -320 ) (296 2816 -320 ) (296 2816 2528 ) (296 2944 2528 ) 
4 627 700 (296 3072 2528 ) (296 3072 -320 ) (296 2944 -320 ) (296 2944 2528 ) 
4 627 629 (296 2816 -320 ) (296 3072 -320 ) (360 3072 -320 ) (360 2816 -320 ) 
4 627 628 (360 2816 -304 ) (360 2816 2528 ) (296 2816 2528 ) (296 2816 -304 ) 
4 628 771 (360 2688 -176 ) (360 2688 2528 ) (296 2688 2528 ) (296 2688 -176 ) 
4 628 703 (296 2688 -176 ) (296 2688 2528 ) (296 2816 2528 ) (296 2816 -304 ) 
4 629 704 (296 2944 -576 ) (296 2816 -576 ) (296 2816 -320 ) (296 2944 -320 ) 
4 629 700 (296 3072 -320 ) (296 3072 -576 ) (296 2944 -576 ) (296 2944 -320 ) 
4 629 631 (296 2880 -576 ) (296 3072 -576 ) (360 3072 -576 ) (360 2880 -576 ) 
4 630 772 (360 2688 -576 ) (360 2688 -320 ) (296 2688 -320 ) (296 2688 -576 ) 
4 630 705 (296 2800 -576 ) (296 2688 -576 ) (296 2688 -320 ) (296 2800 -320 ) 
4 630 633 (296 2688 -576 ) (296 2800 -576 ) (360 2800 -576 ) (360 2688 -576 ) 
4 631 707 (296 2944 -624 ) (296 2880 -624 ) (296 2880 -576 ) (296 2944 -576 ) 
4 631 700 (296 3072 -576 ) (296 3072 -624 ) (296 2944 -624 ) (296 2944 -576 ) 
4 631 634 (296 2944 -624 ) (296 3072 -624 ) (360 3072 -624 ) (360 2944 -624 ) 
4 631 632 (296 2880 -624 ) (360 2880 -624 ) (360 2880 -592 ) (296 2880 -592 ) 
4 632 708 (296 2880 -624 ) (296 2816 -624 ) (296 2816 -592 ) (296 2880 -592 ) 
4 632 633 (296 2816 -624 ) (360 2816 -624 ) (360 2816 -592 ) (296 2816 -592 ) 
4 633 772 (360 2688 -624 ) (360 2688 -576 ) (296 2688 -576 ) (296 2688 -624 ) 
4 633 709 (296 2816 -624 ) (296 2688 -624 ) (296 2688 -576 ) (296 2816 -576 ) 
4 634 700 (296 3072 -624 ) (296 3072 -640 ) (296 2944 -640 ) (296 2944 -624 ) 
4 634 635 (296 2960 -640 ) (296 3072 -640 ) (360 3072 -640 ) (360 2960 -640 ) 
4 635 701 (296 3072 -640 ) (296 3072 -720 ) (296 2960 -794.666626 ) (296 2960 -640 ) 
4 636 717 (296 2880 -824 ) (296 2880 -644 ) (296 2888 -644 ) (296 2888 -824 ) 
5 636 716 (296 2944 -805.333313 ) (296 2904 -832 ) (296 2888 -832 ) (296 2888 -644 ) (296 2944 -644 ) 
4 636 714 (296 2880 -644 ) (296 2880 -640 ) (296 2914 -640 ) (296 2916 -644 ) 
4 636 712 (296 2914 -640 ) (296 2944 -640 ) (296 2944 -644 ) (296 2916 -644 ) 
4 636 637 (360 2880 -832 ) (360 2880 -640 ) (296 2880 -640 ) (296 2880 -832 ) 
4 637 726 (296 2868 -832 ) (296 2868 -640 ) (296 2880 -640 ) (296 2880 -824 ) 
4 637 638 (360 2868 -840 ) (360 2868 -640 ) (296 2868 -640 ) (296 2868 -840 ) 
4 638 726 (296 2856 -840 ) (296 2856 -640 ) (296 2868 -640 ) (296 2868 -832 ) 
4 638 639 (360 2856 -848 ) (360 2856 -640 ) (296 2856 -640 ) (296 2856 -848 ) 
4 639 726 (296 2844 -848 ) (296 2844 -640 ) (296 2856 -640 ) (296 2856 -840 ) 
4 639 640 (360 2844 -856 ) (360 2844 -640 ) (296 2844 -640 ) (296 2844 -856 ) 
4 640 726 (296 2832 -856 ) (296 2832 -640 ) (296 2844 -640 ) (296 2844 -848 ) 
4 640 641 (360 2832 -864 ) (360 2832 -640 ) (296 2832 -640 ) (296 2832 -864 ) 
4 641 726 (296 2820 -864 ) (296 2820 -640 ) (296 2832 -640 ) (296 2832 -856 ) 
4 641 642 (360 2820 -872 ) (360 2820 -640 ) (296 2820 -640 ) (296 2820 -872 ) 
4 642 782 (360 2688 -644 ) (360 2688 -640 ) (296 2688 -640 ) (296 2688 -644 ) 
4 642 786 (360 2688 -880 ) (360 2688 -644 ) (296 2688 -644 ) (296 2688 -880 ) 
5 642 726 (296 2796 -880 ) (296 2688 -880 ) (296 2688 -640 ) (296 2820 -640 ) (296 2820 -864 ) 
4 642 652 (296 2688 -880 ) (296 2700 -880 ) (360 2700 -880 ) (360 2688 -880 ) 
4 642 651 (296 2700 -880 ) (296 2712 -880 ) (360 2712 -880 ) (360 2700 -880 ) 
4 642 650 (296 2712 -880 ) (296 2724 -880 ) (360 2724 -880 ) (360 2712 -880 ) 
4 642 649 (296 2724 -880 ) (296 2736 -880 ) (360 2736 -880 ) (360 2724 -880 ) 
4 642 648 (296 2736 -880 ) (296 2748 -880 ) (360 2748 -880 ) (360 2736 -880 ) 
4 642 647 (296 2748 -880 ) (296 2760 -880 ) (360 2760 -880 ) (360 2748 -880 ) 
4 642 646 (296 2760 -880 ) (296 2772 -880 ) (360 2772 -880 ) (360 2760 -880 ) 
4 642 645 (296 2772 -880 ) (296 2784 -880 ) (360 2784 -880 ) (360 2772 -880 ) 
4 642 644 (296 2784 -880 ) (296 2796 -880 ) (360 2796 -880 ) (360 2784 -880 ) 
4 642 643 (296 2796 -880 ) (296 2808 -880 ) (360 2808 -880 ) (360 2796 -880 ) 
4 643 644 (360 2796 -888 ) (360 2796 -880 ) (296 2796 -880 ) (296 2796 -888 ) 
3 644 726 (296 2784 -888 ) (296 2784 -880 ) (296 2796 -880 ) 
4 644 645 (360 2784 -896 ) (360 2784 -880 ) (296 2784 -880 ) (296 2784 -896 ) 
4 645 726 (296 2772 -896 ) (296 2772 -880 ) (296 2784 -880 ) (296 2784 -888 ) 
4 645 646 (360 2772 -904 ) (360 2772 -880 ) (296 2772 -880 ) (296 2772 -904 ) 
4 646 726 (296 2760 -904 ) (296 2760 -880 ) (296 2772 -880 ) (296 2772 -896 ) 
4 646 647 (360 2760 -912 ) (360 2760 -880 ) (296 2760 -880 ) (296 2760 -912 ) 
4 647 726 (296 2748 -912 ) (296 2748 -880 ) (296 2760 -880 ) (296 2760 -904 ) 
4 647 648 (360 2748 -920 ) (360 2748 -880 ) (296 2748 -880 ) (296 2748 -920 ) 
4 648 726 (296 2736 -920 ) (296 2736 -880 ) (296 2748 -880 ) (296 2748 -912 ) 
4 648 649 (360 2736 -928 ) (360 2736 -880 ) (296 2736 -880 ) (296 2736 -928 ) 
4 649 726 (296 2724 -928 ) (296 2724 -880 ) (296 2736 -880 ) (296 2736 -920 ) 
4 649 650 (360 2724 -936 ) (360 2724 -880 ) (296 2724 -880 ) (296 2724 -936 ) 
4 650 726 (296 2712 -936 ) (296 2712 -880 ) (296 2724 -880 ) (296 2724 -928 ) 
4 650 651 (360 2712 -944 ) (360 2712 -880 ) (296 2712 -880 ) (296 2712 -944 ) 
4 651 726 (296 2700 -944 ) (296 2700 -880 ) (296 2712 -880 ) (296 2712 -936 ) 
4 651 652 (360 2700 -952 ) (360 2700 -880 ) (296 2700 -880 ) (296 2700 -952 ) 
4 652 787 (360 2688 -960 ) (360 2688 -952 ) (296 2688 -952 ) (296 2688 -960 ) 
4 652 786 (360 2688 -952 ) (360 2688 -880 ) (296 2688 -880 ) (296 2688 -952 ) 
4 652 726 (296 2688 -952 ) (296 2688 -880 ) (296 2700 -880 ) (296 2700 -944 ) 
4 653 1061 (264 2960 -1472 ) (264 3072 -1472 ) (296 3072 -1472 ) (296 2960 -1472 ) 
4 653 701 (296 2960 -1157.333252 ) (296 3072 -1232 ) (264 3072 -1232 ) (264 2960 -1157.333252 ) 
5 653 667 (264 2960 -1157.333252 ) (264 3072 -1232 ) (264 3072 -1472 ) (264 3036 -1472 ) (264 2960 -1421.333374 ) 
3 653 663 (264 3036 -1472 ) (264 2960 -1472 ) (264 2960 -1421.333374 ) 
4 653 654 (264 2960 -1376 ) (264 2960 -1472 ) (296 2960 -1472 ) (296 2960 -1376 ) 
4 654 1061 (264 2944 -1472 ) (264 2960 -1472 ) (296 2960 -1472 ) (296 2944 -1472 ) 
4 654 668 (264 2960 -1376 ) (264 2960 -1421.333374 ) (264 2944 -1410.666626 ) (264 2944 -1376 ) 
4 654 663 (264 2960 -1421.333374 ) (264 2960 -1472 ) (264 2944 -1472 ) (264 2944 -1410.666626 ) 
4 654 656 (264 2944 -1384 ) (264 2944 -1472 ) (296 2944 -1472 ) (296 2944 -1384 ) 
4 655 724 (288 2904 -1120 ) (272 2904 -1120 ) (276 2898 -1116 ) (284 2898 -1116 ) 
4 655 723 (296 2898 -1116 ) (296 2904 -1120 ) (288 2904 -1120 ) (284 2898 -1116 ) 
4 655 722 (272 2904 -1120 ) (264 2904 -1120 ) (264 2898 -1116 ) (276 2898 -1116 ) 
4 655 725 (296 2904 -1120 ) (296 2944 -1146.666626 ) (264 2944 -1146.666626 ) (264 2904 -1120 ) 
4 655 720 (296 2892 -1112 ) (296 2898 -1116 ) (264 2898 -1116 ) (264 2892 -1112 ) 
5 655 669 (264 2892 -1112 ) (264 2944 -1146.666626 ) (264 2944 -1360 ) (264 2880 -1360 ) (264 2880 -1112 ) 
4 655 661 (264 2880 -1112 ) (264 2880 -1344 ) (272 2880 -1344 ) (272 2880 -1112 ) 
4 655 660 (272 2880 -1360 ) (288 2880 -1360 ) (288 2880 -1112 ) (272 2880 -1112 ) 
4 655 659 (288 2880 -1360 ) (296 2880 -1360 ) (296 2880 -1112 ) (288 2880 -1112 ) 
4 656 1061 (264 2880 -1472 ) (264 2944 -1472 ) (296 2944 -1472 ) (296 2880 -1472 ) 
3 656 670 (264 2944 -1384 ) (264 2944 -1410.666626 ) (264 2904 -1384 ) 
5 656 663 (264 2944 -1410.666626 ) (264 2944 -1472 ) (264 2880 -1472 ) (264 2880 -1384 ) (264 2904 -1384 ) 
4 656 662 (264 2880 -1384 ) (264 2880 -1472 ) (272 2880 -1472 ) (272 2880 -1384 ) 
4 656 657 (272 2880 -1472 ) (296 2880 -1472 ) (296 2880 -1384 ) (272 2880 -1384 ) 
4 657 1065 (296 2688 -1472 ) (272 2688 -1472 ) (272 2752 -1472 ) (296 2752 -1472 ) 
4 657 1063 (272 2752 -1472 ) (272 2880 -1472 ) (296 2880 -1472 ) (296 2752 -1472 ) 
4 657 803 (272 2688 -1472 ) (296 2688 -1472 ) (296 2688 -1256 ) (272 2688 -1256 ) 
4 657 662 (272 2880 -1384 ) (272 2880 -1472 ) (272 2688 -1472 ) (272 2688 -1256 ) 
4 658 793 (296 2688 -984 ) (296 2688 -980 ) (288 2688 -980 ) (288 2688 -984 ) 
4 658 792 (296 2688 -980 ) (296 2688 -976 ) (288 2688 -976 ) (288 2688 -980 ) 
4 658 797 (296 2688 -1216 ) (296 2688 -984 ) (288 2688 -984 ) (288 2688 -1216 ) 
4 658 727 (288 2688 -976 ) (296 2688 -976 ) (296 2868 -1096 ) (288 2868 -1096 ) 
3 658 660 (288 2688 -1216 ) (288 2688 -976 ) (288 2868 -1096 ) 
3 659 660 (288 2880 -1112 ) (288 2880 -1360 ) (288 2694 -1236 ) 
4 660 793 (272 2688 -980 ) (272 2688 -984 ) (288 2688 -984 ) (288 2688 -980 ) 
4 660 792 (288 2688 -976 ) (272 2688 -976 ) (272 2688 -980 ) (288 2688 -980 ) 
4 660 797 (272 2688 -984 ) (272 2688 -1216 ) (288 2688 -1216 ) (288 2688 -984 ) 
4 660 728 (272 2688 -976 ) (288 2688 -976 ) (288 2880 -1104 ) (272 2880 -1104 ) 
4 660 661 (272 2880 -1104 ) (272 2880 -1344 ) (272 2688 -1216 ) (272 2688 -976 ) 
4 661 793 (272 2688 -984 ) (272 2688 -980 ) (264 2688 -980 ) (264 2688 -984 ) 
4 661 792 (272 2688 -980 ) (272 2688 -976 ) (264 2688 -976 ) (264 2688 -980 ) 
4 661 797 (272 2688 -1216 ) (272 2688 -984 ) (264 2688 -984 ) (264 2688 -1216 ) 
4 661 686 (264 2688 -1216 ) (264 2688 -976 ) (264 2700 -984 ) (264 2700 -1224 ) 
4 661 685 (264 2700 -984 ) (264 2712 -992 ) (264 2712 -1232 ) (264 2700 -1224 ) 
4 661 684 (264 2712 -992 ) (264 2724 -1000 ) (264 2724 -1240 ) (264 2712 -1232 ) 
4 661 683 (264 2724 -1000 ) (264 2736 -1008 ) (264 2736 -1248 ) (264 2724 -1240 ) 
4 661 682 (264 2736 -1008 ) (264 2748 -1016 ) (264 2748 -1256 ) (264 2736 -1248 ) 
4 661 681 (264 2748 -1016 ) (264 2760 -1024 ) (264 2760 -1264 ) (264 2748 -1256 ) 
4 661 680 (264 2760 -1024 ) (264 2772 -1032 ) (264 2772 -1272 ) (264 2760 -1264 ) 
4 661 679 (264 2772 -1032 ) (264 2784 -1040 ) (264 2784 -1280 ) (264 2772 -1272 ) 
4 661 678 (264 2784 -1040 ) (264 2796 -1048 ) (264 2796 -1288 ) (264 2784 -1280 ) 
4 661 677 (264 2796 -1048 ) (264 2808 -1056 ) (264 2808 -1296 ) (264 2796 -1288 ) 
4 661 676 (264 2808 -1056 ) (264 2820 -1064 ) (264 2820 -1304 ) (264 2808 -1296 ) 
4 661 675 (264 2820 -1064 ) (264 2832 -1072 ) (264 2832 -1312 ) (264 2820 -1304 ) 
4 661 674 (264 2832 -1072 ) (264 2844 -1080 ) (264 2844 -1320 ) (264 2832 -1312 ) 
4 661 673 (264 2844 -1080 ) (264 2856 -1088 ) (264 2856 -1328 ) (264 2844 -1320 ) 
4 661 672 (264 2856 -1088 ) (264 2868 -1096 ) (264 2868 -1336 ) (264 2856 -1328 ) 
4 661 671 (264 2868 -1096 ) (264 2880 -1104 ) (264 2880 -1344 ) (264 2868 -1336 ) 
4 662 1065 (272 2688 -1472 ) (264 2688 -1472 ) (264 2752 -1472 ) (272 2752 -1472 ) 
4 662 1063 (264 2752 -1472 ) (264 2880 -1472 ) (272 2880 -1472 ) (272 2752 -1472 ) 
4 662 803 (264 2688 -1472 ) (272 2688 -1472 ) (272 2688 -1240 ) (264 2688 -1240 ) 
4 662 664 (264 2688 -1472 ) (264 2688 -1240 ) (264 2880 -1368 ) (264 2880 -1472 ) 
4 663 1061 (192 2880 -1472 ) (192 3036 -1472 ) (264 3036 -1472 ) (264 2880 -1472 ) 
4 663 692 (192 2944 -1410.670532 ) (192 2903.994141 -1384 ) (200 2903.994141 -1384 ) (200 2944 -1410.670532 ) 
4 663 690 (192 2960 -1421.337158 ) (192 2944 -1410.670532 ) (200 2944 -1410.670532 ) (200 2960 -1421.337158 ) 
4 663 689 (200 3035.994141 -1472 ) (192 3035.994141 -1472 ) (192 2960 -1421.337158 ) (200 2960 -1421.337158 ) 
4 663 670 (264 2903.994141 -1384 ) (264 2944 -1410.670532 ) (200 2944 -1410.670532 ) (200 2903.994141 -1384 ) 
4 663 668 (264 2944 -1410.670532 ) (264 2960 -1421.337158 ) (200 2960 -1421.337158 ) (200 2944 -1410.670532 ) 
4 663 667 (264 2960 -1421.337158 ) (264 3035.994141 -1472 ) (200 3035.994141 -1472 ) (200 2960 -1421.337158 ) 
4 663 666 (192 2904 -1384 ) (192 3036 -1472 ) (192 2880 -1472 ) (192 2880 -1384 ) 
4 663 664 (208 2880 -1472 ) (264 2880 -1472 ) (264 2880 -1384 ) (208 2880 -1384 ) 
4 664 1065 (264 2688 -1472 ) (208 2688 -1472 ) (208 2752 -1472 ) (264 2752 -1472 ) 
4 664 1063 (208 2752 -1472 ) (208 2880 -1472 ) (264 2880 -1472 ) (264 2752 -1472 ) 
4 664 803 (208 2688 -1472 ) (264 2688 -1472 ) (264 2688 -1240 ) (208 2688 -1240 ) 
3 665 1434 (0 2688 -1360 ) (0 2688 -1240 ) (0 2868 -1360 ) 
4 665 818 (192 2688 -1360 ) (192 2688 -1240 ) (96 2688 -1240 ) (96 2688 -1360 ) 
4 665 698 (0 2688 -1240.003906 ) (192 2688 -1240.003906 ) (192 2867.994141 -1360 ) (0 2867.994141 -1360 ) 
5 666 1435 (0 2944 -1472 ) (0 2688 -1472 ) (0 2688 -1384 ) (0 2904 -1384 ) (0 2944 -1410.666626 ) 
4 666 1428 (0 2960 -1472 ) (0 2944 -1472 ) (0 2944 -1410.666626 ) (0 2960 -1421.333252 ) 
3 666 1426 (0 3036 -1472 ) (0 2960 -1472 ) (0 2960 -1421.333252 ) 
4 666 1065 (192 2688 -1472 ) (0 2688 -1472 ) (0 2752 -1472 ) (192 2752 -1472 ) 
4 666 1063 (0 2752 -1472 ) (0 2880 -1472 ) (192 2880 -1472 ) (192 2752 -1472 ) 
4 666 1061 (0 2880 -1472 ) (0 3036 -1472 ) (192 3036 -1472 ) (192 2880 -1472 ) 
4 666 816 (96 2688 -1472 ) (192 2688 -1472 ) (192 2688 -1384 ) (96 2688 -1384 ) 
4 666 699 (192 2903.994141 -1384 ) (192 2944 -1410.670532 ) (0 2944 -1410.670532 ) (0 2903.994141 -1384 ) 
4 666 690 (192 2944 -1410.670532 ) (192 2960 -1421.337158 ) (0 2960 -1421.337158 ) (0 2944 -1410.670532 ) 
4 666 689 (192 2960 -1421.337158 ) (192 3035.994141 -1472 ) (0 3035.994141 -1472 ) (0 2960 -1421.337158 ) 
4 667 1061 (200 3072 -1472 ) (264 3072 -1472 ) (264 3036 -1472 ) (200 3036 -1472 ) 
4 667 701 (264 2960 -1157.333252 ) (264 3072 -1232 ) (200 3072 -1232 ) (200 2960 -1157.333252 ) 
5 667 689 (200 3036 -1472 ) (200 2960 -1421.333252 ) (200 2960 -1157.337158 ) (200 3072 -1232.003906 ) (200 3072 -1472 ) 
4 667 668 (200 2960 -1376 ) (200 2960 -1421.335938 ) (264 2960 -1421.335938 ) (264 2960 -1376 ) 
4 668 690 (200 2960 -1421.333252 ) (200 2944 -1410.666626 ) (200 2944 -1376 ) (200 2960 -1376 ) 
4 668 670 (200 2944 -1384 ) (200 2944 -1410.664062 ) (264 2944 -1410.664062 ) (264 2944 -1384 ) 
4 669 733 (264 2892 -1112 ) (264 2944 -1146.666626 ) (200 2944 -1146.666626 ) (200 2892 -1112 ) 
5 669 691 (200 2880 -1360 ) (200 2880 -1112 ) (200 2891.994141 -1112 ) (200 2944 -1146.670532 ) (200 2944 -1360 ) 
4 669 671 (200 2880 -1112 ) (200 2880 -1352 ) (264 2880 -1352 ) (264 2880 -1112 ) 
3 670 692 (200 2944 -1410.666626 ) (200 2904 -1384 ) (200 2944 -1384 ) 
4 671 693 (200 2868 -1336 ) (200 2868 -1096.003906 ) (200 2880 -1104.003906 ) (200 2880 -1344 ) 
4 671 672 (200 2868 -1096 ) (200 2868 -1344 ) (264 2868 -1344 ) (264 2868 -1096 ) 
4 672 693 (200 2856 -1328 ) (200 2856 -1088.003906 ) (200 2868 -1096.003906 ) (200 2868 -1336 ) 
4 672 673 (200 2856 -1088 ) (200 2856 -1336 ) (264 2856 -1336 ) (264 2856 -1088 ) 
5 673 693 (200 2844 -1320 ) (200 2844 -1088 ) (200 2855.994141 -1088 ) (200 2856 -1088.003906 ) (200 2856 -1328 ) 
3 673 687 (200 2844 -1088 ) (200 2844 -1080.003906 ) (200 2855.994141 -1088 ) 
4 673 674 (200 2844 -1080 ) (200 2844 -1328 ) (264 2844 -1328 ) (264 2844 -1080 ) 
4 674 693 (200 2832 -1312 ) (200 2832 -1088 ) (200 2844 -1088 ) (200 2844 -1320 ) 
4 674 687 (200 2832 -1088 ) (200 2832 -1072.003906 ) (200 2844 -1080.003906 ) (200 2844 -1088 ) 
4 674 675 (200 2832 -1072 ) (200 2832 -1320 ) (264 2832 -1320 ) (264 2832 -1072 ) 
4 675 693 (200 2820 -1304 ) (200 2820 -1088 ) (200 2832 -1088 ) (200 2832 -1312 ) 
4 675 687 (200 2820 -1088 ) (200 2820 -1064.003906 ) (200 2832 -1072.003906 ) (200 2832 -1088 ) 
4 675 676 (200 2820 -1064 ) (200 2820 -1312 ) (264 2820 -1312 ) (264 2820 -1064 ) 
4 676 693 (200 2808 -1296 ) (200 2808 -1088 ) (200 2820 -1088 ) (200 2820 -1304 ) 
4 676 687 (200 2808 -1088 ) (200 2808 -1056.003906 ) (200 2820 -1064.003906 ) (200 2820 -1088 ) 
4 676 677 (200 2808 -1056 ) (200 2808 -1304 ) (264 2808 -1304 ) (264 2808 -1056 ) 
4 677 693 (200 2796 -1288 ) (200 2796 -1088 ) (200 2808 -1088 ) (200 2808 -1296 ) 
4 677 687 (200 2796 -1088 ) (200 2796 -1048.003906 ) (200 2808 -1056.003906 ) (200 2808 -1088 ) 
4 677 678 (200 2796 -1048 ) (200 2796 -1296 ) (264 2796 -1296 ) (264 2796 -1048 ) 
4 678 693 (200 2784 -1280 ) (200 2784 -1088 ) (200 2796 -1088 ) (200 2796 -1288 ) 
4 678 687 (200 2784 -1088 ) (200 2784 -1040.003906 ) (200 2796 -1048.003906 ) (200 2796 -1088 ) 
4 678 679 (200 2784 -1040 ) (200 2784 -1288 ) (264 2784 -1288 ) (264 2784 -1040 ) 
4 679 693 (200 2772 -1272 ) (200 2772 -1088 ) (200 2784 -1088 ) (200 2784 -1280 ) 
4 679 687 (200 2772 -1088 ) (200 2772 -1032.003906 ) (200 2784 -1040.003906 ) (200 2784 -1088 ) 
4 679 680 (200 2772 -1032 ) (200 2772 -1280 ) (264 2772 -1280 ) (264 2772 -1032 ) 
4 680 693 (200 2760 -1264 ) (200 2760 -1088 ) (200 2772 -1088 ) (200 2772 -1272 ) 
4 680 687 (200 2760 -1088 ) (200 2760 -1024.003906 ) (200 2772 -1032.003906 ) (200 2772 -1088 ) 
4 680 681 (200 2760 -1024 ) (200 2760 -1272 ) (264 2760 -1272 ) (264 2760 -1024 ) 
4 681 693 (200 2748 -1256 ) (200 2748 -1088 ) (200 2760 -1088 ) (200 2760 -1264 ) 
4 681 687 (200 2748 -1088 ) (200 2748 -1016.003906 ) (200 2760 -1024.003906 ) (200 2760 -1088 ) 
4 681 682 (200 2748 -1016 ) (200 2748 -1264 ) (264 2748 -1264 ) (264 2748 -1016 ) 
4 682 693 (200 2736 -1248 ) (200 2736 -1088 ) (200 2748 -1088 ) (200 2748 -1256 ) 
4 682 687 (200 2736 -1088 ) (200 2736 -1008.003906 ) (200 2748 -1016.003906 ) (200 2748 -1088 ) 
4 682 683 (200 2736 -1008 ) (200 2736 -1256 ) (264 2736 -1256 ) (264 2736 -1008 ) 
4 683 693 (200 2724 -1240 ) (200 2724 -1088 ) (200 2736 -1088 ) (200 2736 -1248 ) 
4 683 687 (200 2724 -1088 ) (200 2724 -1000.003906 ) (200 2736 -1008.003906 ) (200 2736 -1088 ) 
4 683 684 (200 2724 -1000 ) (200 2724 -1248 ) (264 2724 -1248 ) (264 2724 -1000 ) 
4 684 693 (200 2712 -1232 ) (200 2712 -1088 ) (200 2724 -1088 ) (200 2724 -1240 ) 
4 684 687 (200 2712 -1088 ) (200 2712 -992.003906 ) (200 2724 -1000.003906 ) (200 2724 -1088 ) 
4 684 685 (200 2712 -992 ) (200 2712 -1240 ) (264 2712 -1240 ) (264 2712 -992 ) 
4 685 693 (200 2700 -1224 ) (200 2700 -1088 ) (200 2712 -1088 ) (200 2712 -1232 ) 
4 685 687 (200 2700 -1088 ) (200 2700 -984.003906 ) (200 2712 -992.003906 ) (200 2712 -1088 ) 
4 685 686 (200 2700 -984 ) (200 2700 -1232 ) (264 2700 -1232 ) (264 2700 -984 ) 
4 686 802 (264 2688 -1224 ) (264 2688 -1216 ) (200 2688 -1216 ) (200 2688 -1224 ) 
4 686 793 (264 2688 -984 ) (264 2688 -980 ) (200 2688 -980 ) (200 2688 -984 ) 
4 686 792 (264 2688 -980 ) (264 2688 -976 ) (200 2688 -976 ) (200 2688 -980 ) 
4 686 797 (264 2688 -1216 ) (264 2688 -984 ) (200 2688 -984 ) (200 2688 -1216 ) 
4 686 693 (200 2688 -1216 ) (200 2688 -1088 ) (200 2700 -1088 ) (200 2700 -1224 ) 
4 686 687 (200 2688 -1088 ) (200 2688 -976.003906 ) (200 2700 -984.003906 ) (200 2700 -1088 ) 
4 687 798 (200 2688 -976 ) (192 2688 -976 ) (192 2688 -1088 ) (200 2688 -1088 ) 
4 687 754 (64 2688 -976 ) (192 2688 -976 ) (192 2856 -1088 ) (64 2856 -1088 ) 
4 687 696 (192 2786 -1088 ) (192 2688 -1088 ) (64 2688 -1088 ) (64 2786 -1088 ) 
4 687 694 (64 2855.996094 -1088 ) (192 2855.996094 -1088 ) (192 2786 -1088 ) (64 2786 -1088 ) 
4 687 693 (192 2855.996094 -1088 ) (200 2855.996094 -1088 ) (200 2688 -1088 ) (192 2688 -1088 ) 
3 688 1432 (0 2688 -1072 ) (0 2688 -976 ) (0 2832 -1072 ) 
4 688 815 (48 2688 -976 ) (0 2688 -976 ) (0 2688 -1072 ) (48 2688 -1072 ) 
4 688 756 (0 2688 -976 ) (48 2688 -976 ) (48 2832 -1072 ) (0 2832 -1072 ) 
5 689 1426 (0 3072 -1232 ) (0 3072 -1472 ) (0 3036 -1472 ) (0 2960 -1421.333252 ) (0 2960 -1157.333252 ) 
4 689 1061 (0 3036 -1472 ) (0 3072 -1472 ) (200 3072 -1472 ) (200 3036 -1472 ) 
4 689 701 (200 2960 -1157.333252 ) (200 3072 -1232 ) (0 3072 -1232 ) (0 2960 -1157.333252 ) 
4 689 690 (0 2960 -1421.332031 ) (200 2960 -1421.332031 ) (200 2960 -1376 ) (0 2960 -1376 ) 
4 690 1428 (0 2960 -1421.333252 ) (0 2944 -1410.666626 ) (0 2944 -1376 ) (0 2960 -1376 ) 
4 690 699 (0 2944 -1410.671875 ) (192 2944 -1410.671875 ) (192 2944 -1384 ) (0 2944 -1384 ) 
4 690 692 (192 2944 -1410.671875 ) (200 2944 -1410.671875 ) (200 2944 -1384 ) (192 2944 -1384 ) 
4 691 752 (200 2892 -1112 ) (200 2944 -1146.666626 ) (192 2944 -1146.666626 ) (192 2892 -1112 ) 
5 691 698 (192 2944 -1146.666626 ) (192 2944 -1360 ) (192 2880 -1360 ) (192 2880 -1112 ) (192 2892 -1112 ) 
4 691 693 (192 2880 -1112 ) (192 2880 -1344 ) (200 2880 -1344 ) (200 2880 -1112 ) 
3 692 699 (192 2944 -1384 ) (192 2944 -1410.666626 ) (192 2904 -1384 ) 
4 693 798 (200 2688 -1176 ) (200 2688 -1088 ) (192 2688 -1088 ) (192 2688 -1176 ) 
5 693 698 (192 2688 -1216 ) (192 2688 -1092 ) (192 2862 -1092 ) (192 2880 -1104 ) (192 2880 -1344 ) 
4 693 696 (192 2688 -1092 ) (192 2688 -1088 ) (192 2786 -1088 ) (192 2788 -1092 ) 
4 693 694 (192 2786 -1088 ) (192 2856 -1088 ) (192 2862 -1092 ) (192 2788 -1092 ) 
4 694 1434 (0 2786 -1088 ) (0 2856 -1088 ) (0 2862 -1092 ) (0 2788 -1092 ) 
4 694 757 (0 2862 -1092 ) (0 2856 -1088 ) (48 2856 -1088 ) (48 2862 -1092 ) 
4 694 755 (48 2856 -1088 ) (64 2856 -1088 ) (64 2862 -1092 ) (48 2862 -1092 ) 
4 694 754 (64 2856 -1088 ) (192 2856 -1088 ) (192 2862 -1092 ) (64 2862 -1092 ) 
4 694 698 (0 2862 -1092 ) (192 2862 -1092 ) (192 2788 -1092 ) (0 2788 -1092 ) 
4 694 696 (24 2788 -1092 ) (192 2788 -1092 ) (192 2786 -1088 ) (20 2786 -1088 ) 
4 694 695 (0 2788 -1092 ) (8 2788 -1092 ) (12 2786 -1088 ) (0 2786 -1088 ) 
4 695 1434 (0 2688 -1092 ) (0 2688 -1088 ) (0 2786 -1088 ) (0 2788 -1092 ) 
4 695 698 (8 2688 -1092 ) (0 2688 -1092 ) (0 2788 -1092 ) (8 2788 -1092 ) 
4 695 697 (8 2688 -1092 ) (8 2780 -1092 ) (12 2782 -1088 ) (12 2688 -1088 ) 
4 696 698 (192 2788 -1092 ) (192 2688 -1092 ) (24 2688 -1092 ) (24 2788 -1092 ) 
4 696 697 (20 2688 -1088 ) (20 2782 -1088 ) (24 2780 -1092 ) (24 2688 -1092 ) 
4 697 698 (24 2688 -1092 ) (8 2688 -1092 ) (8 2780 -1092 ) (24 2780 -1092 ) 
6 698 1434 (0 2868 -1360 ) (0 2688 -1240 ) (0 2688 -1092 ) (0 2862 -1092 ) (0 2944 -1146.666626 ) (0 2944 -1360 ) 
4 698 818 (96 2688 -1240 ) (192 2688 -1240 ) (192 2688 -1216 ) (96 2688 -1216 ) 
4 698 757 (48 2944 -1146.666626 ) (0 2944 -1146.666626 ) (0 2862 -1092 ) (48 2862 -1092 ) 
4 698 755 (64 2944 -1146.666626 ) (48 2944 -1146.666626 ) (48 2862 -1092 ) (64 2862 -1092 ) 
4 698 754 (192 2944 -1146.666626 ) (64 2944 -1146.666626 ) (64 2862 -1092 ) (192 2862 -1092 ) 
3 699 1435 (0 2944 -1410.666626 ) (0 2904 -1384 ) (0 2944 -1384 ) 
4 700 1427 (0 2960 -640 ) (0 2944 -640 ) (0 2944 2528 ) (0 2960 2528 ) 
4 700 1426 (0 3072 2528 ) (0 3072 -640 ) (0 2960 -640 ) (0 2960 2528 ) 
4 700 711 (0 2944 -624 ) (0 2944 -640 ) (104 2944 -640 ) (104 2944 -624 ) 
4 700 707 (176 2944 -624 ) (296 2944 -624 ) (296 2944 -576 ) (176 2944 -576 ) 
4 700 710 (0 2944 -576 ) (0 2944 -624 ) (176 2944 -624 ) (176 2944 -576 ) 
4 700 704 (176 2944 -576 ) (296 2944 -576 ) (296 2944 -320 ) (176 2944 -320 ) 
4 700 706 (0 2944 -320 ) (0 2944 -576 ) (176 2944 -576 ) (176 2944 -320 ) 
4 700 702 (0 2944 2528 ) (0 2944 -320 ) (296 2944 -320 ) (296 2944 2528 ) 
4 700 701 (0 2960 -640 ) (0 3072 -640 ) (296 3072 -640 ) (296 2960 -640 ) 
4 701 1426 (0 3072 -640 ) (0 3072 -1232 ) (0 2960 -1157.333252 ) (0 2960 -640 ) 
4 702 1429 (0 2944 2528 ) (0 2944 -320 ) (0 2816 -320 ) (0 2816 2528 ) 
4 702 704 (176 2944 -320 ) (296 2944 -320 ) (296 2816 -320 ) (176 2816 -320 ) 
4 702 706 (0 2944 -320 ) (176 2944 -320 ) (176 2816 -320 ) (0 2816 -320 ) 
4 702 703 (296 2816 -304 ) (296 2816 2528 ) (0 2816 2528 ) (0 2816 -304 ) 
4 703 1430 (0 2688 -176 ) (0 2688 2528 ) (0 2816 2528 ) (0 2816 -304 ) 
4 703 809 (192 2688 2528 ) (0 2688 2528 ) (0 2688 -176 ) (192 2688 -176 ) 
4 703 771 (296 2688 -176 ) (296 2688 2528 ) (192 2688 2528 ) (192 2688 -176 ) 
4 704 707 (176 2944 -576 ) (296 2944 -576 ) (296 2880 -576 ) (176 2880 -576 ) 
4 704 706 (176 2944 -576 ) (176 2816 -576 ) (176 2816 -320 ) (176 2944 -320 ) 
4 705 810 (192 2688 -320 ) (176 2688 -320 ) (176 2688 -576 ) (192 2688 -576 ) 
4 705 772 (296 2688 -576 ) (296 2688 -320 ) (192 2688 -320 ) (192 2688 -576 ) 
4 705 709 (296 2800 -576 ) (296 2688 -576 ) (176 2688 -576 ) (176 2800 -576 ) 
4 705 706 (176 2800 -576 ) (176 2688 -576 ) (176 2688 -320 ) (176 2800 -320 ) 
4 706 1431 (0 2816 -576 ) (0 2688 -576 ) (0 2688 -320 ) (0 2816 -320 ) 
4 706 1429 (0 2944 -320 ) (0 2944 -576 ) (0 2816 -576 ) (0 2816 -320 ) 
4 706 810 (176 2688 -320 ) (104 2688 -320 ) (104 2688 -576 ) (176 2688 -576 ) 
4 706 812 (104 2688 -320 ) (0 2688 -320 ) (0 2688 -576 ) (104 2688 -576 ) 
4 706 710 (0 2944 -576 ) (176 2944 -576 ) (176 2688 -576 ) (0 2688 -576 ) 
4 707 708 (176 2880 -592 ) (176 2880 -624 ) (296 2880 -624 ) (296 2880 -592 ) 
4 707 710 (176 2944 -624 ) (176 2880 -624 ) (176 2880 -576 ) (176 2944 -576 ) 
4 708 710 (176 2880 -624 ) (176 2816 -624 ) (176 2816 -592 ) (176 2880 -592 ) 
4 708 709 (176 2816 -592 ) (176 2816 -624 ) (296 2816 -624 ) (296 2816 -592 ) 
4 709 810 (192 2688 -576 ) (176 2688 -576 ) (176 2688 -624 ) (192 2688 -624 ) 
4 709 772 (296 2688 -624 ) (296 2688 -576 ) (192 2688 -576 ) (192 2688 -624 ) 
4 709 710 (176 2816 -624 ) (176 2688 -624 ) (176 2688 -576 ) (176 2816 -576 ) 
4 710 1431 (0 2816 -624 ) (0 2688 -624 ) (0 2688 -576 ) (0 2816 -576 ) 
4 710 1429 (0 2944 -576 ) (0 2944 -624 ) (0 2816 -624 ) (0 2816 -576 ) 
4 710 810 (176 2688 -576 ) (104 2688 -576 ) (104 2688 -624 ) (176 2688 -624 ) 
4 710 812 (104 2688 -576 ) (0 2688 -576 ) (0 2688 -624 ) (104 2688 -624 ) 
4 710 711 (0 2944 -624 ) (104 2944 -624 ) (104 2688 -624 ) (0 2688 -624 ) 
4 711 1431 (0 2816 -640 ) (0 2688 -640 ) (0 2688 -624 ) (0 2816 -624 ) 
4 711 1429 (0 2944 -624 ) (0 2944 -640 ) (0 2816 -640 ) (0 2816 -624 ) 
4 711 812 (104 2688 -624 ) (0 2688 -624 ) (0 2688 -640 ) (104 2688 -640 ) 
4 712 730 (264 2914 -640 ) (264 2944 -640 ) (264 2944 -644 ) (264 2916 -644 ) 
4 712 716 (264 2916 -644 ) (264 2944 -644 ) (296 2944 -644 ) (296 2916 -644 ) 
4 712 714 (288 2916 -644 ) (296 2916 -644 ) (296 2914 -640 ) (284 2914 -640 ) 
4 712 713 (264 2916 -644 ) (272 2916 -644 ) (276 2914 -640 ) (264 2914 -640 ) 
4 713 731 (264 2880 -640 ) (264 2888 -640 ) (264 2888 -644 ) (264 2880 -644 ) 
4 713 730 (264 2888 -640 ) (264 2914 -640 ) (264 2916 -644 ) (264 2888 -644 ) 
4 713 729 (264 2880 -640 ) (264 2880 -644 ) (272 2880 -644 ) (272 2880 -640 ) 
3 713 728 (272 2880 -644 ) (276 2880 -640 ) (272 2880 -640 ) 
4 713 717 (272 2880 -644 ) (264 2880 -644 ) (264 2888 -644 ) (272 2888 -644 ) 
4 713 716 (264 2888 -644 ) (264 2916 -644 ) (272 2916 -644 ) (272 2888 -644 ) 
4 713 715 (272 2880 -644 ) (272 2908 -644 ) (276 2910 -640 ) (276 2880 -640 ) 
3 714 728 (288 2880 -644 ) (288 2880 -640 ) (284 2880 -640 ) 
4 714 726 (288 2880 -644 ) (296 2880 -644 ) (296 2880 -640 ) (288 2880 -640 ) 
4 714 717 (296 2880 -644 ) (288 2880 -644 ) (288 2888 -644 ) (296 2888 -644 ) 
4 714 716 (288 2888 -644 ) (288 2916 -644 ) (296 2916 -644 ) (296 2888 -644 ) 
4 714 715 (288 2908 -644 ) (288 2880 -644 ) (284 2880 -640 ) (284 2910 -640 ) 
4 715 728 (272 2880 -644 ) (288 2880 -644 ) (284 2880 -640 ) (276 2880 -640 ) 
4 715 717 (288 2880 -644 ) (272 2880 -644 ) (272 2888 -644 ) (288 2888 -644 ) 
4 715 716 (272 2888 -644 ) (272 2908 -644 ) (288 2908 -644 ) (288 2888 -644 ) 
4 716 730 (264 2944 -644 ) (264 2944 -832 ) (264 2888 -832 ) (264 2888 -644 ) 
4 716 717 (296 2888 -824 ) (296 2888 -644 ) (264 2888 -644 ) (264 2888 -824 ) 
4 717 731 (264 2880 -824 ) (264 2880 -644 ) (264 2888 -644 ) (264 2888 -824 ) 
4 717 729 (264 2880 -644 ) (264 2880 -824 ) (272 2880 -824 ) (272 2880 -644 ) 
4 717 728 (272 2880 -824 ) (288 2880 -824 ) (288 2880 -644 ) (272 2880 -644 ) 
4 717 726 (288 2880 -824 ) (296 2880 -824 ) (296 2880 -644 ) (288 2880 -644 ) 
4 718 732 (264 2944 -848 ) (264 2944 -1096 ) (264 2888 -1096 ) (264 2888 -848 ) 
4 718 719 (296 2888 -1080 ) (296 2888 -848 ) (264 2888 -848 ) (264 2888 -1080 ) 
4 719 732 (264 2880 -1080 ) (264 2880 -848 ) (264 2888 -848 ) (264 2888 -1080 ) 
4 719 729 (264 2880 -848 ) (264 2880 -1080 ) (272 2880 -1080 ) (272 2880 -848 ) 
4 719 728 (272 2880 -1080 ) (288 2880 -1080 ) (288 2880 -848 ) (272 2880 -848 ) 
4 719 727 (288 2880 -1080 ) (296 2880 -1080 ) (296 2880 -848 ) (288 2880 -848 ) 
4 720 733 (264 2944 -1112 ) (264 2944 -1116 ) (264 2898 -1116 ) (264 2892 -1112 ) 
4 720 724 (284 2898 -1116 ) (276 2898 -1116 ) (276 2910 -1116 ) (284 2910 -1116 ) 
4 720 723 (296 2898 -1116 ) (284 2898 -1116 ) (284 2914 -1116 ) (296 2914 -1116 ) 
4 720 722 (276 2898 -1116 ) (264 2898 -1116 ) (264 2914 -1116 ) (276 2914 -1116 ) 
4 720 721 (264 2914 -1116 ) (264 2944 -1116 ) (296 2944 -1116 ) (296 2914 -1116 ) 
4 721 733 (264 2944 -1116 ) (264 2944 -1120 ) (264 2916 -1120 ) (264 2914 -1116 ) 
4 721 723 (288 2916 -1120 ) (296 2916 -1120 ) (296 2914 -1116 ) (284 2914 -1116 ) 
4 721 722 (264 2916 -1120 ) (272 2916 -1120 ) (276 2914 -1116 ) (264 2914 -1116 ) 
4 721 725 (264 2916 -1120 ) (264 2944 -1120 ) (296 2944 -1120 ) (296 2916 -1120 ) 
4 722 733 (264 2916 -1120 ) (264 2904 -1120 ) (264 2898 -1116 ) (264 2914 -1116 ) 
4 722 724 (272 2904 -1120 ) (272 2908 -1120 ) (276 2910 -1116 ) (276 2898 -1116 ) 
4 722 725 (272 2904 -1120 ) (264 2904 -1120 ) (264 2916 -1120 ) (272 2916 -1120 ) 
4 723 724 (284 2898 -1116 ) (284 2910 -1116 ) (288 2908 -1120 ) (288 2904 -1120 ) 
4 723 725 (296 2904 -1120 ) (288 2904 -1120 ) (288 2916 -1120 ) (296 2916 -1120 ) 
4 724 725 (288 2904 -1120 ) (272 2904 -1120 ) (272 2908 -1120 ) (288 2908 -1120 ) 
3 725 733 (264 2944 -1120 ) (264 2944 -1146.666626 ) (264 2904 -1120 ) 
4 726 782 (296 2688 -644 ) (296 2688 -640 ) (288 2688 -640 ) (288 2688 -644 ) 
4 726 786 (296 2688 -952 ) (296 2688 -644 ) (288 2688 -644 ) (288 2688 -952 ) 
4 726 728 (288 2880 -640 ) (288 2880 -824 ) (288 2688 -952 ) (288 2688 -640 ) 
4 727 728 (288 2880 -848 ) (288 2880 -1088 ) (288 2868 -1096 ) (288 2688 -976 ) 
4 728 782 (288 2688 -640 ) (272 2688 -640 ) (272 2688 -644 ) (288 2688 -644 ) 
4 728 786 (272 2688 -644 ) (272 2688 -952 ) (288 2688 -952 ) (288 2688 -644 ) 
4 728 729 (272 2880 -640 ) (272 2880 -1080 ) (272 2688 -952 ) (272 2688 -640 ) 
4 729 782 (272 2688 -640 ) (264 2688 -640 ) (264 2688 -644 ) (272 2688 -644 ) 
4 729 786 (264 2688 -644 ) (264 2688 -952 ) (272 2688 -952 ) (272 2688 -644 ) 
4 729 749 (264 2688 -640 ) (264 2700 -640 ) (264 2700 -960 ) (264 2688 -952 ) 
4 729 748 (264 2700 -640 ) (264 2712 -640 ) (264 2712 -968 ) (264 2700 -960 ) 
4 729 747 (264 2712 -640 ) (264 2724 -640 ) (264 2724 -976 ) (264 2712 -968 ) 
4 729 746 (264 2724 -640 ) (264 2736 -640 ) (264 2736 -984 ) (264 2724 -976 ) 
4 729 745 (264 2736 -640 ) (264 2748 -640 ) (264 2748 -992 ) (264 2736 -984 ) 
4 729 744 (264 2748 -640 ) (264 2760 -640 ) (264 2760 -1000 ) (264 2748 -992 ) 
4 729 743 (264 2760 -640 ) (264 2772 -640 ) (264 2772 -1008 ) (264 2760 -1000 ) 
4 729 742 (264 2772 -640 ) (264 2784 -640 ) (264 2784 -1016 ) (264 2772 -1008 ) 
4 729 741 (264 2784 -640 ) (264 2796 -640 ) (264 2796 -1024 ) (264 2784 -1016 ) 
4 729 740 (264 2796 -640 ) (264 2808 -640 ) (264 2808 -1032 ) (264 2796 -1024 ) 
4 729 739 (264 2808 -640 ) (264 2820 -640 ) (264 2820 -1040 ) (264 2808 -1032 ) 
4 729 738 (264 2820 -640 ) (264 2832 -640 ) (264 2832 -1048 ) (264 2820 -1040 ) 
4 729 737 (264 2832 -640 ) (264 2844 -640 ) (264 2844 -1056 ) (264 2832 -1048 ) 
4 729 736 (264 2844 -640 ) (264 2856 -640 ) (264 2856 -1064 ) (264 2844 -1056 ) 
4 729 735 (264 2856 -640 ) (264 2868 -640 ) (264 2868 -1072 ) (264 2856 -1064 ) 
4 729 734 (264 2868 -640 ) (264 2880 -640 ) (264 2880 -1080 ) (264 2868 -1072 ) 
4 730 750 (200 2888 -640 ) (200 2944 -640 ) (200 2944 -832 ) (200 2888 -832 ) 
4 730 731 (200 2888 -640 ) (200 2888 -824 ) (264 2888 -824 ) (264 2888 -640 ) 
4 731 750 (200 2880 -640 ) (200 2888 -640 ) (200 2888 -824 ) (200 2880 -824 ) 
4 731 734 (200 2880 -640 ) (200 2880 -824 ) (264 2880 -824 ) (264 2880 -640 ) 
4 732 751 (200 2944 -848 ) (200 2944 -1080 ) (200 2880 -1080 ) (200 2880 -848 ) 
4 732 734 (200 2880 -848 ) (200 2880 -1088 ) (264 2880 -1088 ) (264 2880 -848 ) 
3 733 752 (200 2944 -1112 ) (200 2944 -1146.666626 ) (200 2892 -1112 ) 
4 734 753 (200 2868 -640 ) (200 2880 -640 ) (200 2880 -1080 ) (200 2868 -1072 ) 
4 734 735 (200 2868 -640 ) (200 2868 -1080 ) (264 2868 -1080 ) (264 2868 -640 ) 
4 735 753 (200 2856 -640 ) (200 2868 -640 ) (200 2868 -1072 ) (200 2856 -1064 ) 
4 735 736 (200 2856 -640 ) (200 2856 -1072 ) (264 2856 -1072 ) (264 2856 -640 ) 
4 736 753 (200 2844 -640 ) (200 2856 -640 ) (200 2856 -1064 ) (200 2844 -1056 ) 
4 736 737 (200 2844 -640 ) (200 2844 -1064 ) (264 2844 -1064 ) (264 2844 -640 ) 
4 737 753 (200 2832 -640 ) (200 2844 -640 ) (200 2844 -1056 ) (200 2832 -1048 ) 
4 737 738 (200 2832 -640 ) (200 2832 -1056 ) (264 2832 -1056 ) (264 2832 -640 ) 
4 738 753 (200 2820 -640 ) (200 2832 -640 ) (200 2832 -1048 ) (200 2820 -1040 ) 
4 738 739 (200 2820 -640 ) (200 2820 -1048 ) (264 2820 -1048 ) (264 2820 -640 ) 
4 739 753 (200 2808 -640 ) (200 2820 -640 ) (200 2820 -1040 ) (200 2808 -1032 ) 
4 739 740 (200 2808 -640 ) (200 2808 -1040 ) (264 2808 -1040 ) (264 2808 -640 ) 
4 740 753 (200 2796 -640 ) (200 2808 -640 ) (200 2808 -1032 ) (200 2796 -1024 ) 
4 740 741 (200 2796 -640 ) (200 2796 -1032 ) (264 2796 -1032 ) (264 2796 -640 ) 
4 741 753 (200 2784 -640 ) (200 2796 -640 ) (200 2796 -1024 ) (200 2784 -1016 ) 
4 741 742 (200 2784 -640 ) (200 2784 -1024 ) (264 2784 -1024 ) (264 2784 -640 ) 
4 742 753 (200 2772 -640 ) (200 2784 -640 ) (200 2784 -1016 ) (200 2772 -1008 ) 
4 742 743 (200 2772 -640 ) (200 2772 -1016 ) (264 2772 -1016 ) (264 2772 -640 ) 
4 743 753 (200 2760 -640 ) (200 2772 -640 ) (200 2772 -1008 ) (200 2760 -1000 ) 
4 743 744 (200 2760 -640 ) (200 2760 -1008 ) (264 2760 -1008 ) (264 2760 -640 ) 
4 744 753 (200 2748 -640 ) (200 2760 -640 ) (200 2760 -1000 ) (200 2748 -992 ) 
4 744 745 (200 2748 -640 ) (200 2748 -1000 ) (264 2748 -1000 ) (264 2748 -640 ) 
4 745 753 (200 2736 -640 ) (200 2748 -640 ) (200 2748 -992 ) (200 2736 -984 ) 
4 745 746 (200 2736 -640 ) (200 2736 -992 ) (264 2736 -992 ) (264 2736 -640 ) 
4 746 753 (200 2724 -640 ) (200 2736 -640 ) (200 2736 -984 ) (200 2724 -976 ) 
4 746 747 (200 2724 -640 ) (200 2724 -984 ) (264 2724 -984 ) (264 2724 -640 ) 
4 747 753 (200 2712 -640 ) (200 2724 -640 ) (200 2724 -976 ) (200 2712 -968 ) 
4 747 748 (200 2712 -640 ) (200 2712 -976 ) (264 2712 -976 ) (264 2712 -640 ) 
4 748 753 (200 2700 -640 ) (200 2712 -640 ) (200 2712 -968 ) (200 2700 -960 ) 
4 748 749 (200 2700 -640 ) (200 2700 -968 ) (264 2700 -968 ) (264 2700 -640 ) 
4 749 789 (200 2688 -952 ) (200 2688 -960 ) (264 2688 -960 ) (264 2688 -952 ) 
4 749 782 (264 2688 -640 ) (200 2688 -640 ) (200 2688 -644 ) (264 2688 -644 ) 
4 749 786 (200 2688 -644 ) (200 2688 -952 ) (264 2688 -952 ) (264 2688 -644 ) 
4 749 753 (200 2688 -640 ) (200 2700 -640 ) (200 2700 -960 ) (200 2688 -952 ) 
4 750 753 (192 2880 -640 ) (192 2880 -832 ) (200 2880 -832 ) (200 2880 -640 ) 
4 751 754 (192 2944 -848 ) (192 2944 -1080 ) (192 2880 -1080 ) (192 2880 -848 ) 
4 751 753 (192 2880 -848 ) (192 2880 -1080 ) (200 2880 -1080 ) (200 2880 -848 ) 
3 752 754 (192 2944 -1112 ) (192 2944 -1146.666626 ) (192 2892 -1112 ) 
4 753 782 (200 2688 -640 ) (192 2688 -640 ) (192 2688 -644 ) (200 2688 -644 ) 
4 753 786 (192 2688 -644 ) (192 2688 -952 ) (200 2688 -952 ) (200 2688 -644 ) 
4 753 754 (192 2880 -848 ) (192 2880 -1080 ) (192 2688 -952 ) (192 2688 -848 ) 
3 754 755 (64 2944 -1088 ) (64 2944 -1146.666504 ) (64 2856 -1088 ) 
3 755 757 (48 2944 -1088 ) (48 2944 -1146.666504 ) (48 2856 -1088 ) 
5 756 1432 (0 2944 -848 ) (0 2944 -1072 ) (0 2832 -1072 ) (0 2688 -976 ) (0 2688 -848 ) 
4 756 815 (0 2688 -848 ) (0 2688 -976 ) (48 2688 -976 ) (48 2688 -848 ) 
3 757 1434 (0 2944 -1088 ) (0 2944 -1146.666626 ) (0 2856 -1088 ) 
4 758 834 (1024 2560 -320 ) (1024 2560 2528 ) (632 2560 2528 ) (632 2560 -320 ) 
4 758 760 (632 2656 -320 ) (632 2688 -320 ) (1024 2688 -320 ) (1024 2656 -320 ) 
4 758 762 (1024 2560 -320 ) (632 2560 -320 ) (632 2656 -320 ) (1024 2656 -320 ) 
4 758 759 (632 2560 -48 ) (632 2560 2528 ) (632 2688 2528 ) (632 2688 -176 ) 
4 759 842 (608 2560 2528 ) (600 2560 2528 ) (600 2560 -48 ) (608 2560 -48 ) 
4 759 835 (632 2560 2528 ) (608 2560 2528 ) (608 2560 -48 ) (632 2560 -48 ) 
4 759 771 (600 2688 2528 ) (600 2688 -176 ) (600 2560 -48 ) (600 2560 2528 ) 
4 760 761 (1008 2656 -640 ) (624 2656 -640 ) (624 2688 -640 ) (1008 2688 -640 ) 
4 760 762 (624 2656 -320 ) (624 2656 -640 ) (1024 2656 -640 ) (1024 2656 -320 ) 
4 761 766 (624 2656 -704 ) (624 2688 -704 ) (1008 2688 -704 ) (1008 2656 -704 ) 
4 761 764 (1008 2688 -704 ) (1012 2688 -704 ) (1012 2656 -704 ) (1008 2656 -704 ) 
4 761 763 (1012 2688 -704 ) (1024 2688 -704 ) (1024 2656 -704 ) (1012 2656 -704 ) 
5 761 762 (624 2656 -640 ) (624 2656 -704 ) (1024 2656 -704 ) (1024 2656 -656 ) (1008 2656 -640 ) 
4 762 838 (1012 2560 -320 ) (1008 2560 -320 ) (1008 2560 -704 ) (1012 2560 -704 ) 
4 762 839 (1008 2560 -320 ) (624 2560 -320 ) (624 2560 -704 ) (1008 2560 -704 ) 
4 762 836 (1024 2560 -704 ) (1024 2560 -320 ) (1012 2560 -320 ) (1012 2560 -704 ) 
4 762 766 (1008 2560 -704 ) (624 2560 -704 ) (624 2656 -704 ) (1008 2656 -704 ) 
4 762 764 (1012 2560 -704 ) (1008 2560 -704 ) (1008 2656 -704 ) (1012 2656 -704 ) 
4 762 763 (1024 2560 -704 ) (1012 2560 -704 ) (1012 2656 -704 ) (1024 2656 -704 ) 
4 763 836 (1024 2560 -832 ) (1024 2560 -704 ) (1012 2560 -704 ) (1012 2560 -832 ) 
4 763 765 (1012 2684 -832 ) (1012 2564 -832 ) (1012 2564 -800 ) (1012 2684 -800 ) 
4 763 764 (1012 2560 -800 ) (1012 2560 -704 ) (1012 2688 -704 ) (1012 2688 -800 ) 
4 764 838 (1012 2560 -704 ) (1008 2560 -704 ) (1008 2560 -800 ) (1012 2560 -800 ) 
4 764 766 (1008 2560 -800 ) (1008 2560 -704 ) (1008 2688 -704 ) (1008 2688 -800 ) 
4 764 765 (1008 2564 -800 ) (1008 2684 -800 ) (1012 2684 -800 ) (1012 2564 -800 ) 
4 765 767 (1008 2684 -832 ) (1008 2564 -832 ) (1008 2564 -800 ) (1008 2684 -800 ) 
4 766 839 (1008 2560 -704 ) (624 2560 -704 ) (624 2560 -800 ) (1008 2560 -800 ) 
4 766 768 (616 2596 -704 ) (616 2656 -704 ) (616 2656 -800 ) (616 2596 -800 ) 
4 766 767 (616 2564 -800 ) (616 2684 -800 ) (1008 2684 -800 ) (1008 2564 -800 ) 
4 767 768 (616 2656 -832 ) (616 2596 -832 ) (616 2596 -800 ) (616 2656 -800 ) 
4 768 775 (600 2656 -832 ) (600 2596 -832 ) (600 2596 -704 ) (600 2656 -704 ) 
4 769 998 (1024 2688 -1472 ) (1024 2560 -1472 ) (1008 2560 -1472 ) (1008 2688 -1472 ) 
4 769 871 (1008 2560 -1472 ) (1024 2560 -1472 ) (1024 2560 -1408 ) (1008 2560 -1408 ) 
4 769 770 (1008 2560 -1472 ) (1008 2560 -1408 ) (1008 2688 -1408 ) (1008 2688 -1472 ) 
4 770 1003 (688 2560 -1472 ) (624 2560 -1472 ) (624 2688 -1472 ) (688 2688 -1472 ) 
4 770 1002 (952 2560 -1472 ) (688 2560 -1472 ) (688 2688 -1472 ) (952 2688 -1472 ) 
4 770 1001 (983 2560 -1472 ) (952 2560 -1472 ) (952 2688 -1472 ) (983 2688 -1472 ) 
4 770 998 (1008 2560 -1472 ) (983 2560 -1472 ) (983 2688 -1472 ) (1008 2688 -1472 ) 
4 770 873 (624 2560 -1472 ) (1008 2560 -1472 ) (1008 2560 -1152 ) (624 2560 -1152 ) 
4 770 841 (1008 2560 -1152 ) (1008 2560 -840 ) (624 2560 -840 ) (624 2560 -1152 ) 
3 771 843 (192 2560 128 ) (192 2560 -48 ) (368 2560 -48 ) 
5 771 842 (600 2560 -48 ) (600 2560 2528 ) (192 2560 2528 ) (192 2560 128 ) (368 2560 -48 ) 
4 771 809 (192 2688 2528 ) (192 2688 -176 ) (192 2560 -48 ) (192 2560 2528 ) 
4 772 848 (560 2560 -320 ) (416 2560 -320 ) (416 2560 -624 ) (560 2560 -624 ) 
4 772 850 (416 2560 -320 ) (192 2560 -320 ) (192 2560 -624 ) (416 2560 -624 ) 
4 772 846 (600 2560 -624 ) (600 2560 -320 ) (560 2560 -320 ) (560 2560 -624 ) 
4 772 810 (192 2688 -320 ) (192 2688 -624 ) (192 2608 -624 ) (192 2608 -320 ) 
4 772 811 (192 2608 -624 ) (192 2560 -624 ) (192 2560 -320 ) (192 2608 -320 ) 
4 772 774 (192 2560 -624 ) (192 2608 -624 ) (384 2608 -624 ) (384 2560 -624 ) 
4 772 773 (384 2688 -624 ) (416 2688 -624 ) (416 2560 -624 ) (384 2560 -624 ) 
4 773 850 (416 2560 -624 ) (384 2560 -624 ) (384 2560 -640 ) (416 2560 -640 ) 
4 773 778 (384 2688 -640 ) (416 2688 -640 ) (416 2560 -640 ) (384 2560 -640 ) 
4 773 774 (384 2608 -640 ) (384 2560 -640 ) (384 2560 -624 ) (384 2608 -624 ) 
4 774 850 (384 2560 -624 ) (192 2560 -624 ) (192 2560 -640 ) (384 2560 -640 ) 
4 774 811 (192 2608 -640 ) (192 2560 -640 ) (192 2560 -624 ) (192 2608 -624 ) 
4 774 808 (192 2560 -640 ) (192 2576 -640 ) (320 2576 -640 ) (320 2560 -640 ) 
4 774 807 (320 2576 -640 ) (368 2576 -640 ) (368 2560 -640 ) (320 2560 -640 ) 
4 774 806 (192 2576 -640 ) (192 2608 -640 ) (208 2608 -640 ) (208 2576 -640 ) 
4 774 805 (208 2608 -640 ) (368 2608 -640 ) (368 2576 -640 ) (208 2576 -640 ) 
4 774 779 (368 2608 -640 ) (384 2608 -640 ) (384 2560 -640 ) (368 2560 -640 ) 
4 775 853 (560 2560 -640 ) (432 2560 -640 ) (432 2560 -832 ) (560 2560 -832 ) 
4 776 875 (512 2560 -1152 ) (432 2560 -1152 ) (432 2560 -1392 ) (512 2560 -1392 ) 
4 776 874 (600 2560 -1392 ) (600 2560 -1152 ) (512 2560 -1152 ) (512 2560 -1392 ) 
4 776 862 (512 2560 -848 ) (432 2560 -848 ) (432 2560 -1152 ) (512 2560 -1152 ) 
4 776 861 (600 2560 -1152 ) (600 2560 -848 ) (512 2560 -848 ) (512 2560 -1152 ) 
4 776 780 (432 2560 -1392 ) (432 2560 -1376 ) (432 2688 -1376 ) (432 2688 -1392 ) 
4 776 777 (432 2560 -1376 ) (432 2560 -848 ) (432 2688 -848 ) (432 2688 -1376 ) 
4 777 875 (416 2560 -1152 ) (416 2560 -1376 ) (432 2560 -1376 ) (432 2560 -1152 ) 
4 777 862 (416 2560 -848 ) (416 2560 -1152 ) (432 2560 -1152 ) (432 2560 -848 ) 
4 777 780 (416 2688 -1376 ) (432 2688 -1376 ) (432 2560 -1376 ) (416 2560 -1376 ) 
4 777 778 (416 2688 -1376 ) (416 2560 -1376 ) (416 2560 -848 ) (416 2688 -848 ) 
4 778 876 (384 2560 -1152 ) (384 2560 -1376 ) (416 2560 -1376 ) (416 2560 -1152 ) 
4 778 865 (384 2560 -848 ) (384 2560 -1152 ) (416 2560 -1152 ) (416 2560 -848 ) 
4 778 858 (384 2560 -832 ) (384 2560 -848 ) (416 2560 -848 ) (416 2560 -832 ) 
4 778 854 (416 2560 -640 ) (384 2560 -640 ) (384 2560 -832 ) (416 2560 -832 ) 
4 778 780 (384 2688 -1376 ) (416 2688 -1376 ) (416 2560 -1376 ) (384 2560 -1376 ) 
4 778 779 (384 2608 -1376 ) (384 2560 -1376 ) (384 2560 -640 ) (384 2608 -640 ) 
4 779 876 (368 2560 -1152 ) (368 2560 -1376 ) (384 2560 -1376 ) (384 2560 -1152 ) 
4 779 865 (368 2560 -848 ) (368 2560 -1152 ) (384 2560 -1152 ) (384 2560 -848 ) 
4 779 858 (368 2560 -832 ) (368 2560 -848 ) (384 2560 -848 ) (384 2560 -832 ) 
4 779 854 (384 2560 -640 ) (368 2560 -640 ) (368 2560 -832 ) (384 2560 -832 ) 
4 779 807 (368 2560 -1376 ) (368 2560 -640 ) (368 2576 -640 ) (368 2576 -1376 ) 
4 779 805 (368 2576 -640 ) (368 2608 -640 ) (368 2608 -1376 ) (368 2576 -1376 ) 
4 779 780 (368 2560 -1376 ) (368 2608 -1376 ) (384 2608 -1376 ) (384 2560 -1376 ) 
4 780 875 (416 2560 -1392 ) (432 2560 -1392 ) (432 2560 -1376 ) (416 2560 -1376 ) 
4 780 876 (368 2560 -1376 ) (368 2560 -1392 ) (416 2560 -1392 ) (416 2560 -1376 ) 
4 780 807 (368 2560 -1392 ) (368 2560 -1376 ) (368 2576 -1376 ) (368 2576 -1392 ) 
4 780 805 (368 2576 -1376 ) (368 2608 -1376 ) (368 2608 -1392 ) (368 2576 -1392 ) 
4 780 803 (368 2624 -1376 ) (368 2688 -1376 ) (368 2688 -1392 ) (368 2624 -1392 ) 
4 781 1070 (432 2560 -1472 ) (384 2560 -1472 ) (384 2624 -1472 ) (432 2624 -1472 ) 
4 781 1064 (384 2624 -1472 ) (384 2688 -1472 ) (432 2688 -1472 ) (432 2624 -1472 ) 
4 781 1040 (496 2560 -1472 ) (432 2560 -1472 ) (432 2564 -1472 ) (496 2564 -1472 ) 
4 781 1033 (432 2564 -1472 ) (432 2688 -1472 ) (496 2688 -1472 ) (496 2564 -1472 ) 
4 781 1020 (560 2560 -1472 ) (496 2560 -1472 ) (496 2688 -1472 ) (560 2688 -1472 ) 
4 781 1010 (600 2560 -1472 ) (560 2560 -1472 ) (560 2688 -1472 ) (600 2688 -1472 ) 
4 781 878 (384 2560 -1472 ) (600 2560 -1472 ) (600 2560 -1408 ) (384 2560 -1408 ) 
4 782 784 (288 2660 -644 ) (368 2660 -644 ) (368 2658 -640 ) (284 2658 -640 ) 
4 782 783 (192 2660 -644 ) (272 2660 -644 ) (276 2658 -640 ) (192 2658 -640 ) 
4 782 786 (192 2660 -644 ) (192 2688 -644 ) (368 2688 -644 ) (368 2660 -644 ) 
4 783 785 (272 2624 -644 ) (272 2652 -644 ) (276 2654 -640 ) (276 2624 -640 ) 
4 783 786 (272 2624 -644 ) (192 2624 -644 ) (192 2660 -644 ) (272 2660 -644 ) 
4 784 785 (288 2652 -644 ) (288 2624 -644 ) (284 2624 -640 ) (284 2654 -640 ) 
4 784 786 (368 2624 -644 ) (288 2624 -644 ) (288 2660 -644 ) (368 2660 -644 ) 
4 785 786 (288 2624 -644 ) (272 2624 -644 ) (272 2652 -644 ) (288 2652 -644 ) 
4 786 789 (264 2624 -952 ) (200 2624 -952 ) (200 2688 -952 ) (264 2688 -952 ) 
4 786 788 (296 2624 -952 ) (264 2624 -952 ) (264 2680 -952 ) (296 2680 -952 ) 
4 786 787 (360 2624 -952 ) (296 2624 -952 ) (296 2688 -952 ) (360 2688 -952 ) 
4 787 788 (296 2680 -960 ) (296 2624 -960 ) (296 2624 -952 ) (296 2680 -952 ) 
4 788 789 (264 2680 -960 ) (264 2624 -960 ) (264 2624 -952 ) (264 2680 -952 ) 
4 790 791 (360 2688 -1216 ) (360 2624 -1216 ) (360 2624 -1024 ) (360 2688 -992 ) 
4 791 800 (360 2624 -1216 ) (344 2624 -1216 ) (344 2688 -1216 ) (360 2688 -1216 ) 
4 791 797 (344 2688 -1216 ) (344 2624 -1216 ) (344 2624 -1024 ) (344 2688 -992 ) 
4 792 798 (200 2680 -976 ) (200 2688 -976 ) (200 2688 -980 ) (200 2680 -980 ) 
4 792 799 (200 2624 -980 ) (200 2624 -976 ) (200 2680 -976 ) (200 2680 -980 ) 
4 792 796 (284 2654 -980 ) (284 2624 -980 ) (276 2624 -980 ) (276 2654 -980 ) 
4 792 795 (284 2658 -980 ) (344 2658 -980 ) (344 2624 -980 ) (284 2624 -980 ) 
4 792 794 (200 2624 -980 ) (200 2658 -980 ) (276 2658 -980 ) (276 2624 -980 ) 
4 792 793 (200 2658 -980 ) (200 2688 -980 ) (344 2688 -980 ) (344 2658 -980 ) 
4 793 798 (200 2680 -980 ) (200 2688 -980 ) (200 2688 -984 ) (200 2680 -984 ) 
4 793 799 (200 2658 -980 ) (200 2680 -980 ) (200 2680 -984 ) (200 2660 -984 ) 
4 793 795 (288 2660 -984 ) (344 2660 -984 ) (344 2658 -980 ) (284 2658 -980 ) 
4 793 794 (200 2660 -984 ) (272 2660 -984 ) (276 2658 -980 ) (200 2658 -980 ) 
4 793 797 (200 2660 -984 ) (200 2688 -984 ) (344 2688 -984 ) (344 2660 -984 ) 
4 794 799 (200 2624 -984 ) (200 2624 -980 ) (200 2658 -980 ) (200 2660 -984 ) 
4 794 796 (272 2624 -984 ) (272 2652 -984 ) (276 2654 -980 ) (276 2624 -980 ) 
4 794 797 (200 2624 -984 ) (200 2660 -984 ) (272 2660 -984 ) (272 2624 -984 ) 
4 795 796 (283.998138 2624 -980 ) (283.998138 2654 -980 ) (287.998138 2652 -984 ) (287.998138 2624 -984 ) 
4 795 797 (288 2660 -984 ) (344 2660 -984 ) (344 2624 -984 ) (288 2624 -984 ) 
4 796 797 (288 2652 -984 ) (288 2624 -984 ) (272 2624 -984 ) (272 2652 -984 ) 
4 797 802 (264 2624 -1216 ) (200 2624 -1216 ) (200 2688 -1216 ) (264 2688 -1216 ) 
4 797 801 (296 2624 -1216 ) (264 2624 -1216 ) (264 2680 -1216 ) (296 2680 -1216 ) 
4 797 800 (344 2624 -1216 ) (296 2624 -1216 ) (296 2688 -1216 ) (344 2688 -1216 ) 
4 797 798 (200 2680 -1176 ) (200 2680 -984 ) (200 2688 -984 ) (200 2688 -1176 ) 
4 797 799 (200 2680 -1216 ) (200 2624 -1216 ) (200 2624 -984 ) (200 2680 -984 ) 
4 798 799 (200 2680 -1176 ) (200 2680 -976 ) (192 2680 -976 ) (192 2680 -1176 ) 
4 800 801 (296 2680 -1224 ) (296 2624 -1224 ) (296 2624 -1216 ) (296 2680 -1216 ) 
4 801 802 (264 2680 -1224 ) (264 2624 -1224 ) (264 2624 -1216 ) (264 2680 -1216 ) 
4 803 1065 (208 2688 -1472 ) (368 2688 -1472 ) (368 2624 -1472 ) (208 2624 -1472 ) 
4 803 804 (368 2624 -1472 ) (368 2624 -1424 ) (208 2624 -1424 ) (208 2624 -1472 ) 
4 804 1071 (192 2608 -1472 ) (192 2624 -1472 ) (368 2624 -1472 ) (368 2608 -1472 ) 
4 804 817 (192 2616 -1472 ) (192 2608 -1472 ) (192 2608 -1424 ) (192 2616 -1424 ) 
4 804 816 (192 2624 -1472 ) (192 2616 -1472 ) (192 2616 -1424 ) (192 2624 -1424 ) 
4 804 805 (368 2608 -1472 ) (368 2608 -1424 ) (208 2608 -1424 ) (208 2608 -1472 ) 
4 805 1071 (208 2608 -1472 ) (368 2608 -1472 ) (368 2576 -1472 ) (208 2576 -1472 ) 
4 805 808 (320 2576 -640 ) (208 2576 -640 ) (208 2576 -1152 ) (320 2576 -1152 ) 
4 805 807 (368 2576 -1472 ) (368 2576 -640 ) (320 2576 -640 ) (320 2576 -1472 ) 
4 805 806 (208 2608 -640 ) (208 2608 -1152 ) (208 2576 -1152 ) (208 2576 -640 ) 
4 806 813 (192 2576 -848 ) (192 2576 -640 ) (192 2608 -640 ) (192 2608 -848 ) 
4 806 808 (208 2576 -640 ) (192 2576 -640 ) (192 2576 -1152 ) (208 2576 -1152 ) 
4 807 1071 (368 2560 -1472 ) (320 2560 -1472 ) (320 2576 -1472 ) (368 2576 -1472 ) 
4 807 879 (320 2560 -1472 ) (368 2560 -1472 ) (368 2560 -1408 ) (320 2560 -1408 ) 
4 807 877 (368 2560 -1408 ) (368 2560 -1392 ) (320 2560 -1392 ) (320 2560 -1408 ) 
4 807 876 (368 2560 -1392 ) (368 2560 -1152 ) (320 2560 -1152 ) (320 2560 -1392 ) 
4 807 865 (368 2560 -1152 ) (368 2560 -848 ) (320 2560 -848 ) (320 2560 -1152 ) 
4 807 858 (368 2560 -848 ) (368 2560 -832 ) (320 2560 -832 ) (320 2560 -848 ) 
4 807 854 (368 2560 -832 ) (368 2560 -640 ) (320 2560 -640 ) (320 2560 -832 ) 
4 807 808 (320 2576 -640 ) (320 2576 -1152 ) (320 2560 -1152 ) (320 2560 -640 ) 
4 808 868 (320 2560 -1136 ) (320 2560 -848 ) (192 2560 -848 ) (192 2560 -1136 ) 
4 808 858 (320 2560 -848 ) (320 2560 -832 ) (192 2560 -832 ) (192 2560 -848 ) 
4 808 854 (320 2560 -832 ) (320 2560 -640 ) (192 2560 -640 ) (192 2560 -832 ) 
4 808 826 (192 2560 -1152 ) (192 2560 -1088 ) (192 2576 -1088 ) (192 2576 -1152 ) 
4 808 814 (192 2560 -1088 ) (192 2560 -848 ) (192 2576 -848 ) (192 2576 -1088 ) 
4 808 813 (192 2560 -848 ) (192 2560 -640 ) (192 2576 -640 ) (192 2576 -848 ) 
4 809 1430 (0 2688 2528 ) (0 2688 -176 ) (0 2560 -48 ) (0 2560 2528 ) 
4 809 843 (0 2560 320 ) (0 2560 -48 ) (192 2560 -48 ) (192 2560 128 ) 
4 809 842 (0 2560 2528 ) (0 2560 320 ) (192 2560 128 ) (192 2560 2528 ) 
4 810 811 (104 2608 -320 ) (104 2608 -624 ) (192 2608 -624 ) (192 2608 -320 ) 
4 810 812 (104 2608 -624 ) (104 2608 -320 ) (104 2688 -320 ) (104 2688 -624 ) 
4 811 850 (104 2560 -640 ) (192 2560 -640 ) (192 2560 -320 ) (104 2560 -320 ) 
4 811 813 (192 2608 -640 ) (192 2560 -640 ) (104 2560 -640 ) (104 2608 -640 ) 
4 811 812 (104 2608 -640 ) (104 2560 -640 ) (104 2560 -320 ) (104 2608 -320 ) 
4 812 1431 (0 2688 -320 ) (0 2688 -640 ) (0 2560 -640 ) (0 2560 -320 ) 
4 812 850 (0 2560 -320 ) (0 2560 -640 ) (104 2560 -640 ) (104 2560 -320 ) 
4 812 813 (104 2624 -640 ) (104 2560 -640 ) (0 2560 -640 ) (0 2624 -640 ) 
4 813 1433 (0 2624 -848 ) (0 2560 -848 ) (0 2560 -640 ) (0 2624 -640 ) 
4 813 858 (0 2560 -832 ) (0 2560 -848 ) (192 2560 -848 ) (192 2560 -832 ) 
4 813 854 (0 2560 -640 ) (0 2560 -832 ) (192 2560 -832 ) (192 2560 -640 ) 
4 813 815 (48 2560 -848 ) (0 2560 -848 ) (0 2624 -848 ) (48 2624 -848 ) 
4 813 814 (192 2576 -848 ) (192 2560 -848 ) (48 2560 -848 ) (48 2576 -848 ) 
4 814 868 (48 2560 -1088 ) (192 2560 -1088 ) (192 2560 -848 ) (48 2560 -848 ) 
4 814 833 (116 2560 -1088 ) (48 2560 -1088 ) (48 2576 -1088 ) (116 2576 -1088 ) 
4 814 826 (192 2576 -1088 ) (192 2560 -1088 ) (172 2560 -1088 ) (172 2576 -1088 ) 
4 814 815 (48 2560 -1072 ) (48 2560 -848 ) (48 2576 -848 ) (48 2576 -1072 ) 
4 815 1432 (0 2688 -848 ) (0 2688 -1072 ) (0 2624 -1072 ) (0 2624 -848 ) 
4 815 1433 (0 2624 -1072 ) (0 2560 -1072 ) (0 2560 -848 ) (0 2624 -848 ) 
4 815 868 (0 2560 -848 ) (0 2560 -1072 ) (48 2560 -1072 ) (48 2560 -848 ) 
4 816 1071 (192 2624 -1472 ) (192 2616 -1472 ) (96 2616 -1472 ) (96 2624 -1472 ) 
4 816 1065 (96 2688 -1472 ) (192 2688 -1472 ) (192 2624 -1472 ) (96 2624 -1472 ) 
4 816 817 (192 2616 -1472 ) (192 2616 -1424 ) (96 2616 -1424 ) (96 2616 -1472 ) 
4 817 1071 (192 2616 -1472 ) (192 2576 -1472 ) (96 2576 -1472 ) (96 2616 -1472 ) 
4 817 832 (116 2576 -1472 ) (172 2576 -1472 ) (172 2576 -1442.666748 ) (116 2576 -1442.666748 ) 
4 817 825 (96 2604.002197 -1424 ) (96 2576 -1442.667969 ) (192 2576 -1442.667969 ) (192 2604.002197 -1424 ) 
4 818 819 (96 2676 -1216 ) (96 2676 -1360 ) (192 2676 -1360 ) (192 2676 -1216 ) 
4 819 820 (96 2664 -1216 ) (96 2664 -1368 ) (192 2664 -1368 ) (192 2664 -1216 ) 
4 820 821 (96 2652 -1216 ) (96 2652 -1376 ) (192 2652 -1376 ) (192 2652 -1216 ) 
4 821 822 (96 2640 -1216 ) (96 2640 -1384 ) (192 2640 -1384 ) (192 2640 -1216 ) 
4 822 823 (96 2628 -1216 ) (96 2628 -1392 ) (192 2628 -1392 ) (192 2628 -1216 ) 
4 823 824 (96 2616 -1216 ) (96 2616 -1400 ) (192 2616 -1400 ) (192 2616 -1216 ) 
4 824 829 (172 2576 -1300 ) (116 2576 -1300 ) (116 2576 -1408 ) (172 2576 -1408 ) 
4 824 827 (116 2576 -1296 ) (116 2576 -1300 ) (172 2576 -1300 ) (172 2576 -1296 ) 
4 825 832 (172 2576 -1424 ) (116 2576 -1424 ) (116 2576 -1442.666748 ) (172 2576 -1442.666748 ) 
4 826 868 (192 2560 -1136 ) (192 2560 -1088 ) (172 2560 -1088 ) (172 2560 -1136 ) 
4 827 829 (116 2570 -1300 ) (116 2576 -1300 ) (172 2576 -1300 ) (172 2570 -1300 ) 
4 828 915 (116 2560 -1296 ) (116 2560 -1300 ) (172 2560 -1300 ) (172 2560 -1296 ) 
4 828 831 (116 2560 -1300 ) (116 2566 -1300 ) (172 2566 -1300 ) (172 2560 -1300 ) 
4 829 830 (120 2570 -1408 ) (168 2570 -1408 ) (168 2570 -1300 ) (120 2570 -1300 ) 
4 830 831 (120 2566 -1408 ) (168 2566 -1408 ) (168 2566 -1300 ) (120 2566 -1300 ) 
4 831 915 (172 2560 -1300 ) (116 2560 -1300 ) (116 2560 -1408 ) (172 2560 -1408 ) 
4 832 1071 (172 2560 -1472 ) (116 2560 -1472 ) (116 2576 -1472 ) (172 2576 -1472 ) 
4 832 916 (116 2560 -1472 ) (172 2560 -1472 ) (172 2560 -1424 ) (116 2560 -1424 ) 
4 833 1436 (0 2560 -1152 ) (0 2560 -1088 ) (0 2576 -1088 ) (0 2576 -1152 ) 
4 833 868 (0 2560 -1088 ) (0 2560 -1136 ) (116 2560 -1136 ) (116 2560 -1088 ) 
4 834 929 (1024 2304 -320 ) (1024 2304 2528 ) (632 2304 2528 ) (632 2304 -320 ) 
4 834 838 (1012 2304 -320 ) (1008 2304 -320 ) (1008 2560 -320 ) (1012 2560 -320 ) 
4 834 839 (1008 2304 -320 ) (632 2304 -320 ) (632 2560 -320 ) (1008 2560 -320 ) 
4 834 837 (1024 2304 -320 ) (1012 2304 -320 ) (1012 2308 -320 ) (1024 2308 -320 ) 
4 834 836 (1012 2308 -320 ) (1012 2560 -320 ) (1024 2560 -320 ) (1024 2308 -320 ) 
4 834 835 (632 2304 -304 ) (632 2304 2528 ) (632 2560 2528 ) (632 2560 -48 ) 
4 835 930 (632 2304 2528 ) (608 2304 2528 ) (608 2304 -304 ) (632 2304 -304 ) 
4 835 842 (608 2560 2528 ) (608 2560 -48 ) (608 2368 -240 ) (608 2368 2528 ) 
4 835 844 (608 2368 -240 ) (608 2304 -304 ) (608 2304 2528 ) (608 2368 2528 ) 
4 836 838 (1012 2308 -800 ) (1012 2308 -320 ) (1012 2560 -320 ) (1012 2560 -800 ) 
4 836 837 (1012 2308 -320 ) (1012 2308 -800 ) (1024 2308 -800 ) (1024 2308 -320 ) 
4 837 932 (1024 2304 -800 ) (1024 2304 -448 ) (1012 2304 -448 ) (1012 2304 -800 ) 
4 837 929 (1024 2304 -448 ) (1024 2304 -320 ) (1012 2304 -320 ) (1012 2304 -448 ) 
4 837 838 (1012 2304 -800 ) (1012 2304 -320 ) (1012 2308 -320 ) (1012 2308 -800 ) 
4 838 932 (1008 2304 -448 ) (1008 2304 -800 ) (1012 2304 -800 ) (1012 2304 -448 ) 
4 838 929 (1012 2304 -320 ) (1008 2304 -320 ) (1008 2304 -448 ) (1012 2304 -448 ) 
4 838 839 (1008 2304 -800 ) (1008 2304 -320 ) (1008 2560 -320 ) (1008 2560 -800 ) 
4 839 932 (624 2304 -448 ) (624 2304 -832 ) (1008 2304 -832 ) (1008 2304 -448 ) 
4 839 930 (632 2304 -320 ) (624 2304 -320 ) (624 2304 -448 ) (632 2304 -448 ) 
4 839 929 (1008 2304 -320 ) (632 2304 -320 ) (632 2304 -448 ) (1008 2304 -448 ) 
4 839 841 (1008 2304 -832 ) (624 2304 -832 ) (624 2560 -832 ) (1008 2560 -832 ) 
4 840 936 (1008 2304 -1152 ) (1024 2304 -1152 ) (1024 2304 -960 ) (1008 2304 -960 ) 
4 840 932 (1024 2304 -960 ) (1024 2304 -896 ) (1008 2304 -896 ) (1008 2304 -960 ) 
4 840 902 (1024 2304 -1152 ) (1008 2304 -1152 ) (1008 2320 -1152 ) (1024 2320 -1152 ) 
4 840 841 (1008 2320 -1152 ) (1008 2304 -1152 ) (1008 2304 -896 ) (1008 2320 -896 ) 
4 841 936 (624 2304 -1152 ) (1008 2304 -1152 ) (1008 2304 -960 ) (624 2304 -960 ) 
4 841 932 (1008 2304 -960 ) (1008 2304 -832 ) (624 2304 -832 ) (624 2304 -960 ) 
4 841 902 (1008 2304 -1152 ) (624 2304 -1152 ) (624 2320 -1152 ) (1008 2320 -1152 ) 
4 841 899 (624 2320 -1152 ) (624 2368 -1152 ) (1008 2368 -1152 ) (1008 2320 -1152 ) 
4 841 887 (624 2368 -1152 ) (624 2432 -1152 ) (1008 2432 -1152 ) (1008 2368 -1152 ) 
4 841 873 (624 2432 -1152 ) (624 2560 -1152 ) (1008 2560 -1152 ) (1008 2432 -1152 ) 
4 842 1443 (0 2560 2528 ) (0 2560 320 ) (0 2368 320 ) (0 2368 2528 ) 
5 842 843 (367.998199 2368 -48.001831 ) (0 2368 319.996887 ) (0 2560 319.996826 ) (367.996338 2560 -48 ) (367.998169 2559.998047 -48.001835 ) 
5 842 844 (560 2368 -240 ) (608 2368 -240 ) (608 2368 2528 ) (0 2368 2528 ) (0 2368 320 ) 
4 843 1443 (0 2560 320 ) (0 2560 -48 ) (0 2368 -240 ) (0 2368 320 ) 
4 843 844 (0 2368 -240 ) (176 2368 -240 ) (368 2368 -48 ) (0 2368 320 ) 
4 844 1443 (0 2368 -240 ) (0 2304 -304 ) (0 2304 2528 ) (0 2368 2528 ) 
4 844 930 (0 2304 2528 ) (0 2304 -304 ) (608 2304 -304 ) (608 2304 2528 ) 
4 845 852 (608 2544 -640 ) (608 2416 -640 ) (600 2416 -640 ) (600 2544 -640 ) 
4 845 851 (600 2560 -640 ) (608 2560 -640 ) (608 2544 -640 ) (600 2544 -640 ) 
4 845 859 (608 2416 -640 ) (608 2320 -640 ) (600 2320 -640 ) (600 2416 -640 ) 
4 845 846 (600 2544 -624 ) (600 2544 -320 ) (600 2560 -320 ) (600 2560 -624 ) 
4 845 847 (600 2544 -640 ) (600 2320 -640 ) (600 2320 -320 ) (600 2544 -320 ) 
4 846 848 (560 2544 -624 ) (560 2544 -320 ) (560 2560 -320 ) (560 2560 -624 ) 
4 846 847 (560 2544 -320 ) (560 2544 -624 ) (600 2544 -624 ) (600 2544 -320 ) 
4 847 852 (600 2544 -640 ) (600 2416 -640 ) (576 2416 -640 ) (576 2544 -640 ) 
4 847 859 (600 2416 -640 ) (600 2320 -640 ) (560 2320 -640 ) (560 2416 -640 ) 
4 847 848 (560 2416 -624 ) (560 2416 -320 ) (560 2544 -320 ) (560 2544 -624 ) 
4 847 849 (560 2416 -640 ) (560 2320 -640 ) (560 2320 -320 ) (560 2416 -320 ) 
4 848 849 (416 2416 -320 ) (416 2416 -624 ) (560 2416 -624 ) (560 2416 -320 ) 
4 848 850 (416 2416 -624 ) (416 2416 -320 ) (416 2560 -320 ) (416 2560 -624 ) 
4 849 859 (560 2416 -640 ) (560 2320 -640 ) (416 2320 -640 ) (416 2416 -640 ) 
4 849 850 (416 2416 -640 ) (416 2320 -640 ) (416 2320 -320 ) (416 2416 -320 ) 
4 850 1448 (0 2432 -640 ) (0 2416 -640 ) (0 2416 -320 ) (0 2432 -320 ) 
4 850 1449 (0 2416 -640 ) (0 2320 -640 ) (0 2320 -320 ) (0 2416 -320 ) 
4 850 1445 (0 2560 -320 ) (0 2560 -640 ) (0 2432 -640 ) (0 2432 -320 ) 
4 850 855 (416 2432 -640 ) (416 2416 -640 ) (0 2416 -640 ) (0 2432 -640 ) 
4 850 854 (0 2560 -640 ) (416 2560 -640 ) (416 2432 -640 ) (0 2432 -640 ) 
4 850 859 (416 2416 -640 ) (416 2320 -640 ) (0 2320 -640 ) (0 2416 -640 ) 
4 851 860 (600 2560 -848 ) (608 2560 -848 ) (608 2544 -848 ) (600 2544 -848 ) 
4 851 852 (600 2544 -848 ) (608 2544 -848 ) (608 2544 -640 ) (600 2544 -640 ) 
4 852 860 (608 2544 -848 ) (608 2416 -848 ) (600 2416 -848 ) (600 2544 -848 ) 
4 852 861 (600 2416 -848 ) (576 2416 -848 ) (576 2544 -848 ) (600 2544 -848 ) 
4 852 859 (576 2416 -848 ) (608 2416 -848 ) (608 2416 -640 ) (576 2416 -640 ) 
4 853 856 (468 2432 -832 ) (524 2432 -832 ) (524 2432 -720 ) (468 2432 -720 ) 
4 854 1445 (0 2560 -640 ) (0 2560 -832 ) (0 2432 -832 ) (0 2432 -640 ) 
4 854 858 (0 2560 -832 ) (416 2560 -832 ) (416 2432 -832 ) (0 2432 -832 ) 
4 854 857 (0 2432 -832 ) (416 2432 -832 ) (416 2432 -720 ) (0 2432 -720 ) 
4 854 855 (416 2432 -720 ) (416 2432 -640 ) (0 2432 -640 ) (0 2432 -720 ) 
4 855 1448 (0 2416 -720 ) (0 2416 -640 ) (0 2432 -640 ) (0 2432 -720 ) 
4 855 857 (0 2432 -720 ) (416 2432 -720 ) (416 2416 -720 ) (0 2416 -720 ) 
4 855 859 (416 2416 -640 ) (0 2416 -640 ) (0 2416 -720 ) (416 2416 -720 ) 
4 857 1448 (0 2432 -832 ) (0 2416 -832 ) (0 2416 -720 ) (0 2432 -720 ) 
4 857 858 (416 2416 -832 ) (0 2416 -832 ) (0 2432 -832 ) (416 2432 -832 ) 
4 857 859 (416 2416 -720 ) (0 2416 -720 ) (0 2416 -832 ) (416 2416 -832 ) 
4 858 1448 (0 2432 -848 ) (0 2416 -848 ) (0 2416 -832 ) (0 2432 -832 ) 
4 858 1445 (0 2560 -832 ) (0 2560 -848 ) (0 2432 -848 ) (0 2432 -832 ) 
4 858 869 (160 2432 -848 ) (320 2432 -848 ) (320 2416 -848 ) (160 2416 -848 ) 
4 858 870 (0 2416 -848 ) (0 2432 -848 ) (160 2432 -848 ) (160 2416 -848 ) 
4 858 868 (0 2432 -848 ) (0 2560 -848 ) (320 2560 -848 ) (320 2432 -848 ) 
4 858 866 (416 2448 -848 ) (416 2416 -848 ) (320 2416 -848 ) (320 2448 -848 ) 
4 858 865 (320 2560 -848 ) (416 2560 -848 ) (416 2448 -848 ) (320 2448 -848 ) 
4 858 859 (0 2416 -848 ) (416 2416 -848 ) (416 2416 -832 ) (0 2416 -832 ) 
4 859 1449 (0 2416 -848 ) (0 2320 -848 ) (0 2320 -640 ) (0 2416 -640 ) 
4 859 869 (320 2320 -848 ) (160 2320 -848 ) (160 2416 -848 ) (320 2416 -848 ) 
4 859 870 (160 2320 -848 ) (0 2320 -848 ) (0 2416 -848 ) (160 2416 -848 ) 
4 859 866 (320 2352 -848 ) (320 2416 -848 ) (416 2416 -848 ) (416 2352 -848 ) 
4 859 867 (416 2320 -848 ) (320 2320 -848 ) (320 2352 -848 ) (416 2352 -848 ) 
4 859 863 (416 2352 -848 ) (416 2416 -848 ) (512 2416 -848 ) (512 2352 -848 ) 
4 859 864 (512 2320 -848 ) (416 2320 -848 ) (416 2352 -848 ) (512 2352 -848 ) 
4 859 860 (608 2320 -848 ) (600 2320 -848 ) (600 2416 -848 ) (608 2416 -848 ) 
4 859 861 (600 2320 -848 ) (512 2320 -848 ) (512 2416 -848 ) (600 2416 -848 ) 
4 860 861 (600 2320 -1088 ) (600 2320 -848 ) (600 2560 -848 ) (600 2560 -1088 ) 
4 861 900 (600 2368 -1152 ) (600 2320 -1152 ) (512 2320 -1152 ) (512 2368 -1152 ) 
4 861 888 (600 2432 -1152 ) (600 2368 -1152 ) (512 2368 -1152 ) (512 2432 -1152 ) 
4 861 882 (600 2480 -1152 ) (600 2432 -1152 ) (512 2432 -1152 ) (512 2480 -1152 ) 
4 861 874 (512 2560 -1152 ) (600 2560 -1152 ) (600 2480 -1152 ) (512 2480 -1152 ) 
4 861 863 (512 2352 -1136 ) (512 2352 -848 ) (512 2496 -848 ) (512 2496 -1136 ) 
4 861 862 (512 2560 -1152 ) (512 2496 -1152 ) (512 2496 -848 ) (512 2560 -848 ) 
4 861 864 (512 2352 -1152 ) (512 2320 -1152 ) (512 2320 -848 ) (512 2352 -848 ) 
4 862 875 (416 2560 -1152 ) (512 2560 -1152 ) (512 2496 -1152 ) (416 2496 -1152 ) 
4 862 865 (416 2560 -1152 ) (416 2496 -1152 ) (416 2496 -848 ) (416 2560 -848 ) 
4 862 863 (416 2496 -848 ) (416 2496 -1136 ) (512 2496 -1136 ) (512 2496 -848 ) 
4 863 866 (416 2352 -1136 ) (416 2352 -848 ) (416 2448 -848 ) (416 2448 -1136 ) 
4 863 865 (416 2448 -848 ) (416 2496 -848 ) (416 2496 -1136 ) (416 2448 -1136 ) 
4 863 864 (416 2352 -848 ) (416 2352 -1136 ) (512 2352 -1136 ) (512 2352 -848 ) 
4 864 901 (512 2352 -1152 ) (512 2320 -1152 ) (416 2320 -1152 ) (416 2352 -1152 ) 
4 864 867 (416 2352 -1152 ) (416 2320 -1152 ) (416 2320 -848 ) (416 2352 -848 ) 
4 865 884 (416 2480 -1152 ) (416 2448 -1152 ) (320 2448 -1152 ) (320 2480 -1152 ) 
4 865 876 (320 2560 -1152 ) (416 2560 -1152 ) (416 2480 -1152 ) (320 2480 -1152 ) 
4 865 868 (320 2448 -1136 ) (320 2448 -848 ) (320 2560 -848 ) (320 2560 -1136 ) 
4 865 866 (320 2448 -848 ) (320 2448 -1136 ) (416 2448 -1136 ) (416 2448 -848 ) 
4 866 869 (320 2352 -1136 ) (320 2352 -848 ) (320 2432 -848 ) (320 2432 -1136 ) 
4 866 868 (320 2432 -848 ) (320 2448 -848 ) (320 2448 -1136 ) (320 2432 -1136 ) 
4 866 867 (320 2352 -848 ) (320 2352 -1136 ) (416 2352 -1136 ) (416 2352 -848 ) 
4 867 901 (416 2352 -1152 ) (416 2320 -1152 ) (320 2320 -1152 ) (320 2352 -1152 ) 
4 867 869 (320 2320 -1136 ) (320 2320 -848 ) (320 2352 -848 ) (320 2352 -1136 ) 
4 868 1445 (0 2560 -848 ) (0 2560 -1136 ) (0 2432 -1136 ) (0 2432 -848 ) 
4 868 869 (320 2432 -1136 ) (320 2432 -848 ) (160 2432 -848 ) (160 2432 -1136 ) 
4 868 870 (160 2432 -848 ) (0 2432 -848 ) (0 2432 -1136 ) (160 2432 -1136 ) 
4 869 870 (160 2432 -848 ) (160 2432 -1136 ) (160 2320 -1136 ) (160 2320 -848 ) 
4 870 1448 (0 2432 -1152 ) (0 2416 -1152 ) (0 2416 -848 ) (0 2432 -848 ) 
4 870 1449 (0 2416 -1152 ) (0 2320 -1152 ) (0 2320 -848 ) (0 2416 -848 ) 
4 870 917 (0 2320 -1152 ) (0 2416 -1152 ) (160 2416 -1152 ) (160 2320 -1152 ) 
4 871 998 (1024 2560 -1472 ) (1024 2496 -1472 ) (1008 2496 -1472 ) (1008 2560 -1472 ) 
4 871 873 (1008 2560 -1408 ) (1008 2560 -1472 ) (1008 2496 -1472 ) (1008 2496 -1408 ) 
4 871 872 (1008 2496 -1408 ) (1008 2496 -1472 ) (1024 2496 -1472 ) (1024 2496 -1424 ) 
4 872 998 (1024 2496 -1472 ) (1024 2432 -1472 ) (1008 2432 -1472 ) (1008 2496 -1472 ) 
4 872 886 (1008 2432 -1472 ) (1024 2432 -1472 ) (1024 2432 -1424 ) (1008 2432 -1408 ) 
4 872 873 (1008 2432 -1472 ) (1008 2432 -1408 ) (1008 2496 -1408 ) (1008 2496 -1472 ) 
4 873 1003 (688 2432 -1472 ) (624 2432 -1472 ) (624 2560 -1472 ) (688 2560 -1472 ) 
4 873 1002 (952 2432 -1472 ) (688 2432 -1472 ) (688 2560 -1472 ) (952 2560 -1472 ) 
4 873 1001 (983 2432 -1472 ) (952 2432 -1472 ) (952 2560 -1472 ) (983 2560 -1472 ) 
4 873 998 (1008 2432 -1472 ) (983 2432 -1472 ) (983 2560 -1472 ) (1008 2560 -1472 ) 
4 873 887 (624 2432 -1472 ) (1008 2432 -1472 ) (1008 2432 -1152 ) (624 2432 -1152 ) 
4 874 882 (512 2480 -1392 ) (600 2480 -1392 ) (600 2480 -1152 ) (512 2480 -1152 ) 
4 874 875 (512 2560 -1392 ) (512 2496 -1392 ) (512 2496 -1152 ) (512 2560 -1152 ) 
4 875 876 (416 2560 -1392 ) (416 2496 -1392 ) (416 2496 -1152 ) (416 2560 -1152 ) 
4 876 884 (320 2480 -1392 ) (416 2480 -1392 ) (416 2480 -1152 ) (320 2480 -1152 ) 
4 876 877 (368 2480 -1392 ) (320 2480 -1392 ) (320 2560 -1392 ) (368 2560 -1392 ) 
4 877 884 (320 2480 -1408 ) (368 2480 -1408 ) (368 2480 -1392 ) (320 2480 -1392 ) 
4 877 881 (368 2480 -1408 ) (320 2480 -1408 ) (320 2496 -1408 ) (368 2496 -1408 ) 
4 877 879 (320 2496 -1408 ) (320 2560 -1408 ) (368 2560 -1408 ) (368 2496 -1408 ) 
4 878 1070 (384 2560 -1472 ) (432 2560 -1472 ) (432 2496 -1472 ) (384 2496 -1472 ) 
4 878 1045 (496 2504 -1472 ) (496 2496 -1472 ) (432 2496 -1472 ) (432 2504 -1472 ) 
4 878 1044 (496 2516 -1472 ) (496 2504 -1472 ) (432 2504 -1472 ) (432 2516 -1472 ) 
4 878 1043 (496 2528 -1472 ) (496 2516 -1472 ) (432 2516 -1472 ) (432 2528 -1472 ) 
4 878 1042 (496 2540 -1472 ) (496 2528 -1472 ) (432 2528 -1472 ) (432 2540 -1472 ) 
4 878 1041 (496 2552 -1472 ) (496 2540 -1472 ) (432 2540 -1472 ) (432 2552 -1472 ) 
4 878 1040 (432 2560 -1472 ) (496 2560 -1472 ) (496 2552 -1472 ) (432 2552 -1472 ) 
4 878 1020 (496 2560 -1472 ) (560 2560 -1472 ) (560 2496 -1472 ) (496 2496 -1472 ) 
4 878 1016 (560 2560 -1472 ) (600 2560 -1472 ) (600 2496 -1472 ) (560 2496 -1472 ) 
4 878 880 (496 2496 -1408 ) (432 2496 -1408 ) (432 2496 -1472 ) (496 2496 -1472 ) 
4 879 1071 (320 2560 -1472 ) (368 2560 -1472 ) (368 2496 -1472 ) (320 2496 -1472 ) 
4 879 881 (368 2496 -1408 ) (320 2496 -1408 ) (320 2496 -1472 ) (368 2496 -1472 ) 
4 880 1046 (496 2492 -1472 ) (496 2480 -1472 ) (432 2480 -1472 ) (432 2492 -1472 ) 
4 880 1045 (432 2496 -1472 ) (496 2496 -1472 ) (496 2492 -1472 ) (432 2492 -1472 ) 
4 880 883 (432 2480 -1472 ) (496 2480 -1472 ) (496 2480 -1408 ) (432 2480 -1408 ) 
4 881 1072 (320 2496 -1472 ) (368 2496 -1472 ) (368 2480 -1472 ) (320 2480 -1472 ) 
4 881 884 (320 2480 -1472 ) (368 2480 -1472 ) (368 2480 -1408 ) (320 2480 -1408 ) 
4 882 1021 (560 2432 -1472 ) (512 2432 -1472 ) (512 2480 -1472 ) (560 2480 -1472 ) 
4 882 1017 (600 2432 -1472 ) (560 2432 -1472 ) (560 2480 -1472 ) (600 2480 -1472 ) 
4 882 888 (512 2432 -1472 ) (600 2432 -1472 ) (600 2432 -1152 ) (512 2432 -1152 ) 
4 883 1054 (496 2432 -1472 ) (432 2432 -1472 ) (432 2444 -1472 ) (496 2444 -1472 ) 
4 883 1052 (432 2444 -1472 ) (432 2456 -1472 ) (496 2456 -1472 ) (496 2444 -1472 ) 
4 883 1050 (432 2456 -1472 ) (432 2468 -1472 ) (496 2468 -1472 ) (496 2456 -1472 ) 
4 883 1048 (432 2468 -1472 ) (432 2480 -1472 ) (496 2480 -1472 ) (496 2468 -1472 ) 
4 883 889 (432 2432 -1472 ) (496 2432 -1472 ) (496 2432 -1152 ) (432 2432 -1152 ) 
4 884 1073 (320 2448 -1472 ) (320 2480 -1472 ) (416 2480 -1472 ) (416 2448 -1472 ) 
4 885 1080 (376 2368 -1472 ) (304 2368 -1472 ) (304 2432 -1472 ) (376 2432 -1472 ) 
4 885 910 (304 2432 -1424 ) (304 2432 -1472 ) (304 2368 -1472 ) (304 2368 -1424 ) 
4 886 998 (1024 2432 -1472 ) (1024 2368 -1472 ) (1008 2368 -1472 ) (1008 2432 -1472 ) 
4 886 898 (1008 2368 -1472 ) (1024 2368 -1472 ) (1024 2368 -1424 ) (1008 2368 -1408 ) 
4 886 887 (1008 2432 -1408 ) (1008 2432 -1472 ) (1008 2368 -1472 ) (1008 2368 -1408 ) 
4 887 1003 (688 2368 -1472 ) (624 2368 -1472 ) (624 2432 -1472 ) (688 2432 -1472 ) 
4 887 1002 (952 2368 -1472 ) (688 2368 -1472 ) (688 2432 -1472 ) (952 2432 -1472 ) 
4 887 1001 (983 2368 -1472 ) (952 2368 -1472 ) (952 2432 -1472 ) (983 2432 -1472 ) 
4 887 998 (1008 2368 -1472 ) (983 2368 -1472 ) (983 2432 -1472 ) (1008 2432 -1472 ) 
4 887 899 (624 2368 -1472 ) (1008 2368 -1472 ) (1008 2368 -1152 ) (624 2368 -1152 ) 
4 888 1021 (560 2368 -1472 ) (512 2368 -1472 ) (512 2432 -1472 ) (560 2432 -1472 ) 
4 888 1017 (600 2368 -1472 ) (560 2368 -1472 ) (560 2432 -1472 ) (600 2432 -1472 ) 
4 888 900 (512 2368 -1472 ) (600 2368 -1472 ) (600 2368 -1152 ) (512 2368 -1152 ) 
4 889 1077 (412 2368 -1472 ) (400 2368 -1472 ) (400 2432 -1472 ) (412 2432 -1472 ) 
4 889 1075 (432 2368 -1472 ) (412 2368 -1472 ) (412 2432 -1472 ) (432 2432 -1472 ) 
4 889 1056 (496 2368 -1472 ) (432 2368 -1472 ) (432 2432 -1472 ) (496 2432 -1472 ) 
4 889 890 (388 2432 -1152 ) (388 2432 -1464 ) (388 2368 -1464 ) (388 2368 -1152 ) 
4 890 891 (376 2432 -1152 ) (376 2432 -1456 ) (376 2368 -1456 ) (376 2368 -1152 ) 
4 891 892 (364 2432 -1152 ) (364 2432 -1448 ) (364 2368 -1448 ) (364 2368 -1152 ) 
4 892 893 (352 2432 -1152 ) (352 2432 -1440 ) (352 2368 -1440 ) (352 2368 -1152 ) 
4 893 894 (340 2432 -1152 ) (340 2432 -1432 ) (340 2368 -1432 ) (340 2368 -1152 ) 
4 894 896 (328 2432 -1296 ) (328 2432 -1424 ) (328 2368 -1424 ) (328 2368 -1296 ) 
4 894 895 (328 2432 -1152 ) (328 2432 -1296 ) (328 2368 -1296 ) (328 2368 -1152 ) 
4 895 896 (320 2432 -1296 ) (328 2432 -1296 ) (328 2368 -1296 ) (320 2368 -1296 ) 
4 896 897 (316 2432 -1296 ) (316 2432 -1416 ) (316 2368 -1416 ) (316 2368 -1296 ) 
4 897 909 (304 2432 -1296 ) (304 2432 -1408 ) (304 2368 -1408 ) (304 2368 -1296 ) 
4 898 998 (1024 2368 -1472 ) (1024 2320 -1472 ) (1008 2320 -1472 ) (1008 2368 -1472 ) 
4 898 902 (1008 2320 -1472 ) (1024 2320 -1472 ) (1024 2320 -1424 ) (1008 2320 -1408 ) 
4 898 899 (1008 2368 -1408 ) (1008 2368 -1472 ) (1008 2320 -1472 ) (1008 2320 -1408 ) 
4 899 1003 (688 2320 -1472 ) (624 2320 -1472 ) (624 2368 -1472 ) (688 2368 -1472 ) 
4 899 1002 (952 2320 -1472 ) (688 2320 -1472 ) (688 2368 -1472 ) (952 2368 -1472 ) 
4 899 1001 (983 2320 -1472 ) (952 2320 -1472 ) (952 2368 -1472 ) (983 2368 -1472 ) 
4 899 998 (1008 2320 -1472 ) (983 2320 -1472 ) (983 2368 -1472 ) (1008 2368 -1472 ) 
4 899 902 (624 2320 -1472 ) (1008 2320 -1472 ) (1008 2320 -1152 ) (624 2320 -1152 ) 
4 900 1023 (560 2320 -1472 ) (512 2320 -1472 ) (512 2352 -1472 ) (560 2352 -1472 ) 
4 900 1022 (512 2352 -1472 ) (512 2368 -1472 ) (560 2368 -1472 ) (560 2352 -1472 ) 
4 900 1017 (600 2320 -1472 ) (560 2320 -1472 ) (560 2368 -1472 ) (600 2368 -1472 ) 
4 900 901 (512 2352 -1472 ) (512 2320 -1472 ) (512 2320 -1152 ) (512 2352 -1152 ) 
4 901 1082 (432 2320 -1472 ) (320 2320 -1472 ) (320 2352 -1472 ) (432 2352 -1472 ) 
4 901 1058 (496 2320 -1472 ) (432 2320 -1472 ) (432 2352 -1472 ) (496 2352 -1472 ) 
4 901 1023 (512 2320 -1472 ) (496 2320 -1472 ) (496 2352 -1472 ) (512 2352 -1472 ) 
4 902 1003 (688 2304 -1472 ) (624 2304 -1472 ) (624 2320 -1472 ) (688 2320 -1472 ) 
4 902 1002 (952 2304 -1472 ) (688 2304 -1472 ) (688 2320 -1472 ) (952 2320 -1472 ) 
4 902 1001 (983 2304 -1472 ) (952 2304 -1472 ) (952 2320 -1472 ) (983 2320 -1472 ) 
4 902 998 (1024 2320 -1472 ) (1024 2304 -1472 ) (983 2304 -1472 ) (983 2320 -1472 ) 
4 902 965 (624 2304 -1472 ) (1024 2304 -1472 ) (1024 2304 -1344 ) (624 2304 -1344 ) 
4 902 954 (640 2304 -1296 ) (624 2304 -1296 ) (624 2304 -1320 ) (640 2304 -1320 ) 
4 902 952 (960 2304 -1296 ) (672 2304 -1296 ) (672 2304 -1320 ) (960 2304 -1320 ) 
4 902 949 (1024 2304 -1320 ) (1024 2304 -1296 ) (992 2304 -1296 ) (992 2304 -1320 ) 
4 902 948 (1024 2304 -1344 ) (1024 2304 -1320 ) (624 2304 -1320 ) (624 2304 -1344 ) 
4 902 936 (1024 2304 -1280 ) (1024 2304 -1152 ) (624 2304 -1152 ) (624 2304 -1280 ) 
4 903 911 (176 2498 -1152 ) (176 2560 -1152 ) (176 2560 -1156 ) (176 2500 -1156 ) 
4 903 907 (176 2500 -1156 ) (176 2560 -1156 ) (304 2560 -1156 ) (304 2500 -1156 ) 
4 903 905 (248 2500 -1156 ) (304 2500 -1156 ) (304 2498 -1152 ) (244 2498 -1152 ) 
4 903 904 (176 2498 -1152 ) (176 2500 -1156 ) (232 2500 -1156 ) (236 2498 -1152 ) 
4 904 939 (236 2304 -1152 ) (176 2304 -1152 ) (176 2304 -1156 ) (232 2304 -1156 ) 
4 904 913 (176 2432 -1152 ) (176 2498 -1152 ) (176 2500 -1156 ) (176 2432 -1156 ) 
4 904 908 (176 2304 -1156 ) (176 2320 -1156 ) (232 2320 -1156 ) (232 2304 -1156 ) 
4 904 907 (176 2320 -1156 ) (176 2500 -1156 ) (232 2500 -1156 ) (232 2320 -1156 ) 
4 904 906 (232 2304 -1156 ) (232 2492 -1156 ) (236 2494 -1152 ) (236 2304 -1152 ) 
4 905 939 (304 2304 -1156 ) (304 2304 -1152 ) (244 2304 -1152 ) (248 2304 -1156 ) 
4 905 908 (304 2320 -1156 ) (304 2304 -1156 ) (248 2304 -1156 ) (248 2320 -1156 ) 
4 905 907 (248 2500 -1156 ) (304 2500 -1156 ) (304 2320 -1156 ) (248 2320 -1156 ) 
4 905 906 (244 2304 -1152 ) (244 2494 -1152 ) (248 2492 -1156 ) (248 2304 -1156 ) 
4 906 939 (244 2304 -1152 ) (236 2304 -1152 ) (232 2304 -1156 ) (248 2304 -1156 ) 
4 906 908 (248 2320 -1156 ) (248 2304 -1156 ) (232 2304 -1156 ) (232 2320 -1156 ) 
4 906 907 (248 2492 -1156 ) (248 2320 -1156 ) (232 2320 -1156 ) (232 2492 -1156 ) 
4 907 915 (176 2432 -1156 ) (176 2560 -1156 ) (176 2560 -1296 ) (176 2432 -1296 ) 
4 907 909 (176 2320 -1296 ) (176 2560 -1296 ) (304 2560 -1296 ) (304 2320 -1296 ) 
4 907 908 (304 2320 -1280 ) (304 2320 -1156 ) (176 2320 -1156 ) (176 2320 -1280 ) 
4 908 942 (304 2304 -1280 ) (304 2304 -1216 ) (176 2304 -1216 ) (176 2304 -1280 ) 
4 908 939 (304 2304 -1216 ) (304 2304 -1156 ) (176 2304 -1156 ) (176 2304 -1216 ) 
4 909 915 (176 2432 -1296 ) (176 2560 -1296 ) (176 2560 -1408 ) (176 2432 -1408 ) 
4 910 1082 (176 2320 -1472 ) (176 2352 -1472 ) (304 2352 -1472 ) (304 2320 -1472 ) 
4 910 1081 (176 2352 -1472 ) (176 2368 -1472 ) (304 2368 -1472 ) (304 2352 -1472 ) 
4 910 1080 (176 2368 -1472 ) (176 2432 -1472 ) (304 2432 -1472 ) (304 2368 -1472 ) 
4 910 1074 (176 2432 -1472 ) (176 2480 -1472 ) (304 2480 -1472 ) (304 2432 -1472 ) 
4 910 1072 (176 2480 -1472 ) (176 2496 -1472 ) (304 2496 -1472 ) (304 2480 -1472 ) 
4 910 1071 (176 2496 -1472 ) (176 2560 -1472 ) (304 2560 -1472 ) (304 2496 -1472 ) 
4 910 916 (176 2432 -1424 ) (176 2560 -1424 ) (176 2560 -1472 ) (176 2432 -1472 ) 
4 911 1446 (0 2560 -1152 ) (0 2560 -1156 ) (0 2500 -1156 ) (0 2498 -1152 ) 
4 911 913 (28 2500 -1156 ) (176 2500 -1156 ) (176 2498 -1152 ) (24 2498 -1152 ) 
4 911 912 (0 2500 -1156 ) (12 2500 -1156 ) (16 2498 -1152 ) (0 2498 -1152 ) 
4 911 915 (0 2500 -1156 ) (0 2560 -1156 ) (176 2560 -1156 ) (176 2500 -1156 ) 
4 912 1446 (0 2500 -1156 ) (0 2432 -1156 ) (0 2432 -1152 ) (0 2498 -1152 ) 
4 912 914 (12 2432 -1156 ) (12 2492 -1156 ) (16 2494 -1152 ) (16 2432 -1152 ) 
4 912 915 (12 2432 -1156 ) (0 2432 -1156 ) (0 2500 -1156 ) (12 2500 -1156 ) 
4 913 914 (28 2492 -1156 ) (28 2432 -1156 ) (24 2432 -1152 ) (24 2494 -1152 ) 
4 913 915 (176 2432 -1156 ) (28 2432 -1156 ) (28 2500 -1156 ) (176 2500 -1156 ) 
4 914 915 (28 2432 -1156 ) (12 2432 -1156 ) (12 2492 -1156 ) (28 2492 -1156 ) 
4 915 1446 (0 2560 -1156 ) (0 2560 -1408 ) (0 2432 -1408 ) (0 2432 -1156 ) 
4 916 1447 (0 2560 -1424 ) (0 2560 -1472 ) (0 2432 -1472 ) (0 2432 -1424 ) 
4 916 1074 (0 2432 -1472 ) (0 2480 -1472 ) (176 2480 -1472 ) (176 2432 -1472 ) 
4 916 1072 (0 2480 -1472 ) (0 2496 -1472 ) (176 2496 -1472 ) (176 2480 -1472 ) 
4 916 1071 (0 2496 -1472 ) (0 2560 -1472 ) (176 2560 -1472 ) (176 2496 -1472 ) 
4 917 1449 (0 2416 -1472 ) (0 2320 -1472 ) (0 2320 -1152 ) (0 2416 -1152 ) 
4 917 1082 (0 2320 -1472 ) (0 2352 -1472 ) (160 2352 -1472 ) (160 2320 -1472 ) 
4 917 1081 (0 2352 -1472 ) (0 2368 -1472 ) (160 2368 -1472 ) (160 2352 -1472 ) 
4 917 1080 (0 2368 -1472 ) (0 2416 -1472 ) (160 2416 -1472 ) (160 2368 -1472 ) 
4 918 1083 (104 2304 -1472 ) (248 2304 -1472 ) (248 2192 -1472 ) (104 2192 -1472 ) 
4 918 978 (247.996094 2304 -1472 ) (175.997955 2304 -1424.001221 ) (175.997955 2192 -1424.001221 ) (247.996094 2192 -1472 ) 
3 918 926 (104 2192 -1472 ) (248.003906 2192 -1472 ) (176.001846 2192 -1423.998657 ) 
4 919 980 (164 2304 -1416.002563 ) (152 2304 -1408.002563 ) (152 2192 -1408.002563 ) (164 2192 -1416.002563 ) 
3 919 927 (158.001877 2192 -1411.998657 ) (152 2192 -1407.997437 ) (152 2192 -1416 ) 
4 919 920 (152 2192 -1424 ) (152 2192 -1408 ) (152 2304 -1408 ) (152 2304 -1424 ) 
4 920 980 (152 2304 -1408.002563 ) (140 2304 -1400.002563 ) (140 2192 -1400.002563 ) (152 2192 -1408.002563 ) 
4 920 927 (152 2192 -1416 ) (152 2192 -1407.997437 ) (140 2192 -1399.997437 ) (140 2192 -1424 ) 
4 920 921 (140 2192 -1432 ) (140 2192 -1400 ) (140 2304 -1400 ) (140 2304 -1432 ) 
4 921 980 (140 2304 -1400.002563 ) (128 2304 -1392.002563 ) (128 2192 -1392.002563 ) (140 2192 -1400.002563 ) 
4 921 927 (140 2192 -1424 ) (140 2192 -1399.997437 ) (128 2192 -1391.997437 ) (128 2192 -1432 ) 
4 921 922 (128 2192 -1440 ) (128 2192 -1392 ) (128 2304 -1392 ) (128 2304 -1440 ) 
4 922 980 (128 2304 -1392.002563 ) (116 2304 -1384.002563 ) (116 2192 -1384.002563 ) (128 2192 -1392.002563 ) 
4 922 927 (128 2192 -1432 ) (128 2192 -1391.997437 ) (116 2192 -1383.997437 ) (116 2192 -1440 ) 
4 922 923 (116 2192 -1448 ) (116 2192 -1384 ) (116 2304 -1384 ) (116 2304 -1448 ) 
4 923 980 (116 2304 -1384.002563 ) (104 2304 -1376.002563 ) (104 2192 -1376.002563 ) (116 2192 -1384.002563 ) 
4 923 927 (116 2192 -1440 ) (116 2192 -1383.997437 ) (104 2192 -1375.997437 ) (104 2192 -1448 ) 
4 923 924 (104 2192 -1456 ) (104 2192 -1376 ) (104 2304 -1376 ) (104 2304 -1456 ) 
4 924 980 (104 2304 -1376.002563 ) (92 2304 -1368.002563 ) (92 2192 -1368.002563 ) (104 2192 -1376.002563 ) 
4 924 927 (104 2192 -1448 ) (104 2192 -1375.997437 ) (92 2192 -1367.997437 ) (92 2192 -1456 ) 
4 924 925 (92 2192 -1464 ) (92 2192 -1368 ) (92 2304 -1368 ) (92 2304 -1464 ) 
4 925 1462 (0 2192 -1306.666504 ) (0 2304 -1306.666504 ) (0 2304 -1472 ) (0 2192 -1472 ) 
4 925 1090 (0 2192 -1472 ) (0 2304 -1472 ) (8 2304 -1472 ) (8 2192 -1472 ) 
4 925 1089 (8 2304 -1472 ) (20 2304 -1472 ) (20 2192 -1472 ) (8 2192 -1472 ) 
4 925 1088 (20 2304 -1472 ) (32 2304 -1472 ) (32 2192 -1472 ) (20 2192 -1472 ) 
4 925 1087 (32 2304 -1472 ) (44 2304 -1472 ) (44 2192 -1472 ) (32 2192 -1472 ) 
4 925 1086 (44 2304 -1472 ) (56 2304 -1472 ) (56 2192 -1472 ) (44 2192 -1472 ) 
4 925 1085 (56 2304 -1472 ) (68 2304 -1472 ) (68 2192 -1472 ) (56 2192 -1472 ) 
4 925 1084 (68 2304 -1472 ) (80 2304 -1472 ) (80 2192 -1472 ) (68 2192 -1472 ) 
4 925 980 (92 2304 -1368.002563 ) (0 2304 -1306.669312 ) (0 2192 -1306.669312 ) (92 2192 -1368.002563 ) 
5 925 927 (0 2192 -1472 ) (68 2192 -1472 ) (92 2192 -1456 ) (92 2192 -1367.997437 ) (0 2192 -1306.664062 ) 
4 926 1091 (104 2192 -1472 ) (248 2192 -1472 ) (248 2176 -1472 ) (104 2176 -1472 ) 
4 926 978 (175.997955 2176 -1424.001221 ) (247.996094 2176 -1472 ) (247.996094 2192 -1472 ) (175.997955 2192 -1424.001221 ) 
3 926 928 (104 2176 -1472 ) (248.003906 2176 -1472 ) (176.001846 2176 -1423.998657 ) 
4 927 1467 (0 2176 -1306.666504 ) (0 2192 -1306.666504 ) (0 2192 -1472 ) (0 2176 -1472 ) 
4 927 1092 (0 2176 -1472 ) (0 2192 -1472 ) (68 2192 -1472 ) (68 2176 -1472 ) 
4 927 981 (0 2192 -1306.669312 ) (0 2176 -1306.669312 ) (157.998032 2176 -1412.001221 ) (157.998032 2192 -1412.001221 ) 
4 927 928 (0 2176 -1472 ) (68 2176 -1472 ) (158.001938 2176 -1411.998657 ) (0 2176 -1306.664062 ) 
4 928 1468 (0 2048 -1472 ) (0 2048 -1306.666626 ) (0 2176 -1306.666504 ) (0 2176 -1472 ) 
4 928 1098 (8 2048 -1472 ) (0 2048 -1472 ) (0 2176 -1472 ) (8 2176 -1472 ) 
4 928 1097 (20 2048 -1472 ) (8 2048 -1472 ) (8 2176 -1472 ) (20 2176 -1472 ) 
4 928 1096 (32 2048 -1472 ) (20 2048 -1472 ) (20 2176 -1472 ) (32 2176 -1472 ) 
4 928 1095 (44 2048 -1472 ) (32 2048 -1472 ) (32 2176 -1472 ) (44 2176 -1472 ) 
4 928 1094 (56 2048 -1472 ) (44 2048 -1472 ) (44 2176 -1472 ) (56 2176 -1472 ) 
4 928 1093 (248 2048 -1472 ) (56 2048 -1472 ) (56 2176 -1472 ) (248 2176 -1472 ) 
4 928 978 (176 2048 -1424.002563 ) (247.996109 2048 -1472 ) (247.996094 2176 -1472 ) (176 2176 -1424.002563 ) 
4 929 1280 (1024 2048 -448 ) (1024 2048 2528 ) (632 2048 2528 ) (632 2048 -448 ) 
4 929 932 (632 2304 -448 ) (1024 2304 -448 ) (1024 2048 -448 ) (632 2048 -448 ) 
4 929 931 (632 2048 -432 ) (632 2048 2528 ) (632 2056 2528 ) (632 2056 -432 ) 
4 929 930 (632 2304 -448 ) (632 2056 -448 ) (632 2056 2528 ) (632 2304 2528 ) 
4 930 1470 (0 2056 2528 ) (0 2176 2528 ) (0 2176 -448 ) (0 2056 -448 ) 
4 930 1460 (0 2176 2528 ) (0 2304 2528 ) (0 2304 -448 ) (0 2176 -448 ) 
4 930 933 (240 2304 -448 ) (368 2304 -448 ) (368 2056 -448 ) (240 2056 -448 ) 
4 930 932 (368 2304 -448 ) (632 2304 -448 ) (632 2056 -448 ) (368 2056 -448 ) 
4 930 935 (0 2304 -448 ) (240 2304 -448 ) (240 2056 -448 ) (0 2056 -448 ) 
4 930 931 (632 2056 -432 ) (632 2056 2528 ) (0 2056 2528 ) (0 2056 -432 ) 
4 931 1471 (0 2048 -432 ) (0 2048 2528 ) (0 2056 2528 ) (0 2056 -432 ) 
4 931 1281 (632 2048 2528 ) (0 2048 2528 ) (0 2048 -432 ) (632 2048 -432 ) 
4 932 1283 (1024 2048 -960 ) (1024 2048 -448 ) (624 2048 -448 ) (624 2048 -960 ) 
4 932 937 (560 2048 -960 ) (496 2048 -960 ) (496 2304 -960 ) (560 2304 -960 ) 
4 932 936 (1024 2048 -960 ) (560 2048 -960 ) (560 2304 -960 ) (1024 2304 -960 ) 
4 932 933 (368 2048 -576 ) (368 2048 -448 ) (368 2304 -448 ) (368 2304 -576 ) 
4 932 934 (368 2304 -960 ) (368 2048 -960 ) (368 2048 -704 ) (368 2304 -704 ) 
4 933 935 (240 2048 -576 ) (240 2048 -448 ) (240 2304 -448 ) (240 2304 -576 ) 
4 934 935 (240 2304 -960 ) (240 2048 -960 ) (240 2048 -704 ) (240 2304 -704 ) 
4 935 1472 (0 2048 -960 ) (0 2048 -448 ) (0 2056 -448 ) (0 2056 -960 ) 
4 935 1470 (0 2056 -448 ) (0 2176 -448 ) (0 2176 -960 ) (0 2056 -960 ) 
4 935 1460 (0 2176 -448 ) (0 2304 -448 ) (0 2304 -960 ) (0 2176 -960 ) 
4 936 1313 (944 2048 -1088 ) (624 2048 -1088 ) (624 2048 -1280 ) (944 2048 -1280 ) 
4 936 1311 (948 2048 -1088 ) (944 2048 -1088 ) (944 2048 -1280 ) (948 2048 -1280 ) 
4 936 1310 (1024 2048 -1280 ) (1024 2048 -1088 ) (948 2048 -1088 ) (948 2048 -1280 ) 
4 936 1283 (1024 2048 -1088 ) (1024 2048 -960 ) (624 2048 -960 ) (624 2048 -1088 ) 
4 936 943 (944 2048 -1280 ) (560 2048 -1280 ) (560 2176 -1280 ) (944 2176 -1280 ) 
4 936 938 (560 2280 -1280 ) (560 2200 -1280 ) (560 2200 -1152 ) (560 2280 -1152 ) 
4 936 937 (560 2048 -1024 ) (560 2048 -960 ) (560 2304 -960 ) (560 2304 -1024 ) 
4 938 940 (496 2280 -1280 ) (496 2200 -1280 ) (496 2200 -1216 ) (496 2280 -1216 ) 
4 938 939 (496 2200 -1216 ) (496 2200 -1152 ) (496 2280 -1152 ) (496 2280 -1216 ) 
4 939 1474 (0 2048 -1216 ) (0 2048 -1008 ) (0 2160 -1008 ) (0 2160 -1216 ) 
4 939 1473 (0 2160 -1008 ) (0 2176 -1008 ) (0 2176 -1216 ) (0 2160 -1216 ) 
4 939 1461 (0 2176 -1008 ) (0 2304 -1008 ) (0 2304 -1216 ) (0 2176 -1216 ) 
4 939 941 (304 2304 -1216 ) (432 2304 -1216 ) (432 2050 -1216 ) (304 2050 -1216 ) 
4 939 940 (432 2304 -1216 ) (496 2304 -1216 ) (496 2048 -1216 ) (432 2048 -1216 ) 
4 939 942 (0 2048 -1216 ) (0 2304 -1216 ) (304 2304 -1216 ) (304 2048 -1216 ) 
4 940 944 (496 2176 -1280 ) (496 2048 -1280 ) (432 2048 -1280 ) (432 2176 -1280 ) 
4 940 941 (432 2304 -1280 ) (432 2050 -1280 ) (432 2050 -1216 ) (432 2304 -1216 ) 
4 941 945 (432 2176 -1280 ) (432 2050 -1280 ) (304 2050 -1280 ) (304 2176 -1280 ) 
4 941 942 (304 2304 -1280 ) (304 2050 -1280 ) (304 2050 -1216 ) (304 2304 -1216 ) 
4 942 1474 (0 2048 -1280 ) (0 2048 -1216 ) (0 2160 -1216 ) (0 2160 -1280 ) 
4 942 1473 (0 2160 -1216 ) (0 2176 -1216 ) (0 2176 -1280 ) (0 2160 -1280 ) 
4 942 1461 (0 2176 -1216 ) (0 2304 -1216 ) (0 2304 -1280 ) (0 2176 -1280 ) 
4 942 946 (304 2176 -1280 ) (304 2160 -1280 ) (0 2160 -1280 ) (0 2176 -1280 ) 
4 942 947 (304 2160 -1280 ) (304 2048 -1280 ) (0 2048 -1280 ) (0 2160 -1280 ) 
4 943 1386 (688 2048 -1280 ) (624 2048 -1280 ) (624 2048 -1296 ) (688 2048 -1296 ) 
4 943 1355 (944 2048 -1280 ) (688 2048 -1280 ) (688 2048 -1296 ) (944 2048 -1296 ) 
4 943 958 (944 2048 -1296 ) (560 2048 -1296 ) (560 2176 -1296 ) (944 2176 -1296 ) 
4 944 959 (496 2048 -1296 ) (432 2048 -1296 ) (432 2176 -1296 ) (496 2176 -1296 ) 
4 944 945 (432 2176 -1280 ) (432 2176 -1296 ) (432 2050 -1296 ) (432 2050 -1280 ) 
4 945 960 (304 2050 -1296 ) (304 2176 -1296 ) (432 2176 -1296 ) (432 2050 -1296 ) 
4 945 946 (304 2176 -1280 ) (304 2176 -1296 ) (304 2160 -1296 ) (304 2160 -1280 ) 
4 945 947 (304 2160 -1296 ) (304 2050 -1296 ) (304 2050 -1280 ) (304 2160 -1280 ) 
4 946 1473 (0 2160 -1280 ) (0 2176 -1280 ) (0 2176 -1282.666748 ) (0 2160 -1282.666748 ) 
4 946 982 (20 2176 -1296 ) (176 2176 -1296 ) (176 2160 -1296 ) (20 2160 -1296 ) 
4 946 962 (300 2176 -1296 ) (304 2176 -1296 ) (304 2172 -1296 ) (300 2172 -1296 ) 
4 946 963 (304 2172 -1296 ) (304 2160 -1296 ) (300 2160 -1296 ) (300 2172 -1296 ) 
4 946 964 (176 2176 -1296 ) (300 2176 -1296 ) (300 2160 -1296 ) (176 2160 -1296 ) 
5 946 947 (20 2160 -1296 ) (304 2160 -1296 ) (304 2160 -1280 ) (0 2160 -1280 ) (0 2160 -1282.666748 ) 
4 947 1474 (0 2048 -1296 ) (0 2048 -1280 ) (0 2160 -1280 ) (0 2160 -1296 ) 
4 947 996 (20 2048 -1296 ) (8 2048 -1296 ) (8 2160 -1296 ) (20 2160 -1296 ) 
4 947 995 (32 2048 -1296 ) (20 2048 -1296 ) (20 2160 -1296 ) (32 2160 -1296 ) 
4 947 994 (44 2048 -1296 ) (32 2048 -1296 ) (32 2160 -1296 ) (44 2160 -1296 ) 
4 947 993 (56 2048 -1296 ) (44 2048 -1296 ) (44 2160 -1296 ) (56 2160 -1296 ) 
4 947 992 (68 2048 -1296 ) (56 2048 -1296 ) (56 2160 -1296 ) (68 2160 -1296 ) 
4 947 991 (80 2048 -1296 ) (68 2048 -1296 ) (68 2160 -1296 ) (80 2160 -1296 ) 
4 947 990 (92 2048 -1296 ) (80 2048 -1296 ) (80 2160 -1296 ) (92 2160 -1296 ) 
4 947 989 (104 2048 -1296 ) (92 2048 -1296 ) (92 2160 -1296 ) (104 2160 -1296 ) 
4 947 988 (116 2048 -1296 ) (104 2048 -1296 ) (104 2160 -1296 ) (116 2160 -1296 ) 
4 947 987 (128 2048 -1296 ) (116 2048 -1296 ) (116 2160 -1296 ) (128 2160 -1296 ) 
4 947 986 (140 2048 -1296 ) (128 2048 -1296 ) (128 2160 -1296 ) (140 2160 -1296 ) 
4 947 985 (152 2048 -1296 ) (140 2048 -1296 ) (140 2160 -1296 ) (152 2160 -1296 ) 
4 947 984 (164 2048 -1296 ) (152 2048 -1296 ) (152 2160 -1296 ) (164 2160 -1296 ) 
4 947 983 (176 2048 -1296 ) (164 2048 -1296 ) (164 2160 -1296 ) (176 2160 -1296 ) 
4 947 963 (304 2048 -1296 ) (300 2048 -1296 ) (300 2160 -1296 ) (304 2160 -1296 ) 
4 947 964 (300 2048 -1296 ) (176 2048 -1296 ) (176 2160 -1296 ) (300 2160 -1296 ) 
4 948 965 (560 2256 -1344 ) (560 2304 -1344 ) (1024 2304 -1344 ) (1024 2256 -1344 ) 
4 948 954 (640 2304 -1320 ) (560 2304 -1320 ) (560 2256 -1344 ) (640 2256 -1344 ) 
4 948 952 (960 2304 -1320 ) (672 2304 -1320 ) (672 2256 -1344 ) (960 2256 -1344 ) 
4 948 949 (1024 2304 -1320 ) (992 2304 -1320 ) (992 2288 -1328 ) (1024 2288 -1328 ) 
4 948 950 (992 2288 -1328 ) (992 2256 -1344 ) (1024 2256 -1344 ) (1024 2288 -1328 ) 
4 949 950 (992 2256 -1328 ) (992 2288 -1328 ) (1024 2288 -1328 ) (1024 2256 -1328 ) 
4 950 1359 (1024 2048 -1344 ) (1024 2048 -1328 ) (992 2048 -1328 ) (992 2048 -1344 ) 
4 950 966 (992 2224 -1344 ) (992 2256 -1344 ) (1024 2256 -1344 ) (1024 2224 -1344 ) 
4 950 969 (1024 2048 -1344 ) (992 2048 -1344 ) (992 2224 -1344 ) (1024 2224 -1344 ) 
4 950 951 (992 2224 -1344 ) (992 2176 -1344 ) (992 2176 -1328 ) (992 2192 -1328 ) 
4 950 958 (992 2176 -1344 ) (992 2048 -1344 ) (992 2048 -1328 ) (992 2176 -1328 ) 
4 951 969 (560 2176 -1344 ) (560 2224 -1344 ) (992 2224 -1344 ) (992 2176 -1344 ) 
4 951 956 (672 2176 -1320 ) (960 2176 -1320 ) (960 2224.001953 -1344 ) (672 2224.001953 -1344 ) 
4 951 957 (560 2176 -1320 ) (640 2176 -1320 ) (640 2224.001953 -1344 ) (560 2224.001953 -1344 ) 
4 951 958 (560 2176 -1320 ) (560 2176 -1344 ) (992 2176 -1344 ) (992 2176 -1320 ) 
4 952 953 (672 2256 -1344 ) (960 2256 -1344 ) (960 2256 -1328 ) (672 2256 -1328 ) 
4 953 967 (672 2256 -1344 ) (960 2256 -1344 ) (960 2224 -1344 ) (672 2224 -1344 ) 
4 953 956 (672 2224 -1344 ) (960 2224 -1344 ) (960 2224 -1328 ) (672 2224 -1328 ) 
4 954 955 (560 2256 -1328 ) (560 2256 -1344 ) (640 2256 -1344 ) (640 2256 -1328 ) 
4 955 968 (560 2224 -1344 ) (560 2256 -1344 ) (640 2256 -1344 ) (640 2224 -1344 ) 
4 955 957 (560 2224 -1328 ) (560 2224 -1344 ) (640 2224 -1344 ) (640 2224 -1328 ) 
4 956 958 (672 2176 -1320 ) (960 2176 -1320 ) (960 2176 -1296 ) (672 2176 -1296 ) 
4 957 958 (560 2176 -1296 ) (560 2176 -1320 ) (640 2176 -1320 ) (640 2176 -1296 ) 
4 958 1386 (688 2048 -1296 ) (624 2048 -1296 ) (624 2048 -1344 ) (688 2048 -1344 ) 
4 958 1373 (944 2048 -1296 ) (688 2048 -1296 ) (688 2048 -1344 ) (944 2048 -1344 ) 
4 958 1360 (992 2048 -1296 ) (944 2048 -1296 ) (944 2048 -1344 ) (992 2048 -1344 ) 
4 958 969 (992 2048 -1344 ) (560 2048 -1344 ) (560 2176 -1344 ) (992 2176 -1344 ) 
4 959 970 (496 2048 -1344 ) (432 2048 -1344 ) (432 2304 -1344 ) (496 2304 -1344 ) 
4 959 960 (432 2304 -1344 ) (432 2050 -1344 ) (432 2050 -1296 ) (432 2304 -1296 ) 
4 960 970 (304 2050 -1344 ) (304 2304 -1344 ) (432 2304 -1344 ) (432 2050 -1344 ) 
4 960 962 (304 2172 -1324 ) (304 2172 -1296 ) (304 2180 -1296 ) (304 2180 -1324 ) 
4 960 961 (304 2304 -1344 ) (304 2180 -1344 ) (304 2180 -1296 ) (304 2304 -1296 ) 
4 960 963 (304 2172 -1344 ) (304 2050 -1344 ) (304 2050 -1296 ) (304 2172 -1296 ) 
4 961 971 (300 2180 -1344 ) (300 2304 -1344 ) (304 2304 -1344 ) (304 2180 -1344 ) 
4 961 962 (300 2180 -1296 ) (300 2180 -1324 ) (304 2180 -1324 ) (304 2180 -1296 ) 
4 961 964 (300 2304 -1344 ) (300 2180 -1344 ) (300 2180 -1296 ) (300 2304 -1296 ) 
4 962 964 (300 2172 -1324 ) (300 2172 -1296 ) (300 2180 -1296 ) (300 2180 -1324 ) 
4 962 963 (300 2172 -1296 ) (300 2172 -1324 ) (304 2172 -1324 ) (304 2172 -1296 ) 
4 963 972 (304 2048 -1344 ) (300 2048 -1344 ) (300 2172 -1344 ) (304 2172 -1344 ) 
4 963 964 (300 2172 -1344 ) (300 2048 -1344 ) (300 2048 -1296 ) (300 2172 -1296 ) 
4 964 983 (176 2048 -1344 ) (176 2048 -1296 ) (176 2160 -1296 ) (176 2160 -1344 ) 
4 964 982 (176 2160 -1296 ) (176 2176 -1296 ) (176 2176 -1344 ) (176 2160 -1344 ) 
4 964 981 (176 2176 -1296 ) (176 2192 -1296 ) (176 2192 -1344 ) (176 2176 -1344 ) 
4 964 979 (176 2192 -1296 ) (176 2304 -1296 ) (176 2304 -1344 ) (176 2192 -1344 ) 
4 964 973 (300 2048 -1344 ) (176 2048 -1344 ) (176 2304 -1344 ) (300 2304 -1344 ) 
4 965 1018 (600 2256 -1472 ) (560 2256 -1472 ) (560 2304 -1472 ) (600 2304 -1472 ) 
4 965 1015 (624 2256 -1472 ) (600 2256 -1472 ) (600 2304 -1472 ) (624 2304 -1472 ) 
4 965 1003 (688 2256 -1472 ) (624 2256 -1472 ) (624 2304 -1472 ) (688 2304 -1472 ) 
4 965 1002 (952 2256 -1472 ) (688 2256 -1472 ) (688 2304 -1472 ) (952 2304 -1472 ) 
4 965 1001 (983 2256 -1472 ) (952 2256 -1472 ) (952 2304 -1472 ) (983 2304 -1472 ) 
4 965 998 (1024 2304 -1472 ) (1024 2256 -1472 ) (983 2256 -1472 ) (983 2304 -1472 ) 
4 965 968 (560 2256 -1344 ) (560 2256 -1472 ) (640 2256 -1472 ) (640 2256 -1344 ) 
4 965 966 (992 2256 -1472 ) (1024 2256 -1472 ) (1024 2256 -1344 ) (992 2256 -1344 ) 
4 965 967 (672 2256 -1472 ) (960 2256 -1472 ) (960 2256 -1344 ) (672 2256 -1344 ) 
4 966 1004 (1024 2256 -1472 ) (1024 2224 -1472 ) (992 2224 -1472 ) (992 2256 -1472 ) 
4 966 969 (992 2224 -1472 ) (1024 2224 -1472 ) (1024 2224 -1344 ) (992 2224 -1344 ) 
4 967 1005 (960 2224 -1472 ) (672 2224 -1472 ) (672 2256 -1472 ) (960 2256 -1472 ) 
4 967 969 (672 2224 -1472 ) (960 2224 -1472 ) (960 2224 -1344 ) (672 2224 -1344 ) 
4 968 1018 (600 2224 -1472 ) (560 2224 -1472 ) (560 2256 -1472 ) (600 2256 -1472 ) 
4 968 1015 (624 2224 -1472 ) (600 2224 -1472 ) (600 2256 -1472 ) (624 2256 -1472 ) 
4 968 1006 (640 2224 -1472 ) (624 2224 -1472 ) (624 2256 -1472 ) (640 2256 -1472 ) 
4 968 969 (560 2224 -1344 ) (560 2224 -1472 ) (640 2224 -1472 ) (640 2224 -1344 ) 
4 969 1386 (688 2048 -1344 ) (624 2048 -1344 ) (624 2048 -1472 ) (688 2048 -1472 ) 
4 969 1373 (944 2048 -1344 ) (688 2048 -1344 ) (688 2048 -1472 ) (944 2048 -1472 ) 
4 969 1360 (992 2048 -1344 ) (944 2048 -1344 ) (944 2048 -1472 ) (992 2048 -1472 ) 
4 969 1359 (1024 2048 -1472 ) (1024 2048 -1344 ) (992 2048 -1344 ) (992 2048 -1472 ) 
4 969 1018 (600 2048 -1472 ) (560 2048 -1472 ) (560 2224 -1472 ) (600 2224 -1472 ) 
4 969 1015 (624 2048 -1472 ) (600 2048 -1472 ) (600 2224 -1472 ) (624 2224 -1472 ) 
4 969 1007 (1024 2224 -1472 ) (1024 2048 -1472 ) (624 2048 -1472 ) (624 2224 -1472 ) 
4 970 1093 (432 2048 -1472 ) (304 2048 -1472 ) (304 2176 -1472 ) (432 2176 -1472 ) 
4 970 1091 (304 2176 -1472 ) (304 2192 -1472 ) (432 2192 -1472 ) (432 2176 -1472 ) 
4 970 1083 (304 2192 -1472 ) (304 2304 -1472 ) (432 2304 -1472 ) (432 2192 -1472 ) 
4 970 1059 (496 2048 -1472 ) (432 2048 -1472 ) (432 2304 -1472 ) (496 2304 -1472 ) 
4 970 978 (304 2304 -1424 ) (304 2304 -1472 ) (304 2048 -1472 ) (304 2048 -1424 ) 
4 970 971 (304 2180 -1344 ) (304 2304 -1344 ) (304 2304 -1376 ) (304 2180 -1376 ) 
4 970 972 (304 2048 -1344 ) (304 2172 -1344 ) (304 2172 -1376 ) (304 2048 -1376 ) 
4 971 973 (300 2304 -1376 ) (300 2180 -1376 ) (300 2180 -1344 ) (300 2304 -1344 ) 
4 972 973 (300 2172 -1376 ) (300 2048 -1376 ) (300 2048 -1344 ) (300 2172 -1344 ) 
4 973 983 (176 2048 -1376 ) (176 2048 -1344 ) (176 2160 -1344 ) (176 2160 -1376 ) 
4 973 982 (176 2160 -1344 ) (176 2176 -1344 ) (176 2176 -1376 ) (176 2160 -1376 ) 
4 973 981 (176 2176 -1344 ) (176 2192 -1344 ) (176 2192 -1376 ) (176 2176 -1376 ) 
4 973 979 (176 2192 -1344 ) (176 2304 -1344 ) (176 2304 -1376 ) (176 2192 -1376 ) 
4 973 976 (176 2160 -1376 ) (176 2192 -1376 ) (192 2192 -1376 ) (192 2160 -1376 ) 
4 973 975 (176 2192 -1376 ) (176 2304 -1376 ) (192 2304 -1376 ) (192 2192 -1376 ) 
4 973 977 (176 2048 -1376 ) (176 2160 -1376 ) (192 2160 -1376 ) (192 2048 -1376 ) 
4 973 974 (192 2304 -1376 ) (296 2304 -1376 ) (296 2048 -1376 ) (192 2048 -1376 ) 
4 974 976 (192 2160 -1400 ) (192 2160 -1376 ) (192 2192 -1376 ) (192 2192 -1400 ) 
4 974 975 (192 2304 -1408 ) (192 2192 -1408 ) (192 2192 -1376 ) (192 2304 -1376 ) 
4 974 977 (192 2160 -1408 ) (192 2048 -1408 ) (192 2048 -1376 ) (192 2160 -1376 ) 
4 975 979 (176 2192 -1376 ) (176 2304 -1376 ) (176 2304 -1408 ) (176 2192 -1408 ) 
4 975 976 (192 2192 -1400 ) (192 2192 -1376 ) (176 2192 -1376 ) (176 2192 -1400 ) 
4 976 982 (176 2160 -1376 ) (176 2176 -1376 ) (176 2176 -1400 ) (176 2160 -1400 ) 
4 976 981 (176 2176 -1376 ) (176 2192 -1376 ) (176 2192 -1400 ) (176 2176 -1400 ) 
4 976 977 (192 2160 -1400 ) (192 2160 -1376 ) (176 2160 -1376 ) (176 2160 -1400 ) 
4 977 983 (176 2048 -1408 ) (176 2048 -1376 ) (176 2160 -1376 ) (176 2160 -1408 ) 
4 978 1093 (304 2048 -1472 ) (248 2048 -1472 ) (248 2176 -1472 ) (304 2176 -1472 ) 
4 978 1091 (248 2176 -1472 ) (248 2192 -1472 ) (304 2192 -1472 ) (304 2176 -1472 ) 
4 978 1083 (248 2192 -1472 ) (248 2304 -1472 ) (304 2304 -1472 ) (304 2192 -1472 ) 
4 979 981 (176 2192 -1400 ) (176 2192 -1296 ) (164 2192 -1296 ) (164 2192 -1408 ) 
4 979 980 (164 2304 -1416 ) (164 2192 -1416 ) (164 2192 -1296 ) (164 2304 -1296 ) 
4 980 1462 (0 2192 -1296 ) (0 2304 -1296 ) (0 2304 -1306.666504 ) (0 2192 -1306.666626 ) 
5 980 981 (164 2192 -1296 ) (0 2192 -1296 ) (0 2192 -1306.667114 ) (157.997360 2192 -1412.001831 ) (164 2192 -1408 ) 
4 981 1467 (0 2176 -1296 ) (0 2192 -1296 ) (0 2192 -1306.666626 ) (0 2176 -1306.666626 ) 
3 981 982 (176 2176 -1400 ) (176 2176 -1296 ) (20 2176 -1296 ) 
3 982 995 (32 2160 -1296 ) (20 2160 -1296 ) (32 2160 -1304 ) 
4 982 994 (44 2160 -1296 ) (32 2160 -1296 ) (32 2160 -1304 ) (44 2160 -1312 ) 
4 982 993 (56 2160 -1296 ) (44 2160 -1296 ) (44 2160 -1312 ) (56 2160 -1320 ) 
4 982 992 (68 2160 -1296 ) (56 2160 -1296 ) (56 2160 -1320 ) (68 2160 -1328 ) 
4 982 991 (80 2160 -1296 ) (68 2160 -1296 ) (68 2160 -1328 ) (80 2160 -1336 ) 
4 982 990 (92 2160 -1296 ) (80 2160 -1296 ) (80 2160 -1336 ) (92 2160 -1344 ) 
4 982 989 (104 2160 -1296 ) (92 2160 -1296 ) (92 2160 -1344 ) (104 2160 -1352 ) 
4 982 988 (116 2160 -1296 ) (104 2160 -1296 ) (104 2160 -1352 ) (116 2160 -1360 ) 
4 982 987 (128 2160 -1296 ) (116 2160 -1296 ) (116 2160 -1360 ) (128 2160 -1368 ) 
4 982 986 (140 2160 -1296 ) (128 2160 -1296 ) (128 2160 -1368 ) (140 2160 -1376 ) 
4 982 985 (152 2160 -1296 ) (140 2160 -1296 ) (140 2160 -1376 ) (152 2160 -1384 ) 
4 982 984 (164 2160 -1296 ) (152 2160 -1296 ) (152 2160 -1384 ) (164 2160 -1392 ) 
4 982 983 (176 2160 -1400 ) (176 2160 -1296 ) (164 2160 -1296 ) (164 2160 -1392 ) 
4 983 984 (164 2160 -1296 ) (164 2160 -1400 ) (164 2048 -1400 ) (164 2048 -1296 ) 
4 984 985 (152 2160 -1296 ) (152 2160 -1392 ) (152 2048 -1392 ) (152 2048 -1296 ) 
4 985 986 (140 2160 -1296 ) (140 2160 -1384 ) (140 2048 -1384 ) (140 2048 -1296 ) 
4 986 987 (128 2160 -1296 ) (128 2160 -1376 ) (128 2048 -1376 ) (128 2048 -1296 ) 
4 987 988 (116 2160 -1296 ) (116 2160 -1368 ) (116 2048 -1368 ) (116 2048 -1296 ) 
4 988 989 (104 2160 -1296 ) (104 2160 -1360 ) (104 2048 -1360 ) (104 2048 -1296 ) 
4 989 990 (92 2160 -1296 ) (92 2160 -1352 ) (92 2048 -1352 ) (92 2048 -1296 ) 
4 990 991 (80 2160 -1296 ) (80 2160 -1344 ) (80 2048 -1344 ) (80 2048 -1296 ) 
4 991 992 (68 2160 -1296 ) (68 2160 -1336 ) (68 2048 -1336 ) (68 2048 -1296 ) 
4 992 993 (56 2160 -1296 ) (56 2160 -1328 ) (56 2048 -1328 ) (56 2048 -1296 ) 
4 993 994 (44 2160 -1296 ) (44 2160 -1320 ) (44 2048 -1320 ) (44 2048 -1296 ) 
4 994 995 (32 2160 -1296 ) (32 2160 -1312 ) (32 2048 -1312 ) (32 2048 -1296 ) 
4 995 996 (20 2160 -1296 ) (20 2160 -1304 ) (20 2048 -1304 ) (20 2048 -1296 ) 
4 997 1101 (688 3072 -1600 ) (944 3072 -1600 ) (944 2944 -1600 ) (688 2944 -1600 ) 
4 997 1002 (688 2944 -1600 ) (944 2944 -1600 ) (944 2944 -1472 ) (688 2944 -1472 ) 
4 998 1004 (992 2256 -1600 ) (1024 2256 -1600 ) (1024 2256 -1472 ) (992 2256 -1472 ) 
4 998 999 (983 2944 -1472 ) (983 2944 -1533 ) (983 2943 -1533 ) (983 2943 -1472 ) 
4 998 1000 (983 2944 -1554 ) (983 2944 -1600 ) (983 2943 -1600 ) (983 2943 -1554 ) 
4 998 1001 (983 2943 -1600 ) (983 2256 -1600 ) (983 2256 -1472 ) (983 2943 -1472 ) 
4 999 1002 (952 2944 -1472 ) (952 2944 -1533 ) (952 2943 -1533 ) (952 2943 -1472 ) 
4 999 1001 (952 2943 -1472 ) (952 2943 -1533 ) (983 2943 -1533 ) (983 2943 -1472 ) 
4 1000 1002 (952 2944 -1554 ) (952 2944 -1600 ) (952 2943 -1600 ) (952 2943 -1554 ) 
4 1000 1001 (952 2943 -1554 ) (952 2943 -1600 ) (983 2943 -1600 ) (983 2943 -1554 ) 
4 1001 1005 (952 2256 -1600 ) (960 2256 -1600 ) (960 2256 -1472 ) (952 2256 -1472 ) 
4 1001 1002 (952 2943 -1600 ) (952 2256 -1600 ) (952 2256 -1472 ) (952 2943 -1472 ) 
4 1002 1101 (688 2944 -1600 ) (944 2944 -1600 ) (944 2256 -1600 ) (688 2256 -1600 ) 
4 1002 1005 (688 2256 -1600 ) (952 2256 -1600 ) (952 2256 -1472 ) (688 2256 -1472 ) 
4 1002 1003 (688 2816 -1600 ) (688 2256 -1600 ) (688 2256 -1472 ) (688 2816 -1472 ) 
4 1003 1015 (624 2304 -1600 ) (624 2256 -1600 ) (624 2256 -1472 ) (624 2304 -1472 ) 
4 1003 1011 (624 2560 -1504 ) (624 2560 -1496 ) (624 2688 -1496 ) (624 2688 -1504 ) 
4 1003 1012 (624 2688 -1600 ) (624 2560 -1600 ) (624 2560 -1504 ) (624 2688 -1504 ) 
4 1003 1006 (624 2256 -1472 ) (624 2256 -1600 ) (640 2256 -1600 ) (640 2256 -1472 ) 
4 1003 1005 (672 2256 -1600 ) (688 2256 -1600 ) (688 2256 -1472 ) (672 2256 -1472 ) 
4 1004 1007 (992 2224 -1600 ) (1024 2224 -1600 ) (1024 2224 -1472 ) (992 2224 -1472 ) 
4 1005 1101 (688 2256 -1600 ) (944 2256 -1600 ) (944 2224 -1600 ) (688 2224 -1600 ) 
4 1005 1007 (672 2224 -1600 ) (960 2224 -1600 ) (960 2224 -1472 ) (672 2224 -1472 ) 
4 1006 1015 (624 2256 -1600 ) (624 2224 -1600 ) (624 2224 -1472 ) (624 2256 -1472 ) 
4 1006 1007 (624 2224 -1472 ) (624 2224 -1600 ) (640 2224 -1600 ) (640 2224 -1472 ) 
4 1007 1399 (688 2048 -1472 ) (624 2048 -1472 ) (624 2048 -1600 ) (688 2048 -1600 ) 
4 1007 1373 (944 2048 -1472 ) (688 2048 -1472 ) (688 2048 -1600 ) (944 2048 -1600 ) 
4 1007 1360 (992 2048 -1472 ) (944 2048 -1472 ) (944 2048 -1600 ) (992 2048 -1600 ) 
4 1007 1359 (1024 2048 -1600 ) (1024 2048 -1472 ) (992 2048 -1472 ) (992 2048 -1600 ) 
4 1007 1101 (944 2048 -1600 ) (688 2048 -1600 ) (688 2224 -1600 ) (944 2224 -1600 ) 
4 1007 1015 (624 2224 -1600 ) (624 2048 -1600 ) (624 2048 -1472 ) (624 2224 -1472 ) 
4 1008 1105 (560 2896 -1600 ) (560 3072 -1600 ) (624 3072 -1600 ) (624 2896 -1600 ) 
4 1008 1024 (560 3072 -1600 ) (560 2896 -1600 ) (560 2896 -1488 ) (560 3072 -1488 ) 
4 1008 1019 (560 2896 -1488 ) (560 2896 -1472 ) (560 3072 -1472 ) (560 3072 -1488 ) 
4 1009 1027 (560 2872 -1600 ) (560 2688 -1600 ) (560 2688 -1488 ) (560 2872 -1488 ) 
3 1009 1025 (560 2872 -1504 ) (560 2872 -1496 ) (560 2880 -1504 ) 
4 1009 1026 (560 2880 -1600 ) (560 2872 -1600 ) (560 2872 -1504 ) (560 2880 -1504 ) 
4 1009 1020 (560 2688 -1488 ) (560 2688 -1472 ) (560 2880 -1472 ) (560 2880 -1488 ) 
4 1009 1014 (560 2688 -1488 ) (560 2688 -1600 ) (600 2688 -1600 ) (600 2688 -1488 ) 
4 1009 1010 (560 2688 -1472 ) (560 2688 -1488 ) (600 2688 -1488 ) (600 2688 -1472 ) 
4 1010 1020 (560 2560 -1488 ) (560 2560 -1472 ) (560 2688 -1472 ) (560 2688 -1488 ) 
4 1010 1016 (560 2560 -1472 ) (560 2560 -1488 ) (600 2560 -1488 ) (600 2560 -1472 ) 
4 1010 1014 (600 2560 -1488 ) (560 2560 -1488 ) (560 2688 -1488 ) (600 2688 -1488 ) 
4 1011 1012 (624 2560 -1504 ) (616 2560 -1504 ) (616 2688 -1504 ) (624 2688 -1504 ) 
4 1012 1013 (608 2560 -1600 ) (608 2560 -1536 ) (608 2688 -1536 ) (608 2688 -1600 ) 
4 1013 1014 (607 2560 -1600 ) (607 2560 -1536 ) (607 2688 -1536 ) (607 2688 -1600 ) 
4 1014 1027 (560 2688 -1600 ) (560 2560 -1600 ) (560 2560 -1488 ) (560 2688 -1488 ) 
4 1014 1016 (560 2560 -1488 ) (560 2560 -1600 ) (600 2560 -1600 ) (600 2560 -1488 ) 
4 1015 1018 (600 2304 -1600 ) (600 2048 -1600 ) (600 2048 -1472 ) (600 2304 -1472 ) 
4 1016 1027 (560 2560 -1600 ) (560 2496 -1600 ) (560 2496 -1488 ) (560 2560 -1488 ) 
4 1016 1020 (560 2496 -1488 ) (560 2496 -1472 ) (560 2560 -1472 ) (560 2560 -1488 ) 
4 1017 1106 (560 2320 -1600 ) (560 2480 -1600 ) (600 2480 -1600 ) (600 2320 -1600 ) 
4 1017 1029 (560 2368 -1600 ) (560 2320 -1600 ) (560 2320 -1488 ) (560 2368 -1488 ) 
4 1017 1028 (560 2480 -1600 ) (560 2368 -1600 ) (560 2368 -1488 ) (560 2480 -1488 ) 
4 1017 1023 (560 2320 -1488 ) (560 2320 -1472 ) (560 2352 -1472 ) (560 2352 -1488 ) 
4 1017 1022 (560 2352 -1472 ) (560 2368 -1472 ) (560 2368 -1488 ) (560 2352 -1488 ) 
4 1017 1021 (560 2368 -1472 ) (560 2480 -1472 ) (560 2480 -1488 ) (560 2368 -1488 ) 
13 1018 1031 (560 2200 -1600 ) (560 2136 -1600 ) (560 2136 -1544 ) (560 2140 -1527 ) (560 2144 -1521 ) (560 2152.001465 -1515 ) (560 2160 -1512 ) (560 2168 -1511 ) (560 2176 -1512 ) (560 2184 -1515 ) (560 2192 -1521 ) (560 2196 -1527 ) (560 2200 -1544 ) 
4 1019 1032 (496 2896 -1472 ) (496 3072 -1472 ) (496 3072 -1488 ) (496 2896 -1488 ) 
4 1019 1024 (496 2896 -1488 ) (496 3072 -1488 ) (560 3072 -1488 ) (560 2896 -1488 ) 
4 1020 1045 (496 2496 -1472 ) (496 2504 -1472 ) (496 2504 -1488 ) (496 2496 -1488 ) 
4 1020 1044 (496 2504 -1472 ) (496 2516 -1472 ) (496 2516 -1488 ) (496 2504 -1488 ) 
4 1020 1043 (496 2516 -1472 ) (496 2528 -1472 ) (496 2528 -1488 ) (496 2516 -1488 ) 
4 1020 1042 (496 2528 -1472 ) (496 2540 -1472 ) (496 2540 -1488 ) (496 2528 -1488 ) 
4 1020 1041 (496 2540 -1472 ) (496 2552 -1472 ) (496 2552 -1488 ) (496 2540 -1488 ) 
4 1020 1040 (496 2552 -1472 ) (496 2564 -1472 ) (496 2564 -1488 ) (496 2552 -1488 ) 
4 1020 1033 (496 2564 -1472 ) (496 2880 -1472 ) (496 2880 -1488 ) (496 2564 -1488 ) 
4 1020 1027 (496 2496 -1488 ) (496 2872 -1488 ) (560 2872 -1488 ) (560 2496 -1488 ) 
4 1021 1028 (512 2480 -1488 ) (560 2480 -1488 ) (560 2368 -1488 ) (512 2368 -1488 ) 
4 1021 1022 (512 2368 -1488 ) (560 2368 -1488 ) (560 2368 -1472 ) (512 2368 -1472 ) 
4 1022 1029 (512 2368 -1488 ) (560 2368 -1488 ) (560 2352 -1488 ) (512 2352 -1488 ) 
4 1022 1023 (512 2352 -1488 ) (560 2352 -1488 ) (560 2352 -1472 ) (512 2352 -1472 ) 
4 1023 1058 (496 2320 -1472 ) (496 2352 -1472 ) (496 2352 -1488 ) (496 2320 -1488 ) 
4 1023 1030 (496 2320 -1488 ) (496 2352 -1488 ) (512 2352 -1488 ) (512 2320 -1488 ) 
4 1023 1029 (512 2352 -1488 ) (560 2352 -1488 ) (560 2320 -1488 ) (512 2320 -1488 ) 
4 1024 1105 (496 2896 -1600 ) (496 3072 -1600 ) (560 3072 -1600 ) (560 2896 -1600 ) 
4 1024 1034 (496 3072 -1600 ) (496 2896 -1600 ) (496 2896 -1488 ) (496 3072 -1488 ) 
3 1025 1035 (496 2872 -1504 ) (496 2872 -1496 ) (496 2880 -1504 ) 
4 1025 1027 (560 2872 -1504 ) (560 2872 -1496 ) (496 2872 -1496 ) (496 2872 -1504 ) 
4 1025 1026 (560 2872 -1504 ) (496 2872 -1504 ) (496 2880 -1504 ) (560 2880 -1504 ) 
4 1026 1036 (496 2888 -1600 ) (496 2872 -1600 ) (496 2872 -1504 ) (496 2888 -1504 ) 
4 1026 1027 (560 2872 -1600 ) (560 2872 -1504 ) (496 2872 -1504 ) (496 2872 -1600 ) 
4 1027 1045 (496 2496 -1536 ) (496 2496 -1488 ) (496 2504 -1488 ) (496 2504 -1536 ) 
4 1027 1044 (496 2504 -1544 ) (496 2504 -1488 ) (496 2516 -1488 ) (496 2516 -1544 ) 
4 1027 1043 (496 2516 -1552 ) (496 2516 -1488 ) (496 2528 -1488 ) (496 2528 -1552 ) 
4 1027 1042 (496 2528 -1560 ) (496 2528 -1488 ) (496 2540 -1488 ) (496 2540 -1560 ) 
4 1027 1041 (496 2540 -1568 ) (496 2540 -1488 ) (496 2552 -1488 ) (496 2552 -1568 ) 
4 1027 1040 (496 2552 -1576 ) (496 2552 -1488 ) (496 2564 -1488 ) (496 2564 -1576 ) 
4 1027 1039 (496 2564 -1584 ) (496 2564 -1488 ) (496 2576 -1488 ) (496 2576 -1584 ) 
4 1027 1038 (496 2576 -1592 ) (496 2576 -1488 ) (496 2588 -1488 ) (496 2588 -1592 ) 
4 1027 1037 (496 2872 -1600 ) (496 2588 -1600 ) (496 2588 -1488 ) (496 2872 -1488 ) 
4 1028 1106 (512 2480 -1600 ) (560 2480 -1600 ) (560 2368 -1600 ) (512 2368 -1600 ) 
4 1028 1029 (560 2368 -1600 ) (560 2368 -1488 ) (512 2368 -1488 ) (512 2368 -1600 ) 
4 1029 1106 (512 2368 -1600 ) (560 2368 -1600 ) (560 2320 -1600 ) (512 2320 -1600 ) 
4 1029 1030 (512 2352 -1600 ) (512 2320 -1600 ) (512 2320 -1488 ) (512 2352 -1488 ) 
4 1030 1106 (496 2320 -1600 ) (496 2352 -1600 ) (512 2352 -1600 ) (512 2320 -1600 ) 
4 1030 1058 (496 2352 -1600 ) (496 2320 -1600 ) (496 2320 -1488 ) (496 2352 -1488 ) 
13 1031 1059 (496 2200 -1600 ) (496 2136 -1600 ) (496 2136 -1544 ) (496 2140 -1527 ) (496 2144 -1521 ) (496 2152.001465 -1515 ) (496 2160 -1512 ) (496 2168 -1511 ) (496 2176 -1512 ) (496 2184 -1515 ) (496 2192 -1521 ) (496 2196 -1527 ) (496 2200 -1544 ) 
4 1032 1060 (432 2896 -1472 ) (432 3072 -1472 ) (432 3072 -1488 ) (432 2896 -1488 ) 
4 1032 1034 (432 2896 -1488 ) (432 3072 -1488 ) (496 3072 -1488 ) (496 2896 -1488 ) 
4 1033 1070 (432 2564 -1488 ) (432 2564 -1472 ) (432 2624 -1472 ) (432 2624 -1488 ) 
4 1033 1064 (432 2624 -1472 ) (432 2752 -1472 ) (432 2752 -1488 ) (432 2624 -1488 ) 
4 1033 1062 (432 2752 -1472 ) (432 2880 -1472 ) (432 2880 -1488 ) (432 2752 -1488 ) 
4 1033 1040 (432 2564 -1472 ) (432 2564 -1488 ) (496 2564 -1488 ) (496 2564 -1472 ) 
4 1033 1039 (496 2564 -1488 ) (432 2564 -1488 ) (432 2576 -1488 ) (496 2576 -1488 ) 
4 1033 1038 (432 2576 -1488 ) (432 2588 -1488 ) (496 2588 -1488 ) (496 2576 -1488 ) 
4 1033 1037 (432 2588 -1488 ) (432 2872 -1488 ) (496 2872 -1488 ) (496 2588 -1488 ) 
4 1034 1105 (432 2896 -1600 ) (432 3072 -1600 ) (496 3072 -1600 ) (496 2896 -1600 ) 
4 1034 1060 (432 3072 -1600 ) (432 2896 -1600 ) (432 2896 -1488 ) (432 3072 -1488 ) 
3 1035 1062 (432 2872 -1504 ) (432 2872 -1496 ) (432 2880 -1504 ) 
4 1035 1037 (496 2872 -1504 ) (496 2872 -1496 ) (432 2872 -1496 ) (432 2872 -1504 ) 
4 1035 1036 (496 2872 -1504 ) (432 2872 -1504 ) (432 2880 -1504 ) (496 2880 -1504 ) 
4 1036 1062 (432 2880 -1600 ) (432 2872 -1600 ) (432 2872 -1504 ) (432 2880 -1504 ) 
4 1036 1037 (496 2872 -1600 ) (496 2872 -1504 ) (432 2872 -1504 ) (432 2872 -1600 ) 
4 1037 1070 (432 2624 -1600 ) (432 2588 -1600 ) (432 2588 -1488 ) (432 2624 -1488 ) 
4 1037 1066 (432 2752 -1600 ) (432 2624 -1600 ) (432 2624 -1488 ) (432 2752 -1488 ) 
4 1037 1062 (432 2872 -1600 ) (432 2752 -1600 ) (432 2752 -1488 ) (432 2872 -1488 ) 
4 1037 1038 (496 2588 -1592 ) (496 2588 -1488 ) (432 2588 -1488 ) (432 2588 -1592 ) 
4 1038 1070 (432 2576 -1592 ) (432 2576 -1488 ) (432 2588 -1488 ) (432 2588 -1592 ) 
4 1038 1039 (496 2576 -1584 ) (496 2576 -1488 ) (432 2576 -1488 ) (432 2576 -1584 ) 
4 1039 1070 (432 2564 -1584 ) (432 2564 -1488 ) (432 2576 -1488 ) (432 2576 -1584 ) 
4 1039 1040 (432 2564 -1488 ) (432 2564 -1576 ) (496 2564 -1576 ) (496 2564 -1488 ) 
4 1040 1070 (432 2552 -1576 ) (432 2552 -1472 ) (432 2564 -1472 ) (432 2564 -1576 ) 
4 1040 1041 (432 2552 -1472 ) (432 2552 -1568 ) (496 2552 -1568 ) (496 2552 -1472 ) 
4 1041 1070 (432 2540 -1568 ) (432 2540 -1472 ) (432 2552 -1472 ) (432 2552 -1568 ) 
4 1041 1042 (432 2540 -1472 ) (432 2540 -1560 ) (496 2540 -1560 ) (496 2540 -1472 ) 
4 1042 1070 (432 2528 -1560 ) (432 2528 -1472 ) (432 2540 -1472 ) (432 2540 -1560 ) 
4 1042 1043 (432 2528 -1472 ) (432 2528 -1552 ) (496 2528 -1552 ) (496 2528 -1472 ) 
4 1043 1070 (432 2516 -1552 ) (432 2516 -1472 ) (432 2528 -1472 ) (432 2528 -1552 ) 
4 1043 1044 (432 2516 -1472 ) (432 2516 -1544 ) (496 2516 -1544 ) (496 2516 -1472 ) 
4 1044 1070 (432 2504 -1544 ) (432 2504 -1472 ) (432 2516 -1472 ) (432 2516 -1544 ) 
4 1044 1045 (432 2504 -1472 ) (432 2504 -1536 ) (496 2504 -1536 ) (496 2504 -1472 ) 
4 1045 1070 (432 2496 -1472 ) (432 2504 -1472 ) (432 2504 -1536 ) (432 2496 -1536 ) 
4 1045 1046 (432 2492 -1472 ) (432 2492 -1528 ) (496 2492 -1528 ) (496 2492 -1472 ) 
4 1046 1048 (432 2480 -1472 ) (432 2480 -1520 ) (496 2480 -1520 ) (496 2480 -1472 ) 
4 1047 1106 (432 2480 -1600 ) (432 2492 -1600 ) (496 2492 -1600 ) (496 2480 -1600 ) 
4 1047 1049 (432 2480 -1536 ) (432 2480 -1600 ) (496 2480 -1600 ) (496 2480 -1536 ) 
4 1048 1050 (432 2468 -1472 ) (432 2468 -1512 ) (496 2468 -1512 ) (496 2468 -1472 ) 
4 1049 1106 (432 2468 -1600 ) (432 2480 -1600 ) (496 2480 -1600 ) (496 2468 -1600 ) 
4 1049 1051 (432 2468 -1528 ) (432 2468 -1600 ) (496 2468 -1600 ) (496 2468 -1528 ) 
4 1050 1052 (432 2456 -1472 ) (432 2456 -1504 ) (496 2456 -1504 ) (496 2456 -1472 ) 
4 1051 1106 (432 2456 -1600 ) (432 2468 -1600 ) (496 2468 -1600 ) (496 2456 -1600 ) 
4 1051 1053 (432 2456 -1520 ) (432 2456 -1600 ) (496 2456 -1600 ) (496 2456 -1520 ) 
4 1052 1054 (432 2444 -1472 ) (432 2444 -1496 ) (496 2444 -1496 ) (496 2444 -1472 ) 
4 1053 1106 (432 2444 -1600 ) (432 2456 -1600 ) (496 2456 -1600 ) (496 2444 -1600 ) 
4 1053 1055 (432 2444 -1512 ) (432 2444 -1600 ) (496 2444 -1600 ) (496 2444 -1512 ) 
4 1054 1056 (432 2432 -1472 ) (432 2432 -1488 ) (496 2432 -1488 ) (496 2432 -1472 ) 
4 1055 1106 (432 2432 -1600 ) (432 2444 -1600 ) (496 2444 -1600 ) (496 2432 -1600 ) 
4 1055 1057 (432 2432 -1504 ) (432 2432 -1600 ) (496 2432 -1600 ) (496 2432 -1504 ) 
4 1056 1075 (432 2368 -1488 ) (432 2368 -1472 ) (432 2432 -1472 ) (432 2432 -1488 ) 
4 1057 1106 (432 2368 -1600 ) (432 2432 -1600 ) (496 2432 -1600 ) (496 2368 -1600 ) 
4 1057 1076 (432 2432 -1600 ) (432 2368 -1600 ) (432 2368 -1504 ) (432 2432 -1504 ) 
4 1058 1106 (432 2320 -1600 ) (432 2352 -1600 ) (496 2352 -1600 ) (496 2320 -1600 ) 
4 1058 1082 (432 2352 -1600 ) (432 2320 -1600 ) (432 2320 -1472 ) (432 2352 -1472 ) 
4 1059 1093 (432 2176 -1600 ) (432 2048 -1600 ) (432 2048 -1472 ) (432 2176 -1472 ) 
4 1059 1091 (432 2192 -1600 ) (432 2176 -1600 ) (432 2176 -1472 ) (432 2192 -1472 ) 
4 1059 1083 (432 2304 -1600 ) (432 2192 -1600 ) (432 2192 -1472 ) (432 2304 -1472 ) 
4 1060 1105 (368 3072 -1600 ) (432 3072 -1600 ) (432 2896 -1600 ) (368 2896 -1600 ) 
4 1060 1061 (368 3072 -1600 ) (368 2896 -1600 ) (368 2896 -1472 ) (368 3072 -1472 ) 
4 1061 1457 (0 2880 -1472 ) (0 3072 -1472 ) (0 3072 -1600 ) (0 2880 -1600 ) 
4 1061 1107 (0 2880 -1600 ) (0 3072 -1600 ) (368 3072 -1600 ) (368 2880 -1600 ) 
4 1061 1063 (0 2880 -1600 ) (368 2880 -1600 ) (368 2880 -1472 ) (0 2880 -1472 ) 
3 1062 1067 (392 2752 -1504 ) (392 2752 -1496 ) (384 2752 -1504 ) 
4 1062 1068 (384 2752 -1600 ) (392 2752 -1600 ) (392 2752 -1504 ) (384 2752 -1504 ) 
4 1062 1066 (392 2752 -1600 ) (432 2752 -1600 ) (432 2752 -1488 ) (392 2752 -1488 ) 
4 1062 1064 (432 2752 -1488 ) (432 2752 -1472 ) (384 2752 -1472 ) (384 2752 -1488 ) 
4 1063 1457 (0 2752 -1472 ) (0 2880 -1472 ) (0 2880 -1600 ) (0 2752 -1600 ) 
4 1063 1107 (0 2752 -1600 ) (0 2880 -1600 ) (368 2880 -1600 ) (368 2752 -1600 ) 
4 1063 1069 (0 2752 -1600 ) (368 2752 -1600 ) (368 2752 -1488 ) (0 2752 -1488 ) 
4 1063 1065 (368 2752 -1488 ) (368 2752 -1472 ) (0 2752 -1472 ) (0 2752 -1488 ) 
4 1064 1070 (432 2624 -1488 ) (432 2624 -1472 ) (384 2624 -1472 ) (384 2624 -1488 ) 
4 1064 1066 (432 2624 -1488 ) (392 2624 -1488 ) (392 2752 -1488 ) (432 2752 -1488 ) 
4 1065 1457 (0 2624 -1472 ) (0 2752 -1472 ) (0 2752 -1488 ) (0 2624 -1488 ) 
4 1065 1071 (368 2624 -1472 ) (0 2624 -1472 ) (0 2624 -1488 ) (368 2624 -1488 ) 
4 1065 1069 (368 2624 -1488 ) (0 2624 -1488 ) (0 2752 -1488 ) (368 2752 -1488 ) 
4 1066 1070 (392 2624 -1600 ) (432 2624 -1600 ) (432 2624 -1488 ) (392 2624 -1488 ) 
4 1066 1067 (392 2624 -1504 ) (392 2624 -1496 ) (392 2752 -1496 ) (392 2752 -1504 ) 
4 1066 1068 (392 2624 -1600 ) (392 2624 -1504 ) (392 2752 -1504 ) (392 2752 -1600 ) 
3 1067 1070 (392 2624 -1504 ) (392 2624 -1496 ) (384 2624 -1504 ) 
4 1067 1068 (384 2752 -1504 ) (392 2752 -1504 ) (392 2624 -1504 ) (384 2624 -1504 ) 
4 1068 1070 (384 2624 -1600 ) (392 2624 -1600 ) (392 2624 -1504 ) (384 2624 -1504 ) 
4 1069 1457 (0 2752 -1488 ) (0 2752 -1600 ) (0 2624 -1600 ) (0 2624 -1488 ) 
4 1069 1107 (0 2624 -1600 ) (0 2752 -1600 ) (368 2752 -1600 ) (368 2624 -1600 ) 
4 1069 1071 (0 2624 -1600 ) (368 2624 -1600 ) (368 2624 -1488 ) (0 2624 -1488 ) 
4 1071 1457 (0 2496 -1472 ) (0 2624 -1472 ) (0 2624 -1600 ) (0 2496 -1600 ) 
4 1071 1107 (0 2496 -1600 ) (0 2624 -1600 ) (368 2624 -1600 ) (368 2496 -1600 ) 
4 1071 1072 (0 2496 -1600 ) (368 2496 -1600 ) (368 2496 -1472 ) (0 2496 -1472 ) 
4 1072 1457 (0 2480 -1472 ) (0 2496 -1472 ) (0 2496 -1600 ) (0 2480 -1600 ) 
4 1072 1107 (0 2480 -1600 ) (0 2496 -1600 ) (368 2496 -1600 ) (368 2480 -1600 ) 
4 1072 1073 (320 2480 -1600 ) (368 2480 -1600 ) (368 2480 -1472 ) (320 2480 -1472 ) 
4 1072 1074 (0 2480 -1600 ) (320 2480 -1600 ) (320 2480 -1472 ) (0 2480 -1472 ) 
4 1073 1106 (368 2480 -1600 ) (416 2480 -1600 ) (416 2448 -1600 ) (368 2448 -1600 ) 
4 1073 1107 (320 2480 -1600 ) (368 2480 -1600 ) (368 2448 -1600 ) (320 2448 -1600 ) 
4 1073 1074 (320 2480 -1472 ) (320 2480 -1600 ) (320 2448 -1600 ) (320 2448 -1472 ) 
4 1074 1457 (0 2432 -1472 ) (0 2480 -1472 ) (0 2480 -1600 ) (0 2432 -1600 ) 
4 1074 1107 (0 2432 -1600 ) (0 2480 -1600 ) (320 2480 -1600 ) (320 2432 -1600 ) 
4 1074 1080 (0 2432 -1600 ) (320 2432 -1600 ) (320 2432 -1472 ) (0 2432 -1472 ) 
4 1075 1077 (412 2432 -1472 ) (412 2432 -1480 ) (412 2368 -1480 ) (412 2368 -1472 ) 
4 1076 1106 (412 2432 -1600 ) (432 2432 -1600 ) (432 2368 -1600 ) (412 2368 -1600 ) 
4 1076 1078 (412 2432 -1504 ) (412 2432 -1600 ) (412 2368 -1600 ) (412 2368 -1504 ) 
4 1078 1106 (400 2432 -1600 ) (412 2432 -1600 ) (412 2368 -1600 ) (400 2368 -1600 ) 
4 1078 1079 (400 2432 -1488 ) (400 2432 -1600 ) (400 2368 -1600 ) (400 2368 -1488 ) 
4 1079 1106 (388 2432 -1600 ) (400 2432 -1600 ) (400 2368 -1600 ) (388 2368 -1600 ) 
4 1079 1080 (388 2432 -1480 ) (388 2432 -1600 ) (388 2368 -1600 ) (388 2368 -1480 ) 
4 1080 1457 (0 2368 -1472 ) (0 2432 -1472 ) (0 2432 -1600 ) (0 2368 -1600 ) 
4 1080 1106 (368 2432 -1600 ) (388 2432 -1600 ) (388 2368 -1600 ) (368 2368 -1600 ) 
4 1080 1107 (0 2368 -1600 ) (0 2432 -1600 ) (368 2432 -1600 ) (368 2368 -1600 ) 
4 1080 1081 (0 2368 -1600 ) (320 2368 -1600 ) (320 2368 -1472 ) (0 2368 -1472 ) 
4 1081 1457 (0 2352 -1472 ) (0 2368 -1472 ) (0 2368 -1600 ) (0 2352 -1600 ) 
4 1081 1107 (0 2352 -1600 ) (0 2368 -1600 ) (320 2368 -1600 ) (320 2352 -1600 ) 
4 1081 1082 (0 2352 -1600 ) (320 2352 -1600 ) (320 2352 -1472 ) (0 2352 -1472 ) 
4 1082 1457 (0 2320 -1472 ) (0 2352 -1472 ) (0 2352 -1600 ) (0 2320 -1600 ) 
4 1082 1106 (368 2352 -1600 ) (432 2352 -1600 ) (432 2320 -1600 ) (368 2320 -1600 ) 
4 1082 1107 (0 2320 -1600 ) (0 2352 -1600 ) (368 2352 -1600 ) (368 2320 -1600 ) 
4 1083 1463 (0 2304 -1541.333252 ) (0 2304 -1600 ) (0 2192 -1600 ) (0 2192 -1541.333252 ) 
5 1083 1091 (0 2192 -1600 ) (432 2192 -1600 ) (432 2192 -1472 ) (104 2192 -1472 ) (0 2192 -1541.333252 ) 
4 1084 1085 (68 2304 -1472 ) (68 2304 -1480 ) (68 2192 -1480 ) (68 2192 -1472 ) 
3 1085 1092 (68 2192 -1472 ) (56 2192 -1472 ) (56 2192 -1480 ) 
4 1085 1086 (56 2304 -1472 ) (56 2304 -1488 ) (56 2192 -1488 ) (56 2192 -1472 ) 
4 1086 1092 (56 2192 -1472 ) (44 2192 -1472 ) (44 2192 -1488 ) (56 2192 -1480 ) 
4 1086 1087 (44 2304 -1472 ) (44 2304 -1496 ) (44 2192 -1496 ) (44 2192 -1472 ) 
4 1087 1092 (44 2192 -1472 ) (32 2192 -1472 ) (32 2192 -1496 ) (44 2192 -1488 ) 
4 1087 1088 (32 2304 -1472 ) (32 2304 -1504 ) (32 2192 -1504 ) (32 2192 -1472 ) 
4 1088 1092 (32 2192 -1472 ) (20 2192 -1472 ) (20 2192 -1504 ) (32 2192 -1496 ) 
4 1088 1089 (20 2304 -1472 ) (20 2304 -1512 ) (20 2192 -1512 ) (20 2192 -1472 ) 
4 1089 1092 (20 2192 -1472 ) (8 2192 -1472 ) (8 2192 -1512 ) (20 2192 -1504 ) 
4 1089 1090 (8 2304 -1472 ) (8 2304 -1520 ) (8 2192 -1520 ) (8 2192 -1472 ) 
4 1090 1462 (0 2192 -1472 ) (0 2304 -1472 ) (0 2304 -1528 ) (0 2192 -1528 ) 
4 1090 1092 (8 2192 -1472 ) (0 2192 -1472 ) (0 2192 -1517.333252 ) (8 2192 -1512 ) 
4 1091 1466 (0 2192 -1541.333252 ) (0 2192 -1600 ) (0 2176 -1600 ) (0 2176 -1541.333252 ) 
4 1091 1098 (8 2176 -1560 ) (8 2176 -1536 ) (0 2176 -1541.333252 ) (0 2176 -1560 ) 
4 1091 1097 (20 2176 -1568 ) (20 2176 -1528 ) (8 2176 -1536 ) (8 2176 -1568 ) 
4 1091 1096 (32 2176 -1576 ) (32 2176 -1520 ) (20 2176 -1528 ) (20 2176 -1576 ) 
4 1091 1095 (44 2176 -1584 ) (44 2176 -1512 ) (32 2176 -1520 ) (32 2176 -1584 ) 
4 1091 1094 (56 2176 -1592 ) (56 2176 -1504 ) (44 2176 -1512 ) (44 2176 -1592 ) 
5 1091 1093 (56 2176 -1600 ) (432 2176 -1600 ) (432 2176 -1472 ) (104 2176 -1472 ) (56 2176 -1504 ) 
4 1092 1467 (0 2176 -1472 ) (0 2192 -1472 ) (0 2192 -1517.333374 ) (0 2176 -1517.333374 ) 
4 1092 1098 (8 2176 -1472 ) (0 2176 -1472 ) (0 2176 -1517.333374 ) (8 2176 -1512 ) 
4 1092 1097 (20 2176 -1472 ) (8 2176 -1472 ) (8 2176 -1512 ) (20 2176 -1504 ) 
4 1092 1096 (32 2176 -1472 ) (20 2176 -1472 ) (20 2176 -1504 ) (32 2176 -1496 ) 
4 1092 1095 (44 2176 -1472 ) (32 2176 -1472 ) (32 2176 -1496 ) (44 2176 -1488 ) 
4 1092 1094 (56 2176 -1472 ) (44 2176 -1472 ) (44 2176 -1488 ) (56 2176 -1480 ) 
3 1092 1093 (68 2176 -1472 ) (56 2176 -1472 ) (56 2176 -1480 ) 
4 1093 1094 (56 2176 -1472 ) (56 2176 -1592 ) (56 2048 -1592 ) (56 2048 -1472 ) 
4 1094 1095 (44 2176 -1472 ) (44 2176 -1584 ) (44 2048 -1584 ) (44 2048 -1472 ) 
4 1095 1096 (32 2176 -1472 ) (32 2176 -1576 ) (32 2048 -1576 ) (32 2048 -1472 ) 
4 1096 1097 (20 2176 -1472 ) (20 2176 -1568 ) (20 2048 -1568 ) (20 2048 -1472 ) 
4 1097 1098 (8 2176 -1472 ) (8 2176 -1560 ) (8 2048 -1560 ) (8 2048 -1472 ) 
4 1098 1468 (0 2048 -1560 ) (0 2048 -1472 ) (0 2176 -1472 ) (0 2176 -1560 ) 
4 1099 1108 (1024 3072 -1616 ) (1024 3008 -1616 ) (1008 3008 -1616 ) (1008 3072 -1616 ) 
4 1099 1100 (1008 3072 -1616 ) (1008 3008 -1616 ) (1008 3008 -1608 ) (1008 3072 -1608 ) 
4 1100 1108 (944 3008 -1616 ) (944 3072 -1616 ) (1008 3072 -1616 ) (1008 3008 -1616 ) 
4 1101 1373 (944 2048 -1600 ) (688 2048 -1600 ) (688 2048 -1604 ) (944 2048 -1604 ) 
4 1101 1103 (880 3072 -1604 ) (944 3072 -1604 ) (944 2048 -1604 ) (880 2048 -1604 ) 
4 1101 1102 (688 2048 -1604 ) (688 3072 -1604 ) (752 3072 -1604 ) (752 2048 -1604 ) 
3 1102 1375 (688 2048 -1604 ) (688 2048 -1608 ) (752 2048 -1604 ) 
3 1103 1374 (944 2048 -1608 ) (944 2048 -1604 ) (880 2048 -1604 ) 
4 1104 1108 (624 2816 -1616 ) (624 3072 -1616 ) (688 3072 -1616 ) (688 2816 -1616 ) 
4 1104 1105 (624 3072 -1616 ) (624 2896 -1616 ) (624 2896 -1608 ) (624 3072 -1608 ) 
4 1105 1108 (368 3072 -1616 ) (624 3072 -1616 ) (624 2896 -1616 ) (368 2896 -1616 ) 
4 1105 1107 (368 3072 -1616 ) (368 2896 -1616 ) (368 2896 -1600 ) (368 3072 -1600 ) 
4 1106 1108 (624 2496 -1616 ) (624 2304 -1616 ) (368 2304 -1616 ) (368 2496 -1616 ) 
4 1106 1107 (368 2496 -1616 ) (368 2304 -1616 ) (368 2304 -1600 ) (368 2496 -1600 ) 
4 1107 1459 (0 2304 -1600 ) (0 3072 -1600 ) (0 3072 -1616 ) (0 2304 -1616 ) 
4 1107 1108 (0 2304 -1616 ) (0 3072 -1616 ) (368 3072 -1616 ) (368 2304 -1616 ) 
4 1108 1502 (0 2048 -3040 ) (0 2048 -1616 ) (0 2304 -1616 ) (0 2304 -3040 ) 
4 1108 1459 (0 2304 -1616 ) (0 3072 -1616 ) (0 3072 -3040 ) (0 2304 -3040 ) 
4 1108 1403 (688 2048 -1616 ) (0 2048 -1616 ) (0 2048 -3040 ) (688 2048 -3040 ) 
4 1108 1376 (944 2048 -1616 ) (688 2048 -1616 ) (688 2048 -3040 ) (944 2048 -3040 ) 
4 1108 1372 (1024 2048 -3040 ) (1024 2048 -1616 ) (944 2048 -1616 ) (944 2048 -3040 ) 
4 1109 1195 (1840 2048 -832 ) (1840 2048 -960 ) (1840 1920 -960 ) (1840 1920 -832 ) 
4 1109 1168 (1840 1920 -704 ) (1840 1792 -704 ) (1840 1792 -576 ) (1840 1920 -576 ) 
4 1109 1167 (1840 1792 -576 ) (1840 1792 -448 ) (1840 1920 -448 ) (1840 1920 -576 ) 
4 1109 1166 (1840 2048 -448 ) (1840 2048 -704 ) (1840 1920 -704 ) (1840 1920 -448 ) 
4 1109 1160 (1840 1962 -432 ) (1840 1792 -432 ) (1840 1792 -320 ) (1840 1962 -320 ) 
4 1109 1159 (1840 2048 -320 ) (1840 2048 -432 ) (1840 1962 -432 ) (1840 1962 -320 ) 
4 1109 1119 (1840 1962 -320 ) (1840 1792 -320 ) (1840 1792 0 ) (1840 1962 0 ) 
4 1109 1116 (1840 2048 0 ) (1840 2048 -320 ) (1840 1962 -320 ) (1840 1962 0 ) 
4 1109 1114 (1840 2048 2528 ) (1840 2048 0 ) (1840 1792 0 ) (1840 1792 2528 ) 
4 1109 1112 (1840 1792 -960 ) (1840 2048 -960 ) (2048 2048 -960 ) (2048 1792 -960 ) 
4 1109 1110 (2048 1792 -704 ) (2048 1792 2528 ) (1840 1792 2528 ) (1840 1792 -704 ) 
4 1110 1702 (2048 1024 -704 ) (2048 1024 2528 ) (1840 1024 2528 ) (1840 1024 -704 ) 
4 1110 1181 (1840 1024 -704 ) (1840 1024 -448 ) (1840 1664 -448 ) (1840 1664 -704 ) 
4 1110 1169 (1840 1664 -448 ) (1840 1792 -448 ) (1840 1792 -704 ) (1840 1664 -704 ) 
4 1110 1160 (1840 1706 -320 ) (1840 1792 -320 ) (1840 1792 -432 ) (1840 1706 -432 ) 
4 1110 1153 (1840 1536 -320 ) (1840 1706 -320 ) (1840 1706 -432 ) (1840 1648 -432 ) 
4 1110 1147 (1840 1024 -448 ) (1840 1024 -320 ) (1840 1536 -320 ) (1840 1664 -448 ) 
4 1110 1119 (1840 1706 0 ) (1840 1792 0 ) (1840 1792 -320 ) (1840 1706 -320 ) 
4 1110 1118 (1840 1024 -320 ) (1840 1024 0 ) (1840 1706 0 ) (1840 1706 -320 ) 
4 1110 1114 (1840 1024 0 ) (1840 1024 2528 ) (1840 1792 2528 ) (1840 1792 0 ) 
4 1110 1111 (2048 1024 -704 ) (1840 1024 -704 ) (1840 1776 -704 ) (2048 1776 -704 ) 
4 1111 1702 (2048 1024 -960 ) (2048 1024 -704 ) (1840 1024 -704 ) (1840 1024 -960 ) 
4 1111 1205 (1840 1536 -960 ) (1840 1024 -960 ) (1840 1024 -832 ) (1840 1536 -832 ) 
3 1111 1204 (1840 1536 -960 ) (1840 1536 -832 ) (1840 1656 -832 ) 
5 1111 1198 (1840 1024 -832 ) (1840 1024 -704 ) (1840 1520.001221 -704 ) (1840 1536 -719.998840 ) (1840 1536 -832 ) 
4 1111 1113 (1840 1024 -960 ) (1840 1536 -960 ) (2048 1536 -960 ) (2048 1024 -960 ) 
4 1112 1239 (2048 1728 -1088 ) (2048 1568 -1088 ) (1840 1568 -1088 ) (1840 1728 -1088 ) 
4 1112 1210 (1840 2048 -1088 ) (2048 2048 -1088 ) (2048 1728 -1088 ) (1840 1728 -1088 ) 
4 1112 1204 (1840 1792 -1088 ) (1840 1568 -1088 ) (1840 1568 -960 ) (1840 1792 -960 ) 
4 1112 1203 (1840 1920 -1088 ) (1840 1792 -1088 ) (1840 1792 -960 ) (1840 1920 -960 ) 
4 1112 1195 (1840 2048 -960 ) (1840 2048 -1088 ) (1840 1920 -1088 ) (1840 1920 -960 ) 
4 1113 1702 (2048 1024 -1024 ) (2048 1024 -960 ) (1840 1024 -960 ) (1840 1024 -1024 ) 
4 1113 1275 (1920 1024 -1088 ) (1840 1024 -1088 ) (1840 1152 -1088 ) (1920 1152 -1088 ) 
4 1113 1270 (1840 1152 -1088 ) (1840 1408 -1088 ) (1920 1408 -1088 ) (1920 1152 -1088 ) 
4 1113 1267 (1840 1408 -1088 ) (1840 1536 -1088 ) (1920 1536 -1088 ) (1920 1408 -1088 ) 
4 1113 1262 (2048 1536 -1088 ) (2048 1024 -1088 ) (1920 1024 -1088 ) (1920 1536 -1088 ) 
4 1113 1205 (1840 1536 -1088 ) (1840 1024 -1088 ) (1840 1024 -960 ) (1840 1536 -960 ) 
4 1114 1702 (1024 1024 2528 ) (1024 1024 0 ) (1840 1024 0 ) (1840 1024 2528 ) 
4 1114 1280 (1024 2048 2528 ) (1024 2048 0 ) (1024 1024 0 ) (1024 1024 2528 ) 
3 1114 1137 (1222 1677 0 ) (1227.891235 1671.114746 0 ) (1225.729980 1662.970337 0 ) 
3 1114 1135 (1212.246460 1686.743530 0 ) (1230.732422 1681.821533 0 ) (1227.891235 1671.114746 0 ) 
3 1114 1133 (1230.732422 1681.821533 0 ) (1248.205566 1677.169312 0 ) (1222.749878 1651.739868 0 ) 
3 1114 1131 (1187 1686 0 ) (1192.900513 1691.894409 0 ) (1201.029785 1689.729980 0 ) 
3 1114 1127 (1172.536499 1671.551270 0 ) (1177.263428 1676.273438 0 ) (1174.270020 1665.030518 0 ) 
3 1114 1125 (1164.988647 1664.011230 0 ) (1172.536499 1671.551270 0 ) (1178 1651 0 ) 
3 1114 1124 (1151.794556 1650.830566 0 ) (1164.988647 1664.011230 0 ) (1187.739746 1641.260132 0 ) 
3 1114 1123 (1117.553711 1616.625000 0 ) (1151.794556 1650.830566 0 ) (1198.969971 1638.270142 0 ) 
4 1114 1121 (1129.957520 1559.042725 0 ) (1094.952881 1594.047363 0 ) (1117.553711 1616.625000 0 ) (1213 1642 0 ) 
4 1114 1120 (1192.900513 1691.894409 0 ) (1326.833984 1825.690308 0 ) (1422.250122 1851.035156 0 ) (1248.205566 1677.169312 0 ) 
5 1114 1119 (1840 1962 0 ) (1840 1706 0 ) (1162.864380 1526.135864 0 ) (1129.957520 1559.042725 0 ) (1422.250122 1851.035156 0 ) 
4 1114 1118 (1840 1706 0 ) (1840 1024 0 ) (1665 1024 0 ) (1162.864380 1526.135864 0 ) 
4 1114 1117 (1094.952881 1594.047363 0 ) (1024 1665 0 ) (1024 1745.250000 0 ) (1326.833984 1825.690308 0 ) 
4 1114 1116 (1024 2048 0 ) (1840 2048 0 ) (1840 1962 0 ) (1024 1745.250000 0 ) 
3 1114 1115 (1665 1024 0 ) (1024 1024 0 ) (1024 1665 0 ) 
4 1115 1702 (1024 1024 0 ) (1024 1024 -320 ) (1665 1024 -320 ) (1665 1024 0 ) 
4 1115 1280 (1024 1665 -320 ) (1024 1024 -320 ) (1024 1024 0 ) (1024 1665 0 ) 
3 1115 1155 (1072 1617 -320 ) (1136 1553 -320 ) (1072 1570 -320 ) 
4 1115 1154 (1136 1553 -320 ) (1153 1536 -320 ) (1072 1536 -320 ) (1072 1570 -320 ) 
4 1115 1148 (1153 1536 -320 ) (1162.864258 1526.135864 -320 ) (1072 1502 -320 ) (1072 1536 -320 ) 
4 1115 1147 (1162.864258 1526.135864 -320 ) (1665 1024 -320 ) (1072 1024 -320 ) (1072 1502 -320 ) 
4 1115 1141 (1024 1582.750122 -320 ) (1024 1665 -320 ) (1072 1617 -320 ) (1072 1570 -320 ) 
4 1115 1140 (1024 1489.250000 -320 ) (1024 1582.750122 -320 ) (1072 1570 -320 ) (1072 1502 -320 ) 
4 1115 1139 (1024 1024 -320 ) (1024 1489.250000 -320 ) (1072 1502 -320 ) (1072 1024 -320 ) 
4 1115 1126 (1089 1600 -320 ) (1024 1665 -320 ) (1024 1665 -281.376373 ) (1089 1600 -192.027771 ) 
4 1115 1125 (1024 1665 -281.376373 ) (1024 1665 -194.586166 ) (1024.942993 1664.057007 -192 ) (1089.020508 1599.979492 -192 ) 
3 1115 1124 (1024.942993 1664.057007 -192 ) (1062.130493 1626.869507 -90.014153 ) (1135.992310 1553.007690 -192 ) 
4 1115 1123 (1062.130493 1626.869507 -90.014153 ) (1088.884644 1600.115356 -16.641739 ) (1136 1553 -128.316559 ) (1136 1553 -192.010178 ) 
4 1115 1122 (1162.864136 1526.135864 -320 ) (1136 1553 -320 ) (1136 1553 -128.316559 ) (1162.864136 1526.135864 -191.991318 ) 
5 1115 1121 (1088.884644 1600.115356 -16.641739 ) (1094.952759 1594.047241 0 ) (1129.957397 1559.042603 0 ) (1162.864136 1526.135864 -90.245857 ) (1162.864136 1526.135864 -191.991318 ) 
3 1115 1119 (1129.957397 1559.042603 0 ) (1162.864136 1526.135864 0 ) (1162.864136 1526.135864 -90.245857 ) 
4 1115 1118 (1665 1024 -320 ) (1162.864136 1526.135864 -320 ) (1162.864136 1526.135864 0 ) (1665 1024 0 ) 
3 1115 1117 (1024 1665 -194.586166 ) (1024 1665 0 ) (1094.952759 1594.047241 0 ) 
4 1116 1280 (1024 2048 0 ) (1024 2048 -320 ) (1024 1745.250000 -320 ) (1024 1745.250000 0 ) 
4 1116 1159 (1409 2048 -320 ) (1840 2048 -320 ) (1840 1962 -320 ) (1136 1775 -320 ) 
4 1116 1158 (1174 2048 -320 ) (1409 2048 -320 ) (1136 1775 -320 ) (1098.864258 1765.135742 -320 ) 
4 1116 1157 (1072 2048 -320 ) (1174 2048 -320 ) (1098.864258 1765.135742 -320 ) (1072 1758 -320 ) 
5 1116 1143 (1024 1844.706299 -320 ) (1024 2048 -320 ) (1072 2048 -320 ) (1072 1758 -320 ) (1048.677002 1751.804810 -320 ) 
3 1116 1142 (1024 1745.250000 -320 ) (1024 1844.706299 -320 ) (1048.677002 1751.804810 -320 ) 
4 1116 1132 (1199.983643 1791.995605 -320 ) (1327.975830 1825.993530 -320 ) (1200.086304 1792.022949 -192.007416 ) (1199.983643 1791.995728 -192.007462 ) 
4 1116 1131 (1200.086304 1792.022949 -192.007416 ) (1167.954834 1783.488037 -159.850037 ) (1136 1775 -192 ) (1136 1775 -192.035400 ) 
4 1116 1129 (1098.864136 1765.135742 -320 ) (1136 1775 -320 ) (1136 1775 -192 ) (1098.864136 1765.135742 -229.363007 ) 
4 1116 1128 (1048.677002 1751.804810 -320 ) (1098.864136 1765.135742 -320 ) (1098.864136 1765.135742 -229.363007 ) (1048.677002 1751.804810 -279.856873 ) 
4 1116 1126 (1024 1745.250000 -320 ) (1048.677002 1751.804810 -320 ) (1048.677002 1751.804810 -279.856873 ) (1024 1745.250000 -304.684631 ) 
5 1116 1120 (1327.975830 1825.993530 -320 ) (1740.306396 1935.518921 -320 ) (1422.250122 1851.035156 0 ) (1326.833984 1825.690308 0 ) (1167.954834 1783.488037 -159.850037 ) 
4 1116 1119 (1740.306396 1935.518921 -320 ) (1840 1962 -320 ) (1840 1962 0 ) (1422.250122 1851.035156 0 ) 
3 1116 1117 (1326.833984 1825.690308 0 ) (1024 1745.250000 0 ) (1024 1745.250000 -304.684631 ) 
4 1117 1280 (1024 1665 -194.586426 ) (1024 1665 0 ) (1024 1745.250000 0 ) (1024 1745.250000 -304.684631 ) 
5 1117 1131 (1136 1775 -192.002975 ) (1167.956421 1783.487915 -159.850479 ) (1192.902466 1691.893921 0 ) (1187.003174 1686 0 ) (1135.976562 1774.976562 -192.002945 ) 
4 1117 1129 (1098.864014 1765.135254 -229.365128 ) (1136 1775 -192.002975 ) (1089.048340 1728.048340 -191.936829 ) (1089.017578 1728.066406 -192.003815 ) 
4 1117 1128 (1048.677002 1751.804321 -279.858887 ) (1098.864014 1765.135254 -229.365128 ) (1089.017578 1728.066406 -192.003815 ) (1048.695801 1751.733643 -279.736145 ) 
4 1117 1127 (1177.262695 1676.270264 0 ) (1172.536865 1671.549316 0 ) (1062.122803 1701.184814 -191.984131 ) (1048.695801 1751.733643 -279.736145 ) 
4 1117 1126 (1024 1711.417114 -258.270721 ) (1024 1745.249512 -304.686707 ) (1048.677002 1751.804321 -279.858887 ) (1062.122803 1701.184814 -191.984131 ) 
5 1117 1125 (1024.945801 1664.055786 -191.997742 ) (1024 1665.001465 -194.591400 ) (1024 1711.417114 -258.270721 ) (1172.536865 1671.549316 0 ) (1164.989868 1664.010010 0 ) 
4 1117 1124 (1062.132690 1626.869019 -90.013893 ) (1024.945801 1664.055786 -191.997742 ) (1164.989868 1664.010010 0 ) (1151.796509 1650.830078 0 ) 
4 1117 1123 (1088.886475 1600.115356 -16.642748 ) (1062.132690 1626.869019 -90.013893 ) (1151.796509 1650.830078 0 ) (1117.557251 1616.625977 0 ) 
3 1117 1121 (1094.955078 1594.046875 0 ) (1088.886475 1600.115356 -16.642748 ) (1117.557251 1616.625977 0 ) 
3 1117 1120 (1167.956421 1783.487915 -159.850479 ) (1326.835938 1825.690308 0 ) (1192.902466 1691.893921 0 ) 
4 1118 1702 (1665 1024 -320 ) (1840 1024 -320 ) (1840 1024 0 ) (1665 1024 0 ) 
3 1118 1153 (1840 1706 -320 ) (1840 1536 -320 ) (1200 1536 -320 ) 
5 1118 1147 (1840 1536 -320 ) (1840 1024 -320 ) (1665 1024 -320 ) (1162.864258 1526.135864 -320 ) (1200 1536 -320 ) 
4 1118 1130 (1391.223145 1586.794189 -320 ) (1264 1553 -320 ) (1264 1553 -192.034439 ) (1264.034668 1553.009644 -192.034454 ) 
4 1118 1122 (1200 1536 -320 ) (1162.859375 1526.134766 -320 ) (1162.859375 1526.134766 -191.990707 ) (1200 1536 -192.006760 ) 
3 1118 1121 (1162.859375 1526.134766 -191.990707 ) (1162.859375 1526.134766 -90.240936 ) (1264.034668 1553.009644 -192.034454 ) 
5 1118 1119 (1840 1706 -320 ) (1391.223145 1586.794189 -320 ) (1162.859375 1526.134766 -90.240936 ) (1162.859375 1526.134766 0 ) (1840 1706 0 ) 
4 1119 1160 (1740.306396 1935.518921 -320 ) (1840 1962 -320 ) (1840 1706 -320 ) (1391.222534 1586.793457 -320 ) 
4 1119 1133 (1222.749268 1651.737549 0 ) (1248.207031 1677.169067 0 ) (1439.217529 1728.217529 -191.750488 ) (1310.960571 1599.960571 -191.930695 ) 
5 1119 1130 (1391.226562 1586.794922 -320 ) (1264.037842 1553.010254 -192.034531 ) (1264.027832 1553.027832 -191.996643 ) (1439.217529 1728.217529 -191.750488 ) (1566.972168 1762.360596 -320 ) 
4 1119 1121 (1264.037842 1553.010254 -192.034531 ) (1162.863281 1526.135742 -90.242188 ) (1129.958130 1559.041626 0 ) (1213.002441 1642 0 ) 
4 1119 1120 (1248.207031 1677.169067 0 ) (1422.252441 1851.035767 0 ) (1740.308594 1935.519409 -320 ) (1566.972168 1762.360596 -320 ) 
3 1120 1162 (1327.975830 1825.993530 -320 ) (1374.297974 1838.297852 -320 ) (1368.185791 1815.287598 -320 ) 
4 1120 1161 (1374.297974 1838.297852 -320 ) (1612.595703 1901.595703 -320 ) (1493.044067 1782.044067 -320 ) (1368.185791 1815.287598 -320 ) 
4 1120 1160 (1612.595703 1901.595703 -320 ) (1740.306396 1935.518921 -320 ) (1566.970581 1762.361084 -320 ) (1493.044067 1782.044067 -320 ) 
4 1120 1135 (1230.731934 1681.819946 0 ) (1212.248535 1686.741455 0 ) (1263.928711 1775.010010 -191.982346 ) (1351.333252 1751.793213 -192.085861 ) 
5 1120 1133 (1439.217285 1728.217285 -191.753830 ) (1248.203125 1677.167969 0 ) (1230.731934 1681.819946 0 ) (1351.333252 1751.793213 -192.085861 ) (1439.400391 1728.400391 -192.190155 ) 
5 1120 1132 (1200.084351 1791.968750 -191.906738 ) (1200.083862 1792.022339 -192.007263 ) (1327.973511 1825.992920 -320 ) (1493.042603 1782.042480 -320 ) (1439.400391 1728.400391 -192.190155 ) 
4 1120 1131 (1201.027344 1689.729370 0 ) (1192.908936 1691.890991 0 ) (1167.961792 1783.489868 -159.859238 ) (1200.083862 1792.022339 -192.007263 ) 
3 1120 1130 (1566.968750 1762.359375 -320 ) (1439.217285 1728.217285 -191.753830 ) (1493.042603 1782.042480 -320 ) 
5 1121 1123 (1199.922241 1536.020752 -191.934814 ) (1136 1553 -128.321304 ) (1088.883545 1600.116455 -16.644547 ) (1117.557495 1616.628784 0 ) (1198.964844 1638.271484 0 ) 
3 1121 1122 (1200 1536 -192.012482 ) (1162.864136 1526.135742 -191.996353 ) (1136 1553 -128.321304 ) 
3 1122 1154 (1200 1536 -320 ) (1153 1536 -320 ) (1136 1553 -320 ) 
3 1122 1148 (1200 1536 -320 ) (1162.864258 1526.135864 -320 ) (1153 1536 -320 ) 
3 1122 1123 (1136.001465 1552.998535 -192.012329 ) (1136.001465 1552.998535 -128.316437 ) (1199.931152 1536.017212 -191.937195 ) 
4 1123 1124 (1135.992676 1553.007446 -192 ) (1062.130371 1626.869751 -90.014839 ) (1151.795654 1650.831665 0 ) (1187.738037 1641.261963 0 ) 
4 1124 1125 (1089.024658 1599.975586 -191.994202 ) (1024.945190 1664.055054 -191.994354 ) (1164.986816 1664.009399 0 ) (1178.001831 1650.993408 0 ) 
3 1125 1280 (1024 1665 -281.376099 ) (1024 1665 -194.586426 ) (1024 1711.418579 -258.269836 ) 
4 1125 1127 (1071.981689 1664.069458 -191.997757 ) (1062.122681 1701.185547 -191.982498 ) (1172.535767 1671.550537 0 ) (1174.269409 1665.028076 0 ) 
4 1125 1126 (1089 1600 -192.024094 ) (1024 1665 -281.373688 ) (1024 1711.417725 -258.268860 ) (1062.122681 1701.185547 -191.982498 ) 
5 1126 1280 (1024 1745.250000 -320 ) (1024 1665 -320 ) (1024 1665 -281.376099 ) (1024 1711.418579 -258.269836 ) (1024 1745.250000 -304.684631 ) 
3 1126 1156 (1072 1664 -320 ) (1089 1600 -320 ) (1072 1617 -320 ) 
5 1126 1142 (1024 1665 -320 ) (1024 1745.250000 -320 ) (1048.677002 1751.804810 -320 ) (1072 1664 -320 ) (1072 1617 -320 ) 
6 1126 1128 (1048.676270 1751.804688 -320 ) (1048.676270 1751.804688 -279.859375 ) (1048.694702 1751.735229 -279.738861 ) (1071.980957 1664.069946 -192 ) (1072 1664 -192 ) (1072 1664 -320 ) 
3 1126 1127 (1048.694702 1751.735229 -279.738861 ) (1062.122192 1701.185547 -191.983017 ) (1071.980957 1664.069946 -192 ) 
4 1127 1128 (1072.017700 1664.066772 -191.931686 ) (1071.983398 1664.066406 -191.996094 ) (1048.694824 1751.741211 -279.745087 ) (1089.019165 1728.072266 -192.006866 ) 
3 1128 1157 (1072 1758 -320 ) (1098.864136 1765.135742 -320 ) (1072 1664 -320 ) 
3 1128 1143 (1048.677002 1751.804810 -320 ) (1072 1758 -320 ) (1072 1664 -320 ) 
5 1128 1129 (1098.865479 1765.136108 -320 ) (1098.865479 1765.136108 -229.360916 ) (1089.020996 1728.074707 -192.007828 ) (1089.001587 1728.001587 -192.007736 ) (1089.001587 1728.001587 -320 ) 
3 1129 1158 (1098.864136 1765.135742 -320 ) (1136 1775 -320 ) (1089 1728 -320 ) 
4 1130 1160 (1493.044067 1782.044067 -320 ) (1566.970581 1762.361084 -320 ) (1391.222534 1586.793457 -320 ) (1264 1553 -320 ) 
3 1130 1134 (1311 1600 -191.985397 ) (1403.561890 1692.561890 -320 ) (1311 1600 -320 ) 
5 1130 1133 (1310.962769 1599.962769 -191.933777 ) (1439.218750 1728.218750 -191.753143 ) (1439.400513 1728.400513 -192.186127 ) (1439.400513 1728.400513 -320 ) (1403.561890 1692.561890 -320 ) 
3 1130 1132 (1439.400513 1728.400513 -192.186127 ) (1493.044189 1782.044189 -320 ) (1439.400513 1728.400513 -320 ) 
4 1132 1162 (1199.983643 1791.995605 -320 ) (1327.975830 1825.993530 -320 ) (1368.185791 1815.287598 -320 ) (1351.321045 1751.796631 -320 ) 
4 1132 1161 (1368.185791 1815.287598 -320 ) (1493.044067 1782.044067 -320 ) (1439.400513 1728.400513 -320 ) (1351.321045 1751.796631 -320 ) 
4 1132 1136 (1264.011597 1774.988403 -320 ) (1351.321045 1751.796875 -320 ) (1351.321045 1751.796875 -279.934052 ) (1264.011230 1774.988647 -192.065796 ) 
3 1132 1135 (1351.321167 1751.796875 -192.086075 ) (1263.927490 1775.010864 -191.981567 ) (1351.321045 1751.796875 -279.934052 ) 
4 1132 1134 (1351.333496 1751.793579 -192.086090 ) (1351.321167 1751.796875 -192.086075 ) (1351.321045 1751.796875 -320 ) (1414.805664 1734.933838 -320 ) 
4 1132 1133 (1439.398438 1728.401367 -320 ) (1439.398438 1728.401367 -192.191406 ) (1351.333496 1751.793579 -192.086090 ) (1414.805664 1734.933838 -320 ) 
3 1133 1161 (1414.805542 1734.933594 -320 ) (1439.400513 1728.400513 -320 ) (1403.561890 1692.561890 -320 ) 
4 1133 1137 (1337.875122 1701.177002 -192.033508 ) (1328.005371 1664.020142 -192.014908 ) (1225.730347 1662.968994 0 ) (1227.891724 1671.114258 0 ) 
4 1133 1135 (1230.733032 1681.821533 0 ) (1351.317871 1751.784912 -192.058823 ) (1337.875122 1701.177002 -192.033508 ) (1227.891724 1671.114258 0 ) 
5 1133 1134 (1351.317871 1751.784912 -192.058823 ) (1351.332642 1751.793457 -192.082367 ) (1414.806641 1734.933105 -320 ) (1403.563477 1692.563477 -320 ) (1311 1600 -191.982880 ) 
4 1134 1161 (1351.321045 1751.796631 -320 ) (1414.805542 1734.933594 -320 ) (1403.561890 1692.561890 -320 ) (1311 1600 -320 ) 
5 1134 1138 (1328 1663.998047 -192.020111 ) (1328.007324 1664.023438 -192.020126 ) (1337.865112 1701.134766 -228.950012 ) (1337.865112 1701.134888 -320 ) (1328 1663.998047 -320 ) 
3 1134 1137 (1328.007324 1664.023438 -192.020126 ) (1337.865112 1701.134766 -192.038681 ) (1337.865112 1701.134766 -228.950012 ) 
5 1134 1136 (1337.865112 1701.134766 -192.038681 ) (1337.876831 1701.178955 -192.038696 ) (1351.322266 1751.796875 -279.935669 ) (1351.322266 1751.796875 -320 ) (1337.865112 1701.134888 -320 ) 
4 1134 1135 (1337.876831 1701.178955 -192.038696 ) (1351.319702 1751.787109 -192.063995 ) (1351.322266 1751.796875 -192.083771 ) (1351.322266 1751.796875 -279.935669 ) 
4 1135 1137 (1310.975952 1728.024048 -191.989456 ) (1337.829224 1701.170532 -191.951828 ) (1227.893066 1671.120361 0 ) (1221.997314 1677.010010 0 ) 
4 1135 1136 (1264.011841 1774.988403 -192.055283 ) (1351.320312 1751.796875 -279.921875 ) (1337.876953 1701.183594 -192.035156 ) (1337.829224 1701.170532 -191.951828 ) 
3 1136 1163 (1264.011963 1774.988159 -320 ) (1351.321045 1751.796631 -320 ) (1337.864258 1701.135620 -320 ) 
4 1136 1138 (1337.863281 1701.136719 -320 ) (1337.863281 1701.136719 -228.947693 ) (1311 1728 -192.022903 ) (1311 1728 -320 ) 
4 1136 1137 (1337.863281 1701.136719 -228.947693 ) (1337.863281 1701.136719 -192.035156 ) (1337.832031 1701.167969 -191.959076 ) (1310.981079 1728.018921 -191.996902 ) 
4 1137 1138 (1311.001465 1727.994629 -192.021027 ) (1337.863403 1701.132690 -228.944244 ) (1328.006470 1664.024048 -192.017288 ) (1327.993652 1664.023926 -191.993164 ) 
3 1138 1164 (1311 1728 -320 ) (1337.864258 1701.135620 -320 ) (1328 1664 -320 ) 
4 1139 1702 (1024 1024 -320 ) (1024 1024 -448 ) (1200 1024 -448 ) (1072 1024 -320 ) 
4 1139 1280 (1024 1489.250000 -448 ) (1024 1024 -448 ) (1024 1024 -320 ) (1024 1489.250000 -320 ) 
4 1139 1185 (1200 1536 -448 ) (1200 1024 -448 ) (1024 1024 -448 ) (1024 1489.250000 -448 ) 
4 1139 1147 (1200 1024 -448 ) (1200 1536 -448 ) (1072 1502 -320 ) (1072 1024 -320 ) 
4 1139 1140 (1024 1489.250122 -320 ) (1071.992188 1501.998047 -320 ) (1199.992188 1535.998047 -448 ) (1024 1489.250122 -448 ) 
4 1140 1280 (1024 1582.750122 -448 ) (1024 1489.250000 -448 ) (1024 1489.250000 -320 ) (1024 1582.750122 -320 ) 
3 1140 1186 (1200 1536 -448 ) (1024 1489.250000 -448 ) (1024 1582.750122 -448 ) 
3 1140 1154 (1098.864258 1562.864258 -346.864319 ) (1072 1570 -320 ) (1072 1536 -320 ) 
4 1140 1148 (1200 1536 -448 ) (1098.864258 1562.864258 -346.864319 ) (1072 1536 -320 ) (1072 1502 -320 ) 
3 1140 1146 (1200.001953 1536 -448 ) (1136 1553 -448 ) (1136 1553 -383.996124 ) 
5 1140 1141 (1136 1553 -448 ) (1024 1582.750488 -448 ) (1024 1582.751953 -320 ) (1072.003906 1570 -320 ) (1136 1553 -383.996124 ) 
4 1141 1280 (1024 1665 -448 ) (1024 1582.750122 -448 ) (1024 1582.750122 -320 ) (1024 1665 -320 ) 
3 1141 1187 (1136 1553 -448 ) (1024 1582.750122 -448 ) (1024 1665 -448 ) 
4 1141 1155 (1072 1617 -320 ) (1072 1570 -320 ) (1098.864380 1562.864258 -346.864319 ) (1112.500122 1576.500000 -360.500122 ) 
3 1141 1149 (1098.864380 1562.864258 -346.864319 ) (1136 1553 -384 ) (1112.500122 1576.500000 -360.500122 ) 
4 1141 1146 (1136.001953 1552.998047 -384 ) (1136.001953 1552.998047 -448 ) (1089 1600 -448 ) (1089 1600 -336.996704 ) 
5 1141 1142 (1089 1600 -448 ) (1024 1665 -448 ) (1024 1665 -320 ) (1072.003906 1616.996094 -320 ) (1089 1600 -336.996704 ) 
4 1142 1280 (1024 1844.706055 -448 ) (1024 1665 -448 ) (1024 1665 -320 ) (1024 1844.706055 -320 ) 
3 1142 1188 (1089 1600 -448 ) (1024 1665 -448 ) (1024 1844.706055 -448 ) 
3 1142 1156 (1072 1664 -320 ) (1072 1617 -320 ) (1089 1600 -337 ) 
4 1142 1146 (1089 1600 -337 ) (1089 1600 -448 ) (1072 1664 -448 ) (1072 1664 -320 ) 
4 1142 1143 (1072 1664 -448 ) (1024 1844.707764 -448 ) (1024 1844.707031 -320 ) (1072 1664 -320 ) 
4 1143 1280 (1024 2048 -320 ) (1024 2048 -448 ) (1024 1844.706055 -448 ) (1024 1844.706055 -320 ) 
4 1143 1189 (1024 2048 -448 ) (1174 2048 -448 ) (1072 1664 -448 ) (1024 1844.706055 -448 ) 
3 1143 1157 (1174 2048 -422 ) (1072 2048 -320 ) (1072 1664 -320 ) 
4 1143 1146 (1072 1663.998047 -320 ) (1072 1663.998047 -448 ) (1089.001587 1728.001587 -448 ) (1089.001587 1728.001587 -337.001129 ) 
4 1143 1144 (1089.001587 1728.001587 -448 ) (1174.001709 2048 -448 ) (1174.001709 2048 -422.001648 ) (1089.001587 1728.001587 -337.001129 ) 
4 1144 1190 (1174 2048 -448 ) (1200 2048 -448 ) (1200 1839 -448 ) (1089 1728 -448 ) 
4 1144 1158 (1184 2048 -432 ) (1174 2048 -422 ) (1089 1728 -337 ) (1184 1823 -432 ) 
4 1144 1146 (1089 1728 -337 ) (1089 1728 -448 ) (1136 1775 -448 ) (1136 1775 -384 ) 
3 1144 1145 (1136 1775 -448 ) (1200 1839 -448 ) (1136 1775 -384 ) 
3 1145 1191 (1200 1839 -448 ) (1200 1792 -448 ) (1136 1775 -448 ) 
3 1145 1159 (1184 1823 -432 ) (1136 1775 -384 ) (1184 1787.750000 -432 ) 
3 1145 1146 (1136 1775 -384 ) (1136 1775 -448 ) (1200 1792 -448 ) 
7 1146 1192 (1200 1792 -448 ) (1200 1536 -448 ) (1136 1553 -448 ) (1089 1600 -448 ) (1072 1664 -448 ) (1089 1728 -448 ) (1136 1775 -448 ) 
7 1146 1165 (1184 1787.750000 -432 ) (1136 1775 -384 ) (1089 1728 -337 ) (1072 1664 -320 ) (1089 1600 -337 ) (1112.500122 1576.500000 -360.500122 ) (1184 1648 -432 ) 
4 1146 1152 (1200 1536 -448 ) (1200 1664 -448 ) (1112.500122 1576.500000 -360.500122 ) (1136 1553 -384 ) 
4 1147 1702 (1200 1024 -448 ) (1840 1024 -448 ) (1840 1024 -320 ) (1072 1024 -320 ) 
5 1147 1181 (1840 1664 -448 ) (1840 1024 -448 ) (1200 1024 -448 ) (1200 1536 -448 ) (1681.882568 1664 -448 ) 
4 1147 1153 (1621.647217 1648 -432 ) (1200 1536 -320 ) (1840 1536 -320 ) (1840 1648 -432 ) 
4 1147 1152 (1200 1536 -448 ) (1200 1536 -320.003784 ) (1264 1553 -337.003510 ) (1264 1553 -448 ) 
3 1147 1150 (1264 1553 -337.003510 ) (1681.868774 1663.996094 -448 ) (1264 1553 -448 ) 
4 1147 1148 (1200 1536 -448 ) (1072 1502 -320 ) (1199.986450 1535.996094 -320 ) (1200 1536 -320.003784 ) 
3 1148 1154 (1098.864136 1562.864136 -346.864197 ) (1072 1536 -320 ) (1200 1536 -320 ) 
5 1148 1152 (1200.001953 1536 -320.007812 ) (1200.001953 1536 -448 ) (1200 1536 -448 ) (1135.998047 1553.001953 -383.995636 ) (1135.998169 1553.001953 -337.009735 ) 
3 1148 1149 (1135.998047 1553.001953 -383.995636 ) (1098.875000 1562.863281 -346.871094 ) (1135.998169 1553.001953 -337.009735 ) 
3 1149 1155 (1112.500000 1576.500000 -360.500061 ) (1098.864136 1562.864136 -346.864197 ) (1136 1553 -337 ) 
3 1149 1152 (1136.001953 1552.998047 -337 ) (1136.001953 1552.998047 -384.001984 ) (1112.503906 1576.496094 -360.500000 ) 
3 1150 1182 (1375 1664 -448 ) (1681.882568 1664 -448 ) (1264 1553 -448 ) 
3 1150 1160 (1359 1648 -432 ) (1264 1553 -337 ) (1621.647217 1648 -432 ) 
4 1150 1152 (1264 1553 -448 ) (1264 1553 -336.996094 ) (1311 1600 -383.996094 ) (1311 1600 -448 ) 
3 1150 1151 (1311 1600 -383.996094 ) (1375.003906 1664.003906 -448 ) (1311 1600 -448 ) 
3 1151 1183 (1328 1664 -448 ) (1375 1664 -448 ) (1311 1600 -448 ) 
3 1151 1161 (1323.750000 1648 -432 ) (1311 1600 -384 ) (1359 1648 -432 ) 
3 1151 1152 (1311.001465 1600.005859 -448 ) (1311.001465 1600.005859 -384.007812 ) (1328 1663.998047 -448 ) 
5 1152 1184 (1200 1536 -448 ) (1200 1664 -448 ) (1328 1664 -448 ) (1311 1600 -448 ) (1264 1553 -448 ) 
7 1152 1165 (1184 1648 -432 ) (1112.500000 1576.500000 -360.500061 ) (1136 1553 -337 ) (1200 1536 -320 ) (1264 1553 -337 ) (1311 1600 -384 ) (1323.750000 1648 -432 ) 
3 1153 1165 (1264 1553 -337 ) (1199.997314 1536 -320 ) (1264 1553 -320 ) 
5 1153 1160 (1840 1706 -432 ) (1621.644531 1648 -432 ) (1264 1553 -337 ) (1264 1553 -320 ) (1840 1706 -320 ) 
3 1154 1165 (1200.001953 1536 -320 ) (1136 1553 -337 ) (1136 1553 -320 ) 
4 1154 1155 (1136 1553 -337 ) (1098.864624 1562.864624 -346.864624 ) (1072 1570 -320 ) (1136 1553 -320 ) 
5 1155 1165 (1136.001953 1552.998047 -320 ) (1136.001953 1552.998047 -337 ) (1112.500732 1576.499268 -360.500732 ) (1089 1600 -337 ) (1089 1600 -320 ) 
3 1155 1156 (1089 1600 -337 ) (1072 1617 -320 ) (1089 1600 -320 ) 
3 1156 1165 (1089 1600 -320 ) (1089 1600 -337 ) (1072 1664 -320 ) 
3 1157 1165 (1072 1663.998047 -320 ) (1089.001465 1728.001465 -337 ) (1089.001343 1728.001465 -320 ) 
4 1157 1158 (1089.001465 1728.001465 -337 ) (1174.001099 2048 -422.001007 ) (1174 2048 -320 ) (1089.001343 1728.001465 -320 ) 
4 1158 1165 (1089 1728 -320 ) (1089 1728 -337 ) (1136 1775 -384 ) (1136 1775 -320 ) 
5 1158 1159 (1136 1775 -384 ) (1184 1823 -432 ) (1409 2048 -432 ) (1409 2048 -320 ) (1136 1775 -320 ) 
5 1159 1165 (1136 1775 -320 ) (1136 1775 -384 ) (1184 1787.749512 -432 ) (1199.984131 1791.995361 -432 ) (1199.984375 1791.995361 -320 ) 
4 1159 1162 (1199.984131 1791.995361 -432 ) (1374.297852 1838.297363 -432 ) (1374.297852 1838.297607 -320 ) (1199.984375 1791.995361 -320 ) 
4 1159 1161 (1374.297852 1838.297363 -432 ) (1612.595093 1901.595093 -432 ) (1612.595459 1901.595581 -320 ) (1374.297852 1838.297607 -320 ) 
4 1159 1160 (1612.595093 1901.595093 -432 ) (1840 1962 -432 ) (1840 1962 -320 ) (1612.595459 1901.595581 -320 ) 
4 1160 1165 (1311 1600 -384 ) (1264 1553 -337 ) (1264 1553 -320 ) (1311 1600 -320 ) 
5 1160 1161 (1612.595703 1901.595703 -320 ) (1612.595703 1901.595703 -432 ) (1359 1648 -432 ) (1311 1600 -384 ) (1311 1600 -320 ) 
5 1161 1165 (1328 1664 -432 ) (1323.749878 1648 -432 ) (1311.001465 1600.005859 -384.005981 ) (1311.001465 1600.005859 -320 ) (1328 1664 -320 ) 
4 1161 1164 (1337.864136 1701.135864 -432 ) (1328 1664 -432 ) (1328 1664 -320 ) (1337.864258 1701.135742 -320 ) 
4 1161 1163 (1351.320923 1751.796509 -432 ) (1337.864136 1701.135864 -432 ) (1337.864258 1701.135742 -320 ) (1351.321045 1751.796509 -320 ) 
4 1161 1162 (1374.297852 1838.297363 -320 ) (1374.297852 1838.297363 -432 ) (1351.320923 1751.796509 -432 ) (1351.321045 1751.796509 -320 ) 
4 1162 1165 (1199.982910 1791.996094 -320 ) (1199.982910 1791.996094 -432 ) (1264.011353 1774.988647 -432 ) (1264.011353 1774.988647 -320 ) 
4 1162 1163 (1264.011353 1774.988647 -432 ) (1351.320312 1751.797363 -432 ) (1351.320312 1751.797363 -320 ) (1264.011353 1774.988647 -320 ) 
4 1163 1165 (1264.011719 1774.988281 -320 ) (1264.011719 1774.988281 -432 ) (1311 1728 -432 ) (1311 1728 -320 ) 
4 1163 1164 (1311 1728 -432 ) (1337.863770 1701.136230 -432 ) (1337.863770 1701.136230 -320 ) (1311 1728 -320 ) 
4 1164 1165 (1311 1728 -320 ) (1311 1728 -432 ) (1328 1664 -432 ) (1328 1664 -320 ) 
4 1166 1173 (1226 2048 -704 ) (1260 1920 -704 ) (1260 1920 -448 ) (1226 2048 -448 ) 
4 1166 1171 (1260.001953 1920 -576 ) (1260.001953 1920 -704 ) (1392 1920 -704 ) (1392 1920 -576 ) 
4 1166 1170 (1260.001953 1920 -448 ) (1260.001953 1920 -576 ) (1392 1920 -576 ) (1392 1920 -448 ) 
4 1166 1168 (1392 1920 -704 ) (1840 1920 -704 ) (1840 1920 -576 ) (1392 1920 -576 ) 
4 1166 1167 (1840 1920 -576 ) (1840 1920 -448 ) (1392 1920 -448 ) (1392 1920 -576 ) 
4 1167 1170 (1392 1920 -448 ) (1392 1920 -576 ) (1392 1792 -576 ) (1392 1792 -448 ) 
4 1167 1169 (1392 1792 -448 ) (1392 1792 -576 ) (1840 1792 -576 ) (1840 1792 -448 ) 
4 1167 1168 (1840 1792 -576 ) (1392 1792 -576 ) (1392 1920 -576 ) (1840 1920 -576 ) 
4 1168 1171 (1392 1920 -576 ) (1392 1920 -704 ) (1392 1792 -704 ) (1392 1792 -576 ) 
4 1168 1169 (1392 1792 -576 ) (1392 1792 -704 ) (1840 1792 -704 ) (1840 1792 -576 ) 
4 1169 1182 (1392 1664 -704 ) (1681.882690 1664 -704 ) (1681.882690 1664 -448 ) (1392 1664 -448 ) 
4 1169 1181 (1681.882690 1664 -704 ) (1840 1664 -704 ) (1840 1664 -448 ) (1681.882690 1664 -448 ) 
4 1169 1172 (1392 1792 -704 ) (1392 1664 -704 ) (1392 1664 -448 ) (1392 1792 -448 ) 
4 1170 1174 (1294 1792 -576 ) (1294 1792 -448 ) (1260 1920 -448 ) (1260 1920 -576 ) 
4 1170 1172 (1294 1792 -448 ) (1294 1792 -576 ) (1392 1792 -576 ) (1392 1792 -448 ) 
4 1170 1171 (1392 1792 -576 ) (1294 1792 -576 ) (1260 1920 -576 ) (1392 1920 -576 ) 
4 1171 1197 (1294 1792 -704 ) (1260 1920 -704 ) (1392 1920 -704 ) (1392 1792 -704 ) 
4 1171 1175 (1260 1920 -704 ) (1294 1792 -704 ) (1294 1792 -576 ) (1260 1920 -576 ) 
4 1171 1172 (1294 1792 -576 ) (1294 1792 -704 ) (1392 1792 -704 ) (1392 1792 -576 ) 
4 1172 1183 (1328 1664 -704 ) (1375 1664 -704 ) (1375 1664 -448 ) (1328 1664 -448 ) 
4 1172 1182 (1375 1664 -704 ) (1392 1664 -704 ) (1392 1664 -448 ) (1375 1664 -448 ) 
4 1172 1180 (1311 1728 -704 ) (1328 1664 -704 ) (1328 1664 -448 ) (1311 1728 -448 ) 
4 1172 1176 (1294 1792 -704 ) (1311 1728 -704 ) (1311 1728 -448 ) (1294 1792 -448 ) 
4 1173 1190 (1200 2048 -704 ) (1200 1920 -704 ) (1200 1920 -448 ) (1200 2048 -448 ) 
4 1173 1175 (1200 1920 -576 ) (1200 1920 -704 ) (1260 1920 -704 ) (1260 1920 -576 ) 
4 1173 1174 (1200 1920 -448 ) (1200 1920 -576 ) (1260 1920 -576 ) (1260 1920 -448 ) 
4 1174 1190 (1200 1839 -576 ) (1200 1839 -448 ) (1200 1920 -448 ) (1200 1920 -576 ) 
4 1174 1177 (1200 1839 -448 ) (1200 1839 -576 ) (1247 1792 -576 ) (1247 1792 -448 ) 
4 1174 1176 (1247 1792 -448 ) (1247 1792 -576 ) (1294.001953 1792 -576 ) (1294.001953 1792 -448 ) 
5 1174 1175 (1294.003906 1792 -576 ) (1247 1792 -576 ) (1200 1839 -576 ) (1200 1920 -576 ) (1260 1920 -576 ) 
5 1175 1197 (1260 1920 -704 ) (1294 1792 -704 ) (1247 1792 -704 ) (1200 1839 -704 ) (1200 1920 -704 ) 
4 1175 1190 (1200 1920 -704 ) (1200 1839 -704 ) (1200 1839 -576 ) (1200 1920 -576 ) 
4 1175 1178 (1200 1839 -576 ) (1200 1839 -704 ) (1247 1792 -704 ) (1247 1792 -576 ) 
4 1175 1176 (1247 1792 -576 ) (1247 1792 -704 ) (1294.001953 1792 -704 ) (1294.001953 1792 -576 ) 
4 1176 1179 (1247 1792 -704 ) (1264.011963 1774.988037 -704 ) (1264.011963 1774.988037 -448 ) (1247 1792 -448 ) 
4 1176 1180 (1264.011963 1774.988037 -704 ) (1311.003906 1727.996094 -704 ) (1311.003906 1727.996094 -448 ) (1264.011963 1774.988037 -448 ) 
4 1177 1191 (1200 1791.991211 -576 ) (1200 1791.991211 -448 ) (1200 1839 -448 ) (1200 1839 -576 ) 
4 1177 1179 (1200 1792 -448 ) (1200 1792 -576 ) (1246.998047 1792 -576 ) (1246.998047 1792 -448 ) 
3 1177 1178 (1246.996094 1792 -576 ) (1200 1792 -576 ) (1200 1838.996094 -576 ) 
3 1178 1197 (1200 1792 -704 ) (1200 1839 -704 ) (1247 1792 -704 ) 
4 1178 1191 (1200 1839 -704 ) (1200 1791.991211 -704 ) (1200 1791.991211 -576 ) (1200 1839 -576 ) 
4 1178 1179 (1200 1792 -576 ) (1200 1792 -704 ) (1246.998047 1792 -704 ) (1246.998047 1792 -576 ) 
4 1179 1180 (1200 1791.991333 -448 ) (1200 1791.991333 -704 ) (1264.015625 1774.987793 -704 ) (1264.015625 1774.987793 -448 ) 
4 1180 1192 (1200 1791.991211 -704 ) (1200 1664 -704 ) (1200 1664 -448 ) (1200 1791.991211 -448 ) 
4 1180 1184 (1200 1664 -448 ) (1200 1664 -704 ) (1328 1664 -704 ) (1328 1664 -448 ) 
4 1181 1702 (1200 1024 -704 ) (1840 1024 -704 ) (1840 1024 -448 ) (1200 1024 -448 ) 
4 1181 1198 (1840 1520.001221 -704 ) (1840 1024 -704 ) (1200 1024 -704 ) (1200 1520.001221 -704 ) 
4 1181 1185 (1200 1536 -704 ) (1200 1024 -704 ) (1200 1024 -448 ) (1200 1536 -448 ) 
4 1181 1184 (1264 1553 -704 ) (1200 1536 -704 ) (1200 1536 -448 ) (1264 1553 -448 ) 
4 1181 1182 (1681.880859 1664 -448 ) (1681.880859 1664 -704 ) (1264 1553 -704 ) (1264 1553 -448 ) 
4 1182 1184 (1311 1600 -704 ) (1264 1553 -704 ) (1264 1553 -448 ) (1311 1600 -448 ) 
4 1182 1183 (1375 1664 -448 ) (1375 1664 -704 ) (1311 1600 -704 ) (1311 1600 -448 ) 
4 1183 1184 (1328 1664 -448 ) (1328 1664 -704 ) (1311.001465 1600.005859 -704 ) (1311.001465 1600.005859 -448 ) 
4 1184 1192 (1200 1664 -704 ) (1200 1536 -704 ) (1200 1536 -448 ) (1200 1664 -448 ) 
4 1185 1702 (1024 1024 -448 ) (1024 1024 -704 ) (1200 1024 -704 ) (1200 1024 -448 ) 
4 1185 1291 (1024 1489.250000 -704 ) (1024 1024 -704 ) (1024 1024 -448 ) (1024 1489.250000 -448 ) 
4 1185 1200 (1072 1024 -704 ) (1056 1024 -704 ) (1056 1497.750000 -704 ) (1072 1502 -704 ) 
4 1185 1199 (1056 1024 -704 ) (1024 1024 -704 ) (1024 1489.250000 -704 ) (1056 1497.750000 -704 ) 
5 1185 1198 (1200 1520.001221 -704 ) (1200 1024 -704 ) (1072 1024 -704 ) (1072 1502 -704 ) (1139.769165 1520.001221 -704 ) 
4 1185 1186 (1200 1536 -448 ) (1200 1536 -704 ) (1024 1489.250000 -704 ) (1024 1489.250000 -448 ) 
4 1186 1287 (1024 1582.750122 -704 ) (1024 1536 -704 ) (1024 1536 -448 ) (1024 1582.750122 -448 ) 
4 1186 1291 (1024 1536 -704 ) (1024 1489.250000 -704 ) (1024 1489.250000 -448 ) (1024 1536 -448 ) 
4 1186 1200 (1072 1502 -704 ) (1056 1497.750000 -704 ) (1056 1520.001221 -704 ) (1072 1520.001221 -704 ) 
4 1186 1199 (1056 1497.750000 -704 ) (1024 1489.250000 -704 ) (1024 1582.750122 -704 ) (1056 1574.250122 -704 ) 
3 1186 1198 (1139.769165 1520.001221 -704 ) (1072 1502 -704 ) (1072 1520.001221 -704 ) 
4 1186 1192 (1200 1536 -448 ) (1200 1536 -704 ) (1136 1553 -704 ) (1136 1553 -448 ) 
4 1186 1187 (1136 1553 -704 ) (1024 1582.750488 -704 ) (1024 1582.750000 -448 ) (1136 1553 -448 ) 
4 1187 1287 (1024 1665 -704 ) (1024 1582.750122 -704 ) (1024 1582.750122 -448 ) (1024 1665 -448 ) 
4 1187 1199 (1056 1574.250122 -704 ) (1024 1582.750122 -704 ) (1024 1665 -704 ) (1056 1633 -704 ) 
4 1187 1192 (1136.001953 1552.998047 -448 ) (1136.001953 1552.998047 -704 ) (1089 1600 -704 ) (1089 1600 -448 ) 
4 1187 1188 (1089 1600 -704 ) (1024 1665 -704 ) (1024 1665 -448 ) (1089 1600 -448 ) 
4 1188 1287 (1024 1808 -704 ) (1024 1665 -704 ) (1024 1665 -448 ) (1024 1808 -448 ) 
4 1188 1286 (1024 1844.706055 -704 ) (1024 1808 -704 ) (1024 1808 -448 ) (1024 1844.706055 -448 ) 
5 1188 1199 (1056 1633 -704 ) (1024 1665 -704 ) (1024 1792 -704 ) (1038 1792 -704 ) (1056 1724.235596 -704 ) 
3 1188 1197 (1024 1792 -704 ) (1024 1844.706055 -704 ) (1038 1792 -704 ) 
4 1188 1192 (1089 1600 -448 ) (1089 1600 -704 ) (1072 1664 -704 ) (1072 1664 -448 ) 
4 1188 1189 (1072 1664 -704 ) (1024 1844.707764 -704 ) (1024 1844.707031 -448 ) (1072 1664 -448 ) 
4 1189 1286 (1024 1904 -704 ) (1024 1844.706055 -704 ) (1024 1844.706055 -448 ) (1024 1904 -448 ) 
4 1189 1284 (1024 1920 -704 ) (1024 1904 -704 ) (1024 1904 -448 ) (1024 1920 -448 ) 
4 1189 1283 (1024 2048 -448 ) (1024 2048 -704 ) (1024 1920 -704 ) (1024 1920 -448 ) 
3 1189 1199 (1056 1724.235229 -704 ) (1038 1792 -704 ) (1056 1792 -704 ) 
5 1189 1197 (1140 1920 -704 ) (1106 1792 -704 ) (1038 1792 -704 ) (1024 1844.706055 -704 ) (1024 1920 -704 ) 
4 1189 1193 (1024 2048 -704 ) (1056 2048 -704 ) (1056 1920 -704 ) (1024 1920 -704 ) 
4 1189 1192 (1072 1663.998047 -448 ) (1072 1663.998047 -704 ) (1089.001343 1728.001465 -704 ) (1089.001343 1728.001465 -448 ) 
4 1189 1190 (1089.001343 1728.001465 -704 ) (1174 2048 -704 ) (1174 2048 -448 ) (1089.001343 1728.001465 -448 ) 
5 1190 1197 (1200 1920 -704 ) (1200 1839 -704 ) (1153 1792 -704 ) (1106 1792 -704 ) (1140 1920 -704 ) 
4 1190 1192 (1089 1728 -448 ) (1089 1728 -704 ) (1136 1775 -704 ) (1136 1775 -448 ) 
4 1190 1191 (1136 1775 -704 ) (1200 1839 -704 ) (1200 1839 -448 ) (1136 1775 -448 ) 
3 1191 1197 (1200 1839 -704 ) (1200 1792 -704 ) (1153 1792 -704 ) 
4 1191 1192 (1136 1775 -448 ) (1136 1775 -704 ) (1200 1792 -704 ) (1200 1792 -448 ) 
4 1193 1283 (1024 2048 -704 ) (1024 2048 -720 ) (1024 1920 -720 ) (1024 1920 -704 ) 
4 1193 1197 (1056 1920 -704 ) (1024 1920 -704 ) (1024 1920 -720 ) (1068 1920 -720 ) 
4 1193 1194 (1068 1920 -720 ) (1024 1920 -720 ) (1024 2048 -720 ) (1068 2048 -720 ) 
4 1194 1283 (1024 2048 -720 ) (1024 2048 -832 ) (1024 1920 -832 ) (1024 1920 -720 ) 
4 1194 1197 (1072 1920 -720 ) (1024 1920 -720 ) (1024 1920 -832 ) (1072 1920 -832 ) 
4 1194 1196 (1072 1920 -832 ) (1024 1920 -832 ) (1024 2048 -832 ) (1072 2048 -832 ) 
4 1195 1202 (1072 1920 -944 ) (1072 1920 -960 ) (1392 1920 -960 ) (1392 1920 -944 ) 
4 1195 1201 (1392 1920 -832 ) (1072 1920 -832 ) (1072 1920 -944 ) (1392 1920 -944 ) 
4 1195 1203 (1072 1920 -1088 ) (1840 1920 -1088 ) (1840 1920 -960 ) (1072 1920 -960 ) 
4 1195 1196 (1072 2048 -1088 ) (1072 1920 -1088 ) (1072 1920 -832 ) (1072 2048 -832 ) 
4 1196 1283 (1024 2048 -832 ) (1024 2048 -1088 ) (1024 1920 -1088 ) (1024 1920 -832 ) 
4 1196 1250 (1024 2048 -1088 ) (1072 2048 -1088 ) (1072 1920 -1088 ) (1024 1920 -1088 ) 
4 1196 1207 (1024 1920 -1088 ) (1072 1920 -1088 ) (1072 1920 -944 ) (1024 1920 -944 ) 
4 1196 1206 (1072 1920 -944 ) (1072 1920 -832 ) (1024 1920 -832 ) (1024 1920 -944 ) 
4 1197 1287 (1024 1792 -704 ) (1024 1808 -704 ) (1024 1808 -832 ) (1024 1792 -832 ) 
4 1197 1286 (1024 1808 -704 ) (1024 1904 -704 ) (1024 1904 -832 ) (1024 1808 -832 ) 
4 1197 1284 (1024 1904 -704 ) (1024 1920 -704 ) (1024 1920 -832 ) (1024 1904 -832 ) 
4 1197 1206 (1024 1920 -832 ) (1072 1920 -832 ) (1072 1792 -832 ) (1024 1792 -832 ) 
4 1197 1201 (1072 1920 -832 ) (1392 1920 -832 ) (1392 1792 -832 ) (1072 1792 -832 ) 
5 1197 1199 (1024 1792 -832 ) (1072 1792 -832 ) (1072 1792 -720 ) (1056 1792 -704 ) (1024 1792 -704 ) 
4 1198 1702 (1072 1024 -832 ) (1840 1024 -832 ) (1840 1024 -704 ) (1072 1024 -704 ) 
4 1198 1205 (1840 1536 -832 ) (1840 1024 -832 ) (1072 1024 -832 ) (1072 1536 -832 ) 
4 1198 1200 (1072 1024 -720 ) (1072 1024 -704 ) (1072 1520.001221 -704 ) (1072 1536 -719.998840 ) 
4 1198 1199 (1072 1536 -832 ) (1072 1024 -832 ) (1072 1024 -720 ) (1072 1536 -719.998840 ) 
5 1199 1702 (1024 1024 -704 ) (1024 1024 -832 ) (1072 1024 -832 ) (1072 1024 -720 ) (1056 1024 -704 ) 
4 1199 1287 (1024 1536 -704 ) (1024 1792 -704 ) (1024 1792 -832 ) (1024 1536 -832 ) 
4 1199 1291 (1024 1024 -832 ) (1024 1024 -704 ) (1024 1536 -704 ) (1024 1536 -832 ) 
4 1199 1206 (1072 1024 -832 ) (1024 1024 -832 ) (1024 1792 -832 ) (1072 1792 -832 ) 
4 1199 1200 (1072 1024 -720 ) (1072 1536.001099 -720 ) (1056 1520.001099 -704 ) (1056 1024 -704 ) 
3 1200 1702 (1072 1024 -720 ) (1072 1024 -704 ) (1056 1024 -704 ) 
4 1201 1206 (1072 1792 -832 ) (1072 1920 -832 ) (1072 1920 -944 ) (1072 1792 -944 ) 
4 1201 1204 (1072 1792 -832 ) (1072 1792 -944 ) (1392 1792 -944 ) (1392 1792 -832 ) 
4 1201 1202 (1392 1920 -944 ) (1392 1792 -944 ) (1072 1792 -944 ) (1072 1920 -944 ) 
3 1202 1209 (1072 1808 -960 ) (1072 1792 -960 ) (1072 1792 -944 ) 
3 1202 1207 (1072 1920 -944 ) (1072 1920 -960 ) (1072 1904 -960 ) 
4 1202 1208 (1072 1904 -960 ) (1072 1808 -960 ) (1072 1808 -944 ) (1072 1904 -944 ) 
4 1202 1204 (1072 1792 -944 ) (1072 1792 -960 ) (1392 1792 -960 ) (1392 1792 -944 ) 
4 1202 1203 (1392 1792 -960 ) (1072 1792 -960 ) (1072 1920 -960 ) (1392 1920 -960 ) 
4 1203 1209 (1072 1808 -1088 ) (1072 1792 -1088 ) (1072 1792 -960 ) (1072 1808 -960 ) 
4 1203 1207 (1072 1920 -960 ) (1072 1920 -1088 ) (1072 1904 -1088 ) (1072 1904 -960 ) 
4 1203 1208 (1072 1904 -1088 ) (1072 1808 -1088 ) (1072 1808 -960 ) (1072 1904 -960 ) 
4 1203 1204 (1072 1792 -960 ) (1072 1792 -1088 ) (1840 1792 -1088 ) (1840 1792 -960 ) 
4 1204 1227 (1072 1568 -1088 ) (1072 1728 -1088 ) (1104 1696 -1088 ) (1104 1568 -1088 ) 
3 1204 1226 (1264 1536 -1088 ) (1104 1536 -1088 ) (1104 1696 -1088 ) 
4 1204 1209 (1072 1792 -944 ) (1072 1792 -1088 ) (1072 1536 -1088 ) (1072 1536 -944 ) 
4 1204 1206 (1072 1536 -832 ) (1072 1792 -832 ) (1072 1792 -944 ) (1072 1536 -944 ) 
4 1204 1205 (1072 1536 -832 ) (1072 1536 -1088 ) (1840 1536 -1088 ) (1840 1536 -832 ) 
4 1205 1703 (1072 1024 -1088 ) (1584 1024 -1088 ) (1584 1024 -1024 ) (1072 1024 -1024 ) 
4 1205 1702 (1840 1024 -1024 ) (1840 1024 -832 ) (1072 1024 -832 ) (1072 1024 -1024 ) 
4 1205 1275 (1840 1152 -1088 ) (1840 1024 -1088 ) (1072 1024 -1088 ) (1072 1152 -1088 ) 
4 1205 1270 (1840 1408 -1088 ) (1840 1152 -1088 ) (1072 1152 -1088 ) (1072 1408 -1088 ) 
4 1205 1267 (1840 1536 -1088 ) (1840 1408 -1088 ) (1072 1408 -1088 ) (1072 1536 -1088 ) 
4 1205 1209 (1072 1536 -944 ) (1072 1536 -1088 ) (1072 1024 -1088 ) (1072 1024 -944 ) 
4 1205 1206 (1072 1024 -832 ) (1072 1536 -832 ) (1072 1536 -944 ) (1072 1024 -944 ) 
4 1206 1702 (1024 1024 -832 ) (1024 1024 -944 ) (1072 1024 -944 ) (1072 1024 -832 ) 
4 1206 1287 (1024 1536 -832 ) (1024 1808 -832 ) (1024 1808 -944 ) (1024 1536 -944 ) 
4 1206 1291 (1024 1024 -944 ) (1024 1024 -832 ) (1024 1536 -832 ) (1024 1536 -944 ) 
4 1206 1286 (1024 1808 -832 ) (1024 1904 -832 ) (1024 1904 -944 ) (1024 1808 -944 ) 
4 1206 1284 (1024 1904 -832 ) (1024 1920 -832 ) (1024 1920 -944 ) (1024 1904 -944 ) 
4 1206 1209 (1072 1792 -944 ) (1072 1024 -944 ) (1024 1024 -944 ) (1024 1792 -944 ) 
4 1206 1208 (1072 1904 -944 ) (1072 1808 -944 ) (1024 1808 -944 ) (1024 1904 -944 ) 
4 1207 1285 (1024 1920 -1088 ) (1024 1904 -1088 ) (1024 1904 -960 ) (1024 1920 -944 ) 
4 1207 1250 (1024 1904 -1088 ) (1024 1920 -1088 ) (1072 1920 -1088 ) (1072 1904 -1088 ) 
4 1207 1208 (1024 1904 -1088 ) (1072 1904 -1088 ) (1072 1904 -960 ) (1024 1904 -960 ) 
4 1208 1286 (1024 1904 -1088 ) (1024 1808 -1088 ) (1024 1808 -944 ) (1024 1904 -944 ) 
4 1208 1250 (1024 1808 -1088 ) (1024 1904 -1088 ) (1072 1904 -1088 ) (1072 1808 -1088 ) 
4 1208 1209 (1024 1808 -1088 ) (1072 1808 -1088 ) (1072 1808 -960 ) (1024 1808 -960 ) 
4 1209 1703 (1024 1024 -1024 ) (1024 1024 -1088 ) (1072 1024 -1088 ) (1072 1024 -1024 ) 
4 1209 1702 (1024 1024 -944 ) (1024 1024 -1024 ) (1072 1024 -1024 ) (1072 1024 -944 ) 
5 1209 1289 (1024 1808 -1088 ) (1024 1536 -1088 ) (1024 1536 -944 ) (1024 1792 -944 ) (1024 1808 -960 ) 
4 1209 1291 (1024 1536 -1088 ) (1024 1024 -1088 ) (1024 1024 -944 ) (1024 1536 -944 ) 
4 1209 1275 (1072 1024 -1088 ) (1024 1024 -1088 ) (1024 1152 -1088 ) (1072 1152 -1088 ) 
4 1209 1270 (1024 1152 -1088 ) (1024 1408 -1088 ) (1072 1408 -1088 ) (1072 1152 -1088 ) 
4 1209 1267 (1024 1408 -1088 ) (1024 1536 -1088 ) (1072 1536 -1088 ) (1072 1408 -1088 ) 
4 1209 1250 (1024 1536 -1088 ) (1024 1808 -1088 ) (1072 1808 -1088 ) (1072 1536 -1088 ) 
4 1210 1242 (1840 1728 -1248 ) (2032 1728 -1248 ) (2032 1728 -1152 ) (1840 1728 -1152 ) 
4 1210 1240 (2032 1728 -1248 ) (2048 1728 -1248 ) (2048 1728 -1152 ) (2032 1728 -1152 ) 
4 1210 1239 (2048 1728 -1152 ) (2048 1728 -1088 ) (1840 1728 -1088 ) (1840 1728 -1152 ) 
4 1210 1220 (2048 1728 -1248 ) (1840 1728 -1248 ) (1840 2048 -1248 ) (2048 2048 -1248 ) 
5 1211 1217 (1120 1996 -1248 ) (1120 1984 -1248 ) (1120 1984 -1208 ) (1120 2000 -1208 ) (1120 2000 -1240 ) 
5 1211 1213 (1120 2048 -1248 ) (1120 2036 -1248 ) (1120 2032 -1240 ) (1120 2032 -1208 ) (1120 2048 -1208 ) 
4 1211 1212 (1120 1984 -1208 ) (1120 1984 -1152 ) (1120 2048 -1152 ) (1120 2048 -1208 ) 
4 1212 1218 (1076 2048 -1160 ) (1076 2048 -1208 ) (1076 1992 -1208 ) (1076 1992 -1160 ) 
4 1212 1217 (1120 2000 -1208 ) (1120 1984 -1208 ) (1108 1984 -1208 ) (1108 2000 -1208 ) 
4 1212 1216 (1108 1984 -1208 ) (1076 1984 -1208 ) (1076 2000 -1208 ) (1108 2000 -1208 ) 
4 1212 1214 (1092 2000 -1208 ) (1076 2000 -1208 ) (1076 2048 -1208 ) (1092 2048 -1208 ) 
4 1212 1213 (1120 2048 -1208 ) (1120 2032 -1208 ) (1092 2032 -1208 ) (1092 2048 -1208 ) 
4 1213 1215 (1092 2048 -1248 ) (1092 2036 -1248 ) (1092 2032 -1240 ) (1092 2048 -1240 ) 
4 1213 1214 (1092 2032 -1240 ) (1092 2032 -1208 ) (1092 2048 -1208 ) (1092 2048 -1240 ) 
4 1214 1218 (1076 2000 -1240 ) (1076 2000 -1208 ) (1076 2048 -1208 ) (1076 2048 -1240 ) 
5 1214 1216 (1092 2000 -1208 ) (1076 2000 -1208 ) (1076 2000 -1248 ) (1088 2000 -1248 ) (1092 2000 -1240 ) 
4 1214 1215 (1092 2048 -1240.001953 ) (1092 2032 -1240.001953 ) (1088 2036 -1248 ) (1088 2048 -1248 ) 
4 1216 1218 (1076 1992 -1208 ) (1076 2000 -1208 ) (1076 2000 -1240 ) (1076 1992 -1240 ) 
5 1216 1217 (1092 2000 -1240 ) (1108 2000 -1208 ) (1108 1984 -1208 ) (1088 1984 -1248 ) (1088 1996 -1248 ) 
4 1218 1250 (1072 1984 -1152 ) (1072 2048 -1152 ) (1072 2048 -1248 ) (1072 1984 -1248 ) 
4 1219 1250 (1072 1792 -1152 ) (1072 1920 -1152 ) (1072 1920 -1248 ) (1072 1792 -1248 ) 
4 1220 1242 (1840 1728 -1472 ) (2032 1728 -1472 ) (2032 1728 -1248 ) (1840 1728 -1248 ) 
4 1220 1240 (2032 1728 -1472 ) (2048 1728 -1472 ) (2048 1728 -1248 ) (2032 1728 -1248 ) 
4 1220 1222 (2048 1728 -1472 ) (1840 1728 -1472 ) (1840 1856 -1472 ) (2048 1856 -1472 ) 
4 1220 1221 (1840 1856 -1472 ) (1840 2048 -1472 ) (2048 2048 -1472 ) (2048 1856 -1472 ) 
4 1221 1224 (1136 2048 -1600 ) (2048 2048 -1600 ) (2048 1856 -1600 ) (1136 1856 -1600 ) 
4 1221 1222 (1136 1856 -1600 ) (2048 1856 -1600 ) (2048 1856 -1472 ) (1136 1856 -1472 ) 
4 1222 1247 (1136 1728 -1600 ) (2048 1728 -1600 ) (2048 1728 -1472 ) (1136 1728 -1472 ) 
4 1222 1224 (2048 1728 -1600 ) (1136 1728 -1600 ) (1136 1856 -1600 ) (2048 1856 -1600 ) 
4 1223 1256 (1072 1728 -1600 ) (1072 1728 -1472 ) (1072 1856 -1472 ) (1072 1856 -1600 ) 
4 1224 1249 (1136 1728 -3040 ) (2048 1728 -3040 ) (2048 1728 -1616 ) (1136 1728 -1616 ) 
4 1224 1248 (2048 1728 -1616 ) (2048 1728 -1600 ) (1136 1728 -1600 ) (1136 1728 -1616 ) 
4 1224 1225 (1136 2048 -3040 ) (1136 1728 -3040 ) (1136 1728 -1616 ) (1136 2048 -1616 ) 
4 1225 1261 (1072 1728 -3040 ) (1072 1728 -1616 ) (1072 2048 -1616 ) (1072 2048 -3040 ) 
4 1225 1249 (1072 1728 -1616 ) (1072 1728 -3040 ) (1136 1728 -3040 ) (1136 1728 -1616 ) 
4 1226 1267 (1264 1536 -1088 ) (1104 1536 -1088 ) (1104 1536 -1104 ) (1264 1536 -1104 ) 
3 1226 1228 (1104 1696 -1104 ) (1264 1536 -1104 ) (1104 1536 -1104 ) 
4 1226 1227 (1104 1696 -1088 ) (1104 1696 -1104 ) (1104 1568 -1104 ) (1104 1568 -1088 ) 
4 1227 1250 (1072 1568 -1088 ) (1072 1728 -1088 ) (1072 1728 -1104 ) (1072 1568 -1104 ) 
4 1227 1229 (1076 1724 -1104 ) (1100 1700 -1104 ) (1100 1568 -1104 ) (1076 1568 -1104 ) 
4 1227 1228 (1100 1700 -1104 ) (1104 1696 -1104 ) (1104 1568 -1104 ) (1100 1568 -1104 ) 
4 1227 1231 (1072 1568 -1104 ) (1072 1728 -1104 ) (1076 1724 -1104 ) (1076 1568 -1104 ) 
4 1228 1267 (1100 1536 -1256 ) (1264 1536 -1256 ) (1264 1536 -1104 ) (1100 1536 -1104 ) 
4 1228 1245 (1164 1636 -1256 ) (1124 1676 -1256 ) (1124 1676 -1152 ) (1164 1636 -1152 ) 
4 1228 1244 (1212 1588 -1256 ) (1172 1628 -1256 ) (1172 1628 -1152 ) (1212 1588 -1152 ) 
4 1228 1234 (1252 1548 -1256 ) (1264 1536 -1256 ) (1104 1536 -1256 ) (1104 1548 -1256 ) 
4 1228 1233 (1232 1568 -1256 ) (1252 1548 -1256 ) (1104 1548 -1256 ) (1104 1568 -1256 ) 
3 1228 1232 (1100 1700 -1256 ) (1232 1568 -1256 ) (1100 1568 -1256 ) 
4 1228 1229 (1100 1700 -1256 ) (1100 1564 -1256 ) (1100 1564 -1104 ) (1100 1700 -1104 ) 
4 1228 1230 (1100 1540 -1256 ) (1100 1536 -1256 ) (1100 1536 -1104 ) (1100 1540 -1104 ) 
4 1229 1235 (1076 1724 -1256 ) (1084 1716 -1256 ) (1084 1568 -1256 ) (1076 1568 -1256 ) 
4 1229 1232 (1084 1716 -1256 ) (1100 1700 -1256 ) (1100 1568 -1256 ) (1084 1568 -1256 ) 
4 1229 1231 (1076 1724 -1256 ) (1076 1564 -1256 ) (1076 1564 -1104 ) (1076 1724 -1104 ) 
4 1230 1267 (1076 1536 -1256 ) (1100 1536 -1256 ) (1100 1536 -1104 ) (1076 1536 -1104 ) 
4 1230 1231 (1076 1540 -1256 ) (1076 1536 -1256 ) (1076 1536 -1104 ) (1076 1540 -1104 ) 
4 1231 1267 (1072 1536 -1104 ) (1072 1536 -1256 ) (1076 1536 -1256 ) (1076 1536 -1104 ) 
4 1231 1250 (1072 1536 -1256 ) (1072 1536 -1104 ) (1072 1728 -1104 ) (1072 1728 -1256 ) 
4 1231 1235 (1072 1568 -1256 ) (1072 1728 -1256 ) (1076 1724 -1256 ) (1076 1568 -1256 ) 
4 1232 1245 (1124 1676 -1256 ) (1164 1636 -1256 ) (1164 1636 -1264 ) (1124 1676 -1264 ) 
4 1232 1244 (1172 1628 -1256 ) (1212 1588 -1256 ) (1212 1588 -1264 ) (1172 1628 -1264 ) 
4 1232 1235 (1084 1568 -1264 ) (1084 1568 -1256 ) (1084 1716 -1256 ) (1084 1716 -1264 ) 
4 1232 1233 (1104 1568 -1264 ) (1232 1568 -1264 ) (1232 1568 -1256 ) (1104 1568 -1256 ) 
4 1233 1234 (1252 1548 -1264 ) (1252 1548 -1256 ) (1104 1548 -1256 ) (1104 1548 -1264 ) 
4 1234 1267 (1104 1536 -1272 ) (1264 1536 -1272 ) (1264 1536 -1256 ) (1104 1536 -1256 ) 
4 1235 1250 (1072 1568 -1256 ) (1072 1728 -1256 ) (1072 1728 -1272 ) (1072 1568 -1272 ) 
4 1236 1277 (1136 1536 -1600 ) (1264 1536 -1600 ) (1264 1536 -1472 ) (1136 1536 -1472 ) 
4 1236 1247 (1264 1536 -1472 ) (1264 1536 -1600 ) (1136 1664 -1600 ) (1136 1664 -1472 ) 
3 1236 1237 (1136 1664 -1600 ) (1264 1536 -1600 ) (1136 1536 -1600 ) 
4 1237 1277 (1136 1536 -3040 ) (1264 1536 -3040 ) (1264 1536 -1600 ) (1136 1536 -1600 ) 
4 1237 1249 (1264 1536 -1616 ) (1264 1536 -3040 ) (1136 1664 -3040 ) (1136 1664 -1616 ) 
4 1237 1248 (1264 1536 -1600 ) (1264 1536 -1616 ) (1136 1664 -1616 ) (1136 1664 -1600 ) 
4 1237 1238 (1136 1664 -3040 ) (1136 1536 -3040 ) (1136 1536 -1616 ) (1136 1664 -1616 ) 
4 1238 1279 (1072 1536 -1616 ) (1072 1536 -3040 ) (1136 1536 -3040 ) (1136 1536 -1616 ) 
4 1238 1261 (1072 1536 -3040 ) (1072 1536 -1616 ) (1072 1728 -1616 ) (1072 1728 -3040 ) 
4 1238 1249 (1136 1664 -3040 ) (1072 1728 -3040 ) (1072 1728 -1616 ) (1136 1664 -1616 ) 
4 1239 1242 (1840 1728 -1152 ) (2032 1728 -1152 ) (2032 1568 -1152 ) (1840 1568 -1152 ) 
4 1239 1240 (2032 1728 -1152 ) (2048 1728 -1152 ) (2048 1568 -1152 ) (2032 1568 -1152 ) 
4 1240 1247 (2032 1568 -1472 ) (2032 1728 -1472 ) (2048 1728 -1472 ) (2048 1568 -1472 ) 
4 1240 1242 (2032 1728 -1472 ) (2032 1568 -1472 ) (2032 1568 -1152 ) (2032 1728 -1152 ) 
4 1240 1241 (2032 1568 -1240 ) (2032 1568 -1472 ) (2048 1568 -1472 ) (2048 1568 -1240 ) 
4 1241 1277 (2032 1536 -1472 ) (2048 1536 -1472 ) (2048 1536 -1296 ) (2032 1536 -1296 ) 
4 1241 1265 (2048 1536 -1296 ) (2048 1536 -1248 ) (2032 1536 -1248 ) (2032 1536 -1296 ) 
4 1241 1247 (2048 1536 -1472 ) (2032 1536 -1472 ) (2032 1568 -1472 ) (2048 1568 -1472 ) 
4 1241 1243 (2032 1568 -1472 ) (2032 1536 -1472 ) (2032 1536 -1344 ) (2032 1568 -1344 ) 
4 1242 1247 (1840 1568 -1472 ) (1840 1728 -1472 ) (2032 1728 -1472 ) (2032 1568 -1472 ) 
4 1242 1243 (1840 1568 -1344 ) (1840 1568 -1472 ) (2032 1568 -1472 ) (2032 1568 -1344 ) 
4 1243 1277 (1840 1536 -1472 ) (2032 1536 -1472 ) (2032 1536 -1344 ) (1840 1536 -1344 ) 
4 1243 1247 (2032 1536 -1472 ) (1840 1536 -1472 ) (1840 1568 -1472 ) (2032 1568 -1472 ) 
4 1246 1267 (1392 1536 -1248 ) (1520 1536 -1248 ) (1520 1536 -1152 ) (1392 1536 -1152 ) 
4 1247 1277 (1264 1536 -1472 ) (1264 1536 -1600 ) (2048 1536 -1600 ) (2048 1536 -1472 ) 
5 1247 1248 (2048 1536 -1600 ) (1264.003906 1536 -1600 ) (1136 1664.003906 -1600 ) (1136 1728 -1600 ) (2048 1728 -1600 ) 
4 1248 1277 (1264 1536 -1600 ) (1264 1536 -1616 ) (2048 1536 -1616 ) (2048 1536 -1600 ) 
5 1248 1249 (2048 1536 -1616 ) (1264.003906 1536 -1616 ) (1136 1664.003906 -1616 ) (1136 1728 -1616 ) (2048 1728 -1616 ) 
4 1249 1277 (1264 1536 -1616 ) (1264 1536 -3040 ) (2048 1536 -3040 ) (2048 1536 -1616 ) 
4 1250 1314 (1024 1984 -1280 ) (1024 1536 -1280 ) (1024 1536 -1088 ) (1024 1984 -1088 ) 
4 1250 1310 (1024 2048 -1088 ) (1024 2048 -1280 ) (1024 1984 -1280 ) (1024 1984 -1088 ) 
4 1250 1267 (1072 1536 -1088 ) (1024 1536 -1088 ) (1024 1536 -1280 ) (1072 1536 -1280 ) 
4 1251 1359 (1024 2048 -1328 ) (1024 2048 -1600 ) (1024 2000 -1600 ) (1024 2000 -1328 ) 
4 1251 1252 (1024 2000 -1600 ) (1072 2000 -1600 ) (1072 2000 -1320 ) (1024 2000 -1344 ) 
4 1252 1253 (1056 1968 -1600 ) (1072 1968 -1600 ) (1072 1968 -1320 ) (1056 1968 -1328 ) 
4 1252 1257 (1024 1968 -1600 ) (1056 1968 -1600 ) (1056 1968 -1328 ) (1024 1968 -1344 ) 
3 1253 1255 (1056 1856 -1464 ) (1056 1856 -1472 ) (1064 1856 -1472 ) 
4 1253 1254 (1056 1856 -1296 ) (1056 1856 -1456 ) (1072 1856 -1456 ) (1072 1856 -1296 ) 
4 1253 1256 (1056 1856 -1472 ) (1056 1856 -1600 ) (1072 1856 -1600 ) (1072 1856 -1472 ) 
4 1253 1257 (1056 1968 -1296 ) (1056 1968 -1600 ) (1056 1856 -1600 ) (1056 1856 -1296 ) 
4 1254 1258 (1072 1728 -1456 ) (1072 1728 -1296 ) (1056 1728 -1296 ) (1056 1728 -1456 ) 
4 1254 1257 (1056 1728 -1456 ) (1056 1728 -1296 ) (1056 1856 -1296 ) (1056 1856 -1456 ) 
3 1255 1258 (1056 1728 -1464 ) (1056 1728 -1472 ) (1064 1728 -1472 ) 
4 1255 1257 (1056 1728 -1472 ) (1056 1728 -1464 ) (1056 1856 -1464 ) (1056 1856 -1472 ) 
4 1255 1256 (1064 1728 -1472 ) (1056 1728 -1472 ) (1056 1856 -1472 ) (1064 1856 -1472 ) 
4 1256 1258 (1056 1728 -1600 ) (1072 1728 -1600 ) (1072 1728 -1472 ) (1056 1728 -1472 ) 
4 1256 1257 (1056 1856 -1600 ) (1056 1728 -1600 ) (1056 1728 -1472 ) (1056 1856 -1472 ) 
4 1257 1362 (1024 1968 -1600 ) (1024 1728 -1600 ) (1024 1728 -1328 ) (1024 1968 -1328 ) 
4 1257 1258 (1024 1728 -1600 ) (1056 1728 -1600 ) (1056 1728 -1296 ) (1024 1728 -1296 ) 
4 1258 1362 (1024 1728 -1600 ) (1024 1712 -1600 ) (1024 1712 -1328 ) (1024 1728 -1328 ) 
4 1258 1259 (1024 1712 -1600 ) (1072 1712 -1600 ) (1072 1712 -1320 ) (1024 1712 -1344 ) 
4 1259 1260 (1024 1680 -1600 ) (1072 1680 -1600 ) (1072 1680 -1320 ) (1024 1680 -1344 ) 
4 1260 1363 (1024 1680 -1600 ) (1024 1536 -1600 ) (1024 1536 -1328 ) (1024 1680 -1328 ) 
4 1261 1372 (1024 2048 -1616 ) (1024 2048 -3040 ) (1024 1536 -3040 ) (1024 1536 -1616 ) 
4 1261 1279 (1024 1536 -1616 ) (1024 1536 -3040 ) (1072 1536 -3040 ) (1072 1536 -1616 ) 
4 1262 1275 (1920 1152 -1232 ) (1920 1024 -1232 ) (1920 1024 -1088 ) (1920 1152 -1088 ) 
4 1262 1270 (1920 1408 -1232 ) (1920 1152 -1232 ) (1920 1152 -1088 ) (1920 1408 -1088 ) 
4 1262 1267 (1920 1536 -1088 ) (1920 1536 -1232 ) (1920 1408 -1232 ) (1920 1408 -1088 ) 
4 1262 1264 (1920 1152 -1232 ) (1920 1216 -1232 ) (2048 1216 -1232 ) (2048 1152 -1232 ) 
4 1262 1263 (1920 1343.993896 -1232 ) (1920 1408 -1232 ) (2048 1408 -1232 ) (2048 1343.993896 -1232 ) 
3 1263 1273 (1920 1343.993896 -1232 ) (1920 1408 -1232 ) (1920 1408 -1240 ) 
3 1264 1274 (1920 1152 -1240 ) (1920 1152 -1232 ) (1920 1216 -1232 ) 
4 1265 1705 (2048 1024 -1296 ) (2048 1024 -1284 ) (1920 1024 -1284 ) (1920 1024 -1296 ) 
4 1265 1277 (1920 1536 -1296 ) (2048 1536 -1296 ) (2048 1024 -1296 ) (1920 1024 -1296 ) 
4 1265 1276 (1920 1152 -1296 ) (1920 1024 -1296 ) (1920 1024 -1248 ) (1920 1152 -1248 ) 
4 1265 1269 (1920 1408 -1296 ) (1920 1152 -1296 ) (1920 1152 -1248 ) (1920 1408 -1248 ) 
4 1265 1268 (1920 1536 -1280 ) (1920 1536 -1296 ) (1920 1408 -1296 ) (1920 1408 -1280 ) 
4 1265 1266 (1920 1536 -1248 ) (1920 1536 -1280 ) (1920 1408 -1280 ) (1920 1408 -1248 ) 
3 1266 1269 (1920 1408 -1280 ) (1920 1408 -1247.749878 ) (1706.113281 1408 -1280 ) 
4 1266 1268 (1920 1408 -1280 ) (1706.113281 1408 -1280 ) (1706.113281 1536 -1280 ) (1920 1536 -1280 ) 
4 1267 1314 (1024 1408 -1088 ) (1024 1536 -1088 ) (1024 1536 -1280 ) (1024 1408 -1280 ) 
5 1267 1270 (1920 1408 -1232 ) (1920 1408 -1088 ) (1024 1408 -1088 ) (1024 1408 -1280 ) (1600.001099 1408 -1280 ) 
4 1268 1277 (1600 1536 -1296 ) (1920 1536 -1296 ) (1920 1408 -1296 ) (1600 1408 -1296 ) 
4 1268 1269 (1600 1408 -1296 ) (1920 1408 -1296 ) (1920 1408 -1280 ) (1706.113281 1408 -1280 ) 
4 1269 1277 (1920 1408 -1296 ) (1920 1152 -1296 ) (1600 1152 -1296 ) (1600 1408 -1296 ) 
3 1269 1276 (1600 1152 -1296 ) (1920 1152 -1296 ) (1920 1152 -1247.750000 ) 
4 1270 1314 (1024 1152 -1088 ) (1024 1408 -1088 ) (1024 1408 -1280 ) (1024 1152 -1280 ) 
5 1270 1275 (1600 1152 -1280 ) (1920 1152 -1232 ) (1920 1152 -1088 ) (1024 1152 -1088 ) (1024 1152 -1280 ) 
4 1270 1274 (1920 1215.998535 -1232 ) (1920 1152 -1232 ) (1600.001587 1152 -1280 ) (1600.002441 1215.996826 -1280 ) 
4 1270 1273 (1600.004883 1408 -1280 ) (1920 1408 -1232 ) (1920 1344 -1232 ) (1600.004028 1344.005249 -1280 ) 
4 1270 1272 (1600 1216 -1280 ) (1600 1152 -1280 ) (1024 1152 -1280 ) (1024 1216 -1280 ) 
4 1270 1271 (1024 1408 -1280 ) (1600 1408 -1280 ) (1600 1344 -1280 ) (1024 1344 -1280 ) 
3 1271 1356 (1024 1408 -1280 ) (1024 1408 -1288 ) (1024 1344 -1280 ) 
3 1271 1273 (1546.672363 1408 -1288 ) (1600.004883 1408 -1280 ) (1600.004028 1344 -1280 ) 
3 1272 1357 (1024 1152 -1288 ) (1024 1152 -1280 ) (1024 1216 -1280 ) 
3 1272 1274 (1600.002441 1216 -1280 ) (1600.001587 1152 -1280 ) (1546.668213 1152 -1288 ) 
4 1275 1709 (1024 1024 -1152 ) (1024 1024 -1280 ) (1136 1024 -1280 ) (1136 1024 -1152 ) 
4 1275 1708 (1136 1024 -1280 ) (1584 1024 -1280 ) (1584 1024 -1152 ) (1136 1024 -1152 ) 
4 1275 1703 (1584 1024 -1088 ) (1024 1024 -1088 ) (1024 1024 -1152 ) (1584 1024 -1152 ) 
4 1275 1314 (1024 1024 -1280 ) (1024 1024 -1088 ) (1024 1152 -1088 ) (1024 1152 -1280 ) 
4 1276 1706 (1600 1024 -1296 ) (1872 1024 -1296 ) (1872 1024 -1280 ) (1706.113770 1024 -1280 ) 
4 1276 1705 (1872 1024 -1296 ) (1920 1024 -1296 ) (1920 1024 -1284 ) (1872 1024 -1284 ) 
4 1276 1277 (1920 1152 -1296 ) (1920 1024 -1296 ) (1600 1024 -1296 ) (1600 1152 -1296 ) 
4 1277 1713 (2048 1024 -3040 ) (2048 1024 -1616 ) (1136 1024 -1616 ) (1136 1024 -3040 ) 
4 1277 1710 (2048 1024 -1616 ) (2048 1024 -1600 ) (1136 1024 -1600 ) (1136 1024 -1616 ) 
4 1277 1706 (1872 1024 -1296 ) (1584 1024 -1296 ) (1584 1024 -1600 ) (1872 1024 -1600 ) 
4 1277 1708 (1584 1024 -1296 ) (1136 1024 -1296 ) (1136 1024 -1600 ) (1584 1024 -1600 ) 
4 1277 1705 (2048 1024 -1600 ) (2048 1024 -1296 ) (1872 1024 -1296 ) (1872 1024 -1600 ) 
4 1277 1279 (1136 1536 -1616 ) (1136 1536 -3040 ) (1136 1024 -3040 ) (1136 1024 -1616 ) 
4 1277 1278 (1136 1024 -1296 ) (1136 1384 -1296 ) (1136 1384 -1312 ) (1136 1024 -1312 ) 
4 1278 1709 (1136 1024 -1312 ) (1136 1024 -1296 ) (1024 1024 -1296 ) (1024 1024 -1312 ) 
4 1278 1371 (1024 1024 -1312 ) (1024 1024 -1296 ) (1024 1384 -1296 ) (1024 1384 -1312 ) 
4 1279 1713 (1136 1024 -3040 ) (1136 1024 -1616 ) (1024 1024 -1616 ) (1024 1024 -3040 ) 
4 1279 1372 (1024 1024 -3040 ) (1024 1024 -1616 ) (1024 1536 -1616 ) (1024 1536 -3040 ) 
4 1280 1714 (1024 1024 -448 ) (1024 1024 2528 ) (632 1024 2528 ) (632 1024 -448 ) 
4 1280 1287 (1024 1808 -448 ) (1024 1536 -448 ) (632 1536 -448 ) (632 1808 -448 ) 
4 1280 1291 (1024 1536 -448 ) (1024 1024 -448 ) (632 1024 -448 ) (632 1536 -448 ) 
4 1280 1286 (1024 1904 -448 ) (1024 1808 -448 ) (632 1808 -448 ) (632 1904 -448 ) 
4 1280 1284 (1024 1920 -448 ) (1024 1904 -448 ) (632 1904 -448 ) (632 1920 -448 ) 
4 1280 1283 (1024 2048 -448 ) (1024 1920 -448 ) (632 1920 -448 ) (632 2048 -448 ) 
4 1280 1281 (632 1520 -432 ) (632 1520 2528 ) (632 2048 2528 ) (632 2048 -432 ) 
4 1280 1282 (632 1520 -448 ) (632 1024 -448 ) (632 1024 2528 ) (632 1520 2528 ) 
4 1281 1522 (0 1520 2528 ) (0 1552 2528 ) (0 1552 -432 ) (0 1520 -432 ) 
4 1281 1504 (0 1552 2528 ) (0 2048 2528 ) (0 2048 -432 ) (0 1552 -432 ) 
4 1281 1282 (632 1520 -432 ) (632 1520 2528 ) (0 1520 2528 ) (0 1520 -432 ) 
4 1282 1714 (632 1024 2528 ) (0 1024 2528 ) (0 1024 -448 ) (632 1024 -448 ) 
4 1282 1523 (0 1024 -448 ) (0 1024 -432 ) (0 1520 -432 ) (0 1520 -448 ) 
4 1282 1522 (0 1024 -432 ) (0 1024 2528 ) (0 1520 2528 ) (0 1520 -432 ) 
4 1282 1309 (608 1024 -448 ) (0 1024 -448 ) (0 1520 -448 ) (608 1520 -448 ) 
4 1282 1291 (632 1024 -448 ) (608 1024 -448 ) (608 1520 -448 ) (632 1520 -448 ) 
4 1283 1314 (1024 1984 -1088 ) (1024 1920 -1088 ) (624 1920 -1088 ) (624 1984 -1088 ) 
4 1283 1313 (624 2048 -1088 ) (944 2048 -1088 ) (944 1984 -1088 ) (624 1984 -1088 ) 
4 1283 1312 (948 1988 -1088 ) (948 1984 -1088 ) (944 1984 -1088 ) (944 1988 -1088 ) 
4 1283 1311 (944 2048 -1088 ) (948 2048 -1088 ) (948 1988 -1088 ) (944 1988 -1088 ) 
4 1283 1310 (948 2048 -1088 ) (1024 2048 -1088 ) (1024 1984 -1088 ) (948 1984 -1088 ) 
4 1283 1285 (624 1920 -1088 ) (1024 1920 -1088 ) (1024 1920 -944 ) (624 1920 -944 ) 
4 1283 1284 (1024 1920 -944 ) (1024 1920 -448 ) (624 1920 -448 ) (624 1920 -944 ) 
4 1284 1298 (608 1904 -944 ) (608 1904 -832 ) (608 1920 -832 ) (608 1920 -944 ) 
4 1284 1286 (608 1904 -448 ) (608 1904 -944 ) (1024 1904 -944 ) (1024 1904 -448 ) 
4 1285 1314 (624 1920 -1088 ) (1024 1920 -1088 ) (1024 1904 -1088 ) (624 1904 -1088 ) 
4 1285 1286 (608 1904 -960 ) (608 1904 -1088 ) (1024 1904 -1088 ) (1024 1904 -960 ) 
4 1286 1314 (624 1904 -1088 ) (1024 1904 -1088 ) (1024 1808 -1088 ) (624 1808 -1088 ) 
4 1286 1298 (608 1808 -944 ) (608 1808 -832 ) (608 1904 -832 ) (608 1904 -944 ) 
4 1286 1290 (608 1808 -960 ) (608 1808 -1088 ) (624 1808 -1088 ) (624 1808 -960 ) 
4 1286 1289 (624 1808 -1088 ) (1024 1808 -1088 ) (1024 1808 -960 ) (624 1808 -960 ) 
4 1286 1288 (608 1808 -448 ) (608 1808 -944 ) (624 1808 -944 ) (624 1808 -448 ) 
4 1286 1287 (624 1808 -944 ) (1024 1808 -944 ) (1024 1808 -448 ) (624 1808 -448 ) 
4 1287 1289 (1024 1536 -944 ) (624 1536 -944 ) (624 1792 -944 ) (1024 1792 -944 ) 
4 1287 1288 (624 1808 -448 ) (624 1808 -944 ) (624 1792 -944 ) (624 1792 -448 ) 
4 1287 1291 (624 1536 -944 ) (1024 1536 -944 ) (1024 1536 -448 ) (624 1536 -448 ) 
4 1288 1298 (608 1808 -832 ) (608 1808 -944 ) (608 1792 -944 ) (608 1792 -832 ) 
4 1289 1314 (624 1808 -1088 ) (1024 1808 -1088 ) (1024 1536 -1088 ) (624 1536 -1088 ) 
4 1289 1290 (624 1792 -944 ) (624 1808 -960 ) (624 1808 -1088 ) (624 1792 -1088 ) 
4 1289 1291 (624 1536 -1088 ) (1024 1536 -1088 ) (1024 1536 -944 ) (624 1536 -944 ) 
4 1291 1714 (1024 1024 -1088 ) (1024 1024 -448 ) (608 1024 -448 ) (608 1024 -1088 ) 
4 1291 1315 (624 1024 -1088 ) (608 1024 -1088 ) (608 1536 -1088 ) (624 1536 -1088 ) 
4 1291 1314 (1024 1024 -1088 ) (624 1024 -1088 ) (624 1536 -1088 ) (1024 1536 -1088 ) 
4 1291 1309 (608 1536 -1088 ) (608 1024 -1088 ) (608 1024 -448 ) (608 1536 -448 ) 
4 1292 1297 (592 1936 -832 ) (592 2032 -832 ) (608 2032 -832 ) (608 1936 -832 ) 
4 1292 1295 (592 1920 -816 ) (592 1920 -448 ) (592 1936 -448 ) (592 1936 -816 ) 
4 1292 1294 (592 2032 -448 ) (592 2032 -832 ) (592 1936 -832 ) (592 1936 -448 ) 
4 1293 1304 (608 1776 -832 ) (608 1776 -448 ) (592 1776 -448 ) (592 1776 -832 ) 
4 1293 1295 (592 1776 -816 ) (592 1776 -448 ) (592 1792 -448 ) (592 1792 -816 ) 
4 1294 1299 (352 1936 -832 ) (352 2032 -832 ) (368 2032 -832 ) (368 1936 -832 ) 
4 1294 1297 (368 2032 -832 ) (592 2032 -832 ) (592 1936 -832 ) (368 1936 -832 ) 
4 1294 1295 (352 1936 -448 ) (352 1936 -816 ) (592 1936 -816 ) (592 1936 -448 ) 
4 1294 1296 (352 2032 -448 ) (352 2032 -832 ) (352 1936 -832 ) (352 1936 -448 ) 
4 1295 1305 (368 1776 -448 ) (352 1776 -448 ) (352 1776 -816 ) (368 1776 -816 ) 
4 1295 1304 (592 1776 -448 ) (368 1776 -448 ) (368 1776 -816 ) (592 1776 -816 ) 
4 1295 1296 (352 1776 -816 ) (352 1776 -448 ) (352 1936 -448 ) (352 1936 -816 ) 
4 1296 1507 (0 1776 -448 ) (0 2032 -448 ) (0 2032 -832 ) (0 1776 -832 ) 
4 1296 1306 (240 1776 -448 ) (0 1776 -448 ) (0 1776 -832 ) (240 1776 -832 ) 
4 1296 1305 (352 1776 -448 ) (240 1776 -448 ) (240 1776 -832 ) (352 1776 -832 ) 
4 1296 1300 (352 1776 -832 ) (0 1776 -832 ) (0 2032 -832 ) (352 2032 -832 ) 
4 1297 1301 (592 2032 -960 ) (608 2032 -960 ) (608 1936 -960 ) (592 1936 -960 ) 
4 1297 1303 (368 1936 -960 ) (368 2032 -960 ) (592 2032 -960 ) (592 1936 -960 ) 
4 1297 1299 (368 2032 -960 ) (368 1936 -960 ) (368 1936 -832 ) (368 2032 -832 ) 
4 1299 1303 (352 1936 -960 ) (352 2032 -960 ) (368 2032 -960 ) (368 1936 -960 ) 
4 1299 1300 (352 2032 -960 ) (352 1936 -960 ) (352 1936 -832 ) (352 2032 -832 ) 
4 1300 1507 (0 2032 -832 ) (0 2032 -960 ) (0 1776 -960 ) (0 1776 -832 ) 
4 1300 1306 (240 1776 -832 ) (0 1776 -832 ) (0 1776 -960 ) (240 1776 -960 ) 
4 1300 1305 (352 1776 -832 ) (240 1776 -832 ) (240 1776 -960 ) (352 1776 -960 ) 
4 1300 1303 (352 1776 -960 ) (0 1776 -960 ) (0 2032 -960 ) (352 2032 -960 ) 
4 1301 1316 (592 2032 -1088 ) (608 2032 -1088 ) (608 1920 -1088 ) (592 1920 -1088 ) 
4 1301 1303 (592 1920 -960 ) (592 2032 -960 ) (592 2032 -1088 ) (592 1920 -1088 ) 
4 1302 1317 (608 1792 -1088 ) (608 1776 -1088 ) (592 1776 -1088 ) (592 1792 -1088 ) 
4 1302 1304 (592 1776 -1088 ) (608 1776 -1088 ) (608 1776 -960 ) (592 1776 -960 ) 
4 1302 1303 (592 1776 -1088 ) (592 1776 -960 ) (592 1792 -960 ) (592 1792 -1088 ) 
4 1303 1507 (0 2032 -960 ) (0 2032 -1088 ) (0 1776 -1088 ) (0 1776 -960 ) 
4 1303 1338 (0 1776 -1088 ) (0 2032 -1088 ) (48 2032 -1088 ) (48 1776 -1088 ) 
4 1303 1337 (48 2032 -1088 ) (176 2032 -1088 ) (176 1776 -1088 ) (48 1776 -1088 ) 
4 1303 1336 (176 2032 -1088 ) (288 2032 -1088 ) (288 1776 -1088 ) (176 1776 -1088 ) 
4 1303 1318 (288 2032 -1088 ) (592 2032 -1088 ) (592 1776 -1088 ) (288 1776 -1088 ) 
4 1303 1306 (0 1776 -1088 ) (240 1776 -1088 ) (240 1776 -960 ) (0 1776 -960 ) 
4 1303 1305 (240 1776 -1088 ) (368 1776 -1088 ) (368 1776 -960 ) (240 1776 -960 ) 
4 1303 1304 (368 1776 -1088 ) (592 1776 -1088 ) (592 1776 -960 ) (368 1776 -960 ) 
4 1304 1320 (512 1552 -1088 ) (368 1552 -1088 ) (368 1616 -1088 ) (512 1616 -1088 ) 
4 1304 1319 (608 1616 -1088 ) (608 1552 -1088 ) (512 1552 -1088 ) (512 1616 -1088 ) 
4 1304 1317 (592 1776 -1088 ) (608 1776 -1088 ) (608 1616 -1088 ) (592 1616 -1088 ) 
4 1304 1318 (368 1776 -1088 ) (592 1776 -1088 ) (592 1616 -1088 ) (368 1616 -1088 ) 
4 1304 1305 (368 1776 -448 ) (368 1776 -1088 ) (368 1568 -1088 ) (368 1568 -448 ) 
4 1305 1339 (288 1664 -1088 ) (288 1568 -1088 ) (240 1568 -1088 ) (240 1664 -1088 ) 
4 1305 1336 (240 1776 -1088 ) (288 1776 -1088 ) (288 1664 -1088 ) (240 1664 -1088 ) 
4 1305 1320 (368 1616 -1088 ) (368 1568 -1088 ) (288 1568 -1088 ) (288 1616 -1088 ) 
4 1305 1318 (288 1776 -1088 ) (368 1776 -1088 ) (368 1616 -1088 ) (288 1616 -1088 ) 
4 1305 1307 (240 1568 -1072 ) (240 1568 -448 ) (240 1680 -448 ) (240 1680 -1072 ) 
4 1305 1306 (240 1776 -448 ) (240 1776 -1088 ) (240 1680 -1088 ) (240 1680 -448 ) 
4 1306 1507 (0 1680 -448 ) (0 1776 -448 ) (0 1776 -1088 ) (0 1680 -1088 ) 
4 1306 1338 (0 1680 -1088 ) (0 1776 -1088 ) (48 1776 -1088 ) (48 1680 -1088 ) 
4 1306 1337 (48 1776 -1088 ) (176 1776 -1088 ) (176 1680 -1088 ) (48 1680 -1088 ) 
4 1306 1336 (176 1776 -1088 ) (240 1776 -1088 ) (240 1680 -1088 ) (176 1680 -1088 ) 
4 1306 1307 (240 1680 -1072 ) (240 1680 -448 ) (0 1680 -448 ) (0 1680 -1072 ) 
4 1307 1508 (0 1552 -448 ) (0 1680 -448 ) (0 1680 -1072 ) (0 1552 -1072 ) 
4 1308 1309 (240 1536 -1088 ) (368 1536 -1088 ) (368 1536 -448 ) (240 1536 -448 ) 
4 1309 1714 (608 1024 -448 ) (0 1024 -448 ) (0 1024 -1088 ) (608 1024 -1088 ) 
4 1309 1527 (0 1024 -1088 ) (0 1024 -448 ) (0 1536 -448 ) (0 1536 -1088 ) 
4 1309 1354 (240 1024 -1088 ) (0 1024 -1088 ) (0 1536 -1088 ) (240 1536 -1088 ) 
4 1309 1353 (304 1024 -1088 ) (240 1024 -1088 ) (240 1536 -1088 ) (304 1536 -1088 ) 
4 1309 1350 (304 1472 -1088 ) (304 1536 -1088 ) (496 1536 -1088 ) (496 1472 -1088 ) 
4 1309 1352 (496 1024 -1088 ) (304 1024 -1088 ) (304 1472 -1088 ) (496 1472 -1088 ) 
4 1309 1346 (608 1024 -1088 ) (496 1024 -1088 ) (496 1536 -1088 ) (608 1536 -1088 ) 
4 1310 1314 (948 1984 -1280 ) (1024 1984 -1280 ) (1024 1984 -1088 ) (948 1984 -1088 ) 
4 1310 1312 (948 1984 -1176 ) (948 1984 -1088 ) (948 1988 -1088 ) (948 1988 -1176 ) 
4 1310 1311 (948 2048 -1280 ) (948 1988 -1280 ) (948 1988 -1088 ) (948 2048 -1088 ) 
4 1311 1313 (944 2048 -1280 ) (944 1988 -1280 ) (944 1988 -1088 ) (944 2048 -1088 ) 
4 1311 1312 (944 1988 -1088 ) (944 1988 -1176 ) (948 1988 -1176 ) (948 1988 -1088 ) 
4 1312 1314 (948 1984 -1176 ) (948 1984 -1088 ) (944 1984 -1088 ) (944 1984 -1176 ) 
4 1312 1313 (944 1984 -1176 ) (944 1984 -1088 ) (944 1988 -1088 ) (944 1988 -1176 ) 
4 1313 1386 (688 1984 -1280 ) (624 1984 -1280 ) (624 2048 -1280 ) (688 2048 -1280 ) 
4 1313 1355 (944 1984 -1280 ) (688 1984 -1280 ) (688 2048 -1280 ) (944 2048 -1280 ) 
4 1313 1314 (624 1984 -1280 ) (944 1984 -1280 ) (944 1984 -1088 ) (624 1984 -1088 ) 
4 1314 1724 (1024 1024 -1280 ) (1024 1024 -1276 ) (624 1024 -1276 ) (624 1024 -1280 ) 
4 1314 1716 (938 1024 -1254 ) (694 1024 -1254 ) (694 1024 -1276 ) (938 1024 -1276 ) 
4 1314 1715 (1024 1024 -1276 ) (1024 1024 -1254 ) (938 1024 -1254 ) (938 1024 -1276 ) 
4 1314 1723 (694 1024 -1254 ) (624 1024 -1254 ) (624 1024 -1276 ) (694 1024 -1276 ) 
4 1314 1714 (1024 1024 -1254 ) (1024 1024 -1088 ) (624 1024 -1088 ) (624 1024 -1254 ) 
4 1314 1393 (624 1152 -1280 ) (624 1408 -1280 ) (688 1408 -1280 ) (688 1152 -1280 ) 
4 1314 1386 (624 1664 -1280 ) (624 1984 -1280 ) (688 1984 -1280 ) (688 1664 -1280 ) 
4 1314 1357 (1024 1216 -1280 ) (1024 1152 -1280 ) (1008 1152 -1280 ) (1008 1216 -1280 ) 
4 1314 1356 (1024 1408 -1280 ) (1024 1344 -1280 ) (1008 1344 -1280 ) (1008 1408 -1280 ) 
4 1314 1358 (1008 1152 -1280 ) (688 1152 -1280 ) (688 1408 -1280 ) (1008 1408 -1280 ) 
4 1314 1355 (688 1664 -1280 ) (688 1984 -1280 ) (944 1984 -1280 ) (944 1664 -1280 ) 
4 1314 1315 (624 1536 -1280 ) (624 1024 -1280 ) (624 1024 -1088 ) (624 1536 -1088 ) 
4 1315 1724 (608 1024 -1276 ) (608 1024 -1280 ) (624 1024 -1280 ) (624 1024 -1276 ) 
4 1315 1723 (608 1024 -1254 ) (608 1024 -1276 ) (624 1024 -1276 ) (624 1024 -1254 ) 
4 1315 1714 (624 1024 -1088 ) (608 1024 -1088 ) (608 1024 -1254 ) (624 1024 -1254 ) 
4 1315 1395 (608 1344 -1280 ) (608 1408 -1280 ) (624 1408 -1280 ) (624 1344 -1280 ) 
4 1315 1394 (608 1152 -1280 ) (608 1216 -1280 ) (624 1216 -1280 ) (624 1152 -1280 ) 
4 1315 1346 (608 1536 -1280 ) (608 1024 -1280 ) (608 1024 -1088 ) (608 1536 -1088 ) 
4 1316 1388 (592 2032 -1280 ) (608 2032 -1280 ) (608 1920 -1280 ) (592 1920 -1280 ) 
4 1316 1318 (592 2032 -1088 ) (592 2032 -1280 ) (592 1920 -1280 ) (592 1920 -1088 ) 
4 1317 1389 (608 1792 -1280 ) (608 1616 -1280 ) (592 1616 -1280 ) (592 1792 -1280 ) 
4 1317 1334 (592 1616 -1280 ) (608 1616 -1280 ) (608 1616 -1248 ) (592 1616 -1248 ) 
4 1317 1321 (608 1616 -1248 ) (608 1616 -1152 ) (592 1616 -1152 ) (592 1616 -1248 ) 
4 1317 1319 (608 1616 -1152 ) (608 1616 -1088 ) (592 1616 -1088 ) (592 1616 -1152 ) 
4 1317 1318 (592 1792 -1280 ) (592 1616 -1280 ) (592 1616 -1088 ) (592 1792 -1088 ) 
4 1318 1390 (288 2032 -1280 ) (592 2032 -1280 ) (592 1616 -1280 ) (288 1616 -1280 ) 
4 1318 1339 (288 1664 -1280 ) (288 1616 -1280 ) (288 1616 -1088 ) (288 1664 -1088 ) 
4 1318 1336 (288 2032 -1088 ) (288 2032 -1280 ) (288 1664 -1280 ) (288 1664 -1088 ) 
4 1318 1335 (288 1616 -1264 ) (288 1616 -1280 ) (512 1616 -1280 ) (512 1616 -1264 ) 
4 1318 1334 (512 1616 -1280 ) (592 1616 -1280 ) (592 1616 -1248 ) (512 1616 -1248 ) 
4 1318 1321 (512 1616 -1248 ) (592 1616 -1248 ) (592 1616 -1152 ) (512 1616 -1152 ) 
4 1318 1320 (288 1616 -1088 ) (288 1616 -1136 ) (512 1616 -1136 ) (512 1616 -1088 ) 
4 1318 1319 (512 1616 -1152 ) (592 1616 -1152 ) (592 1616 -1088 ) (512 1616 -1088 ) 
4 1319 1321 (608 1552 -1152 ) (512 1552 -1152 ) (512 1616 -1152 ) (608 1616 -1152 ) 
4 1319 1320 (512 1616 -1088 ) (512 1616 -1136 ) (512 1552 -1136 ) (512 1552 -1088 ) 
4 1320 1339 (288 1552 -1136 ) (288 1552 -1088 ) (288 1616 -1088 ) (288 1616 -1136 ) 
4 1321 1334 (608 1552 -1248 ) (512 1552 -1248 ) (512 1616 -1248 ) (608 1616 -1248 ) 
4 1322 1347 (496 1552 -1152 ) (396 1552 -1152 ) (396 1552 -1168 ) (496 1552 -1168 ) 
4 1322 1330 (396 1584 -1168 ) (396 1556 -1168 ) (396 1556 -1152 ) (396 1584 -1152 ) 
4 1322 1332 (396 1556 -1168 ) (396 1552 -1168 ) (396 1552 -1152 ) (396 1556 -1152 ) 
4 1322 1329 (396 1600 -1152 ) (396 1600 -1168 ) (396 1584 -1168 ) (396 1584 -1152 ) 
4 1322 1328 (396 1552 -1168 ) (396 1564 -1168 ) (416 1564 -1168 ) (416 1552 -1168 ) 
4 1322 1327 (396 1564 -1168 ) (396 1584 -1168 ) (416 1584 -1168 ) (416 1564 -1168 ) 
4 1322 1326 (396 1584 -1168 ) (396 1600 -1168 ) (416 1600 -1168 ) (416 1584 -1168 ) 
4 1322 1325 (416 1600 -1168 ) (480 1600 -1168 ) (480 1580 -1168 ) (416 1580 -1168 ) 
4 1322 1324 (496 1564 -1168 ) (496 1552 -1168 ) (480 1552 -1168 ) (480 1564 -1168 ) 
4 1322 1323 (480 1600 -1168 ) (496 1600 -1168 ) (496 1564 -1168 ) (480 1564 -1168 ) 
5 1323 1325 (480 1580 -1168 ) (480 1600 -1168 ) (480 1600 -1248 ) (480 1584 -1248 ) (480 1580 -1232 ) 
5 1323 1324 (480 1564 -1168 ) (480 1580 -1232 ) (484 1584 -1248 ) (496 1584 -1248 ) (496 1564 -1168 ) 
4 1324 1348 (484 1552 -1248 ) (496 1552 -1248 ) (496 1552 -1232 ) (480 1552 -1232 ) 
4 1324 1347 (496 1552 -1232 ) (496 1552 -1168 ) (480 1552 -1168 ) (480 1552 -1232 ) 
4 1325 1327 (416 1580 -1168 ) (416 1584 -1168 ) (416 1584 -1248 ) (416 1580 -1232 ) 
4 1325 1326 (416 1584 -1168 ) (416 1600 -1168 ) (416 1600 -1248 ) (416 1584 -1248 ) 
4 1326 1329 (396 1600 -1168 ) (396 1600 -1248 ) (396 1584 -1248 ) (396 1584 -1168 ) 
5 1326 1327 (416 1584 -1248 ) (416 1584 -1168 ) (396 1584 -1168 ) (396 1584 -1240 ) (400 1584 -1248 ) 
4 1327 1330 (396 1564 -1168 ) (396 1584 -1168 ) (396 1584 -1176 ) (396 1566 -1176 ) 
6 1327 1328 (396 1582 -1239.996094 ) (400.001953 1584 -1248 ) (412 1584 -1248 ) (416 1580 -1232 ) (416 1564 -1168 ) (396 1564 -1168 ) 
5 1328 1349 (396 1552 -1232 ) (396 1552 -1240 ) (400 1552 -1248 ) (412 1552 -1248 ) (416 1552 -1232 ) 
4 1328 1347 (396 1552 -1168 ) (396 1552 -1232 ) (416 1552 -1232 ) (416 1552 -1168 ) 
4 1328 1330 (396 1556 -1168 ) (396 1564 -1168 ) (396 1566 -1176 ) (396 1556 -1176 ) 
4 1328 1332 (396 1552 -1240 ) (396 1552 -1168 ) (396 1556 -1168 ) (396 1556 -1240 ) 
4 1329 1333 (304 1584 -1240 ) (304 1584 -1248 ) (328 1584 -1248 ) (332 1584 -1240 ) 
4 1329 1331 (304 1584 -1176 ) (304 1584 -1240 ) (332 1584 -1240 ) (332 1584 -1176 ) 
4 1329 1330 (304 1584 -1152 ) (304 1584 -1176 ) (396 1584 -1176 ) (396 1584 -1152 ) 
4 1330 1331 (332 1556 -1176 ) (304 1556 -1176 ) (304 1584 -1176 ) (332 1584 -1176 ) 
4 1330 1332 (304 1556 -1152 ) (304 1556 -1176 ) (396 1556 -1176 ) (396 1556 -1152 ) 
4 1331 1333 (304 1556 -1240 ) (304 1584 -1240 ) (332 1584 -1240 ) (332 1556 -1240 ) 
4 1331 1332 (304 1556 -1176 ) (304 1556 -1240 ) (332 1556 -1240 ) (332 1556 -1176 ) 
4 1332 1349 (304 1552 -1232 ) (304 1552 -1240 ) (396 1552 -1240 ) (396 1552 -1232 ) 
4 1332 1347 (396 1552 -1152 ) (304 1552 -1152 ) (304 1552 -1232 ) (396 1552 -1232 ) 
4 1332 1333 (304 1552 -1240 ) (304 1556 -1240 ) (332 1556 -1240 ) (332 1552 -1240 ) 
4 1333 1349 (304 1552 -1240 ) (304 1552 -1248 ) (328 1552 -1248 ) (332 1552 -1240 ) 
4 1334 1390 (592 1552 -1280 ) (512 1552 -1280 ) (512 1616 -1280 ) (592 1616 -1280 ) 
4 1334 1389 (608 1616 -1280 ) (608 1552 -1280 ) (592 1552 -1280 ) (592 1616 -1280 ) 
4 1334 1335 (512 1552 -1280 ) (512 1552 -1264 ) (512 1616 -1264 ) (512 1616 -1280 ) 
4 1335 1390 (512 1552 -1280 ) (288 1552 -1280 ) (288 1616 -1280 ) (512 1616 -1280 ) 
4 1335 1339 (288 1616 -1280 ) (288 1552 -1280 ) (288 1552 -1264 ) (288 1616 -1264 ) 
4 1336 1391 (176 2032 -1280 ) (240 2032 -1280 ) (240 1664 -1280 ) (176 1664 -1280 ) 
4 1336 1390 (240 2032 -1280 ) (288 2032 -1280 ) (288 1664 -1280 ) (240 1664 -1280 ) 
4 1336 1339 (240 1664 -1280 ) (288 1664 -1280 ) (288 1664 -1088 ) (240 1664 -1088 ) 
4 1336 1337 (176 2032 -1088 ) (176 2032 -1280 ) (176 1680 -1280 ) (176 1680 -1088 ) 
4 1337 1391 (48 2032 -1280 ) (176 2032 -1280 ) (176 1680 -1280 ) (48 1680 -1280 ) 
4 1337 1338 (48 2032 -1088 ) (48 2032 -1280 ) (48 1680 -1280 ) (48 1680 -1088 ) 
4 1338 1509 (0 1680 -1088 ) (0 2032 -1088 ) (0 2032 -1280 ) (0 1680 -1280 ) 
4 1338 1391 (0 1680 -1280 ) (0 2032 -1280 ) (48 2032 -1280 ) (48 1680 -1280 ) 
4 1339 1390 (240 1664 -1280 ) (288 1664 -1280 ) (288 1552 -1280 ) (240 1552 -1280 ) 
4 1340 1342 (108 1644 -1092 ) (108 1664 -1092 ) (110 1664 -1088 ) (110 1640 -1088 ) 
4 1340 1341 (108 1600 -1092 ) (108 1628 -1092 ) (110 1632 -1088 ) (110 1600 -1088 ) 
4 1340 1344 (48 1600 -1092 ) (48 1664 -1092 ) (108 1664 -1092 ) (108 1600 -1092 ) 
4 1341 1343 (176 1628 -1092 ) (116 1628 -1092 ) (114 1632 -1088 ) (176 1632 -1088 ) 
4 1341 1344 (176 1628 -1092 ) (176 1600 -1092 ) (108 1600 -1092 ) (108 1628 -1092 ) 
4 1342 1343 (116 1644 -1092 ) (176 1644 -1092 ) (176 1640 -1088 ) (114 1640 -1088 ) 
4 1342 1344 (108 1664 -1092 ) (176 1664 -1092 ) (176 1644 -1092 ) (108 1644 -1092 ) 
4 1343 1344 (176 1644 -1092 ) (176 1628 -1092 ) (116 1628 -1092 ) (116 1644 -1092 ) 
4 1344 1345 (48 1600 -1280 ) (176 1600 -1280 ) (176 1600 -1152 ) (48 1600 -1152 ) 
4 1345 1354 (0 1552 -1280 ) (224 1552 -1280 ) (224 1552 -1152 ) (0 1552 -1152 ) 
4 1346 1724 (496 1024 -1276 ) (496 1024 -1280 ) (608 1024 -1280 ) (608 1024 -1276 ) 
4 1346 1723 (496 1024 -1254 ) (496 1024 -1276 ) (608 1024 -1276 ) (608 1024 -1254 ) 
4 1346 1714 (608 1024 -1088 ) (496 1024 -1088 ) (496 1024 -1254 ) (608 1024 -1254 ) 
4 1346 1395 (496 1344 -1280 ) (496 1408 -1280 ) (608 1408 -1280 ) (608 1344 -1280 ) 
4 1346 1394 (496 1152 -1280 ) (496 1216 -1280 ) (608 1216 -1280 ) (608 1152 -1280 ) 
4 1346 1350 (496 1472 -1144 ) (496 1472 -1088 ) (496 1536 -1088 ) (496 1536 -1096 ) 
4 1346 1351 (496 1536 -1280 ) (496 1472 -1280 ) (496 1472 -1148 ) (496 1536 -1148 ) 
4 1346 1352 (496 1472 -1280 ) (496 1024 -1280 ) (496 1024 -1088 ) (496 1472 -1088 ) 
4 1347 1351 (304 1536 -1152 ) (304 1536 -1248 ) (496 1536 -1248 ) (496 1536 -1152 ) 
4 1347 1349 (412 1548 -1248 ) (304 1548 -1248 ) (304 1552 -1232.003906 ) (416 1552 -1232.003906 ) 
4 1347 1348 (496 1548 -1248 ) (484 1548 -1248 ) (480 1552 -1232.003906 ) (496 1552 -1232.003906 ) 
4 1350 1353 (304 1472 -1144 ) (304 1472 -1088 ) (304 1536 -1088 ) (304 1536 -1096 ) 
4 1350 1352 (304 1472 -1088 ) (304 1472 -1144 ) (496 1472 -1144 ) (496 1472 -1088 ) 
4 1351 1353 (304 1536 -1280 ) (304 1472 -1280 ) (304 1472 -1148 ) (304 1536 -1148 ) 
4 1351 1352 (304 1472 -1148 ) (304 1472 -1280 ) (496 1472 -1280 ) (496 1472 -1148 ) 
4 1352 1724 (304 1024 -1276 ) (304 1024 -1280 ) (496 1024 -1280 ) (496 1024 -1276 ) 
4 1352 1723 (304 1024 -1254 ) (304 1024 -1276 ) (496 1024 -1276 ) (496 1024 -1254 ) 
4 1352 1714 (496 1024 -1088 ) (304 1024 -1088 ) (304 1024 -1254 ) (496 1024 -1254 ) 
4 1352 1395 (304 1344 -1280 ) (304 1408 -1280 ) (496 1408 -1280 ) (496 1344 -1280 ) 
4 1352 1394 (304 1152 -1280 ) (304 1216 -1280 ) (496 1216 -1280 ) (496 1152 -1280 ) 
4 1352 1353 (304 1472 -1280 ) (304 1024 -1280 ) (304 1024 -1088 ) (304 1472 -1088 ) 
4 1353 1724 (240 1024 -1276 ) (240 1024 -1280 ) (304 1024 -1280 ) (304 1024 -1276 ) 
4 1353 1723 (240 1024 -1254 ) (240 1024 -1276 ) (304 1024 -1276 ) (304 1024 -1254 ) 
4 1353 1714 (304 1024 -1088 ) (240 1024 -1088 ) (240 1024 -1254 ) (304 1024 -1254 ) 
4 1353 1395 (240 1344 -1280 ) (240 1408 -1280 ) (304 1408 -1280 ) (304 1344 -1280 ) 
4 1353 1394 (240 1152 -1280 ) (240 1216 -1280 ) (304 1216 -1280 ) (304 1152 -1280 ) 
4 1353 1354 (240 1536 -1280 ) (240 1024 -1280 ) (240 1024 -1088 ) (240 1536 -1088 ) 
4 1354 1724 (0 1024 -1276 ) (0 1024 -1280 ) (240 1024 -1280 ) (240 1024 -1276 ) 
4 1354 1723 (0 1024 -1254 ) (0 1024 -1276 ) (240 1024 -1276 ) (240 1024 -1254 ) 
4 1354 1714 (240 1024 -1088 ) (0 1024 -1088 ) (0 1024 -1254 ) (240 1024 -1254 ) 
4 1354 1531 (0 1024 -1280 ) (0 1024 -1088 ) (0 1536 -1088 ) (0 1536 -1280 ) 
4 1354 1528 (0 1536 -1088 ) (0 1552 -1088 ) (0 1552 -1280 ) (0 1536 -1280 ) 
4 1354 1395 (0 1344 -1280 ) (0 1408 -1280 ) (240 1408 -1280 ) (240 1344 -1280 ) 
4 1354 1394 (0 1152 -1280 ) (0 1216 -1280 ) (240 1216 -1280 ) (240 1152 -1280 ) 
4 1355 1386 (688 1664 -1280 ) (688 2048 -1280 ) (688 2048 -1296 ) (688 1664 -1296 ) 
4 1355 1373 (688 1664 -1296 ) (688 2048 -1296 ) (944 2048 -1296 ) (944 1664 -1296 ) 
3 1356 1358 (1008 1408 -1280 ) (1008 1408 -1288 ) (1008 1344 -1280 ) 
3 1357 1358 (1008 1152 -1288 ) (1008 1152 -1280 ) (1008 1216 -1280 ) 
4 1358 1393 (688 1152 -1280 ) (688 1408 -1280 ) (688 1408 -1296 ) (688 1152 -1296 ) 
4 1358 1381 (688 1152 -1296 ) (688 1408 -1296 ) (944 1408 -1296 ) (944 1152 -1296 ) 
4 1358 1371 (1008 1384 -1296 ) (1008 1152 -1296 ) (944 1152 -1296 ) (944 1384 -1296 ) 
4 1359 1360 (992 2048 -1600 ) (992 2000 -1600 ) (992 2000 -1328 ) (992 2048 -1328 ) 
4 1360 1373 (944 2000 -1296 ) (944 2048 -1296 ) (944 2048 -1600 ) (944 2000 -1600 ) 
4 1360 1361 (944 2000 -1320 ) (944 2000 -1600 ) (992 2000 -1600 ) (992 2000 -1344 ) 
4 1361 1373 (944 2000 -1320 ) (944 2000 -1600 ) (944 1968 -1600 ) (944 1968 -1320 ) 
4 1361 1364 (944 1968 -1320 ) (944 1968 -1600 ) (992 1968 -1600 ) (992 1968 -1344 ) 
4 1362 1364 (992 1968 -1328 ) (992 1968 -1600 ) (992 1712 -1600 ) (992 1712 -1328 ) 
4 1363 1366 (992 1680 -1600 ) (992 1536 -1600 ) (992 1536 -1328 ) (992 1680 -1328 ) 
4 1364 1373 (944 1712 -1296 ) (944 1968 -1296 ) (944 1968 -1600 ) (944 1712 -1600 ) 
4 1364 1365 (944 1712 -1320 ) (944 1712 -1600 ) (992 1712 -1600 ) (992 1712 -1344 ) 
4 1365 1373 (944 1712 -1320 ) (944 1712 -1600 ) (944 1680 -1600 ) (944 1680 -1320 ) 
4 1365 1367 (952 1680 -1600 ) (983 1680 -1600 ) (983 1680 -1339.500000 ) (952 1680 -1324 ) 
4 1365 1366 (983 1680 -1600 ) (992 1680 -1600 ) (992 1680 -1344 ) (983 1680 -1339.500000 ) 
4 1365 1370 (944 1680 -1320 ) (944 1680 -1600 ) (952 1680 -1600 ) (952 1680 -1324 ) 
4 1366 1368 (983 1536 -1533 ) (983 1536 -1296 ) (983 1537 -1296 ) (983 1537 -1533 ) 
4 1366 1369 (983 1537 -1600 ) (983 1536 -1600 ) (983 1536 -1554 ) (983 1537 -1554 ) 
4 1366 1367 (983 1680 -1296 ) (983 1680 -1600 ) (983 1537 -1600 ) (983 1537 -1296 ) 
4 1367 1368 (952 1537 -1296 ) (952 1537 -1533 ) (983 1537 -1533 ) (983 1537 -1296 ) 
4 1367 1369 (952 1537 -1554 ) (952 1537 -1600 ) (983 1537 -1600 ) (983 1537 -1554 ) 
4 1367 1370 (952 1680 -1296 ) (952 1680 -1600 ) (952 1537 -1600 ) (952 1537 -1296 ) 
4 1368 1370 (952 1536 -1533 ) (952 1536 -1296 ) (952 1537 -1296 ) (952 1537 -1533 ) 
4 1369 1370 (952 1537 -1600 ) (952 1536 -1600 ) (952 1536 -1554 ) (952 1537 -1554 ) 
4 1370 1373 (944 1536 -1296 ) (944 1680 -1296 ) (944 1680 -1600 ) (944 1536 -1600 ) 
4 1371 1732 (1024 1024 -1312 ) (1024 1024 -1296 ) (944 1024 -1296 ) (944 1024 -1312 ) 
4 1371 1381 (944 1024 -1296 ) (944 1384 -1296 ) (944 1384 -1312 ) (944 1024 -1312 ) 
4 1372 1747 (1024 1024 -3040 ) (1024 1024 -1616 ) (944 1024 -1616 ) (944 1024 -3040 ) 
4 1372 1385 (944 1440 -3040 ) (944 1024 -3040 ) (944 1024 -1616 ) (944 1440 -1616 ) 
4 1372 1380 (944 1472 -3040 ) (944 1440 -3040 ) (944 1440 -1616 ) (944 1472 -1616 ) 
4 1372 1376 (944 2048 -1616 ) (944 2048 -3040 ) (944 1472 -3040 ) (944 1472 -1616 ) 
4 1373 1399 (688 2048 -1472 ) (688 2048 -1600 ) (688 1536 -1600 ) (688 1536 -1472 ) 
4 1373 1387 (688 1664 -1472 ) (688 1536 -1472 ) (688 1536 -1296 ) (688 1664 -1296 ) 
4 1373 1386 (688 2048 -1296 ) (688 2048 -1472 ) (688 1664 -1472 ) (688 1664 -1296 ) 
11 1373 1377 (944 1472 -1604 ) (944 1472 -1504 ) (936 1472 -1456 ) (908 1472 -1412 ) (864 1472 -1384 ) (816 1472 -1376 ) (768 1472 -1384 ) (724 1472 -1412 ) (696 1472 -1456 ) (688 1472 -1504 ) (688 1472 -1604 ) 
4 1373 1375 (752 1472 -1604 ) (688 1472 -1604 ) (688 2048 -1604 ) (752 2048 -1604 ) 
4 1373 1374 (944 1472 -1604 ) (880 1472 -1604 ) (880 2048 -1604 ) (944 2048 -1604 ) 
3 1374 1379 (944 1472 -1608 ) (944 1472 -1604 ) (880 1472 -1604 ) 
3 1375 1378 (752 1472 -1604 ) (688 1472 -1604 ) (688 1472 -1608 ) 
4 1376 1403 (688 2048 -1616 ) (688 2048 -3040 ) (688 1472 -3040 ) (688 1472 -1616 ) 
4 1376 1380 (944 1472 -3040 ) (944 1472 -1616 ) (688 1472 -1616 ) (688 1472 -3040 ) 
11 1377 1382 (944 1440 -1604 ) (944 1440 -1504 ) (936 1440 -1456 ) (908 1440 -1412 ) (864 1440 -1384 ) (816 1440 -1376 ) (768 1440 -1384 ) (724 1440 -1412 ) (696 1440 -1456 ) (688 1440 -1504 ) (688 1440 -1604 ) 
4 1377 1379 (880 1472 -1604 ) (944 1472 -1604 ) (944 1440 -1604 ) (880 1440 -1604 ) 
4 1377 1378 (688 1472 -1604 ) (752 1472 -1604 ) (752 1440 -1604 ) (688 1440 -1604 ) 
3 1378 1384 (752 1440 -1604 ) (688 1440 -1604 ) (688 1440 -1608 ) 
3 1379 1383 (944 1440 -1608 ) (944 1440 -1604 ) (880 1440 -1604 ) 
4 1380 1403 (688 1440 -3040 ) (688 1440 -1616 ) (688 1472 -1616 ) (688 1472 -3040 ) 
4 1380 1385 (944 1440 -3040 ) (944 1440 -1616 ) (688 1440 -1616 ) (688 1440 -3040 ) 
4 1381 1736 (944 1024 -1344 ) (944 1024 -1296 ) (688 1024 -1296 ) (688 1024 -1344 ) 
4 1381 1396 (688 1024 -1312 ) (688 1024 -1296 ) (688 1384 -1296 ) (688 1384 -1312 ) 
4 1382 1741 (944 1024 -1604 ) (944 1024 -1600 ) (688 1024 -1600 ) (688 1024 -1604 ) 
4 1382 1737 (944 1024 -1600 ) (944 1024 -1352 ) (688 1024 -1352 ) (688 1024 -1600 ) 
4 1382 1384 (688 1024 -1604 ) (688 1440 -1604 ) (752 1440 -1604 ) (752 1024 -1604 ) 
4 1382 1383 (880 1440 -1604 ) (944 1440 -1604 ) (944 1024 -1604 ) (880 1024 -1604 ) 
3 1383 1742 (944 1024 -1608 ) (944 1024 -1604 ) (880 1024 -1604 ) 
3 1384 1743 (752 1024 -1604 ) (688 1024 -1604 ) (688 1024 -1608 ) 
4 1385 1747 (944 1024 -3040 ) (944 1024 -1616 ) (688 1024 -1616 ) (688 1024 -3040 ) 
4 1385 1403 (688 1024 -3040 ) (688 1024 -1616 ) (688 1440 -1616 ) (688 1440 -3040 ) 
4 1386 1399 (688 2048 -1472 ) (688 1664 -1472 ) (624 1664 -1472 ) (624 2048 -1472 ) 
4 1386 1387 (624 1664 -1296 ) (624 1664 -1472 ) (688 1664 -1472 ) (688 1664 -1296 ) 
4 1387 1399 (688 1664 -1472 ) (688 1536 -1472 ) (624 1536 -1472 ) (624 1664 -1472 ) 
4 1388 1400 (592 1920 -1472 ) (592 2032 -1472 ) (600 2032 -1472 ) (600 1920 -1472 ) 
4 1388 1390 (592 2032 -1280 ) (592 2032 -1472 ) (592 1920 -1472 ) (592 1920 -1280 ) 
4 1389 1400 (600 1536 -1472 ) (592 1536 -1472 ) (592 1792 -1472 ) (600 1792 -1472 ) 
4 1389 1390 (592 1792 -1472 ) (592 1536 -1472 ) (592 1536 -1280 ) (592 1792 -1280 ) 
4 1390 1400 (592 1536 -1472 ) (240 1536 -1472 ) (240 2032 -1472 ) (592 2032 -1472 ) 
4 1390 1398 (240 1536 -1472 ) (496 1536 -1472 ) (496 1536 -1312 ) (240 1536 -1312 ) 
4 1390 1397 (560 1536 -1296 ) (240 1536 -1296 ) (240 1536 -1312 ) (560 1536 -1312 ) 
4 1390 1392 (240 1664 -1472 ) (240 1536 -1472 ) (240 1536 -1296 ) (240 1664 -1296 ) 
4 1390 1391 (240 2032 -1280 ) (240 2032 -1472 ) (240 1664 -1472 ) (240 1664 -1280 ) 
4 1391 1543 (0 2032 -1296 ) (0 2032 -1472 ) (0 1664 -1472 ) (0 1664 -1296 ) 
4 1391 1537 (0 1664 -1280 ) (0 2032 -1280 ) (0 2032 -1296 ) (0 1664 -1296 ) 
4 1391 1400 (0 1664 -1472 ) (0 2032 -1472 ) (240 2032 -1472 ) (240 1664 -1472 ) 
4 1391 1392 (0 1664 -1472 ) (240 1664 -1472 ) (240 1664 -1296 ) (0 1664 -1296 ) 
4 1392 1543 (0 1664 -1296 ) (0 1664 -1472 ) (0 1536 -1472 ) (0 1536 -1296 ) 
4 1392 1400 (240 1536 -1472 ) (0 1536 -1472 ) (0 1664 -1472 ) (240 1664 -1472 ) 
4 1392 1398 (0 1536 -1472 ) (240 1536 -1472 ) (240 1536 -1312 ) (0 1536 -1312 ) 
4 1392 1397 (240 1536 -1312 ) (240 1536 -1296 ) (0 1536 -1296 ) (0 1536 -1312 ) 
4 1393 1396 (688 1384 -1296 ) (688 1152 -1296 ) (624 1152 -1296 ) (624 1384 -1296 ) 
3 1393 1395 (624 1408 -1280 ) (624 1408 -1288 ) (624 1344 -1280 ) 
3 1393 1394 (624 1152 -1288 ) (624 1152 -1280 ) (624 1216 -1280 ) 
3 1394 1540 (0 1152 -1280 ) (0 1216 -1280 ) (0 1152 -1288 ) 
3 1395 1539 (0 1344 -1280 ) (0 1408 -1280 ) (0 1408 -1288 ) 
4 1396 1739 (688 1024 -1312 ) (688 1024 -1296 ) (560 1024 -1296 ) (560 1024 -1312 ) 
4 1396 1397 (560 1384 -1312 ) (560 1024 -1312 ) (560 1024 -1296 ) (560 1384 -1296 ) 
4 1397 1739 (560 1024 -1296 ) (496 1024 -1296 ) (496 1024 -1312 ) (560 1024 -1312 ) 
4 1397 1740 (496 1024 -1296 ) (0 1024 -1296 ) (0 1024 -1312 ) (496 1024 -1312 ) 
4 1397 1543 (0 1024 -1312 ) (0 1024 -1296 ) (0 1536 -1296 ) (0 1536 -1312 ) 
4 1397 1398 (0 1024 -1312 ) (0 1536 -1312 ) (496 1536 -1312 ) (496 1024 -1312 ) 
4 1398 1740 (496 1024 -1312 ) (0 1024 -1312 ) (0 1024 -1472 ) (496 1024 -1472 ) 
4 1398 1543 (0 1024 -1472 ) (0 1024 -1312 ) (0 1536 -1312 ) (0 1536 -1472 ) 
4 1398 1401 (496 1024 -1472 ) (0 1024 -1472 ) (0 1536 -1472 ) (496 1536 -1472 ) 
4 1400 1543 (0 1536 -1472 ) (0 2032 -1472 ) (0 2032 -1600 ) (0 1536 -1600 ) 
4 1400 1402 (0 1536 -1600 ) (0 2032 -1600 ) (600 2032 -1600 ) (600 1536 -1600 ) 
4 1400 1401 (0 1536 -1600 ) (496 1536 -1600 ) (496 1536 -1472 ) (0 1536 -1472 ) 
4 1401 1740 (496 1024 -1472 ) (0 1024 -1472 ) (0 1024 -1600 ) (496 1024 -1600 ) 
4 1401 1543 (0 1024 -1600 ) (0 1024 -1472 ) (0 1536 -1472 ) (0 1536 -1600 ) 
4 1401 1402 (0 1024 -1600 ) (0 1536 -1600 ) (496 1536 -1600 ) (496 1024 -1600 ) 
4 1402 1744 (624 1024 -1600 ) (0 1024 -1600 ) (0 1024 -1616 ) (624 1024 -1616 ) 
4 1402 1543 (0 1024 -1616 ) (0 1024 -1600 ) (0 2032 -1600 ) (0 2032 -1616 ) 
4 1402 1542 (0 2032 -1600 ) (0 2048 -1600 ) (0 2048 -1616 ) (0 2032 -1616 ) 
4 1402 1403 (624 1024 -1616 ) (0 1024 -1616 ) (0 2048 -1616 ) (624 2048 -1616 ) 
4 1403 1747 (688 1024 -3040 ) (688 1024 -1616 ) (0 1024 -1616 ) (0 1024 -3040 ) 
4 1403 1543 (0 1024 -3040 ) (0 1024 -1616 ) (0 2032 -1616 ) (0 2032 -3040 ) 
4 1403 1542 (0 2032 -1616 ) (0 2048 -1616 ) (0 2048 -3040 ) (0 2032 -3040 ) 
4 1404 1406 (0 6144 -3040 ) (0 6144 2528 ) (-1024 6144 2528 ) (-1024 6144 -3040 ) 
4 1404 1405 (-1024 6144 -3040 ) (-1024 6144 2528 ) (-1024 7136 2528 ) (-1024 7136 -3040 ) 
4 1405 1408 (-2048 6144 -3040 ) (-2048 6144 2528 ) (-2048 7136 2528 ) (-2048 7136 -3040 ) 
4 1405 1407 (-1024 6144 -3040 ) (-1024 6144 2528 ) (-2048 6144 2528 ) (-2048 6144 -3040 ) 
4 1406 1418 (0 5120 -3040 ) (0 5120 2528 ) (-1024 5120 2528 ) (-1024 5120 -3040 ) 
4 1406 1407 (-1024 6144 2528 ) (-1024 6144 -3040 ) (-1024 5120 -3040 ) (-1024 5120 2528 ) 
4 1407 1419 (-1024 5120 -3040 ) (-1024 5120 2528 ) (-2048 5120 2528 ) (-2048 5120 -3040 ) 
4 1407 1410 (-2048 5120 -3040 ) (-2048 5120 2528 ) (-2048 6144 2528 ) (-2048 6144 -3040 ) 
4 1408 1410 (-2048 6144 -3040 ) (-2048 6144 2528 ) (-3072 6144 2528 ) (-3072 6144 -3040 ) 
4 1408 1409 (-3072 6144 -3040 ) (-3072 6144 2528 ) (-3072 7136 2528 ) (-3072 7136 -3040 ) 
4 1409 1412 (-4096 6144 -3040 ) (-4096 6144 2528 ) (-4096 7136 2528 ) (-4096 7136 -3040 ) 
4 1409 1411 (-3072 6144 -3040 ) (-3072 6144 2528 ) (-4096 6144 2528 ) (-4096 6144 -3040 ) 
4 1410 1422 (-2048 5120 -3040 ) (-2048 5120 2528 ) (-3072 5120 2528 ) (-3072 5120 -3040 ) 
4 1410 1411 (-3072 6144 2528 ) (-3072 6144 -3040 ) (-3072 5120 -3040 ) (-3072 5120 2528 ) 
4 1411 1423 (-3072 5120 -3040 ) (-3072 5120 2528 ) (-4096 5120 2528 ) (-4096 5120 -3040 ) 
4 1411 1414 (-4096 5120 -3040 ) (-4096 5120 2528 ) (-4096 6144 2528 ) (-4096 6144 -3040 ) 
4 1412 1414 (-4096 6144 -3040 ) (-4096 6144 2528 ) (-5120 6144 2528 ) (-5120 6144 -3040 ) 
4 1412 1413 (-5120 6144 -3040 ) (-5120 6144 2528 ) (-5120 7136 2528 ) (-5120 7136 -3040 ) 
4 1413 1416 (-6144 6144 -3040 ) (-6144 6144 2528 ) (-6144 7136 2528 ) (-6144 7136 -3040 ) 
4 1413 1415 (-5120 6144 -3040 ) (-5120 6144 2528 ) (-6144 6144 2528 ) (-6144 6144 -3040 ) 
4 1414 1642 (-4096 5120 -3040 ) (-4096 5120 2528 ) (-5120 5120 2528 ) (-5120 5120 -3040 ) 
4 1414 1415 (-5120 6144 2528 ) (-5120 6144 -3040 ) (-5120 5120 -3040 ) (-5120 5120 2528 ) 
4 1415 1643 (-5120 5120 -3040 ) (-5120 5120 2528 ) (-6144 5120 2528 ) (-6144 5120 -3040 ) 
4 1415 1417 (-6144 5120 -3040 ) (-6144 5120 2528 ) (-6144 6144 2528 ) (-6144 6144 -3040 ) 
4 1416 1417 (-6144 6144 -3040 ) (-6144 6144 2528 ) (-6624 6144 2528 ) (-6624 6144 -3040 ) 
4 1417 1646 (-6144 5120 -3040 ) (-6144 5120 2528 ) (-6624 5120 2528 ) (-6624 5120 -3040 ) 
4 1418 1420 (0 4096 -3040 ) (0 4096 2528 ) (-1024 4096 2528 ) (-1024 4096 -3040 ) 
4 1418 1419 (-1024 5120 2528 ) (-1024 5120 -3040 ) (-1024 4096 -3040 ) (-1024 4096 2528 ) 
4 1419 1422 (-2048 5120 2528 ) (-2048 5120 -3040 ) (-2048 4096 -3040 ) (-2048 4096 2528 ) 
4 1419 1421 (-1024 4096 -3040 ) (-1024 4096 2528 ) (-2048 4096 2528 ) (-2048 4096 -3040 ) 
4 1420 1459 (0 3072 -3040 ) (0 3072 -1600 ) (-1024 3072 -1600 ) (-1024 3072 -3040 ) 
4 1420 1457 (0 3072 -1600 ) (0 3072 -1472 ) (-336 3072 -1472 ) (-336 3072 -1600 ) 
4 1420 1458 (-336 3072 -1472 ) (-1024 3072 -1472 ) (-1024 3072 -1600 ) (-336 3072 -1600 ) 
4 1420 1440 (-32 3072 -1472 ) (-16 3072 -1472 ) (-16 3072 -320 ) (-32 3072 -320 ) 
4 1420 1442 (-1024 3072 -320 ) (-1024 3072 -1472 ) (-32 3072 -1472 ) (-32 3072 -320 ) 
4 1420 1437 (-16 3072 2528 ) (-336 3072 2528 ) (-336 3072 -320 ) (-16 3072 -320 ) 
4 1420 1439 (-336 3072 2528 ) (-1024 3072 2528 ) (-1024 3072 -320 ) (-336 3072 -320 ) 
4 1420 1426 (0 3072 -1472 ) (0 3072 2528 ) (-16 3072 2528 ) (-16 3072 -1472 ) 
4 1420 1421 (-1024 4096 2528 ) (-1024 4096 -3040 ) (-1024 3072 -3040 ) (-1024 3072 2528 ) 
4 1421 1503 (-1024 3072 -3040 ) (-1024 3072 2528 ) (-2048 3072 2528 ) (-2048 3072 -3040 ) 
4 1421 1424 (-2048 3072 -3040 ) (-2048 3072 2528 ) (-2048 4096 2528 ) (-2048 4096 -3040 ) 
4 1422 1424 (-2048 4096 -3040 ) (-2048 4096 2528 ) (-3072 4096 2528 ) (-3072 4096 -3040 ) 
4 1422 1423 (-3072 5120 2528 ) (-3072 5120 -3040 ) (-3072 4096 -3040 ) (-3072 4096 2528 ) 
4 1423 1642 (-4096 5120 2528 ) (-4096 5120 -3040 ) (-4096 4096 -3040 ) (-4096 4096 2528 ) 
4 1423 1425 (-3072 4096 -3040 ) (-3072 4096 2528 ) (-4096 4096 2528 ) (-4096 4096 -3040 ) 
4 1424 1596 (-2048 3072 -3040 ) (-2048 3072 2528 ) (-3072 3072 2528 ) (-3072 3072 -3040 ) 
4 1424 1425 (-3072 4096 2528 ) (-3072 4096 -3040 ) (-3072 3072 -3040 ) (-3072 3072 2528 ) 
4 1425 1644 (-4096 3072 -3040 ) (-4096 3072 2528 ) (-4096 4096 2528 ) (-4096 4096 -3040 ) 
4 1425 1597 (-3072 3072 -3040 ) (-3072 3072 2528 ) (-4096 3072 2528 ) (-4096 3072 -3040 ) 
4 1426 1457 (-16 3072 -1472 ) (0 3072 -1472 ) (0 2960 -1472 ) (-16 2960 -1472 ) 
4 1426 1440 (-16 3072 -320 ) (-16 3072 -1472 ) (-16 2960 -1472 ) (-16 2960 -320 ) 
4 1426 1437 (-16 3072 2528 ) (-16 3072 -320 ) (-16 2960 -320 ) (-16 2960 2528 ) 
4 1426 1427 (0 2960 2528 ) (-16 2960 2528 ) (-16 2960 -640 ) (0 2960 -640 ) 
4 1426 1428 (-16 2960 -1376 ) (-16 2960 -1472 ) (0 2960 -1472 ) (0 2960 -1376 ) 
4 1427 1441 (-16 2944 -640 ) (-16 2944 -320 ) (-16 2960 -320 ) (-16 2960 -640 ) 
4 1427 1437 (-16 2944 -320 ) (-16 2944 2528 ) (-16 2960 2528 ) (-16 2960 -320 ) 
4 1427 1429 (-16 2944 2528 ) (-16 2944 -640 ) (0 2944 -640 ) (0 2944 2528 ) 
4 1428 1457 (0 2960 -1472 ) (0 2944 -1472 ) (-16 2944 -1472 ) (-16 2960 -1472 ) 
4 1428 1435 (-16 2944 -1384 ) (-16 2944 -1472 ) (0 2944 -1472 ) (0 2944 -1384 ) 
4 1429 1441 (-16 2944 -320 ) (-16 2944 -640 ) (-16 2816 -640 ) (-16 2816 -320 ) 
4 1429 1437 (-16 2816 2528 ) (-16 2944 2528 ) (-16 2944 -320 ) (-16 2816 -320 ) 
4 1429 1430 (0 2816 -304 ) (0 2816 2528 ) (-16 2816 2528 ) (-16 2816 -304 ) 
4 1429 1431 (-16 2816 -640 ) (0 2816 -640 ) (0 2816 -320 ) (-16 2816 -320 ) 
4 1430 1443 (0 2560 -48 ) (0 2560 2528 ) (-16 2560 2528 ) (-16 2560 -48 ) 
4 1430 1438 (-16 2560 -48 ) (-16 2560 2528 ) (-16 2816 2528 ) (-16 2816 -304 ) 
4 1431 1445 (0 2560 -640 ) (0 2560 -320 ) (-16 2560 -320 ) (-16 2560 -640 ) 
4 1431 1441 (-16 2560 -640 ) (-16 2560 -320 ) (-16 2816 -320 ) (-16 2816 -640 ) 
4 1431 1433 (0 2560 -640 ) (-16 2560 -640 ) (-16 2624 -640 ) (0 2624 -640 ) 
4 1432 1433 (-16 2624 -1072 ) (0 2624 -1072 ) (0 2624 -848 ) (-16 2624 -848 ) 
4 1433 1445 (0 2560 -1072 ) (0 2560 -640 ) (-16 2560 -640 ) (-16 2560 -1072 ) 
4 1433 1441 (-16 2560 -848 ) (-16 2560 -640 ) (-16 2624 -640 ) (-16 2624 -848 ) 
4 1435 1457 (0 2944 -1472 ) (0 2688 -1472 ) (-16 2688 -1472 ) (-16 2944 -1472 ) 
4 1436 1445 (0 2560 -1136 ) (0 2560 -1088 ) (-16 2560 -1088 ) (-16 2560 -1136 ) 
4 1437 1441 (-16 2960 -320 ) (-16 2816 -320 ) (-32 2816 -320 ) (-32 2960 -320 ) 
4 1437 1440 (-32 3072 -320 ) (-16 3072 -320 ) (-16 2960 -320 ) (-32 2960 -320 ) 
4 1437 1442 (-336 3072 -320 ) (-32 3072 -320 ) (-32 2816 -320 ) (-336 2816 -320 ) 
4 1437 1438 (-336 2816 2528 ) (-336 2816 -304 ) (-16 2816 -304 ) (-16 2816 2528 ) 
4 1437 1439 (-336 3072 -320 ) (-336 2816 -320 ) (-336 2816 2528 ) (-336 3072 2528 ) 
4 1438 1443 (-16 2560 -48 ) (-16 2560 2528 ) (-336 2560 2528 ) (-336 2560 -48 ) 
4 1438 1439 (-336 2560 -48 ) (-336 2560 2528 ) (-336 2816 2528 ) (-336 2816 -304 ) 
4 1439 1503 (-1024 3072 2528 ) (-1024 3072 -320 ) (-1024 2560 -320 ) (-1024 2560 2528 ) 
4 1439 1444 (-336 2560 2528 ) (-1024 2560 2528 ) (-1024 2560 -320 ) (-336 2560 -320 ) 
4 1439 1442 (-1024 3072 -320 ) (-336 3072 -320 ) (-336 2560 -320 ) (-1024 2560 -320 ) 
4 1440 1457 (-32 3072 -1472 ) (-16 3072 -1472 ) (-16 2960 -1472 ) (-32 2960 -1472 ) 
4 1440 1441 (-32 2960 -320 ) (-32 2960 -848 ) (-16 2960 -848 ) (-16 2960 -320 ) 
4 1440 1442 (-32 3072 -1472 ) (-32 2960 -1472 ) (-32 2960 -320 ) (-32 3072 -320 ) 
4 1441 1450 (-16 2560 -848 ) (-16 2560 -320 ) (-32 2560 -320 ) (-32 2560 -848 ) 
4 1441 1442 (-32 2560 -848 ) (-32 2560 -320 ) (-32 2960 -320 ) (-32 2960 -848 ) 
4 1442 1503 (-1024 3072 -320 ) (-1024 3072 -1472 ) (-1024 2560 -1472 ) (-1024 2560 -320 ) 
4 1442 1457 (-336 3072 -1472 ) (-32 3072 -1472 ) (-32 2560 -1472 ) (-336 2560 -1472 ) 
4 1442 1458 (-1024 2560 -1472 ) (-1024 3072 -1472 ) (-336 3072 -1472 ) (-336 2560 -1472 ) 
4 1442 1452 (-1024 2560 -1472 ) (-32 2560 -1472 ) (-32 2560 -320 ) (-1024 2560 -320 ) 
4 1443 1476 (-16 2304 2528 ) (-336 2304 2528 ) (-336 2304 -304 ) (-16 2304 -304 ) 
4 1443 1460 (0 2304 -304 ) (0 2304 2528 ) (-16 2304 2528 ) (-16 2304 -304 ) 
4 1443 1444 (-336 2304 -304 ) (-336 2304 2528 ) (-336 2560 2528 ) (-336 2560 -48 ) 
4 1444 1503 (-1024 2304 -320 ) (-1024 2304 2528 ) (-1024 2560 2528 ) (-1024 2560 -320 ) 
4 1444 1476 (-336 2304 2528 ) (-1024 2304 2528 ) (-1024 2304 -320 ) (-336 2304 -320 ) 
4 1444 1453 (-336 2304 -320 ) (-1024 2304 -320 ) (-1024 2320 -320 ) (-336 2320 -320 ) 
4 1444 1452 (-1024 2320 -320 ) (-1024 2560 -320 ) (-336 2560 -320 ) (-336 2320 -320 ) 
4 1445 1450 (-16 2432 -320 ) (-16 2560 -320 ) (-16 2560 -848 ) (-16 2432 -848 ) 
4 1445 1448 (-16 2432 -320 ) (-16 2432 -1136 ) (0 2432 -1136 ) (0 2432 -320 ) 
4 1447 1457 (-16 2560 -1472 ) (0 2560 -1472 ) (0 2432 -1472 ) (-16 2432 -1472 ) 
4 1448 1450 (-16 2416 -320 ) (-16 2432 -320 ) (-16 2432 -848 ) (-16 2416 -848 ) 
4 1448 1449 (-16 2416 -320 ) (-16 2416 -1152 ) (0 2416 -1152 ) (0 2416 -320 ) 
4 1449 1457 (0 2416 -1472 ) (0 2320 -1472 ) (-16 2320 -1472 ) (-16 2416 -1472 ) 
4 1449 1451 (-16 2320 -1472 ) (-16 2320 -320 ) (-16 2416 -320 ) (-16 2416 -1472 ) 
4 1450 1451 (-32 2416 -320 ) (-32 2416 -848 ) (-16 2416 -848 ) (-16 2416 -320 ) 
4 1450 1452 (-32 2416 -320 ) (-32 2560 -320 ) (-32 2560 -848 ) (-32 2416 -848 ) 
4 1451 1457 (-16 2416 -1472 ) (-16 2320 -1472 ) (-32 2320 -1472 ) (-32 2416 -1472 ) 
4 1451 1452 (-32 2320 -1472 ) (-32 2320 -320 ) (-32 2416 -320 ) (-32 2416 -1472 ) 
4 1452 1503 (-1024 2560 -1472 ) (-1024 2320 -1472 ) (-1024 2320 -320 ) (-1024 2560 -320 ) 
4 1452 1457 (-336 2560 -1472 ) (-32 2560 -1472 ) (-32 2320 -1472 ) (-336 2320 -1472 ) 
4 1452 1458 (-1024 2320 -1472 ) (-1024 2560 -1472 ) (-336 2560 -1472 ) (-336 2320 -1472 ) 
4 1452 1455 (-160 2320 -976 ) (-336 2320 -976 ) (-336 2320 -1296 ) (-160 2320 -1296 ) 
4 1452 1454 (-144 2320 -976 ) (-144 2320 -960 ) (-336 2320 -960 ) (-336 2320 -976 ) 
4 1452 1456 (-1024 2320 -1472 ) (-336 2320 -1472 ) (-336 2320 -960 ) (-1024 2320 -960 ) 
4 1452 1453 (-336 2320 -320 ) (-1024 2320 -320 ) (-1024 2320 -960 ) (-336 2320 -960 ) 
4 1453 1503 (-1024 2304 -960 ) (-1024 2304 -320 ) (-1024 2320 -320 ) (-1024 2320 -960 ) 
4 1453 1500 (-1024 2304 -464 ) (-1024 2304 -960 ) (-336 2304 -960 ) (-336 2304 -464 ) 
4 1453 1497 (-1024 2304 -448 ) (-1024 2304 -464 ) (-400 2304 -464 ) (-400 2304 -448 ) 
4 1453 1477 (-416 2304 -448 ) (-336 2304 -448 ) (-336 2304 -432 ) (-416 2304 -432 ) 
4 1453 1478 (-1024 2304 -432 ) (-1024 2304 -448 ) (-416 2304 -448 ) (-416 2304 -432 ) 
4 1453 1476 (-336 2304 -320 ) (-1024 2304 -320 ) (-1024 2304 -432 ) (-336 2304 -432 ) 
4 1453 1456 (-336 2304 -960 ) (-1024 2304 -960 ) (-1024 2320 -960 ) (-336 2320 -960 ) 
4 1454 1455 (-336 2304 -976 ) (-336 2320 -976 ) (-160 2320 -976 ) (-160 2304 -976 ) 
4 1454 1456 (-336 2304 -960 ) (-336 2320 -960 ) (-336 2320 -976 ) (-336 2304 -976 ) 
4 1455 1499 (-336 2304 -1008 ) (-336 2304 -1296 ) (-160 2304 -1296 ) (-160 2304 -1008 ) 
4 1455 1456 (-336 2320 -976 ) (-336 2320 -1296 ) (-336 2304 -1296 ) (-336 2304 -976 ) 
4 1456 1503 (-1024 2320 -1472 ) (-1024 2304 -1472 ) (-1024 2304 -960 ) (-1024 2320 -960 ) 
4 1456 1500 (-336 2304 -960 ) (-1024 2304 -960 ) (-1024 2304 -1472 ) (-336 2304 -1472 ) 
4 1456 1458 (-336 2304 -1472 ) (-1024 2304 -1472 ) (-1024 2320 -1472 ) (-336 2320 -1472 ) 
4 1457 1459 (-336 2320 -1600 ) (-336 3072 -1600 ) (0 3072 -1600 ) (0 2320 -1600 ) 
4 1457 1458 (-336 3072 -1600 ) (-336 2320 -1600 ) (-336 2320 -1472 ) (-336 3072 -1472 ) 
4 1458 1503 (-1024 3072 -1472 ) (-1024 3072 -1600 ) (-1024 2304 -1600 ) (-1024 2304 -1472 ) 
4 1458 1500 (-336 2304 -1472 ) (-1024 2304 -1472 ) (-1024 2304 -1600 ) (-336 2304 -1600 ) 
4 1458 1459 (-336 2304 -1600 ) (-1024 2304 -1600 ) (-1024 3072 -1600 ) (-336 3072 -1600 ) 
4 1459 1503 (-1024 3072 -1600 ) (-1024 3072 -3040 ) (-1024 2304 -3040 ) (-1024 2304 -1600 ) 
4 1459 1502 (0 2304 -3040 ) (0 2304 -1616 ) (-1024 2304 -1616 ) (-1024 2304 -3040 ) 
4 1459 1501 (-144 2304 -1600 ) (-1024 2304 -1600 ) (-1024 2304 -1616 ) (-144 2304 -1616 ) 
4 1460 1479 (-16 2304 -448 ) (-16 2304 -960 ) (-16 2176 -960 ) (-16 2176 -448 ) 
4 1460 1477 (-16 2304 -432 ) (-16 2304 -448 ) (-16 2176 -448 ) (-16 2176 -432 ) 
4 1460 1476 (-16 2304 2528 ) (-16 2304 -432 ) (-16 2176 -432 ) (-16 2176 2528 ) 
4 1460 1470 (-16 2176 2528 ) (-16 2176 -960 ) (0 2176 -960 ) (0 2176 2528 ) 
4 1461 1480 (-16 2304 -1008 ) (-16 2304 -1280 ) (-16 2176 -1280 ) (-16 2176 -1008 ) 
5 1461 1473 (-16 2176 -1008 ) (-16 2176 -1272 ) (-4 2176 -1280 ) (0 2176 -1280 ) (0 2176 -1008 ) 
4 1462 1467 (0 2192 -1296 ) (-4 2192 -1296 ) (-4 2192 -1520 ) (0 2192 -1517.333252 ) 
4 1462 1464 (-4 2192 -1528 ) (-4 2192 -1296 ) (-4 2304 -1296 ) (-4 2304 -1528 ) 
4 1463 1466 (-4 2192 -1544 ) (-4 2192 -1600 ) (0 2192 -1600 ) (0 2192 -1541.333130 ) 
4 1463 1465 (-4 2304 -1600 ) (-4 2192 -1600 ) (-4 2192 -1544 ) (-4 2304 -1544 ) 
3 1464 1493 (-16 2302 -1362 ) (-16 2272 -1332 ) (-16 2302 -1332 ) 
4 1464 1489 (-16 2304 -1332 ) (-16 2304 -1364 ) (-16 2302 -1362 ) (-16 2302 -1332 ) 
5 1464 1485 (-16 2304 -1364 ) (-16 2304 -1536 ) (-16 2192 -1536 ) (-16 2192 -1332 ) (-16 2272 -1332 ) 
4 1464 1484 (-16 2304 -1296 ) (-16 2304 -1332 ) (-16 2192 -1332 ) (-16 2192 -1296 ) 
4 1464 1467 (-4 2192 -1296 ) (-16 2192 -1296 ) (-16 2192 -1528 ) (-4 2192 -1520 ) 
4 1465 1466 (-16 2192 -1552 ) (-16 2192 -1600 ) (-4 2192 -1600 ) (-4 2192 -1544 ) 
3 1466 1469 (-16 2176 -1552 ) (-4 2176 -1552 ) (-4 2176 -1544 ) 
4 1466 1468 (0 2176 -1560 ) (0 2176 -1541.333252 ) (-4 2176 -1544 ) (-4 2176 -1560 ) 
4 1467 1485 (-16 2176 -1528 ) (-16 2176 -1332 ) (-16 2192 -1332 ) (-16 2192 -1528 ) 
4 1467 1484 (-16 2176 -1332 ) (-16 2176 -1296 ) (-16 2192 -1296 ) (-16 2192 -1332 ) 
4 1467 1469 (-16 2176 -1296 ) (-16 2176 -1528 ) (-4 2176 -1520 ) (-4 2176 -1304 ) 
4 1467 1468 (-4 2176 -1520 ) (0 2176 -1517.333374 ) (0 2176 -1306.666748 ) (-4 2176 -1304 ) 
4 1468 1469 (-4 2048 -1304 ) (-4 2176 -1304 ) (-4 2176 -1552 ) (-4 2048 -1552 ) 
4 1469 1485 (-16 2048 -1544 ) (-16 2048 -1332 ) (-16 2176 -1332 ) (-16 2176 -1544 ) 
4 1469 1484 (-16 2048 -1332 ) (-16 2048 -1296 ) (-16 2176 -1296 ) (-16 2176 -1332 ) 
4 1470 1479 (-16 2176 -448 ) (-16 2176 -960 ) (-16 2056 -960 ) (-16 2056 -448 ) 
4 1470 1477 (-16 2176 -432 ) (-16 2176 -448 ) (-16 2056 -448 ) (-16 2056 -432 ) 
4 1470 1476 (-16 2056 2528 ) (-16 2176 2528 ) (-16 2176 -432 ) (-16 2056 -432 ) 
4 1470 1471 (0 2056 -432 ) (0 2056 2528 ) (-16 2056 2528 ) (-16 2056 -432 ) 
4 1470 1472 (-16 2056 -960 ) (0 2056 -960 ) (0 2056 -448 ) (-16 2056 -448 ) 
4 1471 1504 (0 2048 -432 ) (0 2048 2528 ) (-16 2048 2528 ) (-16 2048 -432 ) 
4 1471 1476 (-16 2048 -432 ) (-16 2048 2528 ) (-16 2056 2528 ) (-16 2056 -432 ) 
4 1472 1479 (-16 2048 -960 ) (-16 2048 -448 ) (-16 2056 -448 ) (-16 2056 -960 ) 
4 1473 1481 (-16 2160 -1008 ) (-16 2176 -1008 ) (-16 2176 -1248 ) (-16 2160 -1248 ) 
4 1473 1475 (-4 2160 -1008 ) (-16 2160 -1008 ) (-16 2160 -1272 ) (-4 2160 -1280 ) 
4 1473 1474 (0 2160 -1008 ) (-4 2160 -1008 ) (-4 2160 -1280 ) (0 2160 -1282.666748 ) 
4 1474 1475 (-4 2160 -1008 ) (-4 2160 -1288 ) (-4 2048 -1288 ) (-4 2048 -1008 ) 
4 1475 1482 (-16 2048 -1280 ) (-16 2048 -1008 ) (-16 2160 -1008 ) (-16 2160 -1280 ) 
4 1476 1504 (-416 2048 -432 ) (-16 2048 -432 ) (-16 2048 2528 ) (-416 2048 2528 ) 
4 1476 1505 (-1024 2048 2528 ) (-1024 2048 -432 ) (-416 2048 -432 ) (-416 2048 2528 ) 
4 1476 1503 (-1024 2048 -432 ) (-1024 2048 2528 ) (-1024 2304 2528 ) (-1024 2304 -432 ) 
4 1476 1477 (-416 2304 -432 ) (-16 2304 -432 ) (-16 2056 -432 ) (-416 2056 -432 ) 
4 1476 1478 (-1024 2304 -432 ) (-416 2304 -432 ) (-416 2048 -432 ) (-1024 2048 -432 ) 
4 1477 1497 (-416 2304 -448 ) (-400 2304 -448 ) (-400 2056 -448 ) (-416 2056 -448 ) 
4 1477 1479 (-144 2304 -448 ) (-16 2304 -448 ) (-16 2056 -448 ) (-144 2056 -448 ) 
4 1477 1478 (-416 2304 -448 ) (-416 2056 -448 ) (-416 2056 -432 ) (-416 2304 -432 ) 
4 1478 1505 (-1024 2048 -432 ) (-1024 2048 -448 ) (-416 2048 -448 ) (-416 2048 -432 ) 
4 1478 1503 (-1024 2048 -448 ) (-1024 2048 -432 ) (-1024 2304 -432 ) (-1024 2304 -448 ) 
4 1478 1497 (-1024 2048 -448 ) (-1024 2304 -448 ) (-416 2304 -448 ) (-416 2048 -448 ) 
4 1480 1481 (-32 2176 -1008 ) (-32 2176 -1248 ) (-16 2176 -1248 ) (-16 2176 -1008 ) 
4 1480 1483 (-32 2304 -1280 ) (-32 2176 -1280 ) (-32 2176 -1008 ) (-32 2304 -1008 ) 
4 1481 1483 (-32 2160 -1248 ) (-32 2160 -1008 ) (-32 2176 -1008 ) (-32 2176 -1248 ) 
4 1481 1482 (-32 2160 -1008 ) (-32 2160 -1248 ) (-16 2160 -1248 ) (-16 2160 -1008 ) 
4 1482 1483 (-32 2160 -1280 ) (-32 2048 -1280 ) (-32 2048 -1008 ) (-32 2160 -1008 ) 
4 1484 1494 (-82 2302 -1332 ) (-78 2302 -1332 ) (-78 2272 -1332 ) (-82 2272 -1332 ) 
4 1484 1493 (-78 2302 -1332 ) (-16 2302 -1332 ) (-16 2272 -1332 ) (-78 2272 -1332 ) 
4 1484 1496 (-144 2272 -1332 ) (-144 2302 -1332 ) (-82 2302 -1332 ) (-82 2272 -1332 ) 
4 1484 1490 (-86 2304 -1332 ) (-74 2304 -1332 ) (-74 2302 -1332 ) (-86 2302 -1332 ) 
4 1484 1489 (-74 2304 -1332 ) (-16 2304 -1332 ) (-16 2302 -1332 ) (-74 2302 -1332 ) 
4 1484 1492 (-144 2302 -1332 ) (-144 2304 -1332 ) (-86 2304 -1332 ) (-86 2302 -1332 ) 
4 1484 1487 (-72 2268 -1332 ) (-72 2048 -1332 ) (-88 2048 -1332 ) (-88 2268 -1332 ) 
4 1484 1485 (-72 2272 -1332 ) (-16 2272 -1332 ) (-16 2048 -1332 ) (-72 2048 -1332 ) 
4 1484 1488 (-144 2048 -1332 ) (-144 2272 -1332 ) (-88 2272 -1332 ) (-88 2048 -1332 ) 
4 1485 1493 (-72 2272 -1332 ) (-16 2272 -1332 ) (-16 2302 -1362 ) (-72 2302 -1362 ) 
4 1485 1489 (-16 2302 -1362 ) (-16 2304 -1364 ) (-72 2304 -1364 ) (-72 2302 -1362 ) 
5 1485 1487 (-72 2300 -1364 ) (-72 2300 -1544 ) (-72 2048 -1544 ) (-72 2048 -1332 ) (-72 2268 -1332 ) 
4 1485 1486 (-72 2300 -1360 ) (-72 2304 -1364 ) (-72 2304 -1544 ) (-72 2300 -1544 ) 
4 1486 1495 (-78 2302 -1362 ) (-82 2302 -1362 ) (-82 2300 -1360 ) (-78 2300 -1360 ) 
4 1486 1493 (-72 2300 -1360 ) (-72 2302 -1362 ) (-78 2302 -1362 ) (-78 2300 -1360 ) 
4 1486 1496 (-82 2302 -1362 ) (-88 2302 -1362 ) (-88 2300 -1360 ) (-82 2300 -1360 ) 
4 1486 1491 (-74 2304 -1364 ) (-86 2304 -1364 ) (-86 2302 -1362 ) (-74 2302 -1362 ) 
4 1486 1489 (-72 2302 -1362 ) (-72 2304 -1364 ) (-74 2304 -1364 ) (-74 2302 -1362 ) 
4 1486 1492 (-86 2304 -1364 ) (-88 2304 -1364 ) (-88 2302 -1362 ) (-86 2302 -1362 ) 
4 1486 1487 (-88 2300 -1364 ) (-88 2300 -1544 ) (-72 2300 -1544 ) (-72 2300 -1364 ) 
4 1486 1488 (-88 2300 -1360 ) (-88 2304 -1364 ) (-88 2304 -1544 ) (-88 2300 -1544 ) 
5 1487 1488 (-88 2300 -1364 ) (-88 2300 -1544 ) (-88 2048 -1544 ) (-88 2048 -1332 ) (-88 2268 -1332 ) 
4 1488 1496 (-144 2302 -1362 ) (-144 2272 -1332 ) (-88 2272 -1332 ) (-88 2302 -1362 ) 
4 1488 1492 (-144 2304 -1364 ) (-144 2302 -1362 ) (-88 2302 -1362 ) (-88 2304 -1364 ) 
4 1489 1493 (-74 2302 -1362.001953 ) (-16 2302 -1362.001953 ) (-16 2302 -1332 ) (-74 2302 -1332 ) 
4 1489 1490 (-74 2302 -1340 ) (-74 2302 -1332 ) (-74 2304 -1332 ) (-74 2304 -1340 ) 
4 1489 1491 (-74 2304 -1364.003906 ) (-74 2302 -1362.003906 ) (-74 2302 -1354 ) (-74 2304 -1354 ) 
4 1490 1494 (-78 2302 -1332 ) (-82 2302 -1332 ) (-82 2302 -1340 ) (-78 2302 -1340 ) 
4 1490 1493 (-74 2302 -1340 ) (-74 2302 -1332 ) (-78 2302 -1332 ) (-78 2302 -1340 ) 
4 1490 1496 (-82 2302 -1332 ) (-86 2302 -1332 ) (-86 2302 -1340 ) (-82 2302 -1340 ) 
4 1490 1492 (-86 2302 -1340 ) (-86 2302 -1332 ) (-86 2304 -1332 ) (-86 2304 -1340 ) 
4 1491 1495 (-82 2302 -1362.001953 ) (-78 2302 -1362.001953 ) (-78 2302 -1354 ) (-82 2302 -1354 ) 
4 1491 1493 (-78 2302 -1362.001953 ) (-74 2302 -1362.001953 ) (-74 2302 -1354 ) (-78 2302 -1354 ) 
4 1491 1496 (-86 2302 -1362.001953 ) (-82 2302 -1362.001953 ) (-82 2302 -1354 ) (-86 2302 -1354 ) 
4 1491 1492 (-86 2304 -1364.003906 ) (-86 2302 -1362.003906 ) (-86 2302 -1354 ) (-86 2304 -1354 ) 
4 1492 1496 (-144 2302 -1362.001953 ) (-86 2302 -1362.001953 ) (-86 2302 -1332 ) (-144 2302 -1332 ) 
4 1493 1494 (-78 2302 -1332 ) (-78 2302 -1344 ) (-78 2284 -1344 ) (-78 2272 -1332 ) 
3 1493 1495 (-78 2302 -1346 ) (-78 2302 -1362 ) (-78 2286 -1346 ) 
4 1494 1496 (-82 2302 -1332 ) (-82 2302 -1344 ) (-82 2284 -1344 ) (-82 2272 -1332 ) 
3 1495 1496 (-82 2302 -1346 ) (-82 2302 -1362 ) (-82 2286 -1346 ) 
4 1497 1506 (-1024 2048 -448 ) (-1024 2048 -464 ) (-400 2048 -464 ) (-400 2048 -448 ) 
4 1497 1503 (-1024 2048 -464 ) (-1024 2048 -448 ) (-1024 2304 -448 ) (-1024 2304 -464 ) 
4 1497 1500 (-1024 2304 -464 ) (-400 2304 -464 ) (-400 2048 -464 ) (-1024 2048 -464 ) 
4 1498 1500 (-336 2048 -960 ) (-336 2048 -464 ) (-336 2304 -464 ) (-336 2304 -960 ) 
4 1499 1501 (-336 2304 -1600 ) (-160 2304 -1600 ) (-160 2048 -1600 ) (-336 2048 -1600 ) 
4 1499 1500 (-336 2304 -1600 ) (-336 2048 -1600 ) (-336 2048 -1008 ) (-336 2304 -1008 ) 
4 1500 1544 (-1024 2048 -1296 ) (-1024 2048 -1600 ) (-336 2048 -1600 ) (-336 2048 -1296 ) 
4 1500 1536 (-528 2048 -1296 ) (-336 2048 -1296 ) (-336 2048 -1280 ) (-528 2048 -1280 ) 
4 1500 1541 (-1024 2048 -1280 ) (-1024 2048 -1296 ) (-528 2048 -1296 ) (-528 2048 -1280 ) 
4 1500 1506 (-1024 2048 -464 ) (-1024 2048 -1280 ) (-336 2048 -1280 ) (-336 2048 -464 ) 
4 1500 1503 (-1024 2048 -1600 ) (-1024 2048 -464 ) (-1024 2304 -464 ) (-1024 2304 -1600 ) 
4 1500 1501 (-1024 2048 -1600 ) (-1024 2304 -1600 ) (-336 2304 -1600 ) (-336 2048 -1600 ) 
4 1501 1544 (-336 2048 -1600 ) (-1024 2048 -1600 ) (-1024 2048 -1616 ) (-336 2048 -1616 ) 
4 1501 1542 (-144 2048 -1600 ) (-336 2048 -1600 ) (-336 2048 -1616 ) (-144 2048 -1616 ) 
4 1501 1503 (-1024 2048 -1616 ) (-1024 2048 -1600 ) (-1024 2304 -1600 ) (-1024 2304 -1616 ) 
4 1501 1502 (-144 2048 -1616 ) (-1024 2048 -1616 ) (-1024 2304 -1616 ) (-144 2304 -1616 ) 
4 1502 1544 (-336 2048 -1616 ) (-1024 2048 -1616 ) (-1024 2048 -3040 ) (-336 2048 -3040 ) 
4 1502 1542 (0 2048 -3040 ) (0 2048 -1616 ) (-336 2048 -1616 ) (-336 2048 -3040 ) 
4 1502 1503 (-1024 2048 -3040 ) (-1024 2048 -1616 ) (-1024 2304 -1616 ) (-1024 2304 -3040 ) 
4 1503 1596 (-2048 3072 2528 ) (-2048 3072 -3040 ) (-2048 2048 -3040 ) (-2048 2048 2528 ) 
4 1503 1595 (-1024 2048 -3040 ) (-1024 2048 -1296 ) (-2048 2048 -1296 ) (-2048 2048 -3040 ) 
4 1503 1587 (-1400 2048 -1280 ) (-2048 2048 -1280 ) (-2048 2048 -1296 ) (-1400 2048 -1296 ) 
4 1503 1586 (-1024 2048 -1296 ) (-1024 2048 -1280 ) (-1400 2048 -1280 ) (-1400 2048 -1296 ) 
4 1503 1579 (-1872 2048 -1088 ) (-2048 2048 -1088 ) (-2048 2048 -1280 ) (-1872 2048 -1280 ) 
4 1503 1576 (-1856 2048 -1088 ) (-1872 2048 -1088 ) (-1872 2048 -1280 ) (-1856 2048 -1280 ) 
4 1503 1575 (-1024 2048 -1280 ) (-1024 2048 -1088 ) (-1856 2048 -1088 ) (-1856 2048 -1280 ) 
4 1503 1563 (-2048 2048 64 ) (-2048 2048 -1088 ) (-1872 2048 -1088 ) (-1872 2048 64 ) 
4 1503 1562 (-1872 2048 2528 ) (-2048 2048 2528 ) (-2048 2048 64 ) (-1872 2048 64 ) 
4 1503 1547 (-1104 2048 64 ) (-1568 2048 64 ) (-1568 2048 -1088 ) (-1104 2048 -1088 ) 
4 1503 1546 (-1024 2048 -1088 ) (-1024 2048 64 ) (-1104 2048 64 ) (-1104 2048 -1088 ) 
4 1503 1549 (-1568 2048 64 ) (-1872 2048 64 ) (-1872 2048 -1088 ) (-1568 2048 -1088 ) 
4 1503 1545 (-1024 2048 64 ) (-1024 2048 2528 ) (-1872 2048 2528 ) (-1872 2048 64 ) 
4 1504 1522 (0 1552 -432 ) (0 1552 2528 ) (-416 1552 2528 ) (-416 1552 -432 ) 
4 1504 1505 (-416 1552 -432 ) (-416 1552 2528 ) (-416 2048 2528 ) (-416 2048 -432 ) 
4 1505 1550 (-1024 1792 -448 ) (-1024 1552 -448 ) (-1024 1552 64 ) (-1024 1792 64 ) 
4 1505 1546 (-1024 2048 64 ) (-1024 2048 -448 ) (-1024 1792 -448 ) (-1024 1792 64 ) 
4 1505 1545 (-1024 2048 2528 ) (-1024 2048 64 ) (-1024 1552 64 ) (-1024 1552 2528 ) 
4 1505 1524 (-1024 1552 -432 ) (-1024 1552 -448 ) (-416 1552 -448 ) (-416 1552 -432 ) 
4 1505 1522 (-1024 1552 2528 ) (-1024 1552 -432 ) (-416 1552 -432 ) (-416 1552 2528 ) 
4 1505 1518 (-608 1808 -448 ) (-608 2032 -448 ) (-416 2032 -448 ) (-416 1808 -448 ) 
4 1505 1520 (-416 1552 -448 ) (-608 1552 -448 ) (-608 1792 -448 ) (-416 1792 -448 ) 
4 1505 1521 (-608 1552 -448 ) (-1024 1552 -448 ) (-1024 2032 -448 ) (-608 2032 -448 ) 
4 1505 1506 (-1024 2032 -448 ) (-1024 2048 -448 ) (-416 2048 -448 ) (-416 2032 -448 ) 
4 1506 1575 (-1024 2048 -1088 ) (-1024 2048 -1280 ) (-1024 2032 -1280 ) (-1024 2032 -1088 ) 
4 1506 1546 (-1024 2048 -448 ) (-1024 2048 -1088 ) (-1024 2032 -1088 ) (-1024 2032 -448 ) 
4 1506 1536 (-528 2048 -1280 ) (-336 2048 -1280 ) (-336 2032 -1280 ) (-528 2032 -1280 ) 
4 1506 1541 (-1024 2048 -1280 ) (-528 2048 -1280 ) (-528 2032 -1280 ) (-1024 2032 -1280 ) 
4 1506 1518 (-608 2032 -1280 ) (-400 2032 -1280 ) (-400 2032 -448 ) (-608 2032 -448 ) 
4 1506 1521 (-1024 2032 -1280 ) (-608 2032 -1280 ) (-608 2032 -448 ) (-1024 2032 -448 ) 
4 1506 1517 (-400 2032 -1280 ) (-384 2032 -1280 ) (-384 2032 -448 ) (-400 2032 -448 ) 
4 1506 1516 (-384 2032 -1280 ) (-336 2032 -1280 ) (-336 2032 -1152 ) (-384 2032 -1152 ) 
4 1506 1512 (-336 2032 -1152 ) (-336 2032 -448 ) (-384 2032 -448 ) (-384 2032 -1152 ) 
4 1507 1510 (-16 2032 -448 ) (-16 2032 -1088 ) (-16 1680 -1088 ) (-16 1680 -448 ) 
4 1507 1509 (-16 1680 -1088 ) (-16 2032 -1088 ) (0 2032 -1088 ) (0 1680 -1088 ) 
4 1507 1508 (-16 1680 -448 ) (-16 1680 -1072 ) (0 1680 -1072 ) (0 1680 -448 ) 
4 1508 1510 (-16 1568 -448 ) (-16 1680 -448 ) (-16 1680 -1072 ) (-16 1568 -1072 ) 
4 1509 1537 (0 2032 -1280 ) (0 1680 -1280 ) (-16 1680 -1280 ) (-16 2032 -1280 ) 
4 1509 1513 (-16 2032 -1152 ) (-16 2032 -1280 ) (-16 1680 -1280 ) (-16 1680 -1152 ) 
4 1509 1510 (-16 2032 -1088 ) (-16 2032 -1152 ) (-16 1680 -1152 ) (-16 1680 -1088 ) 
4 1510 1514 (-144 2032 -1152 ) (-80 2032 -1152 ) (-80 1568 -1152 ) (-144 1568 -1152 ) 
4 1510 1513 (-80 2032 -1152 ) (-16 2032 -1152 ) (-16 1568 -1152 ) (-80 1568 -1152 ) 
4 1510 1511 (-144 1568 -1088 ) (-144 1568 -1152 ) (-16 1568 -1152 ) (-16 1568 -1088 ) 
4 1510 1512 (-144 2032 -448 ) (-144 2032 -1152 ) (-144 1568 -1152 ) (-144 1568 -448 ) 
4 1511 1514 (-144 1564 -1152 ) (-144 1568 -1152 ) (-80 1568 -1152 ) (-80 1564 -1152 ) 
4 1511 1513 (-16 1568 -1152 ) (-16 1552 -1152 ) (-80 1552 -1152 ) (-80 1568 -1152 ) 
4 1511 1512 (-144 1568 -1152 ) (-144 1552 -1152 ) (-144 1552 -1088 ) (-144 1568 -1088 ) 
4 1512 1517 (-384 2032 -448 ) (-384 2032 -1152 ) (-384 1808 -1152 ) (-384 1808 -448 ) 
4 1512 1514 (-272 2032 -1152 ) (-144 2032 -1152 ) (-144 1564 -1152 ) (-272 1564 -1152 ) 
4 1512 1516 (-384 1552 -1152 ) (-384 2032 -1152 ) (-272 2032 -1152 ) (-272 1552 -1152 ) 
4 1513 1538 (-16 1552 -1280 ) (-80 1552 -1280 ) (-80 2032 -1280 ) (-16 2032 -1280 ) 
4 1513 1515 (-80 1552 -1280 ) (-80 1552 -1248 ) (-80 1564 -1248 ) (-80 1564 -1280 ) 
4 1513 1514 (-80 1564 -1152 ) (-80 2032 -1152 ) (-80 2032 -1280 ) (-80 1564 -1280 ) 
4 1514 1538 (-272 1564 -1280 ) (-272 2032 -1280 ) (-80 2032 -1280 ) (-80 1564 -1280 ) 
4 1514 1515 (-272 1564 -1248 ) (-272 1564 -1280 ) (-80 1564 -1280 ) (-80 1564 -1248 ) 
4 1514 1516 (-272 1564 -1152 ) (-272 2032 -1152 ) (-272 2032 -1280 ) (-272 1564 -1280 ) 
4 1515 1538 (-80 1552 -1280 ) (-272 1552 -1280 ) (-272 1564 -1280 ) (-80 1564 -1280 ) 
4 1515 1516 (-272 1552 -1280 ) (-272 1552 -1248 ) (-272 1564 -1248 ) (-272 1564 -1280 ) 
4 1516 1538 (-272 1552 -1280 ) (-384 1552 -1280 ) (-384 2032 -1280 ) (-272 2032 -1280 ) 
4 1516 1517 (-384 2032 -1152 ) (-384 2032 -1280 ) (-384 1808 -1280 ) (-384 1808 -1152 ) 
4 1517 1538 (-400 1808 -1280 ) (-400 2032 -1280 ) (-384 2032 -1280 ) (-384 1808 -1280 ) 
4 1517 1518 (-400 2032 -448 ) (-400 2032 -1280 ) (-400 1808 -1280 ) (-400 1808 -448 ) 
4 1518 1538 (-528 2032 -1280 ) (-400 2032 -1280 ) (-400 1808 -1280 ) (-528 1808 -1280 ) 
4 1518 1541 (-608 1808 -1280 ) (-608 2032 -1280 ) (-528 2032 -1280 ) (-528 1808 -1280 ) 
4 1518 1519 (-608 1808 -1133 ) (-608 1808 -1280 ) (-400 1808 -1280 ) (-400 1808 -1133 ) 
4 1518 1521 (-608 2032 -448 ) (-608 2032 -1280 ) (-608 1808 -1280 ) (-608 1808 -448 ) 
4 1519 1538 (-528 1808 -1280 ) (-400 1808 -1280 ) (-400 1792 -1280 ) (-528 1792 -1280 ) 
4 1519 1541 (-608 1792 -1280 ) (-608 1808 -1280 ) (-528 1808 -1280 ) (-528 1792 -1280 ) 
4 1519 1521 (-608 1808 -1280 ) (-608 1792 -1280 ) (-608 1792 -1133 ) (-608 1808 -1133 ) 
4 1519 1520 (-608 1792 -1133 ) (-608 1792 -1280 ) (-400 1792 -1280 ) (-400 1792 -1133 ) 
4 1520 1538 (-400 1552 -1280 ) (-528 1552 -1280 ) (-528 1792 -1280 ) (-400 1792 -1280 ) 
4 1520 1541 (-528 1552 -1280 ) (-608 1552 -1280 ) (-608 1792 -1280 ) (-528 1792 -1280 ) 
4 1520 1530 (-608 1552 -1280 ) (-400 1552 -1280 ) (-400 1552 -1088 ) (-608 1552 -1088 ) 
4 1520 1526 (-400 1552 -1088 ) (-400 1552 -448 ) (-608 1552 -448 ) (-608 1552 -1088 ) 
4 1520 1521 (-608 1792 -1280 ) (-608 1552 -1280 ) (-608 1552 -448 ) (-608 1792 -448 ) 
4 1521 1575 (-1024 2032 -1280 ) (-1024 1552 -1280 ) (-1024 1552 -1088 ) (-1024 2032 -1088 ) 
4 1521 1550 (-1024 1552 -1088 ) (-1024 1552 -448 ) (-1024 1792 -448 ) (-1024 1792 -1088 ) 
4 1521 1546 (-1024 1792 -448 ) (-1024 2032 -448 ) (-1024 2032 -1088 ) (-1024 1792 -1088 ) 
4 1521 1541 (-608 1552 -1280 ) (-1024 1552 -1280 ) (-1024 2032 -1280 ) (-608 2032 -1280 ) 
4 1521 1530 (-1024 1552 -1088 ) (-1024 1552 -1280 ) (-608 1552 -1280 ) (-608 1552 -1088 ) 
4 1521 1526 (-1024 1552 -448 ) (-1024 1552 -1088 ) (-608 1552 -1088 ) (-608 1552 -448 ) 
4 1522 1979 (-464 1024 -192 ) (-528 1024 -192 ) (-528 1024 -432 ) (-464 1024 -432 ) 
4 1522 1981 (-528 1024 -192 ) (-1024 1024 -192 ) (-1024 1024 -432 ) (-528 1024 -432 ) 
4 1522 1974 (-400 1024 -192 ) (-464 1024 -192 ) (-464 1024 -432 ) (-400 1024 -432 ) 
4 1522 1973 (0 1024 -432 ) (0 1024 -192 ) (-400 1024 -192 ) (-400 1024 -432 ) 
4 1522 1972 (0 1024 -192 ) (0 1024 2528 ) (-1024 1024 2528 ) (-1024 1024 -192 ) 
4 1522 1557 (-1024 1024 -432 ) (-1024 1024 2528 ) (-1024 1088 2528 ) (-1024 1088 -432 ) 
4 1522 1555 (-1024 1104 -432 ) (-1024 1088 -432 ) (-1024 1088 64 ) (-1024 1104 64 ) 
4 1522 1553 (-1024 1280 -432 ) (-1024 1104 -432 ) (-1024 1104 64 ) (-1024 1280 64 ) 
4 1522 1552 (-1024 1296 -432 ) (-1024 1280 -432 ) (-1024 1280 64 ) (-1024 1296 64 ) 
4 1522 1550 (-1024 1552 64 ) (-1024 1552 -432 ) (-1024 1296 -432 ) (-1024 1296 64 ) 
4 1522 1545 (-1024 1088 2528 ) (-1024 1552 2528 ) (-1024 1552 64 ) (-1024 1088 64 ) 
4 1522 1523 (0 1520 -432 ) (0 1024 -432 ) (-416 1024 -432 ) (-416 1520 -432 ) 
4 1522 1524 (-1024 1552 -432 ) (-416 1552 -432 ) (-416 1024 -432 ) (-1024 1024 -432 ) 
4 1523 1974 (-400 1024 -432 ) (-416 1024 -432 ) (-416 1024 -448 ) (-400 1024 -448 ) 
4 1523 1973 (0 1024 -448 ) (0 1024 -432 ) (-400 1024 -432 ) (-400 1024 -448 ) 
4 1523 1527 (0 1024 -448 ) (-416 1024 -448 ) (-416 1520 -448 ) (0 1520 -448 ) 
4 1523 1524 (-416 1520 -448 ) (-416 1024 -448 ) (-416 1024 -432 ) (-416 1520 -432 ) 
4 1524 1979 (-464 1024 -432 ) (-528 1024 -432 ) (-528 1024 -448 ) (-464 1024 -448 ) 
4 1524 1981 (-528 1024 -432 ) (-1024 1024 -432 ) (-1024 1024 -448 ) (-528 1024 -448 ) 
4 1524 1974 (-416 1024 -432 ) (-464 1024 -432 ) (-464 1024 -448 ) (-416 1024 -448 ) 
4 1524 1557 (-1024 1024 -448 ) (-1024 1024 -432 ) (-1024 1088 -432 ) (-1024 1088 -448 ) 
4 1524 1555 (-1024 1088 -432 ) (-1024 1104 -432 ) (-1024 1104 -448 ) (-1024 1088 -448 ) 
4 1524 1553 (-1024 1104 -432 ) (-1024 1280 -432 ) (-1024 1280 -448 ) (-1024 1104 -448 ) 
4 1524 1552 (-1024 1280 -432 ) (-1024 1296 -432 ) (-1024 1296 -448 ) (-1024 1280 -448 ) 
4 1524 1550 (-1024 1296 -432 ) (-1024 1552 -432 ) (-1024 1552 -448 ) (-1024 1296 -448 ) 
4 1524 1526 (-1024 1536 -448 ) (-1024 1552 -448 ) (-416 1552 -448 ) (-416 1536 -448 ) 
4 1524 1527 (-416 1024 -448 ) (-1024 1024 -448 ) (-1024 1536 -448 ) (-416 1536 -448 ) 
4 1525 1527 (-144 1536 -1088 ) (-16 1536 -1088 ) (-16 1536 -448 ) (-144 1536 -448 ) 
4 1526 1550 (-1024 1536 -448 ) (-1024 1552 -448 ) (-1024 1552 -1088 ) (-1024 1536 -1088 ) 
4 1526 1530 (-1024 1552 -1088 ) (-400 1552 -1088 ) (-400 1536 -1088 ) (-1024 1536 -1088 ) 
4 1526 1527 (-1024 1536 -1088 ) (-400 1536 -1088 ) (-400 1536 -448 ) (-1024 1536 -448 ) 
4 1527 1979 (-464 1024 -448 ) (-528 1024 -448 ) (-528 1024 -1088 ) (-464 1024 -1088 ) 
4 1527 1981 (-528 1024 -448 ) (-1024 1024 -448 ) (-1024 1024 -1088 ) (-528 1024 -1088 ) 
4 1527 1976 (0 1024 -1088 ) (0 1024 -960 ) (-264 1024 -960 ) (-264 1024 -1088 ) 
4 1527 1974 (-400 1024 -448 ) (-464 1024 -448 ) (-464 1024 -960 ) (-400 1024 -960 ) 
4 1527 1973 (0 1024 -960 ) (0 1024 -448 ) (-400 1024 -448 ) (-400 1024 -960 ) 
4 1527 1557 (-1024 1024 -1088 ) (-1024 1024 -448 ) (-1024 1088 -448 ) (-1024 1088 -1088 ) 
4 1527 1555 (-1024 1088 -448 ) (-1024 1104 -448 ) (-1024 1104 -1088 ) (-1024 1088 -1088 ) 
4 1527 1553 (-1024 1104 -448 ) (-1024 1280 -448 ) (-1024 1280 -1088 ) (-1024 1104 -1088 ) 
4 1527 1552 (-1024 1280 -448 ) (-1024 1296 -448 ) (-1024 1296 -1088 ) (-1024 1280 -1088 ) 
4 1527 1550 (-1024 1296 -448 ) (-1024 1536 -448 ) (-1024 1536 -1088 ) (-1024 1296 -1088 ) 
4 1527 1532 (-272 1472 -1088 ) (-272 1536 -1088 ) (-80 1536 -1088 ) (-80 1472 -1088 ) 
4 1527 1534 (-80 1024 -1088 ) (-272 1024 -1088 ) (-272 1472 -1088 ) (-80 1472 -1088 ) 
4 1527 1531 (0 1536 -1088 ) (0 1024 -1088 ) (-80 1024 -1088 ) (-80 1536 -1088 ) 
4 1527 1535 (-272 1024 -1088 ) (-1024 1024 -1088 ) (-1024 1536 -1088 ) (-272 1536 -1088 ) 
4 1528 1531 (-16 1536 -1280 ) (0 1536 -1280 ) (0 1536 -1088 ) (-16 1536 -1088 ) 
4 1529 1533 (-80 1536 -1248 ) (-80 1536 -1152 ) (-272 1536 -1152 ) (-272 1536 -1248 ) 
4 1530 1575 (-1024 1552 -1280 ) (-1024 1536 -1280 ) (-1024 1536 -1088 ) (-1024 1552 -1088 ) 
4 1530 1538 (-400 1536 -1280 ) (-528 1536 -1280 ) (-528 1552 -1280 ) (-400 1552 -1280 ) 
4 1530 1541 (-528 1536 -1280 ) (-1024 1536 -1280 ) (-1024 1552 -1280 ) (-528 1552 -1280 ) 
4 1530 1535 (-1024 1536 -1280 ) (-400 1536 -1280 ) (-400 1536 -1088 ) (-1024 1536 -1088 ) 
4 1531 1976 (0 1024 -1280 ) (0 1024 -1088 ) (-80 1024 -1088 ) (-80 1024 -1280 ) 
4 1531 1540 (0 1216 -1280 ) (0 1152 -1280 ) (-80 1152 -1280 ) (-80 1216 -1280 ) 
4 1531 1539 (0 1408 -1280 ) (0 1344 -1280 ) (-80 1344 -1280 ) (-80 1408 -1280 ) 
4 1531 1532 (-80 1536 -1088 ) (-80 1536 -1096 ) (-80 1472 -1144 ) (-80 1472 -1088 ) 
4 1531 1533 (-80 1536 -1148 ) (-80 1536 -1280 ) (-80 1472 -1280 ) (-80 1472 -1148 ) 
4 1531 1534 (-80 1472 -1280 ) (-80 1024 -1280 ) (-80 1024 -1088 ) (-80 1472 -1088 ) 
4 1532 1535 (-272 1536 -1088 ) (-272 1536 -1096 ) (-272 1472 -1144 ) (-272 1472 -1088 ) 
4 1532 1534 (-272 1472 -1088 ) (-272 1472 -1144 ) (-80 1472 -1144 ) (-80 1472 -1088 ) 
4 1533 1534 (-272 1472 -1148 ) (-272 1472 -1280 ) (-80 1472 -1280 ) (-80 1472 -1148 ) 
4 1533 1535 (-272 1536 -1148 ) (-272 1536 -1280 ) (-272 1472 -1280 ) (-272 1472 -1148 ) 
4 1534 1976 (-80 1024 -1088 ) (-264 1024 -1088 ) (-264 1024 -1280 ) (-80 1024 -1280 ) 
4 1534 1540 (-272 1152 -1280 ) (-272 1216 -1280 ) (-80 1216 -1280 ) (-80 1152 -1280 ) 
4 1534 1539 (-272 1344 -1280 ) (-272 1408 -1280 ) (-80 1408 -1280 ) (-80 1344 -1280 ) 
4 1534 1535 (-272 1472 -1280 ) (-272 1024 -1280 ) (-272 1024 -1088 ) (-272 1472 -1088 ) 
4 1535 1979 (-464 1024 -1088 ) (-528 1024 -1088 ) (-528 1024 -1280 ) (-464 1024 -1280 ) 
4 1535 1981 (-528 1024 -1088 ) (-1024 1024 -1088 ) (-1024 1024 -1280 ) (-528 1024 -1280 ) 
4 1535 1577 (-1024 1104 -1280 ) (-1024 1024 -1280 ) (-1024 1024 -1088 ) (-1024 1104 -1088 ) 
4 1535 1575 (-1024 1536 -1280 ) (-1024 1104 -1280 ) (-1024 1104 -1088 ) (-1024 1536 -1088 ) 
4 1535 1540 (-528 1152 -1280 ) (-528 1216 -1280 ) (-272 1216 -1280 ) (-272 1152 -1280 ) 
4 1535 1539 (-528 1344 -1280 ) (-528 1408 -1280 ) (-272 1408 -1280 ) (-272 1344 -1280 ) 
4 1535 1541 (-528 1024 -1280 ) (-1024 1024 -1280 ) (-1024 1536 -1280 ) (-528 1536 -1280 ) 
4 1536 1544 (-528 2032 -1296 ) (-528 2048 -1296 ) (-336 2048 -1296 ) (-336 2032 -1296 ) 
4 1536 1538 (-528 2032 -1280 ) (-528 2032 -1296 ) (-336 2032 -1296 ) (-336 2032 -1280 ) 
4 1536 1541 (-528 2048 -1296 ) (-528 2032 -1296 ) (-528 2032 -1280 ) (-528 2048 -1280 ) 
4 1537 1543 (-16 2032 -1296 ) (0 2032 -1296 ) (0 1664 -1296 ) (-16 1664 -1296 ) 
4 1537 1538 (-16 2032 -1280 ) (-16 2032 -1296 ) (-16 1664 -1296 ) (-16 1664 -1280 ) 
4 1538 1544 (-528 1536 -1296 ) (-528 2032 -1296 ) (-336 2032 -1296 ) (-336 1536 -1296 ) 
4 1538 1543 (-336 2032 -1296 ) (-16 2032 -1296 ) (-16 1536 -1296 ) (-336 1536 -1296 ) 
4 1538 1541 (-528 2032 -1296 ) (-528 1536 -1296 ) (-528 1536 -1280 ) (-528 2032 -1280 ) 
3 1539 1541 (-528 1344 -1280 ) (-528 1408 -1280 ) (-528 1408 -1288 ) 
3 1540 1541 (-528 1152 -1288 ) (-528 1152 -1280 ) (-528 1216 -1280 ) 
4 1541 1981 (-528 1024 -1280 ) (-1024 1024 -1280 ) (-1024 1024 -1296 ) (-528 1024 -1296 ) 
4 1541 1586 (-1024 2048 -1280 ) (-1024 2048 -1296 ) (-1024 1024 -1296 ) (-1024 1024 -1280 ) 
4 1541 1544 (-528 1024 -1296 ) (-1024 1024 -1296 ) (-1024 2048 -1296 ) (-528 2048 -1296 ) 
4 1542 1544 (-336 2032 -3040 ) (-336 2032 -1600 ) (-336 2048 -1600 ) (-336 2048 -3040 ) 
4 1542 1543 (-336 2032 -1600 ) (-336 2032 -3040 ) (0 2032 -3040 ) (0 2032 -1600 ) 
4 1543 1977 (-336 1024 -1344 ) (-336 1024 -3040 ) (-264 1024 -3040 ) (-264 1024 -1344 ) 
4 1543 1976 (0 1024 -3040 ) (0 1024 -1296 ) (-264 1024 -1296 ) (-264 1024 -3040 ) 
4 1543 1544 (-336 1024 -3040 ) (-336 1024 -1296 ) (-336 2032 -1296 ) (-336 2032 -3040 ) 
4 1544 1982 (-464 1024 -1296 ) (-1024 1024 -1296 ) (-1024 1024 -3040 ) (-464 1024 -3040 ) 
4 1544 1977 (-336 1024 -3040 ) (-336 1024 -1344 ) (-464 1024 -1344 ) (-464 1024 -3040 ) 
4 1544 1595 (-1024 2048 -1296 ) (-1024 2048 -3040 ) (-1024 1024 -3040 ) (-1024 1024 -1296 ) 
4 1545 1562 (-1872 2048 2528 ) (-1872 2048 64 ) (-1872 1088 64 ) (-1872 1088 2528 ) 
4 1545 1558 (-1744 1088 64 ) (-1616 1088 64 ) (-1616 1088 2528 ) (-1744 1088 2528 ) 
4 1545 1557 (-1616 1088 64 ) (-1024 1088 64 ) (-1024 1088 2528 ) (-1616 1088 2528 ) 
4 1545 1561 (-1872 1088 2528 ) (-1872 1088 64 ) (-1744 1088 64 ) (-1744 1088 2528 ) 
4 1545 1556 (-1488 1088 64 ) (-1872 1088 64 ) (-1872 1104 64 ) (-1488 1104 64 ) 
4 1545 1555 (-1024 1088 64 ) (-1488 1088 64 ) (-1488 1104 64 ) (-1024 1104 64 ) 
4 1545 1554 (-1872 1104 64 ) (-1872 1280 64 ) (-1552 1280 64 ) (-1552 1104 64 ) 
4 1545 1553 (-1552 1280 64 ) (-1024 1280 64 ) (-1024 1104 64 ) (-1552 1104 64 ) 
4 1545 1552 (-1488 1296 64 ) (-1024 1296 64 ) (-1024 1280 64 ) (-1488 1280 64 ) 
4 1545 1550 (-1488 1792 64 ) (-1024 1792 64 ) (-1024 1296 64 ) (-1488 1296 64 ) 
4 1545 1551 (-1872 1296 64 ) (-1872 1792 64 ) (-1568 1792 64 ) (-1568 1296 64 ) 
4 1545 1548 (-1104 1808 64 ) (-1104 1792 64 ) (-1568 1792 64 ) (-1568 1808 64 ) 
4 1545 1547 (-1568 2048 64 ) (-1104 2048 64 ) (-1104 1808 64 ) (-1568 1808 64 ) 
4 1545 1546 (-1104 2048 64 ) (-1024 2048 64 ) (-1024 1792 64 ) (-1104 1792 64 ) 
4 1545 1549 (-1872 1792 64 ) (-1872 2048 64 ) (-1568 2048 64 ) (-1568 1792 64 ) 
4 1546 1575 (-1024 2048 -1088 ) (-1024 1792 -1088 ) (-1104 1792 -1088 ) (-1104 2048 -1088 ) 
4 1546 1550 (-1024 1792 64 ) (-1104 1792 64 ) (-1104 1792 -1088 ) (-1024 1792 -1088 ) 
4 1546 1548 (-1104 1792 -448 ) (-1104 1792 64 ) (-1104 1808 64 ) (-1104 1808 -448 ) 
4 1546 1547 (-1104 2048 -1088 ) (-1104 1808 -1088 ) (-1104 1808 64 ) (-1104 2048 64 ) 
4 1547 1575 (-1568 1808 -1088 ) (-1568 2048 -1088 ) (-1104 2048 -1088 ) (-1104 1808 -1088 ) 
4 1547 1548 (-1568 1808 64 ) (-1568 1808 -448 ) (-1104 1808 -448 ) (-1104 1808 64 ) 
4 1547 1549 (-1568 2048 -1088 ) (-1568 1808 -1088 ) (-1568 1808 64 ) (-1568 2048 64 ) 
4 1548 1550 (-1104 1792 64 ) (-1488 1792 64 ) (-1488 1792 -448 ) (-1104 1792 -448 ) 
4 1548 1549 (-1568 1792 -448 ) (-1568 1792 64 ) (-1568 1808 64 ) (-1568 1808 -448 ) 
4 1549 1576 (-1856 1792 -1088 ) (-1872 1792 -1088 ) (-1872 2048 -1088 ) (-1856 2048 -1088 ) 
4 1549 1575 (-1568 1792 -1088 ) (-1856 1792 -1088 ) (-1856 2048 -1088 ) (-1568 2048 -1088 ) 
4 1549 1563 (-1872 2048 64 ) (-1872 2048 -1088 ) (-1872 1792 -1088 ) (-1872 1792 64 ) 
4 1549 1551 (-1568 1792 64 ) (-1872 1792 64 ) (-1872 1792 -1088 ) (-1568 1792 -1088 ) 
4 1550 1575 (-1024 1792 -1088 ) (-1024 1296 -1088 ) (-1488 1296 -1088 ) (-1488 1792 -1088 ) 
4 1550 1552 (-1024 1296 64 ) (-1488 1296 64 ) (-1488 1296 -1088 ) (-1024 1296 -1088 ) 
4 1551 1576 (-1856 1296 -1088 ) (-1872 1296 -1088 ) (-1872 1792 -1088 ) (-1856 1792 -1088 ) 
4 1551 1575 (-1568 1296 -1088 ) (-1856 1296 -1088 ) (-1856 1792 -1088 ) (-1568 1792 -1088 ) 
4 1551 1570 (-1872 1392 -1088 ) (-1872 1296 -1088 ) (-1872 1296 64 ) (-1872 1392 64 ) 
4 1551 1565 (-1872 1536 -1088 ) (-1872 1408 -1088 ) (-1872 1408 -320 ) (-1872 1536 -320 ) 
4 1551 1564 (-1872 1408 -320 ) (-1872 1408 64 ) (-1872 1536 64 ) (-1872 1536 -320 ) 
4 1551 1563 (-1872 1792 -1088 ) (-1872 1536 -1088 ) (-1872 1536 64 ) (-1872 1792 64 ) 
4 1552 1575 (-1024 1296 -1088 ) (-1024 1280 -1088 ) (-1488 1280 -1088 ) (-1488 1296 -1088 ) 
4 1552 1553 (-1024 1280 64 ) (-1488 1280 64 ) (-1488 1280 -1088 ) (-1024 1280 -1088 ) 
4 1553 1575 (-1024 1280 -1088 ) (-1024 1104 -1088 ) (-1552 1104 -1088 ) (-1552 1280 -1088 ) 
4 1553 1556 (-1488 1104 64 ) (-1552 1104 64 ) (-1552 1104 -704 ) (-1488 1104 -704 ) 
4 1553 1555 (-1024 1104 64 ) (-1488 1104 64 ) (-1488 1104 -1088 ) (-1024 1104 -1088 ) 
4 1553 1554 (-1552 1280 64 ) (-1552 1280 -704 ) (-1552 1104 -704 ) (-1552 1104 64 ) 
4 1554 1572 (-1872 1104 -704 ) (-1872 1104 64 ) (-1872 1152 64 ) (-1872 1152 -704 ) 
4 1554 1556 (-1552 1104 64 ) (-1872 1104 64 ) (-1872 1104 -704 ) (-1552 1104 -704 ) 
4 1555 1577 (-1024 1104 -1088 ) (-1024 1088 -1088 ) (-1488 1088 -1088 ) (-1488 1104 -1088 ) 
4 1555 1557 (-1488 1088 -1088 ) (-1024 1088 -1088 ) (-1024 1088 64 ) (-1488 1088 64 ) 
4 1555 1556 (-1488 1104 64 ) (-1488 1104 -704 ) (-1488 1088 -704 ) (-1488 1088 64 ) 
4 1556 1572 (-1872 1088 -704 ) (-1872 1088 64 ) (-1872 1104 64 ) (-1872 1104 -704 ) 
4 1556 1558 (-1744 1088 -704 ) (-1616 1088 -704 ) (-1616 1088 64 ) (-1744 1088 64 ) 
4 1556 1557 (-1616 1088 -704 ) (-1488 1088 -704 ) (-1488 1088 64 ) (-1616 1088 64 ) 
4 1556 1561 (-1872 1088 64 ) (-1872 1088 -704 ) (-1744 1088 -704 ) (-1744 1088 64 ) 
4 1557 1987 (-1024 1024 -1088 ) (-1024 1024 -848 ) (-1616 1024 -848 ) (-1616 1024 -1088 ) 
4 1557 1983 (-1024 1024 -848 ) (-1024 1024 2528 ) (-1616 1024 2528 ) (-1616 1024 -848 ) 
4 1557 1578 (-1552 1024 -1088 ) (-1616 1024 -1088 ) (-1616 1088 -1088 ) (-1552 1088 -1088 ) 
4 1557 1577 (-1024 1088 -1088 ) (-1024 1024 -1088 ) (-1552 1024 -1088 ) (-1552 1088 -1088 ) 
4 1557 1560 (-1616 1088 -864 ) (-1616 1088 -1088 ) (-1616 1024 -1088 ) (-1616 1024 -864 ) 
4 1557 1558 (-1616 1024 2528 ) (-1616 1088 2528 ) (-1616 1088 -704 ) (-1616 1024 -704 ) 
4 1557 1559 (-1616 1088 -720 ) (-1616 1088 -848 ) (-1616 1024 -848 ) (-1616 1024 -720 ) 
4 1558 1984 (-1616 1024 2528 ) (-1744 1024 2528 ) (-1744 1024 -704 ) (-1616 1024 -704 ) 
4 1558 1561 (-1744 1024 2528 ) (-1744 1088 2528 ) (-1744 1088 -704 ) (-1744 1024 -704 ) 
4 1559 1985 (-1744 1024 -720 ) (-1744 1024 -848 ) (-1616 1024 -848 ) (-1616 1024 -720 ) 
4 1559 1561 (-1744 1088 -720 ) (-1744 1088 -848 ) (-1744 1024 -848 ) (-1744 1024 -720 ) 
4 1560 1988 (-1744 1024 -864 ) (-1744 1024 -1088 ) (-1616 1024 -1088 ) (-1616 1024 -864 ) 
4 1560 1578 (-1616 1024 -1088 ) (-1744 1024 -1088 ) (-1744 1088 -1088 ) (-1616 1088 -1088 ) 
4 1560 1561 (-1744 1088 -864 ) (-1744 1088 -1088 ) (-1744 1024 -1088 ) (-1744 1024 -864 ) 
4 1561 1989 (-1872 1024 -848 ) (-1872 1024 -1088 ) (-1744 1024 -1088 ) (-1744 1024 -848 ) 
4 1561 1986 (-1744 1024 2528 ) (-1872 1024 2528 ) (-1872 1024 -848 ) (-1744 1024 -848 ) 
4 1561 1578 (-1744 1024 -1088 ) (-1872 1024 -1088 ) (-1872 1088 -1088 ) (-1744 1088 -1088 ) 
4 1561 1572 (-1872 1088 -1088 ) (-1872 1024 -1088 ) (-1872 1024 64 ) (-1872 1088 64 ) 
4 1561 1562 (-1872 1024 64 ) (-1872 1024 2528 ) (-1872 1088 2528 ) (-1872 1088 64 ) 
4 1562 1986 (-2048 1024 2528 ) (-2048 1024 64 ) (-1872 1024 64 ) (-1872 1024 2528 ) 
4 1562 1619 (-2048 1024 64 ) (-2048 1024 2528 ) (-2048 1104 2528 ) (-2048 1104 64 ) 
4 1562 1614 (-2048 1104 2528 ) (-2048 1216 2528 ) (-2048 1216 64 ) (-2048 1104 64 ) 
4 1562 1608 (-2048 1216 2528 ) (-2048 1344 2528 ) (-2048 1344 64 ) (-2048 1216 64 ) 
4 1562 1606 (-2048 1344 2528 ) (-2048 1472 2528 ) (-2048 1472 64 ) (-2048 1344 64 ) 
4 1562 1598 (-2048 1472 2528 ) (-2048 2048 2528 ) (-2048 2048 64 ) (-2048 1472 64 ) 
4 1562 1573 (-1984 1024 64 ) (-2000 1024 64 ) (-2000 1152 64 ) (-1984 1152 64 ) 
4 1562 1574 (-2000 1024 64 ) (-2048 1024 64 ) (-2048 1408 64 ) (-2000 1408 64 ) 
4 1562 1572 (-1872 1152 64 ) (-1872 1024 64 ) (-1984 1024 64 ) (-1984 1152 64 ) 
4 1562 1571 (-1888 1168 64 ) (-1984 1168 64 ) (-1984 1296 64 ) (-1888 1296 64 ) 
4 1562 1570 (-1872 1392 64 ) (-1872 1296 64 ) (-1984 1296 64 ) (-1984 1392 64 ) 
4 1562 1564 (-1872 1536 64 ) (-1872 1408 64 ) (-2000 1408 64 ) (-2000 1536 64 ) 
4 1562 1569 (-2000 1408 64 ) (-2048 1408 64 ) (-2048 1536 64 ) (-2000 1536 64 ) 
4 1562 1563 (-1872 2048 64 ) (-1872 1536 64 ) (-2048 1536 64 ) (-2048 2048 64 ) 
4 1563 1599 (-2048 2048 -720 ) (-2048 2048 -1088 ) (-2048 1536 -1088 ) (-2048 1536 -720 ) 
4 1563 1598 (-2048 1536 64 ) (-2048 2048 64 ) (-2048 2048 -720 ) (-2048 1536 -720 ) 
4 1563 1579 (-2048 1536 -1088 ) (-2048 2048 -1088 ) (-1872 2048 -1088 ) (-1872 1536 -1088 ) 
4 1563 1567 (-2000 1536 -1088 ) (-1944 1536 -1088 ) (-1944 1536 -736 ) (-2000 1536 -736 ) 
4 1563 1566 (-1944 1536 -320 ) (-2000 1536 -320 ) (-2000 1536 -720 ) (-1944 1536 -720 ) 
4 1563 1565 (-1880 1536 -1088 ) (-1872 1536 -1088 ) (-1872 1536 -320 ) (-1880 1536 -320 ) 
4 1563 1564 (-1872 1536 -320 ) (-1872 1536 64 ) (-2000 1536 64 ) (-2000 1536 -320 ) 
4 1563 1569 (-2048 1536 -1088 ) (-2000 1536 -1088 ) (-2000 1536 64 ) (-2048 1536 64 ) 
4 1564 1568 (-1936 1408 -320 ) (-2000 1408 -320 ) (-2000 1472 -320 ) (-1940 1472 -320 ) 
4 1564 1566 (-2000 1472 -320 ) (-2000 1536 -320 ) (-1944 1536 -320 ) (-1940 1472 -320 ) 
3 1564 1565 (-1872 1408 -320 ) (-1880 1536 -320 ) (-1872 1536 -320 ) 
4 1564 1569 (-2000 1536 64 ) (-2000 1536 -320 ) (-2000 1408 -320 ) (-2000 1408 64 ) 
3 1565 1580 (-1880 1536 -1088 ) (-1872 1536 -1088 ) (-1872 1408 -1088 ) 
4 1566 1568 (-1940 1472 -320 ) (-2000 1472 -320 ) (-2000 1472 -720 ) (-1940 1472 -720 ) 
4 1566 1569 (-2000 1536 -320 ) (-2000 1536 -720 ) (-2000 1472 -720 ) (-2000 1472 -320 ) 
4 1567 1581 (-2000 1536 -1088 ) (-1944 1536 -1088 ) (-1940 1472 -1088 ) (-2000 1472 -1088 ) 
4 1567 1568 (-1940 1472 -736 ) (-2000 1472 -736 ) (-2000 1472 -1088 ) (-1940 1472 -1088 ) 
4 1567 1569 (-2000 1536 -736 ) (-2000 1536 -1088 ) (-2000 1472 -1088 ) (-2000 1472 -736 ) 
4 1568 1581 (-1936 1408 -1088 ) (-2000 1408 -1088 ) (-2000 1472 -1088 ) (-1940 1472 -1088 ) 
4 1568 1569 (-2000 1472 -1088 ) (-2000 1408 -1088 ) (-2000 1408 -320 ) (-2000 1472 -320 ) 
4 1569 1607 (-2048 1472 -576 ) (-2048 1472 -1088 ) (-2048 1408 -1088 ) (-2048 1408 -576 ) 
4 1569 1606 (-2048 1408 64 ) (-2048 1472 64 ) (-2048 1472 -576 ) (-2048 1408 -576 ) 
4 1569 1599 (-2048 1536 -720 ) (-2048 1536 -1088 ) (-2048 1472 -1088 ) (-2048 1472 -720 ) 
4 1569 1598 (-2048 1472 64 ) (-2048 1536 64 ) (-2048 1536 -720 ) (-2048 1472 -720 ) 
4 1569 1581 (-2048 1408 -1088 ) (-2048 1536 -1088 ) (-2000 1536 -1088 ) (-2000 1408 -1088 ) 
4 1569 1574 (-2048 1408 -1088 ) (-2000 1408 -1088 ) (-2000 1408 64 ) (-2048 1408 64 ) 
4 1570 1582 (-1984 1296 -1088 ) (-1984 1392 -1088 ) (-1872 1392 -1088 ) (-1872 1296 -1088 ) 
4 1570 1571 (-1984 1296 64 ) (-1984 1296 -1088 ) (-1888 1296 -1088 ) (-1888 1296 64 ) 
4 1571 1582 (-1984 1168 -1088 ) (-1984 1296 -1088 ) (-1888 1296 -1088 ) (-1888 1168 -1088 ) 
4 1572 1989 (-1984 1024 -1088 ) (-1872 1024 -1088 ) (-1872 1024 -848 ) (-1984 1024 -848 ) 
4 1572 1986 (-1872 1024 -848 ) (-1872 1024 64 ) (-1984 1024 64 ) (-1984 1024 -848 ) 
4 1572 1583 (-1872 1024 -1088 ) (-1984 1024 -1088 ) (-1984 1152 -1088 ) (-1872 1152 -1088 ) 
4 1572 1573 (-1984 1152 -1088 ) (-1984 1024 -1088 ) (-1984 1024 64 ) (-1984 1152 64 ) 
4 1573 1989 (-2000 1024 -1088 ) (-1984 1024 -1088 ) (-1984 1024 -848 ) (-2000 1024 -848 ) 
4 1573 1986 (-1984 1024 -848 ) (-1984 1024 64 ) (-2000 1024 64 ) (-2000 1024 -848 ) 
4 1573 1584 (-1984 1024 -1088 ) (-2000 1024 -1088 ) (-2000 1152 -1088 ) (-1984 1152 -1088 ) 
4 1573 1574 (-2000 1152 -1088 ) (-2000 1024 -1088 ) (-2000 1024 64 ) (-2000 1152 64 ) 
4 1574 1989 (-2048 1024 -848 ) (-2048 1024 -1088 ) (-2000 1024 -1088 ) (-2000 1024 -848 ) 
4 1574 1986 (-2048 1024 64 ) (-2048 1024 -848 ) (-2000 1024 -848 ) (-2000 1024 64 ) 
4 1574 1619 (-2048 1024 -1088 ) (-2048 1024 64 ) (-2048 1104 64 ) (-2048 1104 -1088 ) 
4 1574 1614 (-2048 1104 64 ) (-2048 1216 64 ) (-2048 1216 -1088 ) (-2048 1104 -1088 ) 
4 1574 1608 (-2048 1216 64 ) (-2048 1344 64 ) (-2048 1344 -1088 ) (-2048 1216 -1088 ) 
4 1574 1607 (-2048 1408 -576 ) (-2048 1408 -1088 ) (-2048 1344 -1088 ) (-2048 1344 -576 ) 
4 1574 1606 (-2048 1344 64 ) (-2048 1408 64 ) (-2048 1408 -576 ) (-2048 1344 -576 ) 
4 1574 1585 (-2000 1024 -1088 ) (-2048 1024 -1088 ) (-2048 1408 -1088 ) (-2000 1408 -1088 ) 
4 1575 1594 (-1552 1104 -1280 ) (-1616 1104 -1280 ) (-1616 1144 -1280 ) (-1552 1144 -1280 ) 
4 1575 1593 (-1856 1144 -1280 ) (-1856 1152 -1280 ) (-1552 1152 -1280 ) (-1552 1144 -1280 ) 
4 1575 1592 (-1856 1152 -1280 ) (-1856 1408 -1280 ) (-1552 1408 -1280 ) (-1552 1152 -1280 ) 
3 1575 1591 (-1400 1108.340088 -1280 ) (-1400 1104 -1280 ) (-1407.206543 1104 -1280 ) 
4 1575 1590 (-1400 1408 -1280 ) (-1400 1236 -1280 ) (-1552 1144.449951 -1280 ) (-1552 1408 -1280 ) 
4 1575 1588 (-1400 1536 -1280 ) (-1400 1408 -1280 ) (-1856 1408 -1280 ) (-1856 1536 -1280 ) 
4 1575 1587 (-1856 2048 -1280 ) (-1400 2048 -1280 ) (-1400 1536 -1280 ) (-1856 1536 -1280 ) 
4 1575 1586 (-1400 2048 -1280 ) (-1024 2048 -1280 ) (-1024 1104 -1280 ) (-1400 1104 -1280 ) 
4 1575 1577 (-1552 1104 -1280 ) (-1024 1104 -1280 ) (-1024 1104 -1088 ) (-1552 1104 -1088 ) 
4 1575 1576 (-1856 2048 -1280 ) (-1856 1168 -1280 ) (-1856 1168 -1088 ) (-1856 2048 -1088 ) 
4 1576 1592 (-1872 1168 -1280 ) (-1872 1408 -1280 ) (-1856 1408 -1280 ) (-1856 1168 -1280 ) 
4 1576 1588 (-1872 1408 -1280 ) (-1872 1536 -1280 ) (-1856 1536 -1280 ) (-1856 1408 -1280 ) 
4 1576 1587 (-1872 1536 -1280 ) (-1872 2048 -1280 ) (-1856 2048 -1280 ) (-1856 1536 -1280 ) 
4 1576 1582 (-1872 1392 -1280 ) (-1872 1168 -1280 ) (-1872 1168 -1088 ) (-1872 1392 -1088 ) 
4 1576 1580 (-1872 1536 -1280 ) (-1872 1408 -1280 ) (-1872 1408 -1088 ) (-1872 1536 -1088 ) 
4 1576 1579 (-1872 2048 -1280 ) (-1872 1536 -1280 ) (-1872 1536 -1088 ) (-1872 2048 -1088 ) 
4 1577 1987 (-1024 1024 -1280 ) (-1024 1024 -1088 ) (-1552 1024 -1088 ) (-1552 1024 -1280 ) 
5 1577 1591 (-1434.068604 1024 -1280 ) (-1540.044556 1024 -1280 ) (-1407.206543 1104 -1280 ) (-1400 1104 -1280 ) (-1400 1044.519775 -1280 ) 
4 1577 1586 (-1024 1024 -1280 ) (-1400 1024 -1280 ) (-1400 1104 -1280 ) (-1024 1104 -1280 ) 
4 1577 1578 (-1552 1088 -1280 ) (-1552 1024 -1280 ) (-1552 1024 -1088 ) (-1552 1088 -1088 ) 
4 1578 1988 (-1616 1024 -1088 ) (-1744 1024 -1088 ) (-1744 1024 -1280 ) (-1616 1024 -1280 ) 
4 1578 1987 (-1552 1024 -1088 ) (-1616 1024 -1088 ) (-1616 1024 -1280 ) (-1552 1024 -1280 ) 
4 1578 1989 (-1744 1024 -1088 ) (-1872 1024 -1088 ) (-1872 1024 -1280 ) (-1744 1024 -1280 ) 
4 1578 1594 (-1552 1024 -1280 ) (-1616 1024 -1280 ) (-1616 1088 -1280 ) (-1552 1088 -1280 ) 
4 1578 1583 (-1872 1088 -1280 ) (-1872 1024 -1280 ) (-1872 1024 -1088 ) (-1872 1088 -1088 ) 
4 1579 1599 (-2048 1536 -1088 ) (-2048 2048 -1088 ) (-2048 2048 -1280 ) (-2048 1536 -1280 ) 
4 1579 1587 (-2048 1536 -1280 ) (-2048 2048 -1280 ) (-1872 2048 -1280 ) (-1872 1536 -1280 ) 
4 1579 1581 (-2048 1536 -1280 ) (-1944 1536 -1280 ) (-1944 1536 -1088 ) (-2048 1536 -1088 ) 
4 1579 1580 (-1880 1536 -1280 ) (-1872 1536 -1280 ) (-1872 1536 -1088 ) (-1880 1536 -1088 ) 
3 1580 1588 (-1880 1536 -1280 ) (-1872 1536 -1280 ) (-1872 1408 -1280 ) 
4 1581 1607 (-2048 1408 -1088 ) (-2048 1472 -1088 ) (-2048 1472 -1280 ) (-2048 1408 -1280 ) 
4 1581 1599 (-2048 1472 -1088 ) (-2048 1536 -1088 ) (-2048 1536 -1280 ) (-2048 1472 -1280 ) 
4 1581 1589 (-2048 1408 -1280 ) (-2048 1536 -1280 ) (-1944 1536 -1280 ) (-1936 1408 -1280 ) 
4 1581 1585 (-2048 1408 -1280 ) (-2000 1408 -1280 ) (-2000 1408 -1088 ) (-2048 1408 -1088 ) 
4 1582 1592 (-1984 1168 -1280 ) (-1984 1392 -1280 ) (-1872 1392 -1280 ) (-1872 1168 -1280 ) 
4 1583 1989 (-1872 1024 -1088 ) (-1984 1024 -1088 ) (-1984 1024 -1280 ) (-1872 1024 -1280 ) 
4 1583 1584 (-1984 1152 -1280 ) (-1984 1024 -1280 ) (-1984 1024 -1088 ) (-1984 1152 -1088 ) 
4 1584 1989 (-1984 1024 -1088 ) (-2000 1024 -1088 ) (-2000 1024 -1280 ) (-1984 1024 -1280 ) 
4 1584 1585 (-2000 1152 -1280 ) (-2000 1024 -1280 ) (-2000 1024 -1088 ) (-2000 1152 -1088 ) 
4 1585 1989 (-2000 1024 -1088 ) (-2048 1024 -1088 ) (-2048 1024 -1280 ) (-2000 1024 -1280 ) 
4 1585 1619 (-2048 1024 -1280 ) (-2048 1024 -1088 ) (-2048 1104 -1088 ) (-2048 1104 -1280 ) 
4 1585 1614 (-2048 1104 -1088 ) (-2048 1216 -1088 ) (-2048 1216 -1280 ) (-2048 1104 -1280 ) 
4 1585 1613 (-2048 1344 -1168 ) (-2048 1344 -1280 ) (-2048 1216 -1280 ) (-2048 1216 -1168 ) 
4 1585 1610 (-2048 1344 -1152 ) (-2048 1344 -1168 ) (-2048 1216 -1168 ) (-2048 1216 -1152 ) 
4 1585 1608 (-2048 1216 -1088 ) (-2048 1344 -1088 ) (-2048 1344 -1152 ) (-2048 1216 -1152 ) 
4 1585 1607 (-2048 1344 -1088 ) (-2048 1408 -1088 ) (-2048 1408 -1280 ) (-2048 1344 -1280 ) 
4 1586 2015 (-1024 1024 -1296 ) (-1024 1024 -1280 ) (-1400 1024 -1280 ) (-1400 1024 -1296 ) 
4 1586 1595 (-1024 2048 -1296 ) (-1024 1024 -1296 ) (-1400 1024 -1296 ) (-1400 2048 -1296 ) 
3 1586 1591 (-1400 1044.519531 -1280 ) (-1400 1108.340088 -1280 ) (-1400 1108.340088 -1287.998779 ) 
4 1586 1590 (-1400 1408 -1296 ) (-1400 1236 -1296 ) (-1400 1236 -1280 ) (-1400 1408 -1280 ) 
4 1586 1588 (-1400 1536 -1296 ) (-1400 1408 -1296 ) (-1400 1408 -1280 ) (-1400 1536 -1280 ) 
4 1586 1587 (-1400 2048 -1296 ) (-1400 1536 -1296 ) (-1400 1536 -1280 ) (-1400 2048 -1280 ) 
4 1587 1624 (-2048 1536 -1280 ) (-2048 2048 -1280 ) (-2048 2048 -1296 ) (-2048 1536 -1296 ) 
4 1587 1595 (-2048 1536 -1296 ) (-2048 2048 -1296 ) (-1400 2048 -1296 ) (-1400 1536 -1296 ) 
4 1587 1589 (-2048 1536 -1296 ) (-1944 1536 -1296 ) (-1944 1536 -1280 ) (-2048 1536 -1280 ) 
4 1587 1588 (-1880 1536 -1296 ) (-1400 1536 -1296 ) (-1400 1536 -1280 ) (-1880 1536 -1280 ) 
4 1588 1595 (-1880 1536 -1296 ) (-1400 1536 -1296 ) (-1400 1408 -1296 ) (-1872 1408 -1296 ) 
4 1588 1592 (-1872 1408 -1296 ) (-1552 1408 -1296 ) (-1552 1408 -1280 ) (-1872 1408 -1280 ) 
4 1588 1590 (-1552 1408 -1296 ) (-1400 1408 -1296 ) (-1400 1408 -1280 ) (-1552 1408 -1280 ) 
4 1589 1624 (-2048 1408 -1280 ) (-2048 1536 -1280 ) (-2048 1536 -1296 ) (-2048 1408 -1296 ) 
4 1589 1595 (-2048 1408 -1296 ) (-2048 1536 -1296 ) (-1944 1536 -1296 ) (-1936 1408 -1296 ) 
4 1589 1592 (-2000 1408 -1296 ) (-1936 1408 -1296 ) (-1936 1408 -1280 ) (-2000 1408 -1280 ) 
4 1590 1595 (-1552 1144.449829 -1296 ) (-1552 1408 -1296 ) (-1400 1408 -1296 ) (-1400 1236 -1296 ) 
4 1590 1593 (-1552 1152 -1296 ) (-1552 1144.449829 -1296 ) (-1552 1144.449829 -1280 ) (-1552 1152 -1280 ) 
4 1590 1592 (-1552 1408 -1280 ) (-1552 1408 -1296 ) (-1552 1152 -1296 ) (-1552 1152 -1280 ) 
3 1591 2017 (-1434.068604 1024 -1280 ) (-1540.044556 1024 -1280 ) (-1540.044556 1024 -1288 ) 
4 1592 1595 (-2000 1408 -1296 ) (-1552 1408 -1296 ) (-1552 1152 -1296 ) (-2000 1152 -1296 ) 
4 1592 1593 (-1872 1152 -1296 ) (-1552 1152 -1296 ) (-1552 1152 -1280 ) (-1872 1152 -1280 ) 
4 1593 1595 (-1872 1152 -1296 ) (-1552 1152 -1296 ) (-1552 1144 -1296 ) (-1872 1144 -1296 ) 
4 1593 1594 (-1616 1144 -1296 ) (-1552 1144 -1296 ) (-1552 1144 -1280 ) (-1616 1144 -1280 ) 
4 1594 2019 (-1552 1024 -1280 ) (-1616 1024 -1280 ) (-1616 1024 -1296 ) (-1552 1024 -1296 ) 
4 1594 1595 (-1552 1024 -1296 ) (-1616 1024 -1296 ) (-1616 1144 -1296 ) (-1552 1144 -1296 ) 
4 1595 2023 (-1024 1024 -3040 ) (-1024 1024 -1296 ) (-2048 1024 -1296 ) (-2048 1024 -3040 ) 
4 1595 1636 (-2048 1024 -3040 ) (-2048 1024 -1408 ) (-2048 2048 -1408 ) (-2048 2048 -3040 ) 
4 1595 1634 (-2048 1024 -1408 ) (-2048 1024 -1296 ) (-2048 2048 -1296 ) (-2048 2048 -1408 ) 
4 1596 1636 (-2048 2048 -3040 ) (-2048 2048 -1408 ) (-3072 2048 -1408 ) (-3072 2048 -3040 ) 
4 1596 1635 (-2960 2048 -1296 ) (-3072 2048 -1296 ) (-3072 2048 -1408 ) (-2960 2048 -1408 ) 
4 1596 1634 (-2048 2048 -1408 ) (-2048 2048 -1296 ) (-2960 2048 -1296 ) (-2960 2048 -1408 ) 
4 1596 1625 (-2424 2048 -1280 ) (-2960 2048 -1280 ) (-2960 2048 -1296 ) (-2424 2048 -1296 ) 
4 1596 1624 (-2048 2048 -1296 ) (-2048 2048 -1280 ) (-2424 2048 -1280 ) (-2424 2048 -1296 ) 
4 1596 1627 (-2960 2048 -1280 ) (-3072 2048 -1280 ) (-3072 2048 -1296 ) (-2960 2048 -1296 ) 
4 1596 1604 (-2960 2048 -1280 ) (-2424 2048 -1280 ) (-2424 2048 -192 ) (-2960 2048 -192 ) 
4 1596 1605 (-3072 2048 -192 ) (-3072 2048 -1280 ) (-2960 2048 -1280 ) (-2960 2048 -192 ) 
4 1596 1603 (-2424 2048 2528 ) (-3072 2048 2528 ) (-3072 2048 -192 ) (-2424 2048 -192 ) 
4 1596 1601 (-2064 2048 -720 ) (-2424 2048 -720 ) (-2424 2048 -736 ) (-2064 2048 -736 ) 
4 1596 1602 (-2424 2048 -736 ) (-2424 2048 -1280 ) (-2064 2048 -1280 ) (-2064 2048 -736 ) 
4 1596 1599 (-2048 2048 -1280 ) (-2048 2048 -720 ) (-2064 2048 -720 ) (-2064 2048 -1280 ) 
4 1596 1598 (-2048 2048 -720 ) (-2048 2048 2528 ) (-2424 2048 2528 ) (-2424 2048 -720 ) 
4 1596 1597 (-3072 3072 2528 ) (-3072 3072 -3040 ) (-3072 2048 -3040 ) (-3072 2048 2528 ) 
4 1597 1648 (-4096 2048 -3040 ) (-4096 2048 2528 ) (-4096 3072 2528 ) (-4096 3072 -3040 ) 
4 1597 1641 (-3072 2048 -3040 ) (-3072 2048 -1408 ) (-4096 2048 -1408 ) (-4096 2048 -3040 ) 
4 1597 1639 (-3408 2048 -960 ) (-3472 2048 -960 ) (-3472 2048 -1408 ) (-3408 2048 -1408 ) 
4 1597 1640 (-3472 2048 -960 ) (-4096 2048 -960 ) (-4096 2048 -1408 ) (-3472 2048 -1408 ) 
4 1597 1638 (-3072 2048 -1408 ) (-3072 2048 -960 ) (-3408 2048 -960 ) (-3408 2048 -1408 ) 
4 1597 1637 (-3072 2048 -960 ) (-3072 2048 2528 ) (-4096 2048 2528 ) (-4096 2048 -960 ) 
4 1598 1607 (-2048 1472 -720 ) (-2048 1472 -576 ) (-2424 1472 -576 ) (-2424 1472 -720 ) 
4 1598 1606 (-2048 1472 -576 ) (-2048 1472 2528 ) (-2424 1472 2528 ) (-2424 1472 -576 ) 
4 1598 1604 (-2424 2048 -192 ) (-2424 2048 -720 ) (-2424 1792 -720 ) (-2424 1792 -192 ) 
4 1598 1603 (-2424 2048 2528 ) (-2424 2048 -192 ) (-2424 1472 -192 ) (-2424 1472 2528 ) 
4 1598 1601 (-2424 1716 -720 ) (-2424 2048 -720 ) (-2064 2048 -720 ) (-2064 1536 -720 ) 
3 1598 1600 (-2064 1472 -720 ) (-2424 1472 -720 ) (-2424 1652 -720 ) 
4 1598 1599 (-2048 1472 -720 ) (-2064 1472 -720 ) (-2064 2048 -720 ) (-2048 2048 -720 ) 
4 1599 1624 (-2064 2048 -1280 ) (-2048 2048 -1280 ) (-2048 1472 -1280 ) (-2064 1472 -1280 ) 
4 1599 1607 (-2064 1472 -1280 ) (-2048 1472 -1280 ) (-2048 1472 -720 ) (-2064 1472 -720 ) 
4 1599 1601 (-2064 1536 -720 ) (-2064 2048 -720 ) (-2064 2048 -736 ) (-2064 1536 -736 ) 
4 1599 1602 (-2064 2048 -1280 ) (-2064 1472 -1280 ) (-2064 1472 -736 ) (-2064 2048 -736 ) 
4 1600 1607 (-2064 1472 -736 ) (-2064 1472 -720 ) (-2424 1472 -720 ) (-2424 1472 -736 ) 
3 1600 1602 (-2424 1472 -736 ) (-2424 1652 -736 ) (-2064 1472 -736 ) 
4 1601 1604 (-2424 2048 -720 ) (-2424 2048 -736 ) (-2424 1792 -736 ) (-2424 1792 -720 ) 
4 1601 1602 (-2424 1716 -736 ) (-2424 2048 -736 ) (-2064 2048 -736 ) (-2064 1536 -736 ) 
4 1602 1624 (-2424 2048 -1280 ) (-2064 2048 -1280 ) (-2064 1472 -1280 ) (-2424 1472 -1280 ) 
4 1602 1607 (-2424 1472 -1280 ) (-2064 1472 -1280 ) (-2064 1472 -736 ) (-2424 1472 -736 ) 
4 1602 1604 (-2424 2048 -736 ) (-2424 2048 -1280 ) (-2424 1792 -1280 ) (-2424 1792 -736 ) 
4 1603 1637 (-3072 2048 2528 ) (-3072 2048 -192 ) (-3072 1472 -192 ) (-3072 1472 2528 ) 
4 1603 1616 (-2464 1472 2528 ) (-3072 1472 2528 ) (-3072 1472 -192 ) (-2464 1472 -192 ) 
4 1603 1606 (-2424 1472 -192 ) (-2424 1472 2528 ) (-2464 1472 2528 ) (-2464 1472 -192 ) 
4 1603 1604 (-2960 2048 -192 ) (-2424 2048 -192 ) (-2424 1792 -192 ) (-2960 1792 -192 ) 
4 1603 1605 (-3072 2048 -192 ) (-2960 2048 -192 ) (-2960 1472 -192 ) (-3072 1472 -192 ) 
4 1604 1625 (-2960 2048 -1280 ) (-2424 2048 -1280 ) (-2424 1792 -1280 ) (-2960 1792 -1280 ) 
4 1604 1605 (-2960 2048 -1280 ) (-2960 1792 -1280 ) (-2960 1792 -192 ) (-2960 2048 -192 ) 
4 1605 1638 (-3072 2048 -960 ) (-3072 2048 -1280 ) (-3072 1472 -1280 ) (-3072 1472 -960 ) 
4 1605 1637 (-3072 2048 -192 ) (-3072 2048 -960 ) (-3072 1472 -960 ) (-3072 1472 -192 ) 
4 1605 1627 (-3072 2048 -1280 ) (-2960 2048 -1280 ) (-2960 1472 -1280 ) (-3072 1472 -1280 ) 
4 1605 1618 (-3072 1472 -1280 ) (-2960 1472 -1280 ) (-2960 1472 -576 ) (-3072 1472 -576 ) 
4 1605 1616 (-2960 1472 -576 ) (-2960 1472 -192 ) (-3072 1472 -192 ) (-3072 1472 -576 ) 
4 1606 1616 (-2464 1472 2528 ) (-2464 1472 -576 ) (-2464 1344 -576 ) (-2464 1344 2528 ) 
4 1606 1609 (-2464 1344 2528 ) (-2464 1344 -576 ) (-2448 1344 -576 ) (-2448 1344 2528 ) 
4 1606 1608 (-2448 1344 -576 ) (-2048 1344 -576 ) (-2048 1344 2528 ) (-2448 1344 2528 ) 
4 1606 1607 (-2048 1344 -576 ) (-2448 1344 -576 ) (-2448 1472 -576 ) (-2048 1472 -576 ) 
4 1607 1630 (-2320 1344 -1280 ) (-2384 1344 -1280 ) (-2384 1408 -1280 ) (-2320 1408 -1280 ) 
4 1607 1628 (-2064 1344 -1280 ) (-2128 1344 -1280 ) (-2128 1408 -1280 ) (-2064 1408 -1280 ) 
4 1607 1629 (-2256 1344 -1280 ) (-2320 1344 -1280 ) (-2320 1408 -1280 ) (-2256 1408 -1280 ) 
4 1607 1626 (-2424 1408 -1280 ) (-2448 1408 -1280 ) (-2448 1472 -1280 ) (-2424 1472 -1280 ) 
4 1607 1624 (-2048 1472 -1280 ) (-2048 1408 -1280 ) (-2424 1408 -1280 ) (-2424 1472 -1280 ) 
4 1607 1613 (-2444 1344 -1280 ) (-2048 1344 -1280 ) (-2048 1344 -1168 ) (-2444 1344 -1168 ) 
3 1607 1611 (-2444 1344 -1168 ) (-2436 1344 -1168 ) (-2436 1344 -1160 ) 
4 1607 1610 (-2048 1344 -1168 ) (-2048 1344 -1152 ) (-2436 1344 -1152 ) (-2436 1344 -1168 ) 
4 1607 1608 (-2048 1344 -1152 ) (-2048 1344 -576 ) (-2448 1344 -576 ) (-2448 1344 -1152 ) 
4 1608 1614 (-2448 1216 -1152 ) (-2048 1216 -1152 ) (-2048 1216 2528 ) (-2448 1216 2528 ) 
4 1608 1610 (-2048 1216 -1152 ) (-2436 1216 -1152 ) (-2436 1344 -1152 ) (-2048 1344 -1152 ) 
4 1608 1609 (-2448 1216 -576 ) (-2448 1216 2528 ) (-2448 1344 2528 ) (-2448 1344 -576 ) 
4 1609 1616 (-2464 1216 -576 ) (-2464 1216 2528 ) (-2464 1344 2528 ) (-2464 1344 -576 ) 
4 1609 1615 (-2464 1216 2528 ) (-2464 1216 -576 ) (-2448 1216 -576 ) (-2448 1216 2528 ) 
4 1610 1614 (-2436 1216 -1168 ) (-2048 1216 -1168 ) (-2048 1216 -1152 ) (-2436 1216 -1152 ) 
4 1610 1613 (-2048 1216 -1168 ) (-2436 1216 -1168 ) (-2436 1344 -1168 ) (-2048 1344 -1168 ) 
4 1610 1611 (-2436 1344 -1168 ) (-2436 1216 -1168 ) (-2436 1216 -1160 ) (-2436 1344 -1160 ) 
3 1611 1614 (-2444 1216 -1168 ) (-2436 1216 -1168 ) (-2436 1216 -1160 ) 
4 1611 1613 (-2436 1216 -1168 ) (-2444 1216 -1168 ) (-2444 1344 -1168 ) (-2436 1344 -1168 ) 
4 1612 1617 (-2464 1216 -1168 ) (-2464 1216 -1152 ) (-2464 1344 -1152 ) (-2464 1344 -1168 ) 
4 1613 1630 (-2320 1216 -1280 ) (-2384 1216 -1280 ) (-2384 1344 -1280 ) (-2320 1344 -1280 ) 
4 1613 1628 (-2064 1216 -1280 ) (-2128 1216 -1280 ) (-2128 1344 -1280 ) (-2064 1344 -1280 ) 
4 1613 1629 (-2256 1216 -1280 ) (-2320 1216 -1280 ) (-2320 1344 -1280 ) (-2256 1344 -1280 ) 
4 1613 1614 (-2444 1216 -1280 ) (-2048 1216 -1280 ) (-2048 1216 -1168 ) (-2444 1216 -1168 ) 
4 1614 1630 (-2320 1144 -1280 ) (-2384 1144 -1280 ) (-2384 1216 -1280 ) (-2320 1216 -1280 ) 
4 1614 1628 (-2064 1144 -1280 ) (-2128 1144 -1280 ) (-2128 1216 -1280 ) (-2064 1216 -1280 ) 
4 1614 1629 (-2256 1144 -1280 ) (-2320 1144 -1280 ) (-2320 1216 -1280 ) (-2256 1216 -1280 ) 
4 1614 1619 (-2448 1104 -1280 ) (-2048 1104 -1280 ) (-2048 1104 2528 ) (-2448 1104 2528 ) 
4 1614 1615 (-2448 1104 -576 ) (-2448 1104 2528 ) (-2448 1216 2528 ) (-2448 1216 -576 ) 
4 1615 1620 (-2448 1104 -576 ) (-2448 1104 2528 ) (-2464 1104 2528 ) (-2464 1104 -576 ) 
4 1615 1616 (-2464 1104 -576 ) (-2464 1104 2528 ) (-2464 1216 2528 ) (-2464 1216 -576 ) 
4 1616 1637 (-3072 1104 -576 ) (-3072 1104 2528 ) (-3072 1472 2528 ) (-3072 1472 -576 ) 
4 1616 1622 (-3072 1104 2528 ) (-3072 1104 -576 ) (-2960 1104 -576 ) (-2960 1104 2528 ) 
4 1616 1620 (-2960 1104 -576 ) (-2464 1104 -576 ) (-2464 1104 2528 ) (-2960 1104 2528 ) 
4 1616 1618 (-3072 1472 -576 ) (-2960 1472 -576 ) (-2960 1104 -576 ) (-3072 1104 -576 ) 
4 1617 1632 (-2680 1104 -1280 ) (-2960 1104 -1280 ) (-2960 1144 -1280 ) (-2680 1144 -1280 ) 
4 1617 1631 (-2960 1144 -1280 ) (-2960 1408 -1280 ) (-2464 1408 -1280 ) (-2464 1144 -1280 ) 
4 1617 1626 (-2960 1408 -1280 ) (-2960 1472 -1280 ) (-2464 1472 -1280 ) (-2464 1408 -1280 ) 
4 1617 1618 (-2960 1104 -1280 ) (-2960 1104 -592 ) (-2960 1472 -592 ) (-2960 1472 -1280 ) 
4 1618 1638 (-3072 1472 -1280 ) (-3072 1104 -1280 ) (-3072 1104 -960 ) (-3072 1472 -960 ) 
4 1618 1637 (-3072 1104 -960 ) (-3072 1104 -576 ) (-3072 1472 -576 ) (-3072 1472 -960 ) 
4 1618 1633 (-2960 1104 -1280 ) (-3072 1104 -1280 ) (-3072 1144 -1280 ) (-2960 1144 -1280 ) 
4 1618 1631 (-3072 1144 -1280 ) (-3072 1408 -1280 ) (-2960 1408 -1280 ) (-2960 1144 -1280 ) 
4 1618 1627 (-3072 1408 -1280 ) (-3072 1472 -1280 ) (-2960 1472 -1280 ) (-2960 1408 -1280 ) 
4 1618 1622 (-3072 1104 -576 ) (-3072 1104 -1280 ) (-2960 1104 -1280 ) (-2960 1104 -576 ) 
4 1619 2118 (-2384 1024 -960 ) (-2448 1024 -960 ) (-2448 1024 -976 ) (-2384 1024 -976 ) 
4 1619 2119 (-2448 1024 -976 ) (-2448 1024 -1280 ) (-2384 1024 -1280 ) (-2384 1024 -976 ) 
4 1619 2117 (-2048 1024 -1280 ) (-2048 1024 -960 ) (-2384 1024 -960 ) (-2384 1024 -1280 ) 
4 1619 2113 (-2448 1024 -816 ) (-2448 1024 -832 ) (-2064 1024 -832 ) (-2064 1024 -816 ) 
4 1619 2112 (-2448 1024 -576 ) (-2448 1024 -816 ) (-2064 1024 -816 ) (-2064 1024 -576 ) 
4 1619 2115 (-2448 1024 -832 ) (-2448 1024 -960 ) (-2064 1024 -960 ) (-2064 1024 -832 ) 
4 1619 2109 (-2064 1024 -512 ) (-2448 1024 -512 ) (-2448 1024 -576 ) (-2064 1024 -576 ) 
4 1619 2108 (-2048 1024 -960 ) (-2048 1024 -512 ) (-2064 1024 -512 ) (-2064 1024 -960 ) 
4 1619 2104 (-2048 1024 -512 ) (-2048 1024 -448 ) (-2448 1024 -448 ) (-2448 1024 -512 ) 
4 1619 2102 (-2048 1024 -448 ) (-2048 1024 -192 ) (-2448 1024 -192 ) (-2448 1024 -448 ) 
4 1619 2099 (-2048 1024 -192 ) (-2048 1024 2528 ) (-2448 1024 2528 ) (-2448 1024 -192 ) 
4 1619 1621 (-2448 1088 -1280 ) (-2448 1024 -1280 ) (-2448 1024 2528 ) (-2448 1088 2528 ) 
4 1619 1620 (-2448 1104 2528 ) (-2448 1104 -576 ) (-2448 1088 -576 ) (-2448 1088 2528 ) 
4 1620 1622 (-2960 1104 2528 ) (-2960 1104 -576 ) (-2960 1088 -576 ) (-2960 1088 2528 ) 
4 1620 1621 (-2960 1088 2528 ) (-2960 1088 -576 ) (-2448 1088 -576 ) (-2448 1088 2528 ) 
4 1621 2118 (-2960 1024 -960 ) (-2960 1024 -976 ) (-2448 1024 -976 ) (-2448 1024 -960 ) 
4 1621 2119 (-2960 1024 -976 ) (-2960 1024 -1280 ) (-2448 1024 -1280 ) (-2448 1024 -976 ) 
4 1621 2116 (-2960 1024 -512 ) (-2960 1024 -960 ) (-2448 1024 -960 ) (-2448 1024 -512 ) 
4 1621 2105 (-2960 1024 -448 ) (-2960 1024 -512 ) (-2448 1024 -512 ) (-2448 1024 -448 ) 
4 1621 2103 (-2960 1024 -192 ) (-2960 1024 -448 ) (-2448 1024 -448 ) (-2448 1024 -192 ) 
4 1621 2100 (-2960 1024 2528 ) (-2960 1024 -192 ) (-2464 1024 -192 ) (-2464 1024 2528 ) 
4 1621 2099 (-2464 1024 -192 ) (-2448 1024 -192 ) (-2448 1024 2528 ) (-2464 1024 2528 ) 
4 1621 1623 (-2960 1024 -960 ) (-2960 1024 2528 ) (-2960 1088 2528 ) (-2960 1088 -960 ) 
4 1622 1638 (-3072 1104 -1280 ) (-3072 1088 -1280 ) (-3072 1088 -960 ) (-3072 1104 -960 ) 
4 1622 1637 (-3072 1088 -960 ) (-3072 1088 2528 ) (-3072 1104 2528 ) (-3072 1104 -960 ) 
4 1622 1633 (-3072 1088 -1280 ) (-3072 1104 -1280 ) (-2960 1104 -1280 ) (-2960 1088 -1280 ) 
4 1622 1623 (-2960 1088 -960 ) (-2960 1088 2528 ) (-3072 1088 2528 ) (-3072 1088 -960 ) 
4 1623 2147 (-3072 1024 2528 ) (-3072 1024 -960 ) (-2960 1024 -960 ) (-2960 1024 2528 ) 
4 1623 1637 (-3072 1024 -960 ) (-3072 1024 2528 ) (-3072 1088 2528 ) (-3072 1088 -960 ) 
4 1624 1634 (-2424 2048 -1296 ) (-2048 2048 -1296 ) (-2048 1408 -1296 ) (-2424 1408 -1296 ) 
3 1624 1630 (-2320 1408 -1280 ) (-2384 1408 -1280 ) (-2384 1408 -1288 ) 
3 1624 1628 (-2064 1408 -1288 ) (-2064 1408 -1280 ) (-2128 1408 -1280 ) 
4 1624 1629 (-2320 1408 -1296 ) (-2256 1408 -1296 ) (-2256 1408 -1280 ) (-2320 1408 -1280 ) 
4 1624 1625 (-2424 2048 -1296 ) (-2424 1792 -1296 ) (-2424 1792 -1280 ) (-2424 2048 -1280 ) 
4 1624 1626 (-2424 1472 -1296 ) (-2424 1408 -1296 ) (-2424 1408 -1280 ) (-2424 1472 -1280 ) 
4 1625 1634 (-2960 2048 -1296 ) (-2424 2048 -1296 ) (-2424 1792 -1296 ) (-2960 1792 -1296 ) 
4 1625 1627 (-2960 2048 -1296 ) (-2960 1792 -1296 ) (-2960 1792 -1280 ) (-2960 2048 -1280 ) 
4 1626 1634 (-2424 1472 -1296 ) (-2424 1408 -1296 ) (-2960 1408 -1296 ) (-2960 1472 -1296 ) 
4 1626 1631 (-2960 1408 -1296 ) (-2448 1408 -1296 ) (-2448 1408 -1280 ) (-2960 1408 -1280 ) 
4 1626 1627 (-2960 1472 -1296 ) (-2960 1408 -1296 ) (-2960 1408 -1280 ) (-2960 1472 -1280 ) 
4 1627 1638 (-3072 2048 -1280 ) (-3072 2048 -1296 ) (-3072 1408 -1296 ) (-3072 1408 -1280 ) 
4 1627 1635 (-3072 1408 -1296 ) (-3072 2048 -1296 ) (-2960 2048 -1296 ) (-2960 1408 -1296 ) 
4 1627 1631 (-3072 1408 -1296 ) (-2960 1408 -1296 ) (-2960 1408 -1280 ) (-3072 1408 -1280 ) 
4 1629 1634 (-2320 1408 -1296 ) (-2256 1408 -1296 ) (-2256 1144 -1296 ) (-2320 1144 -1296 ) 
4 1631 1638 (-3072 1408 -1296 ) (-3072 1144 -1296 ) (-3072 1144 -1280 ) (-3072 1408 -1280 ) 
4 1631 1635 (-3072 1144 -1296 ) (-3072 1408 -1296 ) (-2960 1408 -1296 ) (-2960 1144 -1296 ) 
4 1631 1634 (-2960 1408 -1296 ) (-2448 1408 -1296 ) (-2448 1144 -1296 ) (-2960 1144 -1296 ) 
4 1631 1633 (-3072 1144 -1296 ) (-2960 1144 -1296 ) (-2960 1144 -1280 ) (-3072 1144 -1280 ) 
4 1631 1632 (-2960 1144 -1296 ) (-2680 1144 -1296 ) (-2680 1144 -1280 ) (-2960 1144 -1280 ) 
4 1632 1634 (-2960 1088 -1296 ) (-2960 1144 -1296 ) (-2680 1144 -1296 ) (-2680 1088 -1296 ) 
4 1632 1633 (-2960 1144 -1280 ) (-2960 1144 -1296 ) (-2960 1088 -1296 ) (-2960 1088 -1280 ) 
4 1633 1638 (-3072 1144 -1296 ) (-3072 1088 -1296 ) (-3072 1088 -1280 ) (-3072 1144 -1280 ) 
4 1633 1635 (-3072 1088 -1296 ) (-3072 1144 -1296 ) (-2960 1144 -1296 ) (-2960 1088 -1296 ) 
4 1634 2133 (-2048 1024 -1408 ) (-2048 1024 -1296 ) (-2960 1024 -1296 ) (-2960 1024 -1408 ) 
4 1634 1636 (-2960 2048 -1408 ) (-2048 2048 -1408 ) (-2048 1024 -1408 ) (-2960 1024 -1408 ) 
4 1634 1635 (-2960 2048 -1408 ) (-2960 1088 -1408 ) (-2960 1088 -1296 ) (-2960 2048 -1296 ) 
4 1635 1638 (-3072 2048 -1296 ) (-3072 2048 -1408 ) (-3072 1088 -1408 ) (-3072 1088 -1296 ) 
4 1635 1636 (-3072 2048 -1408 ) (-2960 2048 -1408 ) (-2960 1088 -1408 ) (-3072 1088 -1408 ) 
4 1636 2153 (-2992 1024 -1408 ) (-3072 1024 -1408 ) (-3072 1024 -3040 ) (-2992 1024 -3040 ) 
4 1636 2152 (-2960 1024 -1408 ) (-2992 1024 -1408 ) (-2992 1024 -3040 ) (-2960 1024 -3040 ) 
4 1636 2133 (-2048 1024 -3040 ) (-2048 1024 -1408 ) (-2960 1024 -1408 ) (-2960 1024 -3040 ) 
4 1636 1641 (-3072 2048 -1408 ) (-3072 2048 -3040 ) (-3072 1024 -3040 ) (-3072 1024 -1408 ) 
4 1637 2160 (-3072 1024 -960 ) (-3072 1024 2528 ) (-3472 1024 2528 ) (-3472 1024 -960 ) 
4 1637 2163 (-3472 1024 2528 ) (-4096 1024 2528 ) (-4096 1024 -960 ) (-3472 1024 -960 ) 
4 1637 1650 (-4096 1024 -960 ) (-4096 1024 2528 ) (-4096 2048 2528 ) (-4096 2048 -960 ) 
4 1637 1639 (-3472 1088 -960 ) (-3472 2048 -960 ) (-3408 2048 -960 ) (-3408 1088 -960 ) 
4 1637 1640 (-3472 1024 -960 ) (-4096 1024 -960 ) (-4096 2048 -960 ) (-3472 2048 -960 ) 
4 1637 1638 (-3408 1088 -960 ) (-3408 2048 -960 ) (-3072 2048 -960 ) (-3072 1088 -960 ) 
4 1638 1641 (-3072 2048 -1408 ) (-3072 1088 -1408 ) (-3408 1088 -1408 ) (-3408 2048 -1408 ) 
4 1638 1639 (-3408 2048 -1408 ) (-3408 1088 -1408 ) (-3408 1088 -960 ) (-3408 2048 -960 ) 
4 1639 1641 (-3472 1088 -1408 ) (-3472 2048 -1408 ) (-3408 2048 -1408 ) (-3408 1088 -1408 ) 
4 1639 1640 (-3472 2048 -1408 ) (-3472 1088 -1408 ) (-3472 1088 -960 ) (-3472 2048 -960 ) 
4 1640 2166 (-3472 1024 -960 ) (-4096 1024 -960 ) (-4096 1024 -1408 ) (-3472 1024 -1408 ) 
4 1640 1650 (-4096 1024 -1408 ) (-4096 1024 -960 ) (-4096 2048 -960 ) (-4096 2048 -1408 ) 
4 1640 1641 (-3472 1024 -1408 ) (-4096 1024 -1408 ) (-4096 2048 -1408 ) (-3472 2048 -1408 ) 
4 1641 2167 (-3408 1024 -1408 ) (-4096 1024 -1408 ) (-4096 1024 -3040 ) (-3408 1024 -3040 ) 
4 1641 2164 (-3072 1024 -3040 ) (-3072 1024 -1408 ) (-3408 1024 -1408 ) (-3408 1024 -3040 ) 
4 1641 1650 (-4096 1024 -3040 ) (-4096 1024 -1408 ) (-4096 2048 -1408 ) (-4096 2048 -3040 ) 
4 1642 1644 (-4096 4096 -3040 ) (-4096 4096 2528 ) (-5120 4096 2528 ) (-5120 4096 -3040 ) 
4 1642 1643 (-5120 5120 2528 ) (-5120 5120 -3040 ) (-5120 4096 -3040 ) (-5120 4096 2528 ) 
4 1643 1646 (-6144 5120 2528 ) (-6144 5120 -3040 ) (-6144 4096 -3040 ) (-6144 4096 2528 ) 
4 1643 1645 (-5120 4096 -3040 ) (-5120 4096 2528 ) (-6144 4096 2528 ) (-6144 4096 -3040 ) 
4 1644 1648 (-4096 3072 -3040 ) (-4096 3072 2528 ) (-5120 3072 2528 ) (-5120 3072 -3040 ) 
4 1644 1645 (-5120 4096 2528 ) (-5120 4096 -3040 ) (-5120 3072 -3040 ) (-5120 3072 2528 ) 
4 1645 1649 (-5120 3072 -3040 ) (-5120 3072 2528 ) (-6144 3072 2528 ) (-6144 3072 -3040 ) 
4 1645 1647 (-6144 3072 -3040 ) (-6144 3072 2528 ) (-6144 4096 2528 ) (-6144 4096 -3040 ) 
4 1646 1647 (-6144 4096 -3040 ) (-6144 4096 2528 ) (-6624 4096 2528 ) (-6624 4096 -3040 ) 
4 1647 1652 (-6144 3072 -3040 ) (-6144 3072 2528 ) (-6624 3072 2528 ) (-6624 3072 -3040 ) 
4 1648 1650 (-4096 2048 -3040 ) (-4096 2048 2528 ) (-5120 2048 2528 ) (-5120 2048 -3040 ) 
4 1648 1649 (-5120 3072 2528 ) (-5120 3072 -3040 ) (-5120 2048 -3040 ) (-5120 2048 2528 ) 
4 1649 1652 (-6144 3072 2528 ) (-6144 3072 -3040 ) (-6144 2048 -3040 ) (-6144 2048 2528 ) 
4 1649 1651 (-5120 2048 -3040 ) (-5120 2048 2528 ) (-6144 2048 2528 ) (-6144 2048 -3040 ) 
4 1650 2500 (-4096 1024 -3040 ) (-4096 1024 2528 ) (-5120 1024 2528 ) (-5120 1024 -3040 ) 
4 1650 1651 (-5120 2048 2528 ) (-5120 2048 -3040 ) (-5120 1024 -3040 ) (-5120 1024 2528 ) 
4 1651 2501 (-5120 1024 -3040 ) (-5120 1024 2528 ) (-6144 1024 2528 ) (-6144 1024 -3040 ) 
4 1651 1653 (-6144 1024 -3040 ) (-6144 1024 2528 ) (-6144 2048 2528 ) (-6144 2048 -3040 ) 
4 1652 1653 (-6144 2048 -3040 ) (-6144 2048 2528 ) (-6624 2048 2528 ) (-6624 2048 -3040 ) 
4 1653 2504 (-6144 1024 -3040 ) (-6144 1024 2528 ) (-6624 1024 2528 ) (-6624 1024 -3040 ) 
4 1654 1663 (5600 0 2528 ) (5120 0 2528 ) (5120 0 -3040 ) (5600 0 -3040 ) 
4 1654 1656 (5120 1024 -1248 ) (5120 1024 -1256 ) (5120 0 -1256 ) (5120 0 -1248 ) 
4 1654 1657 (5120 1024 -1256 ) (5120 1024 -3040 ) (5120 0 -3040 ) (5120 0 -1256 ) 
4 1654 1655 (5120 1024 2528 ) (5120 1024 -1248 ) (5120 0 -1248 ) (5120 0 2528 ) 
4 1655 1664 (5120 0 -1248 ) (5120 0 2528 ) (4144 0 2528 ) (4144 0 -1248 ) 
4 1655 1661 (4144 960 -512 ) (4144 1024 -512 ) (4144 1024 -1248 ) (4144 960 -1248 ) 
4 1655 1659 (4144 0 -1248 ) (4144 0 -512 ) (4144 832 -512 ) (4144 832 -1248 ) 
4 1655 1658 (4144 0 -512 ) (4144 0 2528 ) (4144 1024 2528 ) (4144 1024 -512 ) 
5 1655 1656 (4144 0 -1248 ) (4144 848 -1248 ) (4336 1024 -1248 ) (5120 1024 -1248 ) (5120 0 -1248 ) 
4 1656 1664 (5120 0 -1256 ) (5120 0 -1248 ) (4144 0 -1248 ) (4144 0 -1256 ) 
4 1656 1659 (4144 0 -1256 ) (4144 0 -1248 ) (4144 832 -1248 ) (4144 832 -1256 ) 
5 1656 1657 (5120 0 -1256 ) (4144 0 -1256 ) (4144 848 -1256 ) (4336 1024 -1256 ) (5120 1024 -1256 ) 
4 1657 1664 (5120 0 -3040 ) (5120 0 -1256 ) (4144 0 -1256 ) (4144 0 -3040 ) 
4 1657 1662 (4144 960 -1256 ) (4144 1024 -1256 ) (4144 1024 -3040 ) (4144 960 -3040 ) 
4 1657 1659 (4144 0 -1296 ) (4144 0 -1256 ) (4144 832 -1256 ) (4144 832 -1296 ) 
4 1657 1660 (4144 0 -3040 ) (4144 0 -1296 ) (4144 960 -1296 ) (4144 960 -3040 ) 
4 1658 1671 (4096 1024 2528 ) (4096 1024 -512 ) (4096 984 -512 ) (4096 984 2528 ) 
4 1658 1669 (4096 984 -512 ) (4096 0 -512 ) (4096 0 2528 ) (4096 984 2528 ) 
4 1658 1664 (4144 0 -512 ) (4144 0 2528 ) (4096 0 2528 ) (4096 0 -512 ) 
4 1658 1661 (4096 1024 -512 ) (4144 1024 -512 ) (4144 960 -512 ) (4096 984 -512 ) 
4 1658 1659 (4144 832 -512 ) (4144 0 -512 ) (4096 0 -512 ) (4096 856 -512 ) 
4 1659 1670 (4096 0 -1296 ) (4096 0 -512 ) (4096 856 -512 ) (4096 856 -1296 ) 
4 1659 1664 (4144 0 -1296 ) (4144 0 -512 ) (4096 0 -512 ) (4096 0 -1296 ) 
4 1659 1660 (4144 832 -1296 ) (4144 0 -1296 ) (4096 0 -1296 ) (4096 856 -1296 ) 
4 1660 1677 (4096 984 -3040 ) (4096 0 -3040 ) (4096 0 -1296 ) (4096 984 -1296 ) 
4 1660 1664 (4144 0 -3040 ) (4144 0 -1296 ) (4096 0 -1296 ) (4096 0 -3040 ) 
4 1660 1662 (4144 960 -3040 ) (4096 984 -3040 ) (4096 984 -1296 ) (4144 960 -1296 ) 
4 1661 1671 (4096 1024 -512 ) (4096 1024 -1248 ) (4096 984 -1248 ) (4096 984 -512 ) 
4 1662 1677 (4096 1024 -1296 ) (4096 1024 -3040 ) (4096 984 -3040 ) (4096 984 -1296 ) 
4 1662 1672 (4096 1024 -1256 ) (4096 1024 -1296 ) (4096 984 -1296 ) (4096 984 -1256 ) 
4 1663 1665 (5600 -1024 2528 ) (5120 -1024 2528 ) (5120 -1024 -3040 ) (5600 -1024 -3040 ) 
4 1663 1664 (5120 0 2528 ) (5120 0 -3040 ) (5120 -1024 -3040 ) (5120 -1024 2528 ) 
4 1664 1691 (4096 -1024 -3040 ) (4096 -1024 2528 ) (4096 0 2528 ) (4096 0 -3040 ) 
4 1664 1666 (5120 -1024 -3040 ) (5120 -1024 2528 ) (4096 -1024 2528 ) (4096 -1024 -3040 ) 
4 1665 1667 (5600 -2048 2528 ) (5120 -2048 2528 ) (5120 -2048 -3040 ) (5600 -2048 -3040 ) 
4 1665 1666 (5120 -1024 2528 ) (5120 -1024 -3040 ) (5120 -2048 -3040 ) (5120 -2048 2528 ) 
4 1666 1851 (4096 -2048 -3040 ) (4096 -2048 2528 ) (4096 -1024 2528 ) (4096 -1024 -3040 ) 
4 1666 1668 (5120 -2048 -3040 ) (5120 -2048 2528 ) (4096 -2048 2528 ) (4096 -2048 -3040 ) 
4 1667 1937 (5600 -3072 2528 ) (5120 -3072 2528 ) (5120 -3072 -3040 ) (5600 -3072 -3040 ) 
4 1667 1668 (5120 -2048 2528 ) (5120 -2048 -3040 ) (5120 -3072 -3040 ) (5120 -3072 2528 ) 
4 1668 1938 (5120 -3072 -3040 ) (5120 -3072 2528 ) (4096 -3072 2528 ) (4096 -3072 -3040 ) 
4 1668 1853 (4096 -3072 -3040 ) (4096 -3072 2528 ) (4096 -2048 2528 ) (4096 -2048 -3040 ) 
4 1669 1691 (4096 0 -512 ) (4096 0 2528 ) (3760 0 2528 ) (3760 0 -512 ) 
4 1669 1673 (3760 0 -512 ) (3760 0 2528 ) (3760 1024 2528 ) (3760 1024 -512 ) 
4 1669 1671 (4016.003418 1024 -512 ) (4016.001953 1024 2528 ) (4096 984 2528 ) (4096 984.001770 -512 ) 
4 1669 1670 (3760 0 -512 ) (3760 1024 -512 ) (4096 856 -512 ) (4096 0 -512 ) 
4 1670 1691 (4096 0 -1296 ) (4096 0 -512 ) (3760 0 -512 ) (3760 0 -1296 ) 
4 1670 1677 (4096 0 -1296 ) (3760 0 -1296 ) (3760 1024 -1296 ) (4096 856 -1296 ) 
4 1670 1673 (3760 1024 -1296 ) (3760 0 -1296 ) (3760 0 -512 ) (3760 1024 -512 ) 
3 1672 1677 (4016 1024 -1296 ) (4096 1024 -1296 ) (4096 984 -1296 ) 
4 1673 1691 (3760 0 2528 ) (3184 0 2528 ) (3184 0 -1296 ) (3760 0 -1296 ) 
4 1673 1677 (3760 0 -1296 ) (3184 0 -1296 ) (3184 1024 -1296 ) (3760 1024 -1296 ) 
4 1673 1674 (3184 192 -640 ) (3184 192 2528 ) (3184 1024 2528 ) (3184 1024 -640 ) 
4 1673 1675 (3184 1024 -1296 ) (3184 192 -1296 ) (3184 192 -1280 ) (3184 1024 -1280 ) 
4 1673 1676 (3184 192 -1296 ) (3184 0 -1296 ) (3184 0 2528 ) (3184 192 2528 ) 
4 1674 1680 (3072 1024 -192 ) (3072 1024 -640 ) (3072 192 -640 ) (3072 192 -192 ) 
4 1674 1679 (3072 1024 192 ) (3072 1024 -192 ) (3072 192 -192 ) (3072 192 192 ) 
4 1674 1678 (3072 1024 2528 ) (3072 1024 192 ) (3072 192 192 ) (3072 192 2528 ) 
4 1674 1676 (3184 192 -640 ) (3184 192 2528 ) (3072 192 2528 ) (3072 192 -640 ) 
4 1675 1681 (3072 1024 -1280 ) (3072 1024 -1296 ) (3072 192 -1296 ) (3072 192 -1280 ) 
4 1675 1677 (3072 192 -1296 ) (3072 1024 -1296 ) (3184 1024 -1296 ) (3184 192 -1296 ) 
4 1675 1676 (3072 192 -1296 ) (3184 192 -1296 ) (3184 192 -1280 ) (3072 192 -1280 ) 
4 1676 1691 (3184 0 2528 ) (3072 0 2528 ) (3072 0 -1296 ) (3184 0 -1296 ) 
4 1676 1684 (3072 192 -1296 ) (3072 0 -1296 ) (3072 0 -192 ) (3072 192 -192 ) 
4 1676 1679 (3072 0 -192 ) (3072 0 192 ) (3072 192 192 ) (3072 192 -192 ) 
4 1676 1678 (3072 0 192 ) (3072 0 2528 ) (3072 192 2528 ) (3072 192 192 ) 
4 1676 1677 (3184 0 -1296 ) (3072 0 -1296 ) (3072 192 -1296 ) (3184 192 -1296 ) 
4 1677 1691 (4096 0 -3040 ) (4096 0 -1296 ) (3072 0 -1296 ) (3072 0 -3040 ) 
4 1677 1688 (3072 1024 -1296 ) (3072 1024 -3040 ) (3072 0 -3040 ) (3072 0 -1296 ) 
4 1678 1692 (3072 0 192 ) (3072 0 2528 ) (2160 0 2528 ) (2160 0 192 ) 
4 1678 1689 (2160 0 192 ) (2160 0 2528 ) (2160 1024 2528 ) (2160 1024 192 ) 
4 1678 1685 (2160 640 192 ) (2160 1024 192 ) (2416 1024 192 ) (2416 640 192 ) 
4 1678 1679 (3072 0 192 ) (2800 0 192 ) (2800 1024 192 ) (3072 1024 192 ) 
4 1679 1693 (3072 0 -192 ) (3072 0 192 ) (2800 0 192 ) (2800 0 -192 ) 
4 1679 1682 (2800 192 -192 ) (2800 1008 -192 ) (3056 1008 -192 ) (3056 192 -192 ) 
4 1679 1680 (3056 1024 -192 ) (3072 1024 -192 ) (3072 192 -192 ) (3056 192 -192 ) 
4 1679 1684 (2800 0 -192 ) (2800 192 -192 ) (3072 192 -192 ) (3072 0 -192 ) 
4 1680 1682 (3056 192 -640 ) (3056 192 -192 ) (3056 1008 -192 ) (3056 1008 -640 ) 
4 1680 1684 (3072 192 -192 ) (3056 192 -192 ) (3056 192 -640 ) (3072 192 -640 ) 
4 1681 1688 (3056 1024 -1296 ) (3072 1024 -1296 ) (3072 192 -1296 ) (3056 192 -1296 ) 
4 1681 1683 (3056 1008 -1296 ) (3056 192 -1296 ) (3056 192 -1280 ) (3056 1008 -1280 ) 
4 1681 1684 (3056 192 -1280 ) (3056 192 -1296 ) (3072 192 -1296 ) (3072 192 -1280 ) 
4 1682 1684 (3056 192 -192 ) (2800 192 -192 ) (2800 192 -640 ) (3056 192 -640 ) 
4 1683 1688 (3056 1008 -1296 ) (3056 192 -1296 ) (2800 192 -1296 ) (2800 1008 -1296 ) 
4 1683 1684 (2800 192 -1280 ) (2800 192 -1296 ) (3056 192 -1296 ) (3056 192 -1280 ) 
4 1684 1693 (3072 0 -1296 ) (3072 0 -192 ) (2800 0 -192 ) (2800 0 -1296 ) 
4 1684 1688 (3072 192 -1296 ) (3072 0 -1296 ) (2800 0 -1296 ) (2800 192 -1296 ) 
4 1685 1689 (2160 640 192 ) (2160 1024 192 ) (2160 1024 -640 ) (2160 640 -640 ) 
4 1686 1696 (2160 0 -992 ) (2160 0 -1280 ) (2416 0 -1280 ) (2416 0 -992 ) 
4 1686 1689 (2160 0 -1024 ) (2160 0 -992 ) (2160 192 -992 ) (2160 192 -1024 ) 
4 1686 1687 (2160 0 -1280 ) (2160 192 -1280 ) (2416 192 -1280 ) (2416 0 -1280 ) 
4 1687 1696 (2160 0 -1280 ) (2160 0 -1296 ) (2416 0 -1296 ) (2416 0 -1280 ) 
4 1687 1690 (2160 0 -1296 ) (2160 0 -1284 ) (2160 1024 -1284 ) (2160 1024 -1296 ) 
4 1687 1688 (2160 0 -1296 ) (2160 1024 -1296 ) (2416 1024 -1296 ) (2416 0 -1296 ) 
4 1688 1696 (2416 0 -1296 ) (2160 0 -1296 ) (2160 0 -3040 ) (2416 0 -3040 ) 
4 1688 1694 (2800 0 -1296 ) (2416 0 -1296 ) (2416 0 -3040 ) (2800 0 -3040 ) 
4 1688 1693 (3072 0 -3040 ) (3072 0 -1296 ) (2800 0 -1296 ) (2800 0 -3040 ) 
4 1688 1690 (2160 0 -3040 ) (2160 0 -1296 ) (2160 1024 -1296 ) (2160 1024 -3040 ) 
4 1689 1702 (2048 1024 2528 ) (2048 1024 -1024 ) (2048 0 -1024 ) (2048 0 2528 ) 
4 1689 1698 (2160 0 -1024 ) (2160 0 192 ) (2048 0 192 ) (2048 0 -1024 ) 
4 1689 1692 (2160 0 192 ) (2160 0 2528 ) (2048 0 2528 ) (2048 0 192 ) 
4 1690 1713 (2048 1024 -1616 ) (2048 1024 -3040 ) (2048 0 -3040 ) (2048 0 -1616 ) 
4 1690 1711 (2048 768 -1616 ) (2048 0 -1616 ) (2048 0 -1600 ) (2048 768 -1600 ) 
4 1690 1710 (2048 1024 -1600 ) (2048 1024 -1616 ) (2048 768 -1616 ) (2048 768 -1600 ) 
4 1690 1705 (2048 1024 -1284 ) (2048 1024 -1600 ) (2048 0 -1600 ) (2048 0 -1284 ) 
4 1690 1700 (2160 0 -3040 ) (2160 0 -1284 ) (2048 0 -1284 ) (2048 0 -3040 ) 
4 1691 1851 (4096 -1024 -3040 ) (4096 -1024 2528 ) (3072 -1024 2528 ) (3072 -1024 -3040 ) 
4 1691 1693 (3072 0 192 ) (3072 0 -3040 ) (3072 -1024 -3040 ) (3072 -1024 192 ) 
4 1691 1692 (3072 0 2528 ) (3072 0 192 ) (3072 -1024 192 ) (3072 -1024 2528 ) 
4 1692 1852 (3072 -1024 192 ) (3072 -1024 2528 ) (2048 -1024 2528 ) (2048 -1024 192 ) 
4 1692 1748 (2048 -1024 192 ) (2048 -1024 2528 ) (2048 0 2528 ) (2048 0 192 ) 
4 1692 1698 (2048 -832 192 ) (2048 0 192 ) (2160 0 192 ) (2160 -832 192 ) 
4 1692 1699 (2160 -1024 192 ) (2048 -1024 192 ) (2048 -832 192 ) (2160 -832 192 ) 
4 1692 1697 (2416 -1024 192 ) (2160 -1024 192 ) (2160 -320 192 ) (2416 -320 192 ) 
4 1692 1695 (2800 -1024 192 ) (2416 -1024 192 ) (2416 -320 192 ) (2800 -320 192 ) 
4 1692 1693 (3072 0 192 ) (3072 -1024 192 ) (2800 -1024 192 ) (2800 0 192 ) 
4 1693 1852 (3072 -1024 -3040 ) (3072 -1024 192 ) (2800 -1024 192 ) (2800 -1024 -3040 ) 
4 1693 1694 (2800 0 -3040 ) (2800 -320 -3040 ) (2800 -320 -1296 ) (2800 0 -1296 ) 
4 1693 1695 (2800 -320 -3040 ) (2800 -1024 -3040 ) (2800 -1024 192 ) (2800 -320 192 ) 
4 1694 1696 (2416 0 -1296 ) (2416 0 -3040 ) (2416 -320 -3040 ) (2416 -320 -1296 ) 
4 1694 1695 (2416 -320 -1296 ) (2416 -320 -3040 ) (2800 -320 -3040 ) (2800 -320 -1296 ) 
4 1695 1852 (2800 -1024 192 ) (2416 -1024 192 ) (2416 -1024 -3040 ) (2800 -1024 -3040 ) 
4 1695 1697 (2416 -1024 -3040 ) (2416 -1024 192 ) (2416 -320 192 ) (2416 -320 -3040 ) 
4 1696 1700 (2160 0 -1284 ) (2160 0 -3040 ) (2160 -320 -3040 ) (2160 -320 -1284 ) 
4 1696 1698 (2160 0 -992 ) (2160 0 -1024 ) (2160 -320 -1024 ) (2160 -320 -992 ) 
4 1696 1697 (2160 -320 -992 ) (2160 -320 -3040 ) (2416 -320 -3040 ) (2416 -320 -992 ) 
4 1697 1852 (2416 -1024 -3040 ) (2416 -1024 192 ) (2160 -1024 192 ) (2160 -1024 -3040 ) 
4 1697 1700 (2160 -320 -1284 ) (2160 -320 -3040 ) (2160 -384 -3040 ) (2160 -384 -1284 ) 
4 1697 1701 (2160 -384 -3040 ) (2160 -1024 -3040 ) (2160 -1024 -1152 ) (2160 -384 -1152 ) 
4 1697 1698 (2160 -832 192 ) (2160 -320 192 ) (2160 -320 -1024 ) (2160 -832 -1024 ) 
4 1697 1699 (2160 -1024 192 ) (2160 -832 192 ) (2160 -832 -1152 ) (2160 -1024 -1152 ) 
4 1698 1763 (2048 -432 -1024 ) (2048 -832 -1024 ) (2048 -832 -832 ) (2048 -432 -832 ) 
4 1698 1759 (2048 0 -832 ) (2048 0 -1024 ) (2048 -432 -1024 ) (2048 -432 -832 ) 
4 1698 1751 (2048 0 -816 ) (2048 0 -832 ) (2048 -832 -832 ) (2048 -832 -816 ) 
4 1698 1748 (2048 -832 192 ) (2048 0 192 ) (2048 0 -816 ) (2048 -832 -816 ) 
4 1698 1699 (2160 -832 -1024 ) (2160 -832 192 ) (2048 -832 192 ) (2048 -832 -1024 ) 
4 1699 1852 (2160 -1024 -1152 ) (2160 -1024 192 ) (2048 -1024 192 ) (2048 -1024 -1152 ) 
4 1699 1765 (2048 -1024 -1152 ) (2048 -1024 -1024 ) (2048 -832 -1024 ) (2048 -832 -1152 ) 
4 1699 1763 (2048 -1024 -1024 ) (2048 -1024 -832 ) (2048 -832 -832 ) (2048 -832 -1024 ) 
4 1699 1751 (2048 -1024 -832 ) (2048 -1024 -816 ) (2048 -832 -816 ) (2048 -832 -832 ) 
4 1699 1748 (2048 -1024 -816 ) (2048 -1024 192 ) (2048 -832 192 ) (2048 -832 -816 ) 
4 1699 1701 (2160 -832 -1152 ) (2160 -1024 -1152 ) (2048 -1024 -1152 ) (2048 -832 -1152 ) 
4 1700 1796 (2048 0 -1296 ) (2048 0 -3040 ) (2048 -384 -3040 ) (2048 -384 -1296 ) 
4 1700 1781 (2048 0 -1284 ) (2048 0 -1296 ) (2048 -384 -1296 ) (2048 -384 -1284 ) 
4 1700 1701 (2048 -384 -3040 ) (2160 -384 -3040 ) (2160 -384 -1284 ) (2048 -384 -1284 ) 
4 1701 1852 (2160 -1024 -3040 ) (2160 -1024 -1152 ) (2048 -1024 -1152 ) (2048 -1024 -3040 ) 
4 1701 1796 (2048 -1024 -3040 ) (2048 -1024 -1296 ) (2048 -384 -1296 ) (2048 -384 -3040 ) 
4 1701 1795 (2048 -1024 -1296 ) (2048 -1024 -1216 ) (2048 -704 -1216 ) (2048 -704 -1296 ) 
4 1701 1783 (2048 -704 -1216 ) (2048 -392 -1216 ) (2048 -392 -1296 ) (2048 -704 -1296 ) 
4 1701 1782 (2048 -392 -1216 ) (2048 -384 -1216 ) (2048 -384 -1296 ) (2048 -392 -1296 ) 
4 1701 1766 (2048 -1024 -1216 ) (2048 -1024 -1152 ) (2048 -432 -1152 ) (2048 -432 -1216 ) 
4 1701 1761 (2048 -432 -1152 ) (2048 -384 -1152 ) (2048 -384 -1216 ) (2048 -432 -1216 ) 
4 1702 1777 (1552 0 -832 ) (1024 0 -832 ) (1024 0 -1024 ) (1552 0 -1024 ) 
4 1702 1759 (2048 0 -1024 ) (2048 0 -832 ) (1552 0 -832 ) (1552 0 -1024 ) 
4 1702 1758 (1296 0 -816 ) (1024 0 -816 ) (1024 0 -832 ) (1296 0 -832 ) 
4 1702 1755 (1552 0 -816 ) (1536 0 -816 ) (1536 0 -832 ) (1552 0 -832 ) 
4 1702 1756 (1536 0 -816 ) (1296 0 -816 ) (1296 0 -832 ) (1536 0 -832 ) 
4 1702 1754 (1896 0 -816 ) (1552 0 -816 ) (1552 0 -832 ) (1896 0 -832 ) 
4 1702 1752 (1912 0 -816 ) (1896 0 -816 ) (1896 0 -832 ) (1912 0 -832 ) 
4 1702 1751 (2048 0 -832 ) (2048 0 -816 ) (1912 0 -816 ) (1912 0 -832 ) 
4 1702 1749 (1296 0 2528 ) (1024 0 2528 ) (1024 0 -816 ) (1296 0 -816 ) 
4 1702 1748 (2048 0 -816 ) (2048 0 2528 ) (1296 0 2528 ) (1296 0 -816 ) 
4 1702 1714 (1024 1024 2528 ) (1024 1024 -1024 ) (1024 0 -1024 ) (1024 0 2528 ) 
4 1702 1704 (1024 0 -1024 ) (1024 800 -1024 ) (2032 800 -1024 ) (2032 0 -1024 ) 
4 1702 1703 (1024 800 -1024 ) (1024 1024 -1024 ) (1584 1024 -1024 ) (1584 800 -1024 ) 
4 1703 1714 (1024 1024 -1024 ) (1024 1024 -1152 ) (1024 800 -1152 ) (1024 800 -1024 ) 
4 1703 1709 (1024 800 -1152 ) (1024 1024 -1152 ) (1136 1024 -1152 ) (1136 800 -1152 ) 
4 1703 1708 (1136 1024 -1152 ) (1584 1024 -1152 ) (1584 800 -1152 ) (1136 800 -1152 ) 
4 1703 1704 (1024 800 -1152 ) (1584 800 -1152 ) (1584 800 -1024 ) (1024 800 -1024 ) 
4 1704 1777 (1552 0 -1024 ) (1024 0 -1024 ) (1024 0 -1152 ) (1552 0 -1152 ) 
4 1704 1760 (2032 0 -1024 ) (1552 0 -1024 ) (1552 0 -1152 ) (1872 0 -1152 ) 
4 1704 1714 (1024 800 -1152 ) (1024 0 -1152 ) (1024 0 -1024 ) (1024 800 -1024 ) 
4 1704 1709 (1136 0 -1152 ) (1024 0 -1152 ) (1024 800 -1152 ) (1136 800 -1152 ) 
4 1704 1707 (1872 0 -1152 ) (1584 0 -1152 ) (1584 800 -1152 ) (1872 800 -1152 ) 
4 1704 1708 (1584 0 -1152 ) (1136 0 -1152 ) (1136 800 -1152 ) (1584 800 -1152 ) 
4 1705 1796 (2048 0 -1600 ) (2048 0 -1296 ) (1872 0 -1296 ) (1872 0 -1600 ) 
4 1705 1781 (2048 0 -1296 ) (2048 0 -1284 ) (1872 0 -1284 ) (1872 0 -1296 ) 
4 1705 1711 (2048 768 -1600 ) (2048 0 -1600 ) (1872 0 -1600 ) (1872 768 -1600 ) 
4 1705 1710 (1872 1024 -1600 ) (2048 1024 -1600 ) (2048 768 -1600 ) (1872 768 -1600 ) 
4 1705 1706 (1872 1024 -1600 ) (1872 800 -1600 ) (1872 800 -1284 ) (1872 1024 -1284 ) 
4 1705 1707 (1872 800 -1600 ) (1872 0 -1600 ) (1872 0 -1284 ) (1872 800 -1284 ) 
4 1706 1710 (1584 1024 -1600 ) (1872 1024 -1600 ) (1872 800 -1600 ) (1584 800 -1600 ) 
4 1706 1707 (1584 800 -1280 ) (1584 800 -1600 ) (1872 800 -1600 ) (1872 800 -1280 ) 
4 1706 1708 (1584 1024 -1600 ) (1584 800 -1600 ) (1584 800 -1280 ) (1584 1024 -1280 ) 
4 1707 1796 (1584 0 -1296 ) (1584 0 -1600 ) (1872 0 -1600 ) (1872 0 -1296 ) 
4 1707 1785 (1584 0 -1216 ) (1584 0 -1296 ) (1872 0 -1296 ) (1872 0 -1216 ) 
4 1707 1762 (1872 0 -1152 ) (1584 0 -1152 ) (1584 0 -1216 ) (1872 0 -1216 ) 
4 1707 1711 (1872 768 -1600 ) (1872 0 -1600 ) (1584 0 -1600 ) (1584 768 -1600 ) 
4 1707 1710 (1872 800 -1600 ) (1872 768 -1600 ) (1584 768 -1600 ) (1584 800 -1600 ) 
4 1707 1708 (1584 800 -1600 ) (1584 0 -1600 ) (1584 0 -1152 ) (1584 800 -1152 ) 
4 1708 1797 (1136 0 -1296 ) (1136 0 -1600 ) (1152 0 -1600 ) (1152 0 -1296 ) 
4 1708 1796 (1152 0 -1600 ) (1584 0 -1600 ) (1584 0 -1296 ) (1152 0 -1296 ) 
4 1708 1794 (1136 0 -1280 ) (1136 0 -1296 ) (1536 0 -1296 ) (1536 0 -1280 ) 
4 1708 1792 (1200 0 -1280 ) (1344 0 -1280 ) (1344 0 -1216 ) (1200 0 -1216 ) 
4 1708 1793 (1136 0 -1216 ) (1136 0 -1280 ) (1200 0 -1280 ) (1200 0 -1216 ) 
4 1708 1787 (1453 0 -1280 ) (1460 0 -1280 ) (1460 0 -1216 ) (1453 0 -1216 ) 
4 1708 1786 (1460 0 -1280 ) (1536 0 -1280 ) (1536 0 -1216 ) (1460 0 -1216 ) 
4 1708 1790 (1344 0 -1280 ) (1453 0 -1280 ) (1453 0 -1216 ) (1344 0 -1216 ) 
4 1708 1785 (1536 0 -1296 ) (1584 0 -1296 ) (1584 0 -1216 ) (1536 0 -1216 ) 
4 1708 1777 (1552 0 -1152 ) (1136 0 -1152 ) (1136 0 -1216 ) (1552 0 -1216 ) 
4 1708 1762 (1584 0 -1152 ) (1552 0 -1152 ) (1552 0 -1216 ) (1584 0 -1216 ) 
4 1708 1712 (1152 0 -1600 ) (1136 0 -1600 ) (1136 704 -1600 ) (1152 704 -1600 ) 
4 1708 1711 (1584 768 -1600 ) (1584 0 -1600 ) (1152 0 -1600 ) (1152 768 -1600 ) 
4 1708 1710 (1136 1024 -1600 ) (1584 1024 -1600 ) (1584 768 -1600 ) (1136 768 -1600 ) 
4 1708 1709 (1136 0 -1312 ) (1136 0 -1152 ) (1136 1024 -1152 ) (1136 1024 -1312 ) 
4 1709 1800 (1024 0 -1296 ) (1024 0 -1312 ) (1136 0 -1312 ) (1136 0 -1296 ) 
4 1709 1794 (1024 0 -1280 ) (1024 0 -1296 ) (1136 0 -1296 ) (1136 0 -1280 ) 
4 1709 1793 (1024 0 -1216 ) (1024 0 -1280 ) (1136 0 -1280 ) (1136 0 -1216 ) 
4 1709 1777 (1136 0 -1152 ) (1024 0 -1152 ) (1024 0 -1216 ) (1136 0 -1216 ) 
4 1709 1732 (1024 1024 -1280 ) (1024 1024 -1312 ) (1024 0 -1312 ) (1024 0 -1280 ) 
4 1709 1725 (1024 552 -1280 ) (1024 0 -1280 ) (1024 0 -1276 ) (1024 552 -1276 ) 
4 1709 1724 (1024 1024 -1276 ) (1024 1024 -1280 ) (1024 552 -1280 ) (1024 552 -1276 ) 
4 1709 1715 (1024 1024 -1254 ) (1024 1024 -1276 ) (1024 0 -1276 ) (1024 0 -1254 ) 
4 1709 1714 (1024 1024 -1152 ) (1024 1024 -1254 ) (1024 0 -1254 ) (1024 0 -1152 ) 
4 1710 1713 (1136 1024 -1616 ) (2048 1024 -1616 ) (2048 768 -1616 ) (1136 768 -1616 ) 
4 1710 1711 (1152 768 -1616 ) (2048 768 -1616 ) (2048 768 -1600 ) (1152 768 -1600 ) 
4 1711 1796 (2048 0 -1616 ) (2048 0 -1600 ) (1152 0 -1600 ) (1152 0 -1616 ) 
4 1711 1713 (2048 0 -1616 ) (1152 0 -1616 ) (1152 768 -1616 ) (2048 768 -1616 ) 
4 1711 1712 (1152 704 -1616 ) (1152 0 -1616 ) (1152 0 -1600 ) (1152 704 -1600 ) 
4 1712 1801 (1136 0 -1600 ) (1024 0 -1600 ) (1024 0 -1616 ) (1136 0 -1616 ) 
4 1712 1797 (1152 0 -1600 ) (1136 0 -1600 ) (1136 0 -1616 ) (1152 0 -1616 ) 
4 1712 1746 (1024 704 -1616 ) (1024 0 -1616 ) (1024 0 -1600 ) (1024 704 -1600 ) 
4 1712 1713 (1152 0 -1616 ) (1024 0 -1616 ) (1024 704 -1616 ) (1152 704 -1616 ) 
4 1713 1801 (1136 0 -1616 ) (1024 0 -1616 ) (1024 0 -3040 ) (1136 0 -3040 ) 
4 1713 1797 (1152 0 -1616 ) (1136 0 -1616 ) (1136 0 -3040 ) (1152 0 -3040 ) 
4 1713 1796 (2048 0 -3040 ) (2048 0 -1616 ) (1152 0 -1616 ) (1152 0 -3040 ) 
4 1713 1747 (1024 1024 -1616 ) (1024 1024 -3040 ) (1024 0 -3040 ) (1024 0 -1616 ) 
4 1714 1976 (0 1024 -960 ) (0 1024 -1254 ) (0 0 -1254 ) (0 0 -960 ) 
4 1714 1973 (0 1024 -192 ) (0 1024 -960 ) (0 0 -960 ) (0 0 -192 ) 
4 1714 1972 (0 1024 2528 ) (0 1024 -192 ) (0 0 -192 ) (0 0 2528 ) 
4 1714 1836 (96 0 -1216 ) (0 0 -1216 ) (0 0 -1254 ) (96 0 -1254 ) 
4 1714 1831 (179 0 -1216 ) (172 0 -1216 ) (172 0 -1254 ) (179 0 -1254 ) 
4 1714 1830 (288 0 -1216 ) (179 0 -1216 ) (179 0 -1254 ) (288 0 -1254 ) 
4 1714 1834 (172 0 -1216 ) (96 0 -1216 ) (96 0 -1254 ) (172 0 -1254 ) 
4 1714 1829 (432 0 -1216 ) (288 0 -1216 ) (288 0 -1254 ) (432 0 -1254 ) 
4 1714 1828 (1024 0 -1254 ) (1024 0 -1216 ) (432 0 -1216 ) (432 0 -1254 ) 
4 1714 1823 (8 0 -1216 ) (40 0 -1216 ) (40 0 -1024 ) (8 0 -1024 ) 
4 1714 1826 (0 0 -1024 ) (0 0 -1216 ) (8 0 -1216 ) (8 0 -1024 ) 
4 1714 1818 (40 0 -832 ) (0 0 -832 ) (0 0 -1024 ) (40 0 -1024 ) 
4 1714 1817 (80 0 -832 ) (40 0 -832 ) (40 0 -1216 ) (80 0 -1216 ) 
4 1714 1815 (336 0 -832 ) (80 0 -832 ) (80 0 -1216 ) (336 0 -1216 ) 
4 1714 1810 (1024 0 -1216 ) (1024 0 -832 ) (336 0 -832 ) (336 0 -1216 ) 
4 1714 1809 (80 0 -816 ) (0 0 -816 ) (0 0 -832 ) (80 0 -832 ) 
4 1714 1807 (96 0 -816 ) (80 0 -816 ) (80 0 -832 ) (96 0 -832 ) 
4 1714 1806 (336 0 -816 ) (96 0 -816 ) (96 0 -832 ) (336 0 -832 ) 
4 1714 1805 (1024 0 -832 ) (1024 0 -816 ) (336 0 -816 ) (336 0 -832 ) 
4 1714 1802 (1024 0 -816 ) (1024 0 2528 ) (336 0 2528 ) (336 0 -816 ) 
4 1714 1804 (336 0 2528 ) (0 0 2528 ) (0 0 -816 ) (336 0 -816 ) 
3 1714 1718 (694 434 -1254 ) (694 506 -1254 ) (766 506 -1254 ) 
8 1714 1717 (938 434 -1254 ) (938 334 -1254 ) (866 262 -1254 ) (766 262 -1254 ) (694 334 -1254 ) (694 434 -1254 ) (766 506 -1254 ) (866 506 -1254 ) 
3 1714 1719 (938 334 -1254 ) (938 262 -1254 ) (866 262 -1254 ) 
3 1714 1720 (766 262 -1254 ) (694 262 -1254 ) (694 334 -1254 ) 
3 1714 1721 (938 506 -1254 ) (938 434 -1254 ) (866 506 -1254 ) 
4 1714 1716 (694 1024 -1254 ) (938 1024 -1254 ) (938 506 -1254 ) (694 506 -1254 ) 
4 1714 1722 (938 262 -1254 ) (938 0 -1254 ) (694 0 -1254 ) (694 262 -1254 ) 
4 1714 1715 (938 1024 -1254 ) (1024 1024 -1254 ) (1024 0 -1254 ) (938 0 -1254 ) 
4 1714 1723 (0 1024 -1254 ) (694 1024 -1254 ) (694 0 -1254 ) (0 0 -1254 ) 
4 1715 1828 (1024 0 -1276 ) (1024 0 -1254 ) (938 0 -1254 ) (938 0 -1276 ) 
4 1715 1728 (938 500 -1276 ) (938 552 -1276 ) (984 552 -1276 ) (984 454 -1276 ) 
4 1715 1727 (938 216 -1276 ) (938 268 -1276 ) (984 314 -1276 ) (984 216 -1276 ) 
4 1715 1730 (984 0 -1276 ) (938 0 -1276 ) (938 216 -1276 ) (984 216 -1276 ) 
4 1715 1725 (1024 552 -1276 ) (1024 0 -1276 ) (984 0 -1276 ) (984 552 -1276 ) 
4 1715 1724 (938 1024 -1276 ) (1024 1024 -1276 ) (1024 552 -1276 ) (938 552 -1276 ) 
4 1715 1717 (938 434 -1276 ) (938 334 -1276 ) (938 334 -1254 ) (938 434 -1254 ) 
4 1715 1719 (938 334 -1276 ) (938 262 -1276 ) (938 262 -1254 ) (938 334 -1254 ) 
4 1715 1721 (938 506 -1276 ) (938 434 -1276 ) (938 434 -1254 ) (938 506 -1254 ) 
4 1715 1716 (938 1024 -1276 ) (938 506 -1276 ) (938 506 -1254 ) (938 1024 -1254 ) 
4 1715 1722 (938 262 -1276 ) (938 0 -1276 ) (938 0 -1254 ) (938 262 -1254 ) 
4 1716 1729 (700 506 -1276 ) (694 506 -1276 ) (694 552 -1276 ) (746 552 -1276 ) 
4 1716 1728 (938 552 -1276 ) (938 506 -1276 ) (932 506 -1276 ) (886 552 -1276 ) 
4 1716 1724 (694 1024 -1276 ) (938 1024 -1276 ) (938 552 -1276 ) (694 552 -1276 ) 
4 1716 1718 (694 506 -1254 ) (694 506 -1276 ) (766 506 -1276 ) (766 506 -1254 ) 
4 1716 1717 (766 506 -1276 ) (866 506 -1276 ) (866 506 -1254 ) (766 506 -1254 ) 
4 1716 1721 (866 506 -1276 ) (938 506 -1276 ) (938 506 -1254 ) (866 506 -1254 ) 
4 1716 1723 (694 1024 -1276 ) (694 506 -1276 ) (694 506 -1254 ) (694 1024 -1254 ) 
4 1717 1719 (866 262 -1254 ) (866 262 -1276 ) (938 334 -1276 ) (938 334 -1254 ) 
4 1717 1721 (938 433.998077 -1254 ) (938 433.998077 -1276 ) (865.998108 506 -1276 ) (865.998108 506 -1254 ) 
4 1717 1722 (766 262 -1276 ) (866 262 -1276 ) (866 262 -1254 ) (766 262 -1254 ) 
4 1717 1723 (694 434 -1276 ) (694 334 -1276 ) (694 334 -1254 ) (694 434 -1254 ) 
4 1717 1720 (694 334 -1254 ) (694 334 -1276 ) (766 262 -1276 ) (766 262 -1254 ) 
4 1717 1718 (766 506 -1254 ) (766 506 -1276 ) (694 434 -1276 ) (694 434 -1254 ) 
3 1718 1729 (694 500 -1276 ) (694 506 -1276 ) (700 506 -1276 ) 
4 1718 1723 (694 506 -1276 ) (694 434 -1276 ) (694 434 -1254 ) (694 506 -1254 ) 
3 1719 1727 (938 268 -1276 ) (938 262 -1276 ) (932 262 -1276 ) 
4 1719 1722 (866 262 -1276 ) (938 262 -1276 ) (938 262 -1254 ) (866 262 -1254 ) 
3 1720 1726 (700 262 -1276 ) (694 262 -1276 ) (694 268 -1276 ) 
4 1720 1722 (694 262 -1254 ) (694 262 -1276 ) (766 262 -1276 ) (766 262 -1254 ) 
4 1720 1723 (694 334 -1276 ) (694 262 -1276 ) (694 262 -1254 ) (694 334 -1254 ) 
3 1721 1728 (938 506 -1276 ) (938 500 -1276 ) (932 506 -1276 ) 
4 1722 1828 (938 0 -1254 ) (694 0 -1254 ) (694 0 -1276 ) (938 0 -1276 ) 
4 1722 1727 (938 262 -1276 ) (938 216 -1276 ) (886 216 -1276 ) (932 262 -1276 ) 
4 1722 1726 (746 216 -1276 ) (694 216 -1276 ) (694 262 -1276 ) (700 262 -1276 ) 
4 1722 1730 (938 216 -1276 ) (938 0 -1276 ) (694 0 -1276 ) (694 216 -1276 ) 
4 1722 1723 (694 262 -1276 ) (694 0 -1276 ) (694 0 -1254 ) (694 262 -1254 ) 
4 1723 1976 (0 1024 -1254 ) (0 1024 -1276 ) (0 0 -1276 ) (0 0 -1254 ) 
4 1723 1836 (96 0 -1254 ) (0 0 -1254 ) (0 0 -1276 ) (96 0 -1276 ) 
4 1723 1831 (179 0 -1254 ) (172 0 -1254 ) (172 0 -1276 ) (179 0 -1276 ) 
4 1723 1830 (288 0 -1254 ) (179 0 -1254 ) (179 0 -1276 ) (288 0 -1276 ) 
4 1723 1834 (172 0 -1254 ) (96 0 -1254 ) (96 0 -1276 ) (172 0 -1276 ) 
4 1723 1829 (432 0 -1254 ) (288 0 -1254 ) (288 0 -1276 ) (432 0 -1276 ) 
4 1723 1828 (694 0 -1254 ) (432 0 -1254 ) (432 0 -1276 ) (694 0 -1276 ) 
4 1723 1729 (694 552 -1276 ) (694 500 -1276 ) (648 454 -1276 ) (648 552 -1276 ) 
4 1723 1726 (694 268 -1276 ) (694 216 -1276 ) (648 216 -1276 ) (648 314 -1276 ) 
4 1723 1730 (694 216 -1276 ) (694 0 -1276 ) (648 0 -1276 ) (648 216 -1276 ) 
4 1723 1731 (648 0 -1276 ) (0 0 -1276 ) (0 552 -1276 ) (648 552 -1276 ) 
4 1723 1724 (0 1024 -1276 ) (694 1024 -1276 ) (694 552 -1276 ) (0 552 -1276 ) 
4 1724 1976 (0 1024 -1276 ) (0 1024 -1280 ) (0 552 -1280 ) (0 552 -1276 ) 
4 1724 1739 (496 1024 -1280 ) (688 1024 -1280 ) (688 552 -1280 ) (496 552 -1280 ) 
4 1724 1740 (0 552 -1280 ) (0 1024 -1280 ) (496 1024 -1280 ) (496 552 -1280 ) 
4 1724 1734 (936 692 -1280 ) (936 552 -1280 ) (696 552 -1280 ) (696 692 -1280 ) 
4 1724 1733 (936 1024 -1280 ) (944 1024 -1280 ) (944 552 -1280 ) (936 552 -1280 ) 
4 1724 1735 (688 1024 -1280 ) (696 1024 -1280 ) (696 552 -1280 ) (688 552 -1280 ) 
4 1724 1732 (944 1024 -1280 ) (1024 1024 -1280 ) (1024 552 -1280 ) (944 552 -1280 ) 
4 1724 1729 (648 552 -1280 ) (746 552 -1280 ) (746 552 -1276 ) (648 552 -1276 ) 
4 1724 1728 (886 552 -1280 ) (984 552 -1280 ) (984 552 -1276 ) (886 552 -1276 ) 
4 1724 1731 (0 552 -1280 ) (648 552 -1280 ) (648 552 -1276 ) (0 552 -1276 ) 
4 1724 1725 (984 552 -1280 ) (1024 552 -1280 ) (1024 552 -1276 ) (984 552 -1276 ) 
4 1725 1828 (1024 0 -1280 ) (1024 0 -1276 ) (984 0 -1276 ) (984 0 -1280 ) 
4 1725 1732 (1024 0 -1280 ) (984 0 -1280 ) (984 552 -1280 ) (1024 552 -1280 ) 
4 1725 1728 (984 552 -1276 ) (984 552 -1280 ) (984 454 -1280 ) (984 454 -1276 ) 
4 1725 1727 (984 314 -1280 ) (984 216 -1280 ) (984 216 -1276 ) (984 314 -1276 ) 
4 1725 1730 (984 216 -1280 ) (984 0 -1280 ) (984 0 -1276 ) (984 216 -1276 ) 
4 1726 1739 (648 216 -1280 ) (648 314 -1280 ) (688 274 -1280 ) (688 216 -1280 ) 
3 1726 1734 (696 266 -1280 ) (746 216 -1280 ) (696 216 -1280 ) 
4 1726 1735 (688 274 -1280 ) (696 266 -1280 ) (696 216 -1280 ) (688 216 -1280 ) 
4 1726 1730 (648 216 -1276 ) (648 216 -1280 ) (746 216 -1280 ) (746 216 -1276 ) 
4 1726 1731 (648 314 -1280 ) (648 216 -1280 ) (648 216 -1276 ) (648 314 -1276 ) 
3 1727 1734 (936 216 -1280 ) (886 216 -1280 ) (936 266 -1280 ) 
4 1727 1733 (944 216 -1280 ) (936 216 -1280 ) (936 266 -1280 ) (944 274 -1280 ) 
4 1727 1732 (984 314 -1280 ) (984 216 -1280 ) (944 216 -1280 ) (944 274 -1280 ) 
4 1727 1730 (886 216 -1280 ) (984 216 -1280 ) (984 216 -1276 ) (886 216 -1276 ) 
3 1728 1734 (886 552 -1280 ) (936 552 -1280 ) (936 502 -1280 ) 
4 1728 1733 (936 552 -1280 ) (944 552 -1280 ) (944 494 -1280 ) (936 502 -1280 ) 
4 1728 1732 (944 552 -1280 ) (984 552 -1280 ) (984 454 -1280 ) (944 494 -1280 ) 
4 1729 1739 (648 454 -1280 ) (648 552 -1280 ) (688 552 -1280 ) (688 494 -1280 ) 
3 1729 1734 (696 552 -1280 ) (746 552 -1280 ) (696 502 -1280 ) 
4 1729 1735 (688 552 -1280 ) (696 552 -1280 ) (696 502 -1280 ) (688 494 -1280 ) 
4 1729 1731 (648 552 -1276 ) (648 552 -1280 ) (648 454 -1280 ) (648 454 -1276 ) 
4 1730 1828 (984 0 -1276 ) (648 0 -1276 ) (648 0 -1280 ) (984 0 -1280 ) 
4 1730 1739 (688 0 -1280 ) (648 0 -1280 ) (648 216 -1280 ) (688 216 -1280 ) 
4 1730 1734 (696 68 -1280 ) (696 216 -1280 ) (936 216 -1280 ) (936 68 -1280 ) 
4 1730 1733 (944 0 -1280 ) (936 0 -1280 ) (936 216 -1280 ) (944 216 -1280 ) 
4 1730 1735 (696 0 -1280 ) (688 0 -1280 ) (688 216 -1280 ) (696 216 -1280 ) 
4 1730 1732 (984 0 -1280 ) (944 0 -1280 ) (944 216 -1280 ) (984 216 -1280 ) 
4 1730 1731 (648 216 -1280 ) (648 0 -1280 ) (648 0 -1276 ) (648 216 -1276 ) 
4 1731 1976 (0 552 -1280 ) (0 0 -1280 ) (0 0 -1276 ) (0 552 -1276 ) 
4 1731 1836 (96 0 -1276 ) (0 0 -1276 ) (0 0 -1280 ) (96 0 -1280 ) 
4 1731 1831 (179 0 -1276 ) (172 0 -1276 ) (172 0 -1280 ) (179 0 -1280 ) 
4 1731 1830 (288 0 -1276 ) (179 0 -1276 ) (179 0 -1280 ) (288 0 -1280 ) 
4 1731 1834 (172 0 -1276 ) (96 0 -1276 ) (96 0 -1280 ) (172 0 -1280 ) 
4 1731 1829 (432 0 -1276 ) (288 0 -1276 ) (288 0 -1280 ) (432 0 -1280 ) 
4 1731 1828 (648 0 -1276 ) (432 0 -1276 ) (432 0 -1280 ) (648 0 -1280 ) 
4 1731 1739 (648 0 -1280 ) (496 0 -1280 ) (496 552 -1280 ) (648 552 -1280 ) 
4 1731 1740 (496 0 -1280 ) (0 0 -1280 ) (0 552 -1280 ) (496 552 -1280 ) 
4 1732 1840 (1024 0 -1312 ) (1024 0 -1296 ) (944 0 -1296 ) (944 0 -1312 ) 
4 1732 1837 (1024 0 -1296 ) (1024 0 -1280 ) (944 0 -1280 ) (944 0 -1296 ) 
4 1732 1736 (944 704 -1296 ) (944 1024 -1296 ) (944 1024 -1312 ) (944 704 -1312 ) 
4 1732 1738 (944 0 -1312 ) (944 0 -1296 ) (944 704 -1296 ) (944 704 -1312 ) 
4 1732 1733 (944 0 -1296 ) (944 0 -1280 ) (944 1024 -1280 ) (944 1024 -1296 ) 
4 1733 1837 (944 0 -1280 ) (936 0 -1280 ) (936 0 -1296 ) (944 0 -1296 ) 
4 1733 1736 (936 1024 -1296 ) (944 1024 -1296 ) (944 704 -1296 ) (936 704 -1296 ) 
4 1733 1738 (944 704 -1296 ) (944 0 -1296 ) (936 0 -1296 ) (936 704 -1296 ) 
4 1733 1734 (936 692 -1296 ) (936 68 -1296 ) (936 68 -1280 ) (936 692 -1280 ) 
4 1734 1738 (936 692 -1296 ) (936 68 -1296 ) (696 68 -1296 ) (696 692 -1296 ) 
4 1734 1735 (696 692 -1296 ) (696 68 -1296 ) (696 68 -1280 ) (696 692 -1280 ) 
4 1735 1838 (696 0 -1280 ) (688 0 -1280 ) (688 0 -1296 ) (696 0 -1296 ) 
4 1735 1739 (688 0 -1296 ) (688 0 -1280 ) (688 1024 -1280 ) (688 1024 -1296 ) 
4 1735 1736 (688 704 -1296 ) (688 1024 -1296 ) (696 1024 -1296 ) (696 704 -1296 ) 
4 1735 1738 (688 0 -1296 ) (688 704 -1296 ) (696 704 -1296 ) (696 0 -1296 ) 
4 1736 1739 (688 704 -1312 ) (688 704 -1296 ) (688 1024 -1296 ) (688 1024 -1312 ) 
4 1736 1738 (944 704 -1344 ) (944 704 -1296 ) (688 704 -1296 ) (688 704 -1344 ) 
4 1737 1741 (688 1024 -1600 ) (944 1024 -1600 ) (944 704 -1600 ) (688 704 -1600 ) 
4 1737 1738 (944 704 -1600 ) (944 704 -1352 ) (688 704 -1352 ) (688 704 -1600 ) 
4 1738 1847 (688 0 -1352 ) (688 0 -1600 ) (944 0 -1600 ) (944 0 -1352 ) 
4 1738 1843 (688 0 -1312 ) (688 0 -1352 ) (944 0 -1352 ) (944 0 -1312 ) 
4 1738 1842 (688 0 -1296 ) (688 0 -1312 ) (944 0 -1312 ) (944 0 -1296 ) 
4 1738 1746 (944 704 -1600 ) (944 0 -1600 ) (688 0 -1600 ) (688 704 -1600 ) 
4 1738 1739 (688 0 -1312 ) (688 0 -1296 ) (688 704 -1296 ) (688 704 -1312 ) 
4 1739 1842 (496 0 -1296 ) (496 0 -1312 ) (688 0 -1312 ) (688 0 -1296 ) 
4 1739 1838 (688 0 -1280 ) (496 0 -1280 ) (496 0 -1296 ) (688 0 -1296 ) 
4 1739 1740 (496 0 -1312 ) (496 0 -1280 ) (496 1024 -1280 ) (496 1024 -1312 ) 
4 1740 1976 (0 1024 -1280 ) (0 1024 -1600 ) (0 0 -1600 ) (0 0 -1280 ) 
4 1740 1848 (480 0 -1600 ) (496 0 -1600 ) (496 0 -1352 ) (480 0 -1352 ) 
4 1740 1845 (496 0 -1352 ) (496 0 -1312 ) (480 0 -1312 ) (480 0 -1352 ) 
4 1740 1850 (0 0 -1312 ) (0 0 -1600 ) (480 0 -1600 ) (480 0 -1312 ) 
4 1740 1842 (0 0 -1296 ) (0 0 -1312 ) (496 0 -1312 ) (496 0 -1296 ) 
4 1740 1839 (96 0 -1280 ) (0 0 -1280 ) (0 0 -1296 ) (96 0 -1296 ) 
4 1740 1838 (496 0 -1280 ) (96 0 -1280 ) (96 0 -1296 ) (496 0 -1296 ) 
4 1740 1745 (480 704 -1600 ) (0 704 -1600 ) (0 768 -1600 ) (480 768 -1600 ) 
4 1740 1744 (0 1024 -1600 ) (496 1024 -1600 ) (496 768 -1600 ) (0 768 -1600 ) 
4 1740 1746 (496 704 -1600 ) (496 0 -1600 ) (0 0 -1600 ) (0 704 -1600 ) 
4 1741 1743 (688 704 -1604 ) (688 1024 -1604 ) (752 1024 -1604 ) (752 704 -1604 ) 
4 1741 1742 (880 1024 -1604 ) (944 1024 -1604 ) (944 704 -1604 ) (880 704 -1604 ) 
4 1741 1746 (944 704 -1604 ) (944 704 -1600 ) (688 704 -1600 ) (688 704 -1604 ) 
3 1742 1746 (944 704 -1608 ) (944 704 -1604 ) (880 704 -1604 ) 
3 1743 1746 (752 704 -1604 ) (688 704 -1604 ) (688 704 -1608 ) 
4 1744 1976 (0 1024 -1600 ) (0 1024 -1616 ) (0 768 -1616 ) (0 768 -1600 ) 
4 1744 1747 (0 768 -1616 ) (0 1024 -1616 ) (624 1024 -1616 ) (624 768 -1616 ) 
4 1744 1745 (0 768 -1616 ) (480 768 -1616 ) (480 768 -1600 ) (0 768 -1600 ) 
4 1745 1976 (0 768 -1616 ) (0 704 -1616 ) (0 704 -1600 ) (0 768 -1600 ) 
4 1745 1747 (0 704 -1616 ) (0 768 -1616 ) (480 768 -1616 ) (480 704 -1616 ) 
4 1745 1746 (0 704 -1616 ) (480 704 -1616 ) (480 704 -1600 ) (0 704 -1600 ) 
4 1746 1976 (0 704 -1616 ) (0 0 -1616 ) (0 0 -1600 ) (0 704 -1600 ) 
4 1746 1849 (944 0 -1600 ) (480 0 -1600 ) (480 0 -1616 ) (944 0 -1616 ) 
4 1746 1850 (480 0 -1600 ) (0 0 -1600 ) (0 0 -1616 ) (480 0 -1616 ) 
4 1746 1841 (1024 0 -1616 ) (1024 0 -1600 ) (944 0 -1600 ) (944 0 -1616 ) 
4 1746 1747 (1024 0 -1616 ) (0 0 -1616 ) (0 704 -1616 ) (1024 704 -1616 ) 
4 1747 1976 (0 1024 -1616 ) (0 1024 -3040 ) (0 0 -3040 ) (0 0 -1616 ) 
4 1747 1849 (944 0 -1616 ) (480 0 -1616 ) (480 0 -3040 ) (944 0 -3040 ) 
4 1747 1850 (480 0 -1616 ) (0 0 -1616 ) (0 0 -3040 ) (480 0 -3040 ) 
4 1747 1841 (1024 0 -3040 ) (1024 0 -1616 ) (944 0 -1616 ) (944 0 -3040 ) 
4 1748 1856 (1896 -1024 2528 ) (1296 -1024 2528 ) (1296 -1024 -816 ) (1896 -1024 -816 ) 
4 1748 1855 (2048 -1024 -816 ) (2048 -1024 2528 ) (1896 -1024 2528 ) (1896 -1024 -816 ) 
4 1748 1757 (1552 -704 -816 ) (1552 -832 -816 ) (1296 -832 -816 ) (1296 -704 -816 ) 
4 1748 1755 (1536 0 -816 ) (1552 0 -816 ) (1552 -352 -816 ) (1536 -352 -816 ) 
4 1748 1756 (1296 0 -816 ) (1536 0 -816 ) (1536 -704 -816 ) (1296 -704 -816 ) 
4 1748 1754 (1552 0 -816 ) (1896 0 -816 ) (1896 -352 -816 ) (1552 -352 -816 ) 
4 1748 1752 (1896 0 -816 ) (1912 0 -816 ) (1912 -352 -816 ) (1896 -352 -816 ) 
4 1748 1753 (1912 -704 -816 ) (1912 -1024 -816 ) (1896 -1024 -816 ) (1896 -704 -816 ) 
4 1748 1751 (1912 0 -816 ) (2048 0 -816 ) (2048 -1024 -816 ) (1912 -1024 -816 ) 
4 1748 1750 (1296 -1024 -736 ) (1296 -1024 2528 ) (1296 -704 2528 ) (1296 -704 -736 ) 
4 1748 1749 (1296 0 -816 ) (1296 -704 -816 ) (1296 -704 2528 ) (1296 0 2528 ) 
4 1749 1802 (1024 0 2528 ) (1024 0 -816 ) (1024 -704 -816 ) (1024 -704 2528 ) 
4 1749 1758 (1024 0 -816 ) (1296 0 -816 ) (1296 -704 -816 ) (1024 -704 -816 ) 
4 1749 1750 (1296 -704 -736 ) (1296 -704 2528 ) (1024 -704 2528 ) (1024 -704 -736 ) 
4 1750 1857 (1296 -1024 2528 ) (1024 -1024 2528 ) (1024 -1024 -736 ) (1296 -1024 -736 ) 
4 1750 1803 (1024 -1024 -736 ) (1024 -1024 2528 ) (1024 -704 2528 ) (1024 -704 -736 ) 
4 1751 1855 (2048 -1024 -832 ) (2048 -1024 -816 ) (1912 -1024 -816 ) (1912 -1024 -832 ) 
4 1751 1763 (2048 -1024 -832 ) (1912 -1024 -832 ) (1912 -432 -832 ) (2048 -432 -832 ) 
4 1751 1759 (1912 -432 -832 ) (1912 0 -832 ) (2048 0 -832 ) (2048 -432 -832 ) 
4 1751 1752 (1912 0 -832 ) (1912 -352 -832 ) (1912 -352 -816 ) (1912 0 -816 ) 
4 1751 1753 (1912 -704 -832 ) (1912 -1024 -832 ) (1912 -1024 -816 ) (1912 -704 -816 ) 
4 1752 1759 (1896 -352 -832 ) (1896 0 -832 ) (1912 0 -832 ) (1912 -352 -832 ) 
4 1752 1754 (1896 0 -832 ) (1896 -352 -832 ) (1896 -352 -816 ) (1896 0 -816 ) 
4 1753 1855 (1912 -1024 -816 ) (1896 -1024 -816 ) (1896 -1024 -832 ) (1912 -1024 -832 ) 
4 1753 1763 (1912 -1024 -832 ) (1896 -1024 -832 ) (1896 -704 -832 ) (1912 -704 -832 ) 
4 1754 1759 (1552 -352 -832 ) (1552 0 -832 ) (1896 0 -832 ) (1896 -352 -832 ) 
4 1754 1755 (1552 0 -832 ) (1552 -352 -832 ) (1552 -352 -816 ) (1552 0 -816 ) 
4 1755 1777 (1536 0 -832 ) (1552 0 -832 ) (1552 -352 -832 ) (1536 -352 -832 ) 
4 1755 1756 (1536 0 -832 ) (1536 -352 -832 ) (1536 -352 -816 ) (1536 0 -816 ) 
4 1756 1778 (1344 -696 -832 ) (1504 -696 -832 ) (1504 -704 -832 ) (1344 -704 -832 ) 
4 1756 1777 (1296 -696 -832 ) (1296 0 -832 ) (1536 0 -832 ) (1536 -696 -832 ) 
4 1756 1758 (1296 0 -832 ) (1296 -704 -832 ) (1296 -704 -816 ) (1296 0 -816 ) 
4 1756 1757 (1296 -704 -816 ) (1296 -704 -832 ) (1536 -704 -832 ) (1536 -704 -816 ) 
4 1758 1805 (1024 0 -816 ) (1024 0 -832 ) (1024 -704 -832 ) (1024 -704 -816 ) 
4 1758 1779 (1024 -704 -832 ) (1024 -696 -832 ) (1296 -696 -832 ) (1296 -704 -832 ) 
4 1758 1777 (1024 -696 -832 ) (1024 0 -832 ) (1296 0 -832 ) (1296 -696 -832 ) 
4 1759 1777 (1552 -432 -1024 ) (1552 -432 -832 ) (1552 0 -832 ) (1552 0 -1024 ) 
4 1759 1771 (1592 -432 -1024 ) (1624 -432 -1024 ) (1629.460083 -432 -984.190063 ) (1592 -432 -968 ) 
3 1759 1770 (1624 -432 -1024 ) (1721.571045 -432 -1024 ) (1629.460083 -432 -984.190063 ) 
4 1759 1769 (1816 -432 -1024 ) (1848 -432 -1024 ) (1848 -432 -968 ) (1810.540283 -432 -984.190918 ) 
4 1759 1768 (1848 -432 -968 ) (1848 -432 -832 ) (1789.667725 -432 -832 ) (1810.540283 -432 -984.190918 ) 
5 1759 1767 (1721.571045 -432 -1024 ) (1816 -432 -1024 ) (1789.667725 -432 -832 ) (1592 -432 -832 ) (1592 -432 -968 ) 
4 1759 1763 (1888 -432 -1024 ) (2048 -432 -1024 ) (2048 -432 -832 ) (1888 -432 -832 ) 
4 1759 1760 (2032 -432 -1024 ) (1552 -432 -1024 ) (1552 0 -1024 ) (2032 0 -1024 ) 
4 1760 1777 (1552 -432 -1152 ) (1552 -432 -1024 ) (1552 0 -1024 ) (1552 0 -1152 ) 
4 1760 1773 (1624 -432 -1152 ) (1816 -432 -1152 ) (1816 -432 -1024 ) (1624 -432 -1024 ) 
3 1760 1764 (1888 -432 -1139.199829 ) (2032 -432 -1024 ) (1888 -432 -1024 ) 
4 1760 1762 (1872 -432 -1152 ) (1552 -432 -1152 ) (1552 0 -1152 ) (1872 0 -1152 ) 
4 1761 1784 (1896 -432 -1216 ) (1872 -432 -1216 ) (1872 -392 -1216 ) (1896 -392 -1216 ) 
4 1761 1783 (2048 -392 -1216 ) (2048 -432 -1216 ) (1896 -432 -1216 ) (1896 -392 -1216 ) 
4 1761 1782 (2048 -384 -1216 ) (2048 -392 -1216 ) (1872 -392 -1216 ) (1872 -384 -1216 ) 
4 1761 1766 (1888 -432 -1216 ) (2048 -432 -1216 ) (2048 -432 -1152 ) (1888 -432 -1152 ) 
4 1761 1762 (1872 -384 -1216 ) (1872 -432 -1216 ) (1872 -432 -1152 ) (1872 -384 -1152 ) 
4 1762 1785 (1552 0 -1216 ) (1872 0 -1216 ) (1872 -368 -1216 ) (1552 -368 -1216 ) 
4 1762 1777 (1552 0 -1216 ) (1552 -432 -1216 ) (1552 -432 -1152 ) (1552 0 -1152 ) 
4 1762 1773 (1816 -432 -1152 ) (1624 -432 -1152 ) (1624 -432 -1184 ) (1816 -432 -1184 ) 
4 1762 1774 (1592 -432 -1216 ) (1848 -432 -1216 ) (1848 -432 -1184 ) (1592 -432 -1184 ) 
4 1763 1862 (2048 -1024 -1024 ) (2048 -1024 -832 ) (1888 -1024 -832 ) (1888 -1024 -1024 ) 
4 1763 1764 (1888 -832 -1024 ) (1888 -432 -1024 ) (2032 -432 -1024 ) (2032 -832 -1024 ) 
4 1763 1765 (2048 -1024 -1024 ) (1888 -1024 -1024 ) (1888 -832 -1024 ) (2048 -832 -1024 ) 
3 1764 1765 (1888 -832 -1024 ) (1888 -832 -1139.199707 ) (2032 -832 -1024 ) 
4 1765 1862 (2048 -1024 -1152 ) (2048 -1024 -1024 ) (1888 -1024 -1024 ) (1888 -1024 -1152 ) 
4 1765 1766 (2048 -832 -1152 ) (2048 -1024 -1152 ) (1888 -1024 -1152 ) (1888 -832 -1152 ) 
4 1766 1862 (2048 -1024 -1216 ) (2048 -1024 -1152 ) (1888 -1024 -1152 ) (1888 -1024 -1216 ) 
4 1766 1795 (2048 -704 -1216 ) (2048 -1024 -1216 ) (1904 -1024 -1216 ) (1904 -704 -1216 ) 
4 1766 1784 (1896 -704 -1216 ) (1888 -704 -1216 ) (1888 -432 -1216 ) (1896 -432 -1216 ) 
4 1766 1783 (2048 -432 -1216 ) (2048 -704 -1216 ) (1896 -704 -1216 ) (1896 -432 -1216 ) 
4 1767 1773 (1721.571045 -432 -1024 ) (1816 -432 -1024 ) (1816 -456 -1024 ) (1721.571045 -456 -1024 ) 
4 1767 1771 (1629.460083 -456 -984.190430 ) (1592 -456 -968 ) (1592 -432 -968 ) (1629.460083 -432 -984.190430 ) 
4 1767 1770 (1721.570312 -456 -1024 ) (1629.460083 -456 -984.190430 ) (1629.460083 -432 -984.190430 ) (1721.570312 -432 -1024 ) 
4 1767 1769 (1810.540283 -456 -984.190918 ) (1816 -456 -1024 ) (1816 -432 -1024 ) (1810.540283 -432 -984.190918 ) 
4 1767 1768 (1789.667847 -456 -832 ) (1810.540283 -456 -984.190918 ) (1810.540283 -432 -984.190918 ) (1789.667847 -432 -832 ) 
5 1767 1772 (1592 -456 -832 ) (1592 -456 -968 ) (1721.571045 -456 -1024 ) (1816 -456 -1024 ) (1789.667725 -456 -832 ) 
4 1768 1772 (1848 -456 -968 ) (1848 -456 -832 ) (1789.667725 -456 -832 ) (1810.540283 -456 -984.190918 ) 
4 1768 1769 (1848 -456 -967.998047 ) (1810.542969 -456 -984.188477 ) (1810.542969 -432 -984.188477 ) (1848 -432 -967.998047 ) 
4 1769 1772 (1816 -456 -1024 ) (1848 -456 -1024 ) (1848 -456 -968 ) (1810.540283 -456 -984.190918 ) 
4 1770 1773 (1624 -432 -1024 ) (1721.571045 -432 -1024 ) (1721.571045 -456 -1024 ) (1624 -456 -1024 ) 
3 1770 1772 (1624 -456 -1024 ) (1721.571045 -456 -1024 ) (1629.460083 -456 -984.190063 ) 
4 1770 1771 (1624 -432 -1024 ) (1624 -456 -1024 ) (1629.459961 -456 -984.189453 ) (1629.459961 -432 -984.189453 ) 
4 1771 1772 (1592 -456 -968 ) (1592 -456 -1024 ) (1624 -456 -1024 ) (1629.460083 -456 -984.190063 ) 
4 1772 1864 (1848 -1024 -832 ) (1592 -1024 -832 ) (1592 -1024 -1024 ) (1848 -1024 -1024 ) 
4 1772 1776 (1592 -832 -1024 ) (1592 -1024 -1024 ) (1592 -1024 -832 ) (1592 -832 -832 ) 
4 1772 1775 (1592 -1024 -1024 ) (1592 -456 -1024 ) (1848 -456 -1024 ) (1848 -1024 -1024 ) 
4 1773 1775 (1816 -456 -1024 ) (1624 -456 -1024 ) (1624 -456 -1184 ) (1816 -456 -1184 ) 
4 1773 1774 (1816 -456 -1184 ) (1624 -456 -1184 ) (1624 -432 -1184 ) (1816 -432 -1184 ) 
4 1774 1775 (1848 -456 -1216 ) (1848 -456 -1184 ) (1592 -456 -1184 ) (1592 -456 -1216 ) 
4 1775 1864 (1592 -1024 -1024 ) (1592 -1024 -1216 ) (1848 -1024 -1216 ) (1848 -1024 -1024 ) 
4 1775 1776 (1592 -832 -1216 ) (1592 -1024 -1216 ) (1592 -1024 -1024 ) (1592 -832 -1024 ) 
4 1776 1864 (1592 -1024 -832 ) (1552 -1024 -832 ) (1552 -1024 -1216 ) (1592 -1024 -1216 ) 
4 1776 1780 (1552 -832 -1216 ) (1552 -1024 -1216 ) (1552 -1024 -832 ) (1552 -832 -832 ) 
4 1777 1810 (1024 0 -832 ) (1024 0 -1216 ) (1024 -696 -1216 ) (1024 -696 -832 ) 
4 1777 1792 (1200 0 -1216 ) (1344 0 -1216 ) (1344 -448 -1216 ) (1200 -448 -1216 ) 
4 1777 1793 (1024 0 -1216 ) (1200 0 -1216 ) (1200 -544 -1216 ) (1024 -544 -1216 ) 
4 1777 1791 (1536 -664 -1216 ) (1536 -688 -1216 ) (1344 -688 -1216 ) (1344 -664 -1216 ) 
4 1777 1788 (1460 -656 -1216 ) (1460 -664 -1216 ) (1453 -664 -1216 ) (1453 -656 -1216 ) 
4 1777 1787 (1453 0 -1216 ) (1460 0 -1216 ) (1460 -656 -1216 ) (1453 -656 -1216 ) 
4 1777 1786 (1460 0 -1216 ) (1536 0 -1216 ) (1536 -664 -1216 ) (1460 -664 -1216 ) 
4 1777 1790 (1344 0 -1216 ) (1453 0 -1216 ) (1453 -664 -1216 ) (1344 -664 -1216 ) 
4 1777 1785 (1536 0 -1216 ) (1552 0 -1216 ) (1552 -368 -1216 ) (1536 -368 -1216 ) 
4 1777 1779 (1024 -696 -1216 ) (1296 -696 -1216 ) (1296 -696 -832 ) (1024 -696 -832 ) 
4 1777 1778 (1344 -696 -1216 ) (1504 -696 -1216 ) (1504 -696 -832 ) (1344 -696 -832 ) 
4 1779 1810 (1024 -696 -1216 ) (1024 -704 -1216 ) (1024 -704 -832 ) (1024 -696 -832 ) 
4 1780 1864 (1552 -1024 -832 ) (1024 -1024 -832 ) (1024 -1024 -1216 ) (1552 -1024 -1216 ) 
4 1780 1827 (1024 -832 -1216 ) (1024 -1024 -1216 ) (1024 -1024 -832 ) (1024 -832 -832 ) 
4 1781 1796 (1872 0 -1296 ) (2048 0 -1296 ) (2048 -384 -1296 ) (1872 -384 -1296 ) 
4 1781 1785 (1872 0 -1296 ) (1872 -368 -1296 ) (1872 -368 -1284 ) (1872 0 -1284 ) 
4 1781 1782 (1872 -384 -1284 ) (1872 -384 -1296 ) (2048 -384 -1296 ) (2048 -384 -1284 ) 
4 1782 1796 (2048 -384 -1296 ) (2048 -392 -1296 ) (1872 -392 -1296 ) (1872 -384 -1296 ) 
4 1782 1784 (1872 -392 -1216 ) (1872 -392 -1280 ) (1896 -392 -1280 ) (1896 -392 -1216 ) 
4 1782 1783 (1896 -392 -1296 ) (2048 -392 -1296 ) (2048 -392 -1216 ) (1896 -392 -1216 ) 
4 1783 1796 (2048 -392 -1296 ) (2048 -704 -1296 ) (1896 -704 -1296 ) (1896 -392 -1296 ) 
4 1783 1795 (1904 -704 -1296 ) (2048 -704 -1296 ) (2048 -704 -1216 ) (1904 -704 -1216 ) 
4 1783 1784 (1896 -392 -1216 ) (1896 -392 -1280 ) (1896 -704 -1280 ) (1896 -704 -1216 ) 
4 1785 1796 (1536 0 -1296 ) (1872 0 -1296 ) (1872 -368 -1296 ) (1536 -368 -1296 ) 
4 1785 1794 (1536 0 -1296 ) (1536 -368 -1296 ) (1536 -368 -1280 ) (1536 0 -1280 ) 
4 1785 1786 (1536 -368 -1280 ) (1536 -368 -1216 ) (1536 0 -1216 ) (1536 0 -1280 ) 
4 1786 1794 (1460 0 -1280 ) (1536 0 -1280 ) (1536 -392 -1280 ) (1460 -392 -1280 ) 
4 1786 1791 (1460 -664 -1280 ) (1536 -664 -1280 ) (1536 -664 -1216 ) (1460 -664 -1216 ) 
4 1786 1788 (1460 -664 -1245 ) (1460 -664 -1216 ) (1460 -656 -1216 ) (1460 -656 -1245 ) 
4 1786 1789 (1460 -656 -1280 ) (1460 -664 -1280 ) (1460 -664 -1252 ) (1460 -656 -1252 ) 
4 1786 1787 (1460 0 -1280 ) (1460 -656 -1280 ) (1460 -656 -1216 ) (1460 0 -1216 ) 
4 1787 1794 (1453 0 -1280 ) (1460 0 -1280 ) (1460 -392 -1280 ) (1453 -392 -1280 ) 
4 1787 1788 (1453 -656 -1216 ) (1453 -656 -1245 ) (1460 -656 -1245 ) (1460 -656 -1216 ) 
4 1787 1789 (1453 -656 -1252 ) (1453 -656 -1280 ) (1460 -656 -1280 ) (1460 -656 -1252 ) 
4 1787 1790 (1453 0 -1280 ) (1453 -656 -1280 ) (1453 -656 -1216 ) (1453 0 -1216 ) 
4 1788 1791 (1460 -664 -1245 ) (1460 -664 -1216 ) (1453 -664 -1216 ) (1453 -664 -1245 ) 
4 1788 1790 (1453 -664 -1245 ) (1453 -664 -1216 ) (1453 -656 -1216 ) (1453 -656 -1245 ) 
4 1789 1791 (1453 -664 -1280 ) (1460 -664 -1280 ) (1460 -664 -1252 ) (1453 -664 -1252 ) 
4 1789 1790 (1453 -656 -1280 ) (1453 -664 -1280 ) (1453 -664 -1252 ) (1453 -656 -1252 ) 
4 1790 1794 (1344 0 -1280 ) (1453 0 -1280 ) (1453 -392 -1280 ) (1344 -392 -1280 ) 
4 1790 1792 (1344 0 -1280 ) (1344 -448 -1280 ) (1344 -448 -1216 ) (1344 0 -1216 ) 
4 1790 1791 (1344 -664 -1216 ) (1344 -664 -1280 ) (1453 -664 -1280 ) (1453 -664 -1216 ) 
4 1792 1794 (1200 0 -1280 ) (1344 0 -1280 ) (1344 -392 -1280 ) (1200 -392 -1280 ) 
4 1792 1793 (1200 0 -1280 ) (1200 -448 -1280 ) (1200 -448 -1216 ) (1200 0 -1216 ) 
4 1793 1828 (1024 0 -1216 ) (1024 0 -1280 ) (1024 -544 -1280 ) (1024 -544 -1216 ) 
4 1793 1794 (1024 0 -1280 ) (1200 0 -1280 ) (1200 -392 -1280 ) (1024 -392 -1280 ) 
4 1794 1837 (1024 0 -1280 ) (1024 0 -1296 ) (1024 -392 -1296 ) (1024 -392 -1280 ) 
4 1794 1800 (1024 -392 -1296 ) (1024 0 -1296 ) (1136 0 -1296 ) (1136 -392 -1296 ) 
4 1794 1797 (1136 0 -1296 ) (1152 0 -1296 ) (1152 -392 -1296 ) (1136 -392 -1296 ) 
4 1794 1796 (1152 0 -1296 ) (1536 0 -1296 ) (1536 -392 -1296 ) (1152 -392 -1296 ) 
4 1795 1865 (2048 -1024 -1296 ) (2048 -1024 -1216 ) (1904 -1024 -1216 ) (1904 -1024 -1296 ) 
4 1795 1796 (2048 -1024 -1296 ) (1904 -1024 -1296 ) (1904 -704 -1296 ) (2048 -704 -1296 ) 
4 1796 1866 (2048 -1024 -3040 ) (2048 -1024 -1296 ) (1152 -1024 -1296 ) (1152 -1024 -3040 ) 
4 1796 1798 (1152 -1024 -1344 ) (1152 -1024 -1296 ) (1152 -832 -1296 ) (1152 -832 -1344 ) 
4 1796 1799 (1152 -832 -3040 ) (1152 -1024 -3040 ) (1152 -1024 -1352 ) (1152 -832 -1352 ) 
4 1796 1797 (1152 0 -3040 ) (1152 -832 -3040 ) (1152 -832 -1296 ) (1152 0 -1296 ) 
4 1797 1801 (1136 0 -1600 ) (1136 0 -3040 ) (1136 -832 -3040 ) (1136 -832 -1600 ) 
4 1797 1800 (1136 -832 -1296 ) (1136 0 -1296 ) (1136 0 -1312 ) (1136 -832 -1312 ) 
4 1797 1798 (1136 -832 -1296 ) (1136 -832 -1344 ) (1152 -832 -1344 ) (1152 -832 -1296 ) 
4 1797 1799 (1136 -832 -1352 ) (1136 -832 -3040 ) (1152 -832 -3040 ) (1152 -832 -1352 ) 
4 1798 1867 (1152 -1024 -1296 ) (1136 -1024 -1296 ) (1136 -1024 -1344 ) (1152 -1024 -1344 ) 
4 1798 1800 (1136 -1024 -1312 ) (1136 -1024 -1296 ) (1136 -832 -1296 ) (1136 -832 -1312 ) 
4 1799 1868 (1136 -1024 -1352 ) (1136 -1024 -3040 ) (1152 -1024 -3040 ) (1152 -1024 -1352 ) 
4 1799 1801 (1136 -1024 -3040 ) (1136 -1024 -1600 ) (1136 -832 -1600 ) (1136 -832 -3040 ) 
4 1800 1870 (1136 -1024 -1312 ) (1136 -1024 -1296 ) (1024 -1024 -1296 ) (1024 -1024 -1312 ) 
4 1800 1840 (1024 0 -1296 ) (1024 0 -1312 ) (1024 -1024 -1312 ) (1024 -1024 -1296 ) 
4 1801 1871 (1136 -1024 -3040 ) (1136 -1024 -1600 ) (1024 -1024 -1600 ) (1024 -1024 -3040 ) 
4 1801 1841 (1024 0 -1600 ) (1024 0 -3040 ) (1024 -1024 -3040 ) (1024 -1024 -1600 ) 
4 1802 1805 (1024 0 -816 ) (1024 -704 -816 ) (336 -704 -816 ) (336 0 -816 ) 
4 1802 1803 (336 -704 2528 ) (336 -704 -736 ) (1024 -704 -736 ) (1024 -704 2528 ) 
4 1802 1804 (336 0 -816 ) (336 -704 -816 ) (336 -704 2528 ) (336 0 2528 ) 
4 1803 1872 (1024 -1024 -736 ) (1024 -1024 2528 ) (336 -1024 2528 ) (336 -1024 -736 ) 
4 1803 1804 (336 -1024 -736 ) (336 -1024 2528 ) (336 -704 2528 ) (336 -704 -736 ) 
4 1804 2024 (0 -1024 -816 ) (0 -1024 2528 ) (0 0 2528 ) (0 0 -816 ) 
4 1804 1873 (336 -1024 2528 ) (0 -1024 2528 ) (0 -1024 -816 ) (336 -1024 -816 ) 
4 1804 1809 (0 -352 -816 ) (0 0 -816 ) (80 0 -816 ) (80 -352 -816 ) 
4 1804 1807 (80 -352 -816 ) (80 0 -816 ) (96 0 -816 ) (96 -352 -816 ) 
4 1804 1808 (80 -832 -816 ) (80 -704 -816 ) (96 -704 -816 ) (96 -832 -816 ) 
4 1804 1806 (96 0 -816 ) (336 0 -816 ) (336 -832 -816 ) (96 -832 -816 ) 
4 1805 1810 (336 -704 -832 ) (336 0 -832 ) (1024 0 -832 ) (1024 -704 -832 ) 
4 1805 1806 (336 0 -832 ) (336 -704 -832 ) (336 -704 -816 ) (336 0 -816 ) 
4 1806 1816 (288 -704 -832 ) (128 -704 -832 ) (128 -696 -832 ) (288 -696 -832 ) 
4 1806 1815 (96 0 -832 ) (336 0 -832 ) (336 -696 -832 ) (96 -696 -832 ) 
4 1806 1807 (96 0 -832 ) (96 -352 -832 ) (96 -352 -816 ) (96 0 -816 ) 
4 1806 1808 (96 -704 -832 ) (96 -832 -832 ) (96 -832 -816 ) (96 -704 -816 ) 
4 1807 1815 (80 -352 -832 ) (80 0 -832 ) (96 0 -832 ) (96 -352 -832 ) 
4 1807 1809 (80 0 -832 ) (80 -352 -832 ) (80 -352 -816 ) (80 0 -816 ) 
4 1809 2025 (0 -352 -816 ) (0 0 -816 ) (0 0 -832 ) (0 -352 -832 ) 
4 1809 1818 (0 -352 -832 ) (0 0 -832 ) (40 0 -832 ) (40 -352 -832 ) 
4 1809 1817 (40 0 -832 ) (80 0 -832 ) (80 -352 -832 ) (40 -352 -832 ) 
4 1810 1829 (336 -448 -1216 ) (336 0 -1216 ) (432 0 -1216 ) (432 -448 -1216 ) 
4 1810 1828 (1024 0 -1216 ) (1024 -544 -1216 ) (432 -544 -1216 ) (432 0 -1216 ) 
4 1810 1815 (336 0 -1216 ) (336 -696 -1216 ) (336 -696 -832 ) (336 0 -832 ) 
4 1810 1812 (872 -704 -1216 ) (880 -704 -1216 ) (880 -704 -1090 ) (872 -704 -1090 ) 
4 1810 1814 (752 -704 -1216 ) (760 -704 -1216 ) (760 -704 -1090 ) (752 -704 -1090 ) 
4 1810 1811 (880 -704 -1090 ) (880 -704 -992 ) (752 -704 -992 ) (752 -704 -1090 ) 
4 1811 1813 (872 -712 -1090 ) (872 -832 -1090 ) (760 -832 -1090 ) (760 -712 -1090 ) 
4 1811 1812 (872 -704 -1090 ) (880 -704 -1090 ) (880 -832 -1090 ) (872 -832 -1090 ) 
4 1811 1814 (752 -832 -1090 ) (752 -704 -1090 ) (760 -704 -1090 ) (760 -832 -1090 ) 
4 1811 1827 (880 -832 -1090 ) (880 -832 -992 ) (752 -832 -992 ) (752 -832 -1090 ) 
4 1812 1813 (872 -832 -1216 ) (872 -832 -1090 ) (872 -712 -1090 ) (872 -712 -1216 ) 
4 1812 1827 (872 -832 -1216 ) (880 -832 -1216 ) (880 -832 -1090 ) (872 -832 -1090 ) 
4 1813 1827 (760 -832 -1216 ) (872 -832 -1216 ) (872 -832 -1090 ) (760 -832 -1090 ) 
4 1813 1814 (760 -832 -1216 ) (760 -832 -1090 ) (760 -712 -1090 ) (760 -712 -1216 ) 
4 1814 1827 (752 -832 -1216 ) (760 -832 -1216 ) (760 -832 -1090 ) (752 -832 -1090 ) 
4 1815 1836 (80 -368 -1216 ) (80 0 -1216 ) (96 0 -1216 ) (96 -368 -1216 ) 
4 1815 1835 (288 -664 -1216 ) (288 -688 -1216 ) (96 -688 -1216 ) (96 -664 -1216 ) 
4 1815 1832 (179 -656 -1216 ) (179 -664 -1216 ) (172 -664 -1216 ) (172 -656 -1216 ) 
4 1815 1831 (172 0 -1216 ) (179 0 -1216 ) (179 -656 -1216 ) (172 -656 -1216 ) 
4 1815 1830 (179 0 -1216 ) (288 0 -1216 ) (288 -664 -1216 ) (179 -664 -1216 ) 
4 1815 1834 (96 0 -1216 ) (172 0 -1216 ) (172 -664 -1216 ) (96 -664 -1216 ) 
4 1815 1829 (288 0 -1216 ) (336 0 -1216 ) (336 -448 -1216 ) (288 -448 -1216 ) 
4 1815 1817 (80 0 -1216 ) (80 -432 -1216 ) (80 -432 -832 ) (80 0 -832 ) 
4 1815 1816 (128 -696 -1216 ) (288 -696 -1216 ) (288 -696 -832 ) (128 -696 -832 ) 
4 1817 1836 (40 -368 -1216 ) (40 0 -1216 ) (80 0 -1216 ) (80 -368 -1216 ) 
4 1817 1823 (40 0 -1216 ) (40 -432 -1216 ) (40 -432 -1024 ) (40 0 -1024 ) 
4 1817 1818 (40 -432 -1024 ) (40 -432 -832 ) (40 0 -832 ) (40 0 -1024 ) 
4 1818 2029 (0 -432 -832 ) (0 0 -832 ) (0 0 -1024 ) (0 -432 -1024 ) 
4 1818 1823 (40 0 -1024 ) (40 -432 -1024 ) (8 -432 -1024 ) (8 0 -1024 ) 
4 1818 1826 (8 -432 -1024 ) (0 -432 -1024 ) (0 0 -1024 ) (8 0 -1024 ) 
4 1818 1821 (8 -432 -1024 ) (40 -432 -1024 ) (40 -432 -968 ) (2.540041 -432 -984.190002 ) 
5 1818 1820 (40 -432 -968 ) (40 -432 -832 ) (0 -432 -832 ) (0 -432 -965.670349 ) (2.540041 -432 -984.190002 ) 
3 1818 1819 (0 -432 -1024 ) (8 -432 -1024 ) (0 -432 -965.670349 ) 
4 1819 2030 (0 -432 -965.670349 ) (0 -432 -1024 ) (0 -456 -1024 ) (0 -456 -965.671265 ) 
4 1819 1826 (8 -456 -1024 ) (0 -456 -1024 ) (0 -432 -1024 ) (8 -432 -1024 ) 
4 1819 1821 (2.540747 -456 -984.189697 ) (8 -456 -1024 ) (8 -432 -1024 ) (2.539913 -432 -984.190063 ) 
4 1819 1820 (0 -456 -965.665222 ) (2.540747 -456 -984.189697 ) (2.539913 -432 -984.190063 ) (0 -432 -965.671326 ) 
3 1819 1822 (0 -456 -1024 ) (8 -456 -1024 ) (0 -456 -965.671265 ) 
4 1820 2030 (0 -456 -832 ) (0 -432 -832 ) (0 -432 -965.670349 ) (0 -456 -965.671265 ) 
5 1820 1822 (40 -456 -968 ) (40 -456 -832 ) (0 -456 -832 ) (0 -456 -965.671265 ) (2.539922 -456 -984.190063 ) 
4 1820 1821 (40 -456 -968 ) (2.542544 -456 -984.189514 ) (2.542669 -432 -984.189453 ) (40 -432 -968 ) 
4 1821 1822 (8 -456 -1024 ) (40 -456 -1024 ) (40 -456 -968 ) (2.539922 -456 -984.190063 ) 
4 1822 2033 (0 -832 -832 ) (0 -456 -832 ) (0 -456 -1024 ) (0 -832 -1024 ) 
4 1822 1825 (40 -456 -1024 ) (40 -832 -1024 ) (8 -832 -1024 ) (8 -456 -1024 ) 
4 1822 1826 (8 -832 -1024 ) (0 -832 -1024 ) (0 -456 -1024 ) (8 -456 -1024 ) 
4 1822 1827 (40 -832 -1024 ) (40 -832 -832 ) (0 -832 -832 ) (0 -832 -1024 ) 
4 1823 1836 (8 -368 -1216 ) (8 0 -1216 ) (40 0 -1216 ) (40 -368 -1216 ) 
4 1823 1824 (8 -432 -1184 ) (8 -432 -1216 ) (40 -432 -1216 ) (40 -432 -1184 ) 
4 1823 1826 (8 0 -1216 ) (8 -432 -1216 ) (8 -432 -1024 ) (8 0 -1024 ) 
4 1824 1826 (8 -432 -1216 ) (8 -456 -1216 ) (8 -456 -1184 ) (8 -432 -1184 ) 
4 1824 1825 (8 -456 -1184 ) (8 -456 -1216 ) (40 -456 -1216 ) (40 -456 -1184 ) 
4 1825 1826 (8 -456 -1216 ) (8 -832 -1216 ) (8 -832 -1024 ) (8 -456 -1024 ) 
4 1825 1827 (8 -832 -1216 ) (40 -832 -1216 ) (40 -832 -1024 ) (8 -832 -1024 ) 
4 1826 2034 (0 0 -1024 ) (0 0 -1216 ) (0 -832 -1216 ) (0 -832 -1024 ) 
4 1826 1836 (0 -368 -1216 ) (0 0 -1216 ) (8 0 -1216 ) (8 -368 -1216 ) 
4 1826 1827 (0 -832 -1216 ) (8 -832 -1216 ) (8 -832 -1024 ) (0 -832 -1024 ) 
4 1827 2034 (0 -1024 -1216 ) (0 -1024 -1024 ) (0 -832 -1024 ) (0 -832 -1216 ) 
4 1827 2033 (0 -1024 -1024 ) (0 -1024 -832 ) (0 -832 -832 ) (0 -832 -1024 ) 
4 1827 1877 (1024 -1024 -1216 ) (1024 -1024 -832 ) (0 -1024 -832 ) (0 -1024 -1216 ) 
4 1828 1837 (936 0 -1280 ) (1024 0 -1280 ) (1024 -392 -1280 ) (936 -392 -1280 ) 
4 1828 1838 (432 0 -1280 ) (696 0 -1280 ) (696 -392 -1280 ) (432 -392 -1280 ) 
4 1828 1829 (432 0 -1280 ) (432 -448 -1280 ) (432 -448 -1216 ) (432 0 -1216 ) 
4 1829 1838 (288 -392 -1280 ) (288 0 -1280 ) (432 0 -1280 ) (432 -392 -1280 ) 
4 1829 1830 (288 0 -1280 ) (288 -448 -1280 ) (288 -448 -1216 ) (288 0 -1216 ) 
4 1830 1838 (179 0 -1280 ) (288 0 -1280 ) (288 -392 -1280 ) (179 -392 -1280 ) 
4 1830 1835 (179 -664 -1280 ) (288 -664 -1280 ) (288 -664 -1216 ) (179 -664 -1216 ) 
4 1830 1832 (179 -664 -1245 ) (179 -664 -1216 ) (179 -656 -1216 ) (179 -656 -1245 ) 
4 1830 1833 (179 -656 -1280 ) (179 -664 -1280 ) (179 -664 -1252 ) (179 -656 -1252 ) 
4 1830 1831 (179 0 -1280 ) (179 -656 -1280 ) (179 -656 -1216 ) (179 0 -1216 ) 
4 1831 1838 (172 0 -1280 ) (179 0 -1280 ) (179 -392 -1280 ) (172 -392 -1280 ) 
4 1831 1832 (172 -656 -1216 ) (172 -656 -1245 ) (179 -656 -1245 ) (179 -656 -1216 ) 
4 1831 1833 (172 -656 -1252 ) (172 -656 -1280 ) (179 -656 -1280 ) (179 -656 -1252 ) 
4 1831 1834 (172 0 -1280 ) (172 -656 -1280 ) (172 -656 -1216 ) (172 0 -1216 ) 
4 1832 1835 (179 -664 -1245 ) (179 -664 -1216 ) (172 -664 -1216 ) (172 -664 -1245 ) 
4 1832 1834 (172 -664 -1245 ) (172 -664 -1216 ) (172 -656 -1216 ) (172 -656 -1245 ) 
4 1833 1835 (172 -664 -1280 ) (179 -664 -1280 ) (179 -664 -1252 ) (172 -664 -1252 ) 
4 1833 1834 (172 -656 -1280 ) (172 -664 -1280 ) (172 -664 -1252 ) (172 -656 -1252 ) 
4 1834 1838 (96 -392 -1280 ) (96 0 -1280 ) (172 0 -1280 ) (172 -392 -1280 ) 
4 1834 1836 (96 0 -1280 ) (96 -368 -1280 ) (96 -368 -1216 ) (96 0 -1216 ) 
4 1834 1835 (96 -664 -1216 ) (96 -664 -1280 ) (172 -664 -1280 ) (172 -664 -1216 ) 
4 1836 2040 (0 -368 -1216 ) (0 0 -1216 ) (0 0 -1280 ) (0 -368 -1280 ) 
4 1836 1839 (0 -368 -1280 ) (0 0 -1280 ) (96 0 -1280 ) (96 -368 -1280 ) 
4 1837 1842 (936 0 -1296 ) (944 0 -1296 ) (944 -392 -1296 ) (936 -392 -1296 ) 
4 1837 1840 (944 0 -1296 ) (1024 0 -1296 ) (1024 -392 -1296 ) (944 -392 -1296 ) 
4 1838 1842 (96 0 -1296 ) (696 0 -1296 ) (696 -392 -1296 ) (96 -392 -1296 ) 
4 1838 1839 (96 0 -1296 ) (96 -368 -1296 ) (96 -368 -1280 ) (96 0 -1280 ) 
4 1839 2040 (0 0 -1280 ) (0 0 -1296 ) (0 -368 -1296 ) (0 -368 -1280 ) 
4 1839 1842 (0 -368 -1296 ) (0 0 -1296 ) (96 0 -1296 ) (96 -368 -1296 ) 
4 1840 1878 (1024 -1024 -1312 ) (1024 -1024 -1296 ) (944 -1024 -1296 ) (944 -1024 -1312 ) 
4 1840 1842 (944 -1024 -1312 ) (944 -1024 -1296 ) (944 0 -1296 ) (944 0 -1312 ) 
4 1841 1886 (1024 -1024 -3040 ) (1024 -1024 -1600 ) (944 -1024 -1600 ) (944 -1024 -3040 ) 
4 1841 1849 (944 -1024 -3040 ) (944 -1024 -1600 ) (944 0 -1600 ) (944 0 -3040 ) 
4 1842 2044 (0 -1024 -1312 ) (0 -1024 -1296 ) (0 0 -1296 ) (0 0 -1312 ) 
4 1842 1878 (944 -1024 -1312 ) (944 -1024 -1296 ) (0 -1024 -1296 ) (0 -1024 -1312 ) 
4 1842 1846 (496 -1024 -1312 ) (480 -1024 -1312 ) (480 -832 -1312 ) (496 -832 -1312 ) 
4 1842 1845 (480 -832 -1312 ) (480 0 -1312 ) (496 0 -1312 ) (496 -832 -1312 ) 
4 1842 1844 (944 -832 -1312 ) (944 -1024 -1312 ) (688 -1024 -1312 ) (688 -832 -1312 ) 
4 1842 1843 (944 0 -1312 ) (944 -832 -1312 ) (688 -832 -1312 ) (688 0 -1312 ) 
4 1842 1850 (480 -1024 -1312 ) (0 -1024 -1312 ) (0 0 -1312 ) (480 0 -1312 ) 
4 1843 1847 (688 0 -1352 ) (944 0 -1352 ) (944 -832 -1352 ) (688 -832 -1352 ) 
4 1843 1844 (944 -832 -1344 ) (944 -832 -1312 ) (688 -832 -1312 ) (688 -832 -1344 ) 
4 1844 1879 (944 -1024 -1344 ) (944 -1024 -1312 ) (688 -1024 -1312 ) (688 -1024 -1344 ) 
4 1845 1848 (480 -832 -1352 ) (480 0 -1352 ) (496 0 -1352 ) (496 -832 -1352 ) 
4 1845 1846 (480 -832 -1312 ) (480 -832 -1344 ) (496 -832 -1344 ) (496 -832 -1312 ) 
4 1845 1850 (480 -832 -1312 ) (480 0 -1312 ) (480 0 -1352 ) (480 -832 -1352 ) 
4 1846 1880 (496 -1024 -1312 ) (480 -1024 -1312 ) (480 -1024 -1344 ) (496 -1024 -1344 ) 
4 1846 1850 (480 -1024 -1344 ) (480 -1024 -1312 ) (480 -832 -1312 ) (480 -832 -1344 ) 
4 1847 1883 (944 -1024 -1600 ) (944 -1024 -1352 ) (688 -1024 -1352 ) (688 -1024 -1600 ) 
4 1847 1849 (688 0 -1600 ) (944 0 -1600 ) (944 -1024 -1600 ) (688 -1024 -1600 ) 
4 1848 1884 (496 -1024 -1352 ) (480 -1024 -1352 ) (480 -1024 -1600 ) (496 -1024 -1600 ) 
4 1848 1850 (480 -1024 -1600 ) (480 -1024 -1352 ) (480 0 -1352 ) (480 0 -1600 ) 
4 1848 1849 (480 -1024 -1600 ) (480 0 -1600 ) (496 0 -1600 ) (496 -1024 -1600 ) 
4 1849 1886 (944 -1024 -3040 ) (944 -1024 -1600 ) (480 -1024 -1600 ) (480 -1024 -3040 ) 
4 1849 1850 (480 0 -3040 ) (480 -1024 -3040 ) (480 -1024 -1600 ) (480 0 -1600 ) 
4 1850 2044 (0 -1024 -3040 ) (0 -1024 -1312 ) (0 0 -1312 ) (0 0 -3040 ) 
4 1850 1886 (0 -1024 -1600 ) (0 -1024 -3040 ) (480 -1024 -3040 ) (480 -1024 -1600 ) 
4 1850 1885 (480 -1024 -1312 ) (0 -1024 -1312 ) (0 -1024 -1600 ) (480 -1024 -1600 ) 
4 1851 1853 (4096 -2048 -3040 ) (4096 -2048 2528 ) (3072 -2048 2528 ) (3072 -2048 -3040 ) 
4 1851 1852 (3072 -1024 2528 ) (3072 -1024 -3040 ) (3072 -2048 -3040 ) (3072 -2048 2528 ) 
4 1852 1866 (2048 -1024 -1296 ) (2048 -1024 -3040 ) (2048 -2048 -3040 ) (2048 -2048 -1296 ) 
4 1852 1865 (2048 -1024 -1216 ) (2048 -1024 -1296 ) (2048 -2048 -1296 ) (2048 -2048 -1216 ) 
4 1852 1862 (2048 -1024 -832 ) (2048 -1024 -1216 ) (2048 -2048 -1216 ) (2048 -2048 -832 ) 
4 1852 1860 (2048 -1216 -832 ) (2048 -2048 -832 ) (2048 -2048 -800 ) (2048 -1216 -800 ) 
4 1852 1859 (2048 -2048 -800 ) (2048 -2048 2528 ) (2048 -1216 2528 ) (2048 -1216 -800 ) 
4 1852 1855 (2048 -1024 2528 ) (2048 -1024 -832 ) (2048 -1216 -832 ) (2048 -1216 2528 ) 
4 1852 1854 (3072 -2048 -3040 ) (3072 -2048 2528 ) (2048 -2048 2528 ) (2048 -2048 -3040 ) 
4 1853 1943 (4096 -3072 -3040 ) (4096 -3072 2528 ) (3072 -3072 2528 ) (3072 -3072 -3040 ) 
4 1853 1854 (3072 -2048 2528 ) (3072 -2048 -3040 ) (3072 -3072 -3040 ) (3072 -3072 2528 ) 
4 1854 1944 (3072 -3072 -3040 ) (3072 -3072 2528 ) (2048 -3072 2528 ) (2048 -3072 -3040 ) 
4 1854 1905 (2048 -3072 -3040 ) (2048 -3072 -1664 ) (2048 -2048 -1664 ) (2048 -2048 -3040 ) 
4 1854 1888 (2048 -3072 -1664 ) (2048 -3072 -1216 ) (2048 -2048 -1216 ) (2048 -2048 -1664 ) 
4 1854 1887 (2048 -3072 -1216 ) (2048 -3072 2528 ) (2048 -2048 2528 ) (2048 -2048 -1216 ) 
4 1855 1862 (1896 -1024 -832 ) (2048 -1024 -832 ) (2048 -1216 -832 ) (1896 -1216 -832 ) 
4 1855 1860 (1896 -1216 -832 ) (2048 -1216 -832 ) (2048 -1216 -800 ) (1896 -1216 -800 ) 
4 1855 1859 (2048 -1216 -800 ) (2048 -1216 2528 ) (1896 -1216 2528 ) (1896 -1216 -800 ) 
4 1855 1856 (1896 -1216 -816 ) (1896 -1216 2528 ) (1896 -1024 2528 ) (1896 -1024 -816 ) 
4 1856 1860 (1896 -1216 -816 ) (1896 -1216 -800 ) (1888 -1216 -800 ) (1888 -1216 -816 ) 
4 1856 1859 (1896 -1216 -800 ) (1896 -1216 2528 ) (1296 -1216 2528 ) (1296 -1216 -800 ) 
4 1856 1857 (1296 -1200 2528 ) (1296 -1024 2528 ) (1296 -1024 -736 ) (1296 -1200 -736 ) 
4 1856 1858 (1296 -1216 -816 ) (1296 -1216 2528 ) (1296 -1200 2528 ) (1296 -1200 -816 ) 
4 1857 1872 (1024 -1024 2528 ) (1024 -1024 -736 ) (1024 -1200 -736 ) (1024 -1200 2528 ) 
4 1857 1858 (1296 -1200 -736 ) (1296 -1200 2528 ) (1024 -1200 2528 ) (1024 -1200 -736 ) 
4 1858 1875 (1024 -1200 -832 ) (1024 -1216 -832 ) (1024 -1216 -800 ) (1024 -1200 -800 ) 
4 1858 1874 (1024 -1216 -800 ) (1024 -1216 2528 ) (1024 -1200 2528 ) (1024 -1200 -800 ) 
4 1858 1864 (1024 -1216 -832 ) (1024 -1200 -832 ) (1296 -1200 -832 ) (1296 -1216 -832 ) 
4 1858 1859 (1024 -1216 2528 ) (1024 -1216 -800 ) (1296 -1216 -800 ) (1296 -1216 2528 ) 
4 1859 1887 (2048 -2048 -800 ) (2048 -2048 2528 ) (1024 -2048 2528 ) (1024 -2048 -800 ) 
4 1859 1874 (1024 -2048 -800 ) (1024 -2048 2528 ) (1024 -1216 2528 ) (1024 -1216 -800 ) 
4 1859 1861 (1888 -2048 -800 ) (1024 -2048 -800 ) (1024 -1248 -800 ) (1888 -1248 -800 ) 
4 1859 1860 (2048 -2048 -800 ) (1888 -2048 -800 ) (1888 -1216 -800 ) (2048 -1216 -800 ) 
4 1860 1887 (2048 -2048 -832 ) (2048 -2048 -800 ) (1888 -2048 -800 ) (1888 -2048 -832 ) 
4 1860 1862 (2048 -2048 -832 ) (1888 -2048 -832 ) (1888 -1216 -832 ) (2048 -1216 -832 ) 
4 1860 1861 (1888 -2048 -800 ) (1888 -1248 -800 ) (1888 -1248 -832 ) (1888 -2048 -832 ) 
4 1861 1887 (1888 -2048 -800 ) (1024 -2048 -800 ) (1024 -2048 -832 ) (1888 -2048 -832 ) 
4 1861 1876 (1024 -1248 -832 ) (1024 -2048 -832 ) (1024 -2048 -800 ) (1024 -1248 -800 ) 
4 1861 1863 (1888 -2048 -832 ) (1848 -2048 -832 ) (1848 -1248 -832 ) (1888 -1248 -832 ) 
4 1861 1864 (1848 -2048 -832 ) (1024 -2048 -832 ) (1024 -1248 -832 ) (1848 -1248 -832 ) 
4 1862 1887 (2048 -2048 -1216 ) (2048 -2048 -832 ) (1888 -2048 -832 ) (1888 -2048 -1216 ) 
4 1862 1865 (1904 -1024 -1216 ) (2048 -1024 -1216 ) (2048 -2048 -1216 ) (1904 -2048 -1216 ) 
4 1862 1863 (1888 -1248 -1216 ) (1888 -2048 -1216 ) (1888 -2048 -832 ) (1888 -1248 -832 ) 
4 1863 1887 (1888 -2048 -832 ) (1848 -2048 -832 ) (1848 -2048 -1216 ) (1888 -2048 -1216 ) 
4 1863 1864 (1848 -1248 -1216 ) (1848 -2048 -1216 ) (1848 -2048 -832 ) (1848 -1248 -832 ) 
4 1864 1887 (1848 -2048 -832 ) (1024 -2048 -832 ) (1024 -2048 -1216 ) (1848 -2048 -1216 ) 
4 1864 1877 (1024 -1024 -832 ) (1024 -1024 -1216 ) (1024 -2048 -1216 ) (1024 -2048 -832 ) 
4 1865 1888 (2048 -2048 -1296 ) (2048 -2048 -1216 ) (1904 -2048 -1216 ) (1904 -2048 -1296 ) 
4 1865 1866 (2048 -2048 -1296 ) (1904 -2048 -1296 ) (1904 -1024 -1296 ) (2048 -1024 -1296 ) 
4 1866 1906 (1584 -2048 -1664 ) (1152 -2048 -1664 ) (1152 -2048 -3040 ) (1584 -2048 -3040 ) 
4 1866 1905 (2048 -2048 -3040 ) (2048 -2048 -1664 ) (1584 -2048 -1664 ) (1584 -2048 -3040 ) 
4 1866 1895 (1584 -2048 -1296 ) (1152 -2048 -1296 ) (1152 -2048 -1664 ) (1584 -2048 -1664 ) 
4 1866 1890 (1600 -2048 -1296 ) (1584 -2048 -1296 ) (1584 -2048 -1664 ) (1600 -2048 -1664 ) 
4 1866 1889 (1904 -2048 -1296 ) (1600 -2048 -1296 ) (1600 -2048 -1664 ) (1904 -2048 -1664 ) 
4 1866 1888 (2048 -2048 -1664 ) (2048 -2048 -1296 ) (1904 -2048 -1296 ) (1904 -2048 -1664 ) 
4 1866 1867 (1152 -1104 -1344 ) (1152 -1104 -1296 ) (1152 -1024 -1296 ) (1152 -1024 -1344 ) 
4 1866 1868 (1152 -1024 -3040 ) (1152 -1104 -3040 ) (1152 -1104 -1352 ) (1152 -1024 -1352 ) 
4 1866 1869 (1152 -1104 -3040 ) (1152 -2048 -3040 ) (1152 -2048 -1296 ) (1152 -1104 -1296 ) 
4 1867 1870 (1136 -1104 -1296 ) (1136 -1024 -1296 ) (1136 -1024 -1312 ) (1136 -1104 -1312 ) 
4 1867 1869 (1152 -1104 -1344 ) (1152 -1104 -1296 ) (1136 -1104 -1296 ) (1136 -1104 -1344 ) 
4 1868 1871 (1136 -1024 -1600 ) (1136 -1024 -3040 ) (1136 -1104 -3040 ) (1136 -1104 -1600 ) 
4 1868 1869 (1136 -1104 -3040 ) (1152 -1104 -3040 ) (1152 -1104 -1352 ) (1136 -1104 -1352 ) 
4 1869 1906 (1136 -2048 -1664 ) (1136 -2048 -3040 ) (1152 -2048 -3040 ) (1152 -2048 -1664 ) 
4 1869 1895 (1152 -2048 -1296 ) (1136 -2048 -1296 ) (1136 -2048 -1664 ) (1152 -2048 -1664 ) 
4 1869 1871 (1136 -2048 -3040 ) (1136 -2048 -1600 ) (1136 -1104 -1600 ) (1136 -1104 -3040 ) 
4 1869 1870 (1136 -2048 -1312 ) (1136 -2048 -1296 ) (1136 -1104 -1296 ) (1136 -1104 -1312 ) 
4 1870 1897 (1136 -2048 -1312 ) (1136 -2048 -1296 ) (1024 -2048 -1296 ) (1024 -2048 -1312 ) 
4 1870 1878 (1024 -1024 -1296 ) (1024 -1024 -1312 ) (1024 -2048 -1312 ) (1024 -2048 -1296 ) 
4 1871 1906 (1136 -2048 -3040 ) (1136 -2048 -1664 ) (1024 -2048 -1664 ) (1024 -2048 -3040 ) 
4 1871 1898 (1136 -2048 -1664 ) (1136 -2048 -1600 ) (1024 -2048 -1600 ) (1024 -2048 -1664 ) 
4 1871 1886 (1024 -1024 -1600 ) (1024 -1024 -3040 ) (1024 -2048 -3040 ) (1024 -2048 -1600 ) 
4 1872 1874 (1024 -1200 -736 ) (1024 -1200 2528 ) (336 -1200 2528 ) (336 -1200 -736 ) 
4 1872 1873 (336 -1200 -736 ) (336 -1200 2528 ) (336 -1024 2528 ) (336 -1024 -736 ) 
4 1873 2297 (0 -1024 2528 ) (0 -1024 -816 ) (0 -1200 -816 ) (0 -1200 2528 ) 
4 1873 1875 (0 -1200 -800 ) (0 -1200 -816 ) (336 -1200 -816 ) (336 -1200 -800 ) 
4 1873 1874 (0 -1200 2528 ) (0 -1200 -800 ) (336 -1200 -800 ) (336 -1200 2528 ) 
4 1874 2300 (0 -1248 2528 ) (0 -1216 2528 ) (0 -1216 -800 ) (0 -1248 -800 ) 
4 1874 2299 (0 -1216 2528 ) (0 -1200 2528 ) (0 -1200 -800 ) (0 -1216 -800 ) 
4 1874 2301 (0 -2048 -800 ) (0 -2048 2528 ) (0 -1248 2528 ) (0 -1248 -800 ) 
4 1874 1909 (1024 -2048 -800 ) (1024 -2048 2528 ) (0 -2048 2528 ) (0 -2048 -800 ) 
4 1874 1875 (0 -1200 -800 ) (1024 -1200 -800 ) (1024 -1216 -800 ) (0 -1216 -800 ) 
4 1874 1876 (1024 -1248 -800 ) (1024 -2048 -800 ) (0 -2048 -800 ) (0 -1248 -800 ) 
4 1875 2299 (0 -1216 -800 ) (0 -1200 -800 ) (0 -1200 -832 ) (0 -1216 -832 ) 
4 1875 1877 (1024 -1200 -832 ) (1024 -1216 -832 ) (0 -1216 -832 ) (0 -1200 -832 ) 
4 1876 2301 (0 -2048 -832 ) (0 -2048 -800 ) (0 -1248 -800 ) (0 -1248 -832 ) 
4 1876 1909 (1024 -2048 -832 ) (1024 -2048 -800 ) (0 -2048 -800 ) (0 -2048 -832 ) 
4 1876 1877 (1024 -1248 -832 ) (1024 -2048 -832 ) (0 -2048 -832 ) (0 -1248 -832 ) 
4 1877 2303 (0 -2048 -1216 ) (0 -2048 -832 ) (0 -1024 -832 ) (0 -1024 -1216 ) 
4 1877 1909 (1024 -2048 -1216 ) (1024 -2048 -832 ) (0 -2048 -832 ) (0 -2048 -1216 ) 
4 1878 2309 (0 -2048 -1312 ) (0 -2048 -1296 ) (0 -1024 -1296 ) (0 -1024 -1312 ) 
4 1878 1930 (48 -2048 -1296 ) (32 -2048 -1296 ) (32 -2048 -1312 ) (48 -2048 -1312 ) 
4 1878 1932 (32 -2048 -1296 ) (0 -2048 -1296 ) (0 -2048 -1312 ) (32 -2048 -1312 ) 
4 1878 1927 (496 -2048 -1296 ) (48 -2048 -1296 ) (48 -2048 -1312 ) (496 -2048 -1312 ) 
4 1878 1921 (688 -2048 -1296 ) (496 -2048 -1296 ) (496 -2048 -1312 ) (688 -2048 -1312 ) 
4 1878 1918 (944 -2048 -1296 ) (688 -2048 -1296 ) (688 -2048 -1312 ) (944 -2048 -1312 ) 
4 1878 1912 (1024 -2048 -1312 ) (1024 -2048 -1296 ) (944 -2048 -1296 ) (944 -2048 -1312 ) 
4 1878 1881 (944 -2048 -1312 ) (688 -2048 -1312 ) (688 -1104 -1312 ) (944 -1104 -1312 ) 
4 1878 1882 (496 -2048 -1312 ) (480 -2048 -1312 ) (480 -1104 -1312 ) (496 -1104 -1312 ) 
4 1878 1880 (480 -1104 -1312 ) (480 -1024 -1312 ) (496 -1024 -1312 ) (496 -1104 -1312 ) 
4 1878 1879 (688 -1024 -1312 ) (944 -1024 -1312 ) (944 -1104 -1312 ) (688 -1104 -1312 ) 
4 1878 1885 (480 -2048 -1312 ) (0 -2048 -1312 ) (0 -1024 -1312 ) (480 -1024 -1312 ) 
4 1879 1881 (944 -1104 -1344 ) (944 -1104 -1312 ) (688 -1104 -1312 ) (688 -1104 -1344 ) 
4 1880 1882 (480 -1104 -1312 ) (480 -1104 -1344 ) (496 -1104 -1344 ) (496 -1104 -1312 ) 
4 1880 1885 (480 -1104 -1312 ) (480 -1024 -1312 ) (480 -1024 -1344 ) (480 -1104 -1344 ) 
4 1881 1918 (944 -2048 -1312 ) (688 -2048 -1312 ) (688 -2048 -1352 ) (944 -2048 -1352 ) 
4 1881 1883 (688 -1104 -1352 ) (944 -1104 -1352 ) (944 -2048 -1352 ) (688 -2048 -1352 ) 
4 1882 1927 (496 -2048 -1312 ) (480 -2048 -1312 ) (480 -2048 -1352 ) (496 -2048 -1352 ) 
4 1882 1884 (480 -2048 -1352 ) (480 -1104 -1352 ) (496 -1104 -1352 ) (496 -2048 -1352 ) 
4 1882 1885 (480 -2048 -1352 ) (480 -2048 -1312 ) (480 -1104 -1312 ) (480 -1104 -1352 ) 
4 1883 1918 (688 -2048 -1600 ) (944 -2048 -1600 ) (944 -2048 -1352 ) (688 -2048 -1352 ) 
4 1883 1886 (944 -2048 -1600 ) (688 -2048 -1600 ) (688 -1024 -1600 ) (944 -1024 -1600 ) 
4 1884 1927 (480 -2048 -1352 ) (480 -2048 -1600 ) (496 -2048 -1600 ) (496 -2048 -1352 ) 
4 1884 1886 (496 -2048 -1600 ) (480 -2048 -1600 ) (480 -1024 -1600 ) (496 -1024 -1600 ) 
4 1884 1885 (480 -1024 -1600 ) (480 -2048 -1600 ) (480 -2048 -1352 ) (480 -1024 -1352 ) 
4 1885 2309 (0 -2048 -1600 ) (0 -2048 -1312 ) (0 -1024 -1312 ) (0 -1024 -1600 ) 
4 1885 1930 (48 -2048 -1312 ) (32 -2048 -1312 ) (32 -2048 -1600 ) (48 -2048 -1600 ) 
4 1885 1932 (32 -2048 -1312 ) (0 -2048 -1312 ) (0 -2048 -1600 ) (32 -2048 -1600 ) 
4 1885 1927 (480 -2048 -1312 ) (48 -2048 -1312 ) (48 -2048 -1600 ) (480 -2048 -1600 ) 
4 1885 1886 (480 -2048 -1600 ) (0 -2048 -1600 ) (0 -1024 -1600 ) (480 -1024 -1600 ) 
4 1886 2309 (0 -2048 -3040 ) (0 -2048 -1600 ) (0 -1024 -1600 ) (0 -1024 -3040 ) 
4 1886 1933 (1024 -2048 -3040 ) (1024 -2048 -1664 ) (48 -2048 -1664 ) (48 -2048 -3040 ) 
4 1886 1936 (48 -2048 -1664 ) (0 -2048 -1664 ) (0 -2048 -3040 ) (48 -2048 -3040 ) 
4 1886 1930 (48 -2048 -1600 ) (32 -2048 -1600 ) (32 -2048 -1664 ) (48 -2048 -1664 ) 
4 1886 1932 (32 -2048 -1600 ) (0 -2048 -1600 ) (0 -2048 -1664 ) (32 -2048 -1664 ) 
4 1886 1927 (496 -2048 -1600 ) (48 -2048 -1600 ) (48 -2048 -1664 ) (496 -2048 -1664 ) 
4 1886 1922 (688 -2048 -1600 ) (496 -2048 -1600 ) (496 -2048 -1664 ) (688 -2048 -1664 ) 
4 1886 1918 (944 -2048 -1600 ) (688 -2048 -1600 ) (688 -2048 -1664 ) (944 -2048 -1664 ) 
4 1886 1913 (1024 -2048 -1664 ) (1024 -2048 -1600 ) (944 -2048 -1600 ) (944 -2048 -1664 ) 
4 1887 1948 (1896 -3072 2528 ) (1024 -3072 2528 ) (1024 -3072 -1216 ) (1896 -3072 -1216 ) 
4 1887 1947 (2048 -3072 -1216 ) (2048 -3072 2528 ) (1896 -3072 2528 ) (1896 -3072 -1216 ) 
4 1887 1909 (1024 -2048 2528 ) (1024 -2048 -1216 ) (1024 -3072 -1216 ) (1024 -3072 2528 ) 
4 1887 1901 (1904 -3072 -1216 ) (1896 -3072 -1216 ) (1896 -2576 -1216 ) (1904 -2576 -1216 ) 
4 1887 1894 (1024 -2576 -1216 ) (1024 -2560 -1216 ) (1136 -2560 -1216 ) (1136 -2576 -1216 ) 
4 1887 1893 (1024 -2560 -1216 ) (1024 -2176 -1216 ) (1136 -2176 -1216 ) (1136 -2560 -1216 ) 
4 1887 1891 (1904 -2176 -1216 ) (1904 -2576 -1216 ) (1896 -2576 -1216 ) (1896 -2176 -1216 ) 
4 1887 1888 (2048 -3072 -1216 ) (1904 -3072 -1216 ) (1904 -2048 -1216 ) (2048 -2048 -1216 ) 
4 1888 1951 (2048 -3072 -1664 ) (2048 -3072 -1312 ) (1904 -3072 -1312 ) (1904 -3072 -1664 ) 
4 1888 1947 (2048 -3072 -1312 ) (2048 -3072 -1216 ) (1904 -3072 -1216 ) (1904 -3072 -1312 ) 
4 1888 1905 (1904 -2048 -1664 ) (2048 -2048 -1664 ) (2048 -3072 -1664 ) (1904 -3072 -1664 ) 
4 1888 1903 (1904 -2576 -1664 ) (1904 -3072 -1664 ) (1904 -3072 -1312 ) (1904 -2576 -1312 ) 
4 1888 1901 (1904 -3072 -1312 ) (1904 -3072 -1216 ) (1904 -2576 -1216 ) (1904 -2576 -1312 ) 
4 1888 1891 (1904 -2176 -1664 ) (1904 -2576 -1664 ) (1904 -2576 -1216 ) (1904 -2176 -1216 ) 
4 1888 1889 (1904 -2048 -1664 ) (1904 -2176 -1664 ) (1904 -2176 -1296 ) (1904 -2048 -1296 ) 
4 1889 1905 (1600 -2048 -1664 ) (1904 -2048 -1664 ) (1904 -2176 -1664 ) (1600 -2176 -1664 ) 
4 1889 1892 (1600 -2176 -1664 ) (1896 -2176 -1664 ) (1896 -2176 -1296 ) (1600 -2176 -1296 ) 
4 1889 1891 (1896 -2176 -1664 ) (1904 -2176 -1664 ) (1904 -2176 -1296 ) (1896 -2176 -1296 ) 
4 1889 1890 (1600 -2048 -1664 ) (1600 -2160 -1664 ) (1600 -2160 -1296 ) (1600 -2048 -1296 ) 
4 1890 1905 (1584 -2048 -1664 ) (1600 -2048 -1664 ) (1600 -2160 -1664 ) (1584 -2160 -1664 ) 
4 1890 1895 (1584 -2048 -1664 ) (1584 -2160 -1664 ) (1584 -2160 -1296 ) (1584 -2048 -1296 ) 
4 1891 1905 (1904 -2176 -1664 ) (1904 -2576 -1664 ) (1896 -2576 -1664 ) (1896 -2176 -1664 ) 
4 1891 1903 (1896 -2576 -1664 ) (1904 -2576 -1664 ) (1904 -2576 -1312 ) (1896 -2576 -1312 ) 
4 1891 1901 (1904 -2576 -1312 ) (1904 -2576 -1216 ) (1896 -2576 -1216 ) (1896 -2576 -1312 ) 
4 1891 1892 (1896 -2176 -1296 ) (1896 -2176 -1664 ) (1896 -2576 -1664 ) (1896 -2576 -1296 ) 
4 1892 1905 (1896 -2576 -1664 ) (1600 -2576 -1664 ) (1600 -2176 -1664 ) (1896 -2176 -1664 ) 
4 1892 1903 (1600 -2576 -1664 ) (1896 -2576 -1664 ) (1896 -2576 -1312 ) (1600 -2576 -1312 ) 
4 1892 1902 (1896 -2576 -1312 ) (1896 -2576 -1296 ) (1600 -2576 -1296 ) (1600 -2576 -1312 ) 
4 1893 1910 (1024 -2176 -1296 ) (1024 -2560 -1296 ) (1024 -2560 -1216 ) (1024 -2176 -1216 ) 
4 1893 1899 (1136 -2560 -1296 ) (1024 -2560 -1296 ) (1024 -2176 -1296 ) (1136 -2176 -1296 ) 
4 1893 1894 (1136 -2560 -1280 ) (1136 -2560 -1216 ) (1024 -2560 -1216 ) (1024 -2560 -1280 ) 
4 1894 1911 (1024 -2576 -1280 ) (1024 -2576 -1216 ) (1024 -2560 -1216 ) (1024 -2560 -1280 ) 
4 1895 1906 (1136 -2048 -1664 ) (1584 -2048 -1664 ) (1584 -2160 -1664 ) (1136 -2160 -1664 ) 
4 1895 1898 (1136 -2048 -1664 ) (1136 -2160 -1664 ) (1136 -2160 -1600 ) (1136 -2048 -1600 ) 
4 1895 1897 (1136 -2160 -1312 ) (1136 -2160 -1296 ) (1136 -2048 -1296 ) (1136 -2048 -1312 ) 
4 1896 1900 (1136 -2176 -1664 ) (1136 -2560 -1664 ) (1136 -2560 -1600 ) (1136 -2176 -1600 ) 
4 1896 1899 (1136 -2560 -1312 ) (1136 -2560 -1296 ) (1136 -2176 -1296 ) (1136 -2176 -1312 ) 
4 1897 1912 (1024 -2048 -1296 ) (1024 -2048 -1312 ) (1024 -2160 -1312 ) (1024 -2160 -1296 ) 
4 1898 1913 (1024 -2048 -1600 ) (1024 -2048 -1664 ) (1024 -2160 -1664 ) (1024 -2160 -1600 ) 
4 1898 1906 (1024 -2048 -1664 ) (1136 -2048 -1664 ) (1136 -2160 -1664 ) (1024 -2160 -1664 ) 
4 1899 1914 (1024 -2560 -1296 ) (1024 -2176 -1296 ) (1024 -2176 -1312 ) (1024 -2560 -1312 ) 
4 1900 1915 (1024 -2176 -1664 ) (1024 -2560 -1664 ) (1024 -2560 -1600 ) (1024 -2176 -1600 ) 
4 1901 1947 (1904 -3072 -1216 ) (1896 -3072 -1216 ) (1896 -3072 -1312 ) (1904 -3072 -1312 ) 
4 1901 1903 (1896 -2576 -1312 ) (1904 -2576 -1312 ) (1904 -3072 -1312 ) (1896 -3072 -1312 ) 
4 1901 1902 (1896 -2576 -1296 ) (1896 -2576 -1312 ) (1896 -3072 -1312 ) (1896 -3072 -1296 ) 
4 1902 1949 (1024 -3072 -1296 ) (1024 -3072 -1312 ) (1896 -3072 -1312 ) (1896 -3072 -1296 ) 
4 1902 1916 (1024 -3072 -1312 ) (1024 -3072 -1296 ) (1024 -2576 -1296 ) (1024 -2576 -1312 ) 
4 1902 1903 (1136 -2576 -1312 ) (1896 -2576 -1312 ) (1896 -3072 -1312 ) (1136 -3072 -1312 ) 
4 1903 1951 (1136 -3072 -1664 ) (1904 -3072 -1664 ) (1904 -3072 -1312 ) (1136 -3072 -1312 ) 
4 1903 1908 (1584 -3072 -1664 ) (1136 -3072 -1664 ) (1136 -2576 -1664 ) (1584 -2576 -1664 ) 
4 1903 1905 (1904 -2576 -1664 ) (1904 -3072 -1664 ) (1584 -3072 -1664 ) (1584 -2576 -1664 ) 
4 1903 1904 (1136 -2576 -1600 ) (1136 -2576 -1664 ) (1136 -3072 -1664 ) (1136 -3072 -1600 ) 
4 1904 1952 (1024 -3072 -1600 ) (1024 -3072 -1664 ) (1136 -3072 -1664 ) (1136 -3072 -1600 ) 
4 1904 1917 (1024 -2576 -1664 ) (1024 -3072 -1664 ) (1024 -3072 -1600 ) (1024 -2576 -1600 ) 
4 1904 1908 (1136 -3072 -1664 ) (1024 -3072 -1664 ) (1024 -2576 -1664 ) (1136 -2576 -1664 ) 
4 1905 1951 (2048 -3072 -3040 ) (2048 -3072 -1664 ) (1584 -3072 -1664 ) (1584 -3072 -3040 ) 
4 1905 1907 (1584 -2160 -3040 ) (1584 -2576 -3040 ) (1584 -2576 -1680 ) (1584 -2160 -1680 ) 
4 1905 1906 (1584 -2048 -3040 ) (1584 -2160 -3040 ) (1584 -2160 -1664 ) (1584 -2048 -1664 ) 
4 1905 1908 (1584 -2576 -3040 ) (1584 -3072 -3040 ) (1584 -3072 -1664 ) (1584 -2576 -1664 ) 
4 1906 1933 (1024 -2048 -1664 ) (1024 -2048 -3040 ) (1024 -2160 -3040 ) (1024 -2160 -1664 ) 
4 1906 1907 (1024 -2160 -3040 ) (1584 -2160 -3040 ) (1584 -2160 -1680 ) (1024 -2160 -1680 ) 
4 1907 1934 (1024 -2160 -3040 ) (1024 -2576 -3040 ) (1024 -2576 -1680 ) (1024 -2160 -1680 ) 
4 1907 1908 (1024 -2576 -3040 ) (1584 -2576 -3040 ) (1584 -2576 -1680 ) (1024 -2576 -1680 ) 
4 1908 1952 (1136 -3072 -1664 ) (1024 -3072 -1664 ) (1024 -3072 -3040 ) (1136 -3072 -3040 ) 
4 1908 1951 (1584 -3072 -1664 ) (1136 -3072 -1664 ) (1136 -3072 -3040 ) (1584 -3072 -3040 ) 
4 1908 1935 (1024 -2576 -3040 ) (1024 -3072 -3040 ) (1024 -3072 -1664 ) (1024 -2576 -1664 ) 
4 1909 2418 (0 -3072 -1216 ) (0 -3072 2528 ) (0 -2048 2528 ) (0 -2048 -1216 ) 
4 1909 1953 (1024 -3072 -1216 ) (1024 -3072 2528 ) (0 -3072 2528 ) (0 -3072 -1216 ) 
4 1909 1911 (1024 -2560 -1216 ) (1024 -2576 -1216 ) (496 -2576 -1216 ) (496 -2560 -1216 ) 
4 1909 1910 (1024 -2176 -1216 ) (1024 -2560 -1216 ) (496 -2560 -1216 ) (496 -2176 -1216 ) 
4 1910 1923 (688 -2560 -1296 ) (496 -2560 -1296 ) (496 -2176 -1296 ) (688 -2176 -1296 ) 
4 1910 1919 (944 -2560 -1296 ) (688 -2560 -1296 ) (688 -2176 -1296 ) (944 -2176 -1296 ) 
4 1910 1914 (1024 -2176 -1296 ) (1024 -2560 -1296 ) (944 -2560 -1296 ) (944 -2176 -1296 ) 
4 1910 1911 (1024 -2560 -1280 ) (1024 -2560 -1216 ) (496 -2560 -1216 ) (496 -2560 -1280 ) 
4 1912 1918 (944 -2160 -1296 ) (944 -2048 -1296 ) (944 -2048 -1312 ) (944 -2160 -1312 ) 
4 1913 1933 (1024 -2048 -1664 ) (1024 -2160 -1664 ) (944 -2160 -1664 ) (944 -2048 -1664 ) 
4 1913 1918 (944 -2048 -1664 ) (944 -2160 -1664 ) (944 -2160 -1600 ) (944 -2048 -1600 ) 
4 1914 1919 (944 -2560 -1296 ) (944 -2176 -1296 ) (944 -2176 -1312 ) (944 -2560 -1312 ) 
4 1915 1919 (944 -2176 -1664 ) (944 -2560 -1664 ) (944 -2560 -1600 ) (944 -2176 -1600 ) 
4 1916 1954 (1024 -3072 -1312 ) (1024 -3072 -1296 ) (944 -3072 -1296 ) (944 -3072 -1312 ) 
4 1916 1920 (944 -3072 -1312 ) (944 -3072 -1296 ) (944 -2576 -1296 ) (944 -2576 -1312 ) 
4 1917 1958 (1024 -3072 -1664 ) (1024 -3072 -1600 ) (944 -3072 -1600 ) (944 -3072 -1664 ) 
4 1917 1935 (1024 -2576 -1664 ) (1024 -3072 -1664 ) (944 -3072 -1664 ) (944 -2576 -1664 ) 
4 1917 1920 (944 -2576 -1664 ) (944 -3072 -1664 ) (944 -3072 -1600 ) (944 -2576 -1600 ) 
4 1918 1933 (688 -2160 -1664 ) (688 -2048 -1664 ) (944 -2048 -1664 ) (944 -2160 -1664 ) 
4 1918 1922 (688 -2048 -1664 ) (688 -2160 -1664 ) (688 -2160 -1600 ) (688 -2048 -1600 ) 
4 1918 1921 (688 -2160 -1312 ) (688 -2160 -1296 ) (688 -2048 -1296 ) (688 -2048 -1312 ) 
4 1919 1924 (688 -2176 -1664 ) (688 -2560 -1664 ) (688 -2560 -1600 ) (688 -2176 -1600 ) 
4 1919 1923 (688 -2560 -1312 ) (688 -2560 -1296 ) (688 -2176 -1296 ) (688 -2176 -1312 ) 
4 1920 1958 (688 -3072 -1600 ) (688 -3072 -1664 ) (944 -3072 -1664 ) (944 -3072 -1600 ) 
4 1920 1956 (688 -3072 -1312 ) (688 -3072 -1600 ) (944 -3072 -1600 ) (944 -3072 -1312 ) 
4 1920 1954 (944 -3072 -1296 ) (688 -3072 -1296 ) (688 -3072 -1312 ) (944 -3072 -1312 ) 
4 1920 1935 (944 -3072 -1664 ) (688 -3072 -1664 ) (688 -2576 -1664 ) (944 -2576 -1664 ) 
4 1920 1925 (688 -3072 -1312 ) (688 -3072 -1296 ) (688 -2576 -1296 ) (688 -2576 -1312 ) 
4 1920 1926 (688 -2576 -1664 ) (688 -3072 -1664 ) (688 -3072 -1600 ) (688 -2576 -1600 ) 
4 1921 1927 (496 -2160 -1296 ) (496 -2048 -1296 ) (496 -2048 -1312 ) (496 -2160 -1312 ) 
4 1922 1933 (496 -2160 -1664 ) (496 -2048 -1664 ) (688 -2048 -1664 ) (688 -2160 -1664 ) 
4 1922 1927 (496 -2048 -1664 ) (496 -2160 -1664 ) (496 -2160 -1600 ) (496 -2048 -1600 ) 
4 1923 1928 (496 -2560 -1296 ) (496 -2176 -1296 ) (496 -2176 -1312 ) (496 -2560 -1312 ) 
4 1924 1928 (496 -2176 -1664 ) (496 -2560 -1664 ) (496 -2560 -1600 ) (496 -2176 -1600 ) 
4 1925 1954 (688 -3072 -1296 ) (496 -3072 -1296 ) (496 -3072 -1312 ) (688 -3072 -1312 ) 
4 1925 1929 (496 -3072 -1312 ) (496 -3072 -1296 ) (496 -2576 -1296 ) (496 -2576 -1312 ) 
4 1926 1958 (496 -3072 -1600 ) (496 -3072 -1664 ) (688 -3072 -1664 ) (688 -3072 -1600 ) 
4 1926 1935 (688 -3072 -1664 ) (496 -3072 -1664 ) (496 -2576 -1664 ) (688 -2576 -1664 ) 
4 1926 1929 (496 -2576 -1664 ) (496 -3072 -1664 ) (496 -3072 -1600 ) (496 -2576 -1600 ) 
4 1927 1933 (48 -2160 -1664 ) (48 -2048 -1664 ) (496 -2048 -1664 ) (496 -2160 -1664 ) 
4 1927 1930 (48 -2048 -1664 ) (48 -2160 -1664 ) (48 -2160 -1296 ) (48 -2048 -1296 ) 
4 1929 1958 (48 -3072 -1600 ) (48 -3072 -1664 ) (496 -3072 -1664 ) (496 -3072 -1600 ) 
4 1929 1957 (48 -3072 -1312 ) (48 -3072 -1600 ) (496 -3072 -1600 ) (496 -3072 -1312 ) 
4 1929 1954 (496 -3072 -1296 ) (48 -3072 -1296 ) (48 -3072 -1312 ) (496 -3072 -1312 ) 
4 1929 1935 (496 -3072 -1664 ) (48 -3072 -1664 ) (48 -2576 -1664 ) (496 -2576 -1664 ) 
4 1929 1931 (48 -2576 -1664 ) (48 -3072 -1664 ) (48 -3072 -1296 ) (48 -2576 -1296 ) 
4 1930 1936 (32 -2160 -1664 ) (32 -2048 -1664 ) (48 -2048 -1664 ) (48 -2160 -1664 ) 
4 1930 1932 (32 -2048 -1664 ) (32 -2160 -1664 ) (32 -2160 -1296 ) (32 -2048 -1296 ) 
4 1931 1958 (32 -3072 -1600 ) (32 -3072 -1664 ) (48 -3072 -1664 ) (48 -3072 -1600 ) 
4 1931 1957 (32 -3072 -1312 ) (32 -3072 -1600 ) (48 -3072 -1600 ) (48 -3072 -1312 ) 
4 1931 1954 (48 -3072 -1296 ) (32 -3072 -1296 ) (32 -3072 -1312 ) (48 -3072 -1312 ) 
4 1931 1936 (48 -3072 -1664 ) (32 -3072 -1664 ) (32 -2576 -1664 ) (48 -2576 -1664 ) 
4 1931 1932 (32 -2576 -1664 ) (32 -3072 -1664 ) (32 -3072 -1296 ) (32 -2576 -1296 ) 
4 1932 2422 (0 -3072 -1664 ) (0 -3072 -1296 ) (0 -2048 -1296 ) (0 -2048 -1664 ) 
4 1932 1958 (0 -3072 -1600 ) (0 -3072 -1664 ) (32 -3072 -1664 ) (32 -3072 -1600 ) 
4 1932 1957 (0 -3072 -1312 ) (0 -3072 -1600 ) (32 -3072 -1600 ) (32 -3072 -1312 ) 
4 1932 1954 (32 -3072 -1296 ) (0 -3072 -1296 ) (0 -3072 -1312 ) (32 -3072 -1312 ) 
4 1932 1936 (32 -3072 -1664 ) (0 -3072 -1664 ) (0 -2048 -1664 ) (32 -2048 -1664 ) 
4 1933 1934 (48 -2160 -1680 ) (48 -2160 -3040 ) (1024 -2160 -3040 ) (1024 -2160 -1680 ) 
4 1933 1936 (48 -2048 -3040 ) (48 -2160 -3040 ) (48 -2160 -1664 ) (48 -2048 -1664 ) 
4 1934 1936 (48 -2160 -3040 ) (48 -2576 -3040 ) (48 -2576 -1680 ) (48 -2160 -1680 ) 
4 1934 1935 (48 -2576 -1680 ) (48 -2576 -3040 ) (1024 -2576 -3040 ) (1024 -2576 -1680 ) 
4 1935 1958 (1024 -3072 -3040 ) (1024 -3072 -1664 ) (48 -3072 -1664 ) (48 -3072 -3040 ) 
4 1935 1936 (48 -2576 -3040 ) (48 -3072 -3040 ) (48 -3072 -1664 ) (48 -2576 -1664 ) 
4 1936 2422 (0 -3072 -3040 ) (0 -3072 -1664 ) (0 -2048 -1664 ) (0 -2048 -3040 ) 
4 1936 1958 (48 -3072 -1664 ) (0 -3072 -1664 ) (0 -3072 -3040 ) (48 -3072 -3040 ) 
4 1937 1939 (5600 -4096 2528 ) (5120 -4096 2528 ) (5120 -4096 -3040 ) (5600 -4096 -3040 ) 
4 1937 1938 (5120 -3072 2528 ) (5120 -3072 -3040 ) (5120 -4096 -3040 ) (5120 -4096 2528 ) 
4 1938 1943 (4096 -3072 2528 ) (4096 -3072 -3040 ) (4096 -4096 -3040 ) (4096 -4096 2528 ) 
4 1938 1940 (5120 -4096 -3040 ) (5120 -4096 2528 ) (4096 -4096 2528 ) (4096 -4096 -3040 ) 
4 1939 1941 (5600 -5120 2528 ) (5120 -5120 2528 ) (5120 -5120 -3040 ) (5600 -5120 -3040 ) 
4 1939 1940 (5120 -4096 2528 ) (5120 -4096 -3040 ) (5120 -5120 -3040 ) (5120 -5120 2528 ) 
4 1940 1945 (4096 -5120 -3040 ) (4096 -5120 2528 ) (4096 -4096 2528 ) (4096 -4096 -3040 ) 
4 1940 1942 (5120 -5120 -3040 ) (5120 -5120 2528 ) (4096 -5120 2528 ) (4096 -5120 -3040 ) 
4 1941 1942 (5120 -5120 2528 ) (5120 -5120 -3040 ) (5120 -5600 -3040 ) (5120 -5600 2528 ) 
4 1942 1968 (4096 -5600 2528 ) (4096 -5120 2528 ) (4096 -5120 -3040 ) (4096 -5600 -3040 ) 
4 1943 1945 (4096 -4096 -3040 ) (4096 -4096 2528 ) (3072 -4096 2528 ) (3072 -4096 -3040 ) 
4 1943 1944 (3072 -3072 2528 ) (3072 -3072 -3040 ) (3072 -4096 -3040 ) (3072 -4096 2528 ) 
4 1944 1951 (2048 -3072 -1312 ) (2048 -3072 -3040 ) (2048 -4096 -3040 ) (2048 -4096 -1312 ) 
4 1944 1947 (2048 -3072 2528 ) (2048 -3072 -1312 ) (2048 -4096 -1312 ) (2048 -4096 2528 ) 
4 1944 1946 (3072 -4096 -3040 ) (3072 -4096 2528 ) (2048 -4096 2528 ) (2048 -4096 -3040 ) 
4 1945 1968 (4096 -5120 -3040 ) (4096 -5120 2528 ) (3072 -5120 2528 ) (3072 -5120 -3040 ) 
4 1945 1946 (3072 -4096 2528 ) (3072 -4096 -3040 ) (3072 -5120 -3040 ) (3072 -5120 2528 ) 
4 1946 1969 (3072 -5120 -3040 ) (3072 -5120 2528 ) (2048 -5120 2528 ) (2048 -5120 -3040 ) 
4 1946 1962 (2048 -5120 -3040 ) (2048 -5120 -1600 ) (2048 -4096 -1600 ) (2048 -4096 -3040 ) 
4 1946 1959 (2048 -5120 -1600 ) (2048 -5120 2528 ) (2048 -4096 2528 ) (2048 -4096 -1600 ) 
4 1947 1959 (2048 -4096 -1312 ) (2048 -4096 2528 ) (1896 -4096 2528 ) (1896 -4096 -1312 ) 
4 1947 1951 (2048 -4096 -1312 ) (1896 -4096 -1312 ) (1896 -3072 -1312 ) (2048 -3072 -1312 ) 
4 1947 1948 (1896 -4048 -1216 ) (1896 -4048 2528 ) (1896 -3072 2528 ) (1896 -3072 -1216 ) 
4 1947 1949 (1896 -3072 -1312 ) (1896 -4048 -1312 ) (1896 -4048 -1296 ) (1896 -3072 -1296 ) 
4 1947 1950 (1896 -4048 -1312 ) (1896 -4096 -1312 ) (1896 -4096 2528 ) (1896 -4048 2528 ) 
4 1948 1953 (1024 -3072 2528 ) (1024 -3072 -1216 ) (1024 -4048 -1216 ) (1024 -4048 2528 ) 
4 1948 1950 (1896 -4048 -1216 ) (1896 -4048 2528 ) (1024 -4048 2528 ) (1024 -4048 -1216 ) 
4 1949 1954 (1024 -3072 -1296 ) (1024 -3072 -1312 ) (1024 -4048 -1312 ) (1024 -4048 -1296 ) 
4 1949 1951 (1136 -3072 -1312 ) (1896 -3072 -1312 ) (1896 -4048 -1312 ) (1136 -4048 -1312 ) 
4 1949 1950 (1024 -4048 -1312 ) (1896 -4048 -1312 ) (1896 -4048 -1296 ) (1024 -4048 -1296 ) 
4 1950 1960 (1136 -4096 2528 ) (1024 -4096 2528 ) (1024 -4096 -1312 ) (1136 -4096 -1312 ) 
4 1950 1959 (1896 -4096 2528 ) (1136 -4096 2528 ) (1136 -4096 -1312 ) (1896 -4096 -1312 ) 
4 1950 1955 (1024 -4048 -1312 ) (1024 -4096 -1312 ) (1024 -4096 2528 ) (1024 -4048 2528 ) 
4 1950 1951 (1896 -4096 -1312 ) (1136 -4096 -1312 ) (1136 -4048 -1312 ) (1896 -4048 -1312 ) 
4 1951 1962 (2048 -4096 -3040 ) (2048 -4096 -1600 ) (1136 -4096 -1600 ) (1136 -4096 -3040 ) 
4 1951 1959 (2048 -4096 -1600 ) (2048 -4096 -1312 ) (1136 -4096 -1312 ) (1136 -4096 -1600 ) 
4 1951 1952 (1136 -3072 -3040 ) (1136 -4096 -3040 ) (1136 -4096 -1600 ) (1136 -3072 -1600 ) 
4 1952 1962 (1024 -4096 -1600 ) (1024 -4096 -3040 ) (1136 -4096 -3040 ) (1136 -4096 -1600 ) 
4 1952 1958 (1024 -3072 -1600 ) (1024 -3072 -3040 ) (1024 -4096 -3040 ) (1024 -4096 -1600 ) 
4 1953 2512 (0 -4048 2528 ) (0 -3072 2528 ) (0 -3072 -1216 ) (0 -4048 -1216 ) 
4 1953 1955 (1024 -4048 -1216 ) (1024 -4048 2528 ) (0 -4048 2528 ) (0 -4048 -1216 ) 
4 1954 2515 (0 -3072 -1296 ) (0 -3072 -1312 ) (0 -4048 -1312 ) (0 -4048 -1296 ) 
4 1954 1957 (496 -4048 -1312 ) (0 -4048 -1312 ) (0 -3072 -1312 ) (496 -3072 -1312 ) 
4 1954 1956 (944 -4048 -1312 ) (688 -4048 -1312 ) (688 -3072 -1312 ) (944 -3072 -1312 ) 
4 1954 1955 (0 -4048 -1312 ) (1024 -4048 -1312 ) (1024 -4048 -1296 ) (0 -4048 -1296 ) 
4 1955 2515 (0 -4096 -1312 ) (0 -4096 -1296 ) (0 -4048 -1296 ) (0 -4048 -1312 ) 
4 1955 2513 (0 -4096 -1296 ) (0 -4096 2528 ) (0 -4048 2528 ) (0 -4048 -1296 ) 
4 1955 1963 (1024 -4096 -1312 ) (1024 -4096 2528 ) (0 -4096 2528 ) (0 -4096 -1312 ) 
4 1955 1957 (496 -4096 -1312 ) (0 -4096 -1312 ) (0 -4048 -1312 ) (496 -4048 -1312 ) 
4 1955 1956 (944 -4096 -1312 ) (688 -4096 -1312 ) (688 -4048 -1312 ) (944 -4048 -1312 ) 
4 1956 1964 (944 -4096 -1312 ) (688 -4096 -1312 ) (688 -4096 -1600 ) (944 -4096 -1600 ) 
4 1956 1958 (944 -4096 -1600 ) (688 -4096 -1600 ) (688 -3072 -1600 ) (944 -3072 -1600 ) 
4 1957 2515 (0 -4096 -1600 ) (0 -4096 -1312 ) (0 -3072 -1312 ) (0 -3072 -1600 ) 
4 1957 1965 (496 -4096 -1312 ) (0 -4096 -1312 ) (0 -4096 -1600 ) (496 -4096 -1600 ) 
4 1957 1958 (496 -4096 -1600 ) (0 -4096 -1600 ) (0 -3072 -1600 ) (496 -3072 -1600 ) 
4 1958 2515 (0 -4096 -3040 ) (0 -4096 -1600 ) (0 -3072 -1600 ) (0 -3072 -3040 ) 
4 1958 1966 (1024 -4096 -3040 ) (1024 -4096 -1600 ) (0 -4096 -1600 ) (0 -4096 -3040 ) 
4 1959 1970 (2048 -5120 -1600 ) (2048 -5120 2528 ) (1136 -5120 2528 ) (1136 -5120 -1600 ) 
4 1959 1962 (1136 -4096 -1600 ) (2048 -4096 -1600 ) (2048 -5120 -1600 ) (1136 -5120 -1600 ) 
4 1959 1960 (1136 -4416 -1312 ) (1136 -4416 2528 ) (1136 -4096 2528 ) (1136 -4096 -1312 ) 
4 1959 1961 (1136 -4416 -1600 ) (1136 -5120 -1600 ) (1136 -5120 2528 ) (1136 -4416 2528 ) 
4 1960 1963 (1024 -4096 2528 ) (1024 -4096 -1312 ) (1024 -4416 -1312 ) (1024 -4416 2528 ) 
4 1960 1961 (1136 -4416 -1312 ) (1136 -4416 2528 ) (1024 -4416 2528 ) (1024 -4416 -1312 ) 
4 1961 1970 (1136 -5120 2528 ) (1024 -5120 2528 ) (1024 -5120 -1600 ) (1136 -5120 -1600 ) 
4 1961 1967 (1024 -4416 -1600 ) (1024 -5120 -1600 ) (1024 -5120 2528 ) (1024 -4416 2528 ) 
4 1961 1962 (1136 -4416 -1600 ) (1136 -5120 -1600 ) (1024 -5120 -1600 ) (1024 -4416 -1600 ) 
4 1962 1970 (2048 -5120 -3040 ) (2048 -5120 -1600 ) (1024 -5120 -1600 ) (1024 -5120 -3040 ) 
4 1962 1967 (1024 -4416 -3040 ) (1024 -5120 -3040 ) (1024 -5120 -1600 ) (1024 -4416 -1600 ) 
4 1962 1966 (1024 -4096 -1600 ) (1024 -4096 -3040 ) (1024 -4416 -3040 ) (1024 -4416 -1600 ) 
4 1963 2517 (0 -4416 -1312 ) (0 -4416 2528 ) (0 -4096 2528 ) (0 -4096 -1312 ) 
4 1963 1967 (1024 -4416 -1312 ) (1024 -4416 2528 ) (0 -4416 2528 ) (0 -4416 -1312 ) 
4 1963 1964 (944 -4416 -1312 ) (688 -4416 -1312 ) (688 -4096 -1312 ) (944 -4096 -1312 ) 
4 1963 1965 (496 -4416 -1312 ) (0 -4416 -1312 ) (0 -4096 -1312 ) (496 -4096 -1312 ) 
4 1964 1967 (944 -4416 -1312 ) (688 -4416 -1312 ) (688 -4416 -1600 ) (944 -4416 -1600 ) 
4 1964 1966 (944 -4416 -1600 ) (688 -4416 -1600 ) (688 -4096 -1600 ) (944 -4096 -1600 ) 
4 1965 2517 (0 -4416 -1600 ) (0 -4416 -1312 ) (0 -4096 -1312 ) (0 -4096 -1600 ) 
4 1965 1967 (496 -4416 -1312 ) (0 -4416 -1312 ) (0 -4416 -1600 ) (496 -4416 -1600 ) 
4 1965 1966 (496 -4416 -1600 ) (0 -4416 -1600 ) (0 -4096 -1600 ) (496 -4096 -1600 ) 
4 1966 2517 (0 -4416 -3040 ) (0 -4416 -1600 ) (0 -4096 -1600 ) (0 -4096 -3040 ) 
4 1966 1967 (1024 -4416 -3040 ) (1024 -4416 -1600 ) (0 -4416 -1600 ) (0 -4416 -3040 ) 
4 1967 2517 (0 -5120 -3040 ) (0 -5120 2528 ) (0 -4416 2528 ) (0 -4416 -3040 ) 
4 1967 1971 (1024 -5120 -3040 ) (1024 -5120 2528 ) (0 -5120 2528 ) (0 -5120 -3040 ) 
4 1968 1969 (3072 -5120 2528 ) (3072 -5120 -3040 ) (3072 -5600 -3040 ) (3072 -5600 2528 ) 
4 1969 1970 (2048 -5120 2528 ) (2048 -5120 -3040 ) (2048 -5600 -3040 ) (2048 -5600 2528 ) 
4 1970 1971 (1024 -5120 2528 ) (1024 -5120 -3040 ) (1024 -5600 -3040 ) (1024 -5600 2528 ) 
4 1971 2523 (0 -5600 2528 ) (0 -5120 2528 ) (0 -5120 -3040 ) (0 -5600 -3040 ) 
4 1972 2024 (0 0 -192 ) (0 0 2528 ) (-1024 0 2528 ) (-1024 0 -192 ) 
4 1972 1996 (-1024 128 -192 ) (-1024 0 -192 ) (-1024 0 2528 ) (-1024 128 2528 ) 
4 1972 1990 (-1024 704 -192 ) (-1024 128 -192 ) (-1024 128 2528 ) (-1024 704 2528 ) 
4 1972 1983 (-1024 1024 2528 ) (-1024 1024 -192 ) (-1024 704 -192 ) (-1024 704 2528 ) 
4 1972 1979 (-528 384 -192 ) (-528 1024 -192 ) (-464 1024 -192 ) (-464 384 -192 ) 
4 1972 1980 (-464 0 -192 ) (-528 0 -192 ) (-528 64 -192 ) (-464 64 -192 ) 
4 1972 1981 (-528 0 -192 ) (-1024 0 -192 ) (-1024 1024 -192 ) (-528 1024 -192 ) 
4 1972 1974 (-464 768 -192 ) (-464 1024 -192 ) (-400 1024 -192 ) (-400 768 -192 ) 
4 1972 1975 (-400 0 -192 ) (-464 0 -192 ) (-464 384 -192 ) (-400 384 -192 ) 
4 1972 1973 (0 0 -192 ) (-400 0 -192 ) (-400 1024 -192 ) (0 1024 -192 ) 
4 1973 2038 (-216 0 -832 ) (-256 0 -832 ) (-256 0 -960 ) (-216 0 -960 ) 
4 1973 2039 (-256 0 -832 ) (-400 0 -832 ) (-400 0 -960 ) (-256 0 -960 ) 
4 1973 2029 (0 0 -960 ) (0 0 -832 ) (-216 0 -832 ) (-216 0 -960 ) 
4 1973 2026 (-264 0 -816 ) (-280 0 -816 ) (-280 0 -832 ) (-264 0 -832 ) 
4 1973 2028 (-280 0 -816 ) (-400 0 -816 ) (-400 0 -832 ) (-280 0 -832 ) 
4 1973 2025 (0 0 -832 ) (0 0 -816 ) (-264 0 -816 ) (-264 0 -832 ) 
4 1973 2024 (0 0 -816 ) (0 0 -192 ) (-400 0 -192 ) (-400 0 -816 ) 
4 1973 1978 (-264 0 -960 ) (-400 0 -960 ) (-400 64 -960 ) (-264 64 -960 ) 
4 1973 1976 (0 0 -960 ) (-264 0 -960 ) (-264 1024 -960 ) (0 1024 -960 ) 
4 1973 1974 (-400 1024 -960 ) (-400 768 -960 ) (-400 768 -192 ) (-400 1024 -192 ) 
4 1973 1975 (-400 384 -960 ) (-400 0 -960 ) (-400 0 -192 ) (-400 384 -192 ) 
4 1974 1979 (-464 768 -192 ) (-464 1024 -192 ) (-464 1024 -960 ) (-464 768 -960 ) 
4 1975 2039 (-464 0 -832 ) (-464 0 -960 ) (-400 0 -960 ) (-400 0 -832 ) 
4 1975 2028 (-464 0 -816 ) (-464 0 -832 ) (-400 0 -832 ) (-400 0 -816 ) 
4 1975 2024 (-400 0 -192 ) (-464 0 -192 ) (-464 0 -816 ) (-400 0 -816 ) 
4 1975 1980 (-464 0 -192 ) (-464 64 -192 ) (-464 64 -960 ) (-464 0 -960 ) 
4 1975 1978 (-400 0 -960 ) (-464 0 -960 ) (-464 64 -960 ) (-400 64 -960 ) 
4 1976 2044 (0 0 -3040 ) (0 0 -1296 ) (-264 0 -1296 ) (-264 0 -3040 ) 
4 1976 2040 (0 0 -1296 ) (0 0 -1216 ) (-264 0 -1216 ) (-264 0 -1296 ) 
4 1976 2038 (-216 0 -960 ) (-256 0 -960 ) (-256 0 -1216 ) (-216 0 -1216 ) 
4 1976 2039 (-256 0 -960 ) (-264 0 -960 ) (-264 0 -1216 ) (-256 0 -1216 ) 
4 1976 2035 (-184 0 -1024 ) (-216 0 -1024 ) (-216 0 -1216 ) (-184 0 -1216 ) 
4 1976 2034 (0 0 -1216 ) (0 0 -1024 ) (-184 0 -1024 ) (-184 0 -1216 ) 
4 1976 2029 (0 0 -1024 ) (0 0 -960 ) (-216 0 -960 ) (-216 0 -1024 ) 
4 1976 1977 (-264 1024 -3040 ) (-264 64 -3040 ) (-264 64 -1344 ) (-264 1024 -1344 ) 
4 1976 1978 (-264 64 -3040 ) (-264 0 -3040 ) (-264 0 -960 ) (-264 64 -960 ) 
4 1977 1982 (-464 1024 -1344 ) (-464 1024 -3040 ) (-464 64 -3040 ) (-464 64 -1344 ) 
4 1977 1978 (-464 64 -3040 ) (-264 64 -3040 ) (-264 64 -1344 ) (-464 64 -1344 ) 
4 1978 2044 (-464 0 -1296 ) (-464 0 -3040 ) (-264 0 -3040 ) (-264 0 -1296 ) 
4 1978 2040 (-464 0 -1216 ) (-464 0 -1296 ) (-264 0 -1296 ) (-264 0 -1216 ) 
4 1978 2039 (-264 0 -960 ) (-464 0 -960 ) (-464 0 -1216 ) (-264 0 -1216 ) 
4 1978 1982 (-464 64 -3040 ) (-464 0 -3040 ) (-464 0 -1296 ) (-464 64 -1296 ) 
4 1978 1980 (-464 0 -1296 ) (-464 0 -960 ) (-464 64 -960 ) (-464 64 -1296 ) 
4 1979 1982 (-528 1024 -1296 ) (-464 1024 -1296 ) (-464 384 -1296 ) (-528 384 -1296 ) 
4 1979 1981 (-528 1024 -1296 ) (-528 384 -1296 ) (-528 384 -192 ) (-528 1024 -192 ) 
4 1980 2040 (-464 0 -1296 ) (-464 0 -1216 ) (-528 0 -1216 ) (-528 0 -1296 ) 
4 1980 2039 (-464 0 -1216 ) (-464 0 -832 ) (-528 0 -832 ) (-528 0 -1216 ) 
4 1980 2028 (-464 0 -832 ) (-464 0 -816 ) (-528 0 -816 ) (-528 0 -832 ) 
4 1980 2024 (-464 0 -816 ) (-464 0 -192 ) (-528 0 -192 ) (-528 0 -816 ) 
4 1980 1982 (-464 64 -1296 ) (-464 0 -1296 ) (-528 0 -1296 ) (-528 64 -1296 ) 
4 1980 1981 (-528 64 -1296 ) (-528 0 -1296 ) (-528 0 -192 ) (-528 64 -192 ) 
4 1981 2040 (-1024 0 -1216 ) (-1024 0 -1296 ) (-528 0 -1296 ) (-528 0 -1216 ) 
4 1981 2039 (-1024 0 -832 ) (-1024 0 -1216 ) (-528 0 -1216 ) (-528 0 -832 ) 
4 1981 2028 (-1024 0 -816 ) (-1024 0 -832 ) (-528 0 -832 ) (-528 0 -816 ) 
4 1981 2024 (-528 0 -192 ) (-1024 0 -192 ) (-1024 0 -816 ) (-528 0 -816 ) 
4 1981 2015 (-1024 1024 -1280 ) (-1024 1024 -1296 ) (-1024 0 -1296 ) (-1024 0 -1280 ) 
4 1981 2003 (-1024 640 -1280 ) (-1024 0 -1280 ) (-1024 0 -1088 ) (-1024 640 -1088 ) 
4 1981 1998 (-1024 704 -1280 ) (-1024 640 -1280 ) (-1024 640 -1088 ) (-1024 704 -1088 ) 
4 1981 1996 (-1024 0 -1088 ) (-1024 0 -192 ) (-1024 128 -192 ) (-1024 128 -1088 ) 
4 1981 1994 (-1024 704 -576 ) (-1024 704 -1088 ) (-1024 128 -1088 ) (-1024 128 -576 ) 
4 1981 1993 (-1024 704 -512 ) (-1024 704 -576 ) (-1024 128 -576 ) (-1024 128 -512 ) 
4 1981 1990 (-1024 128 -192 ) (-1024 704 -192 ) (-1024 704 -512 ) (-1024 128 -512 ) 
4 1981 1987 (-1024 1024 -848 ) (-1024 1024 -1280 ) (-1024 704 -1280 ) (-1024 704 -848 ) 
4 1981 1983 (-1024 1024 -192 ) (-1024 1024 -848 ) (-1024 704 -848 ) (-1024 704 -192 ) 
4 1981 1982 (-1024 1024 -1296 ) (-528 1024 -1296 ) (-528 0 -1296 ) (-1024 0 -1296 ) 
4 1982 2044 (-464 0 -3040 ) (-464 0 -1296 ) (-1024 0 -1296 ) (-1024 0 -3040 ) 
4 1982 2023 (-1024 1024 -1296 ) (-1024 1024 -3040 ) (-1024 0 -3040 ) (-1024 0 -1296 ) 
4 1983 1994 (-1424 704 -848 ) (-1024 704 -848 ) (-1024 704 -576 ) (-1424 704 -576 ) 
4 1983 1993 (-1024 704 -576 ) (-1024 704 -512 ) (-1424 704 -512 ) (-1424 704 -576 ) 
4 1983 1991 (-1424 704 2528 ) (-1616 704 2528 ) (-1616 704 -512 ) (-1424 704 -512 ) 
4 1983 1990 (-1024 704 -512 ) (-1024 704 2528 ) (-1424 704 2528 ) (-1424 704 -512 ) 
4 1983 1987 (-1024 704 -848 ) (-1616 704 -848 ) (-1616 1024 -848 ) (-1024 1024 -848 ) 
4 1983 1984 (-1616 704 -704 ) (-1616 704 2528 ) (-1616 1024 2528 ) (-1616 1024 -704 ) 
4 1983 1985 (-1616 1024 -848 ) (-1616 704 -848 ) (-1616 704 -720 ) (-1616 1024 -720 ) 
4 1984 1991 (-1616 704 -512 ) (-1616 704 2528 ) (-1744 704 2528 ) (-1744 704 -512 ) 
4 1984 1986 (-1744 704 -704 ) (-1744 704 2528 ) (-1744 1024 2528 ) (-1744 1024 -704 ) 
4 1985 1986 (-1744 1024 -848 ) (-1744 704 -848 ) (-1744 704 -720 ) (-1744 1024 -720 ) 
4 1986 2108 (-2048 1024 -512 ) (-2048 1024 -848 ) (-2048 704 -848 ) (-2048 704 -512 ) 
4 1986 2104 (-2048 1024 -448 ) (-2048 1024 -512 ) (-2048 704 -512 ) (-2048 704 -448 ) 
4 1986 2102 (-2048 1024 -192 ) (-2048 1024 -448 ) (-2048 704 -448 ) (-2048 704 -192 ) 
4 1986 2099 (-2048 1024 2528 ) (-2048 1024 -192 ) (-2048 704 -192 ) (-2048 704 2528 ) 
4 1986 2014 (-2048 704 2528 ) (-2048 704 -848 ) (-2000 704 -848 ) (-2000 704 2528 ) 
4 1986 2004 (-1936 704 -512 ) (-1936 704 2528 ) (-2000 704 2528 ) (-2000 704 -512 ) 
4 1986 1991 (-1744 704 -512 ) (-1744 704 2528 ) (-1936 704 2528 ) (-1936 704 -512 ) 
4 1986 1989 (-1744 704 -848 ) (-2048 704 -848 ) (-2048 1024 -848 ) (-1744 1024 -848 ) 
4 1987 2018 (-1400 916.850586 -1280 ) (-1400 853.030029 -1280 ) (-1552 761.490051 -1280 ) (-1552 825.310730 -1280 ) 
4 1987 2017 (-1540.044556 1024 -1280 ) (-1434.068604 1024 -1280 ) (-1552 952.969849 -1280 ) (-1552 1016.800049 -1280 ) 
4 1987 2016 (-1400 853.030029 -1280 ) (-1400 704 -1280 ) (-1552 704 -1280 ) (-1552 761.490051 -1280 ) 
4 1987 2015 (-1400 1024 -1280 ) (-1024 1024 -1280 ) (-1024 704 -1280 ) (-1400 704 -1280 ) 
4 1987 2019 (-1616 1024 -1280 ) (-1552 1024 -1280 ) (-1552 704 -1280 ) (-1616 704 -1280 ) 
4 1987 1998 (-1424 704 -1280 ) (-1024 704 -1280 ) (-1024 704 -1088 ) (-1424 704 -1088 ) 
4 1987 1999 (-1552 704 -1280 ) (-1488 704 -1280 ) (-1488 704 -1088 ) (-1552 704 -1088 ) 
4 1987 1994 (-1024 704 -1088 ) (-1024 704 -848 ) (-1424 704 -848 ) (-1424 704 -1088 ) 
4 1987 1988 (-1616 1024 -1280 ) (-1616 704 -1280 ) (-1616 704 -864 ) (-1616 1024 -864 ) 
4 1988 2021 (-1616 1016 -1280 ) (-1616 952 -1280 ) (-1744 952 -1280 ) (-1744 1016 -1280 ) 
4 1988 2020 (-1616 824 -1280 ) (-1616 760 -1280 ) (-1744 760 -1280 ) (-1744 824 -1280 ) 
4 1988 2000 (-1680 704 -1280 ) (-1616 704 -1280 ) (-1616 704 -1088 ) (-1680 704 -1088 ) 
4 1988 1989 (-1744 1024 -1280 ) (-1744 704 -1280 ) (-1744 704 -864 ) (-1744 1024 -864 ) 
4 1989 2117 (-2048 1024 -960 ) (-2048 1024 -1280 ) (-2048 704 -1280 ) (-2048 704 -960 ) 
4 1989 2108 (-2048 1024 -848 ) (-2048 1024 -960 ) (-2048 704 -960 ) (-2048 704 -848 ) 
4 1989 2021 (-1744 1016 -1280 ) (-1744 952 -1280 ) (-2048 952 -1280 ) (-2048 1016 -1280 ) 
4 1989 2020 (-1744 824 -1280 ) (-1744 760 -1280 ) (-2048 760 -1280 ) (-2048 824 -1280 ) 
4 1989 2014 (-2048 704 -848 ) (-2048 704 -1280 ) (-2000 704 -1280 ) (-2000 704 -848 ) 
4 1989 2002 (-1936 704 -1280 ) (-1872 704 -1280 ) (-1872 704 -1088 ) (-1936 704 -1088 ) 
4 1989 2001 (-1808 704 -1280 ) (-1744 704 -1280 ) (-1744 704 -1088 ) (-1808 704 -1088 ) 
4 1990 1996 (-1424 128 -512 ) (-1024 128 -512 ) (-1024 128 2528 ) (-1424 128 2528 ) 
4 1990 1993 (-1024 128 -512 ) (-1424 128 -512 ) (-1424 704 -512 ) (-1024 704 -512 ) 
4 1990 1992 (-1424 128 256 ) (-1424 128 2528 ) (-1424 640 2528 ) (-1424 640 256 ) 
4 1990 1991 (-1424 704 -512 ) (-1424 640 -512 ) (-1424 640 2528 ) (-1424 704 2528 ) 
4 1991 2004 (-1936 704 2528 ) (-1936 704 -512 ) (-1936 640 -512 ) (-1936 640 2528 ) 
4 1991 1992 (-1424 640 256 ) (-1424 640 2528 ) (-1936 640 2528 ) (-1936 640 256 ) 
4 1992 2004 (-1936 128 256 ) (-1936 128 2528 ) (-1936 640 2528 ) (-1936 640 256 ) 
4 1992 1997 (-1936 128 2528 ) (-1936 128 256 ) (-1424 128 256 ) (-1424 128 2528 ) 
4 1993 1996 (-1424 128 -576 ) (-1024 128 -576 ) (-1024 128 -512 ) (-1424 128 -512 ) 
4 1993 1994 (-1024 128 -576 ) (-1424 128 -576 ) (-1424 704 -576 ) (-1024 704 -576 ) 
4 1994 2003 (-1024 640 -1088 ) (-1024 128 -1088 ) (-1424 128 -1088 ) (-1424 640 -1088 ) 
4 1994 1998 (-1424 704 -1088 ) (-1024 704 -1088 ) (-1024 640 -1088 ) (-1424 640 -1088 ) 
4 1994 1996 (-1424 128 -1088 ) (-1024 128 -1088 ) (-1024 128 -576 ) (-1424 128 -576 ) 
4 1995 2007 (-1936 624 -576 ) (-1936 640 -576 ) (-1936 640 -640 ) (-1936 624 -640 ) 
4 1996 2050 (-1424 0 -448 ) (-1424 0 -1088 ) (-1360 0 -1088 ) (-1360 0 -448 ) 
4 1996 2049 (-1360 0 -1088 ) (-1168 0 -1088 ) (-1168 0 -448 ) (-1360 0 -448 ) 
4 1996 2048 (-1168 0 2528 ) (-1424 0 2528 ) (-1424 0 -448 ) (-1168 0 -448 ) 
4 1996 2047 (-1104 0 -1056 ) (-1168 0 -1056 ) (-1168 0 -1088 ) (-1104 0 -1088 ) 
4 1996 2046 (-1024 0 -1088 ) (-1024 0 -1056 ) (-1104 0 -1056 ) (-1104 0 -1088 ) 
4 1996 2045 (-1024 0 -1056 ) (-1024 0 2528 ) (-1168 0 2528 ) (-1168 0 -1056 ) 
4 1996 2003 (-1024 0 -1088 ) (-1424 0 -1088 ) (-1424 128 -1088 ) (-1024 128 -1088 ) 
4 1996 1997 (-1424 0 2528 ) (-1424 128 2528 ) (-1424 128 -64 ) (-1424 0 -64 ) 
4 1997 2052 (-1424 0 2528 ) (-1936 0 2528 ) (-1936 0 -64 ) (-1424 0 -64 ) 
4 1997 2005 (-1936 0 -64 ) (-1936 0 2528 ) (-1936 128 2528 ) (-1936 128 -64 ) 
4 1998 2016 (-1400 640 -1280 ) (-1424 640 -1280 ) (-1424 704 -1280 ) (-1400 704 -1280 ) 
4 1998 2015 (-1024 704 -1280 ) (-1024 640 -1280 ) (-1400 640 -1280 ) (-1400 704 -1280 ) 
4 1998 2003 (-1024 640 -1088 ) (-1424 640 -1088 ) (-1424 640 -1280 ) (-1024 640 -1280 ) 
4 1999 2016 (-1488 640 -1280 ) (-1552 640 -1280 ) (-1552 704 -1280 ) (-1488 704 -1280 ) 
4 2003 2086 (-1360 0 -1088 ) (-1424 0 -1088 ) (-1424 0 -1280 ) (-1360 0 -1280 ) 
4 2003 2085 (-1024 0 -1280 ) (-1024 0 -1088 ) (-1360 0 -1088 ) (-1360 0 -1280 ) 
4 2003 2016 (-1400 0 -1280 ) (-1424 0 -1280 ) (-1424 640 -1280 ) (-1400 640 -1280 ) 
4 2003 2015 (-1024 640 -1280 ) (-1024 0 -1280 ) (-1400 0 -1280 ) (-1400 640 -1280 ) 
4 2004 2014 (-2000 704 2528 ) (-2000 704 -512 ) (-2000 128 -512 ) (-2000 128 2528 ) 
4 2004 2006 (-2000 128 -320 ) (-2000 128 -512 ) (-1968 128 -512 ) (-1968 128 -320 ) 
4 2004 2005 (-2000 128 2528 ) (-2000 128 -320 ) (-1936 128 -320 ) (-1936 128 2528 ) 
4 2005 2064 (-2000 0 2528 ) (-2000 0 -320 ) (-1968 0 -320 ) (-1968 0 2528 ) 
4 2005 2061 (-1968 0 -320 ) (-1936 0 -320 ) (-1936 0 2528 ) (-1968 0 2528 ) 
4 2005 2014 (-2000 0 -320 ) (-2000 0 2528 ) (-2000 128 2528 ) (-2000 128 -320 ) 
4 2005 2006 (-2000 0 -320 ) (-2000 128 -320 ) (-1968 128 -320 ) (-1968 0 -320 ) 
4 2006 2064 (-2000 0 -320 ) (-2000 0 -576 ) (-1968 0 -576 ) (-1968 0 -320 ) 
4 2006 2014 (-2000 128 -576 ) (-2000 0 -576 ) (-2000 0 -320 ) (-2000 128 -320 ) 
4 2006 2013 (-2000 0 -576 ) (-2000 128 -576 ) (-1968 128 -576 ) (-1968 0 -576 ) 
4 2007 2022 (-2000 576 -1280 ) (-2000 632 -1280 ) (-1936 632 -1280 ) (-1936 576 -1280 ) 
4 2007 2014 (-2000 640 -1280 ) (-2000 576 -1280 ) (-2000 576 -576 ) (-2000 640 -576 ) 
4 2008 2014 (-2000 448 -816 ) (-2000 448 -576 ) (-2000 512 -576 ) (-2000 512 -816 ) 
4 2009 2022 (-2000 448 -1280 ) (-2000 512 -1280 ) (-1936 512 -1280 ) (-1936 448 -1280 ) 
4 2009 2014 (-2000 512 -1280 ) (-2000 448 -1280 ) (-2000 448 -832 ) (-2000 512 -832 ) 
4 2010 2022 (-2000 320 -1280 ) (-2000 384 -1280 ) (-1936 384 -1280 ) (-1936 320 -1280 ) 
4 2010 2014 (-2000 384 -1280 ) (-2000 320 -1280 ) (-2000 320 -576 ) (-2000 384 -576 ) 
4 2011 2022 (-2000 192 -1280 ) (-2000 256 -1280 ) (-1936 256 -1280 ) (-1936 192 -1280 ) 
4 2011 2014 (-2000 256 -1280 ) (-2000 192 -1280 ) (-2000 192 -576 ) (-2000 256 -576 ) 
4 2012 2098 (-1968 0 -1280 ) (-1936 0 -1280 ) (-1936 0 -1216 ) (-1968 0 -1216 ) 
4 2012 2096 (-1936 0 -1216 ) (-1936 0 -1088 ) (-1968 0 -1088 ) (-1968 0 -1216 ) 
4 2012 2062 (-1936 0 -1088 ) (-1936 0 -832 ) (-1968 0 -832 ) (-1968 0 -1088 ) 
4 2012 2022 (-1936 0 -1280 ) (-1968 0 -1280 ) (-1968 128 -1280 ) (-1936 128 -1280 ) 
4 2012 2013 (-1968 128 -832 ) (-1968 128 -1280 ) (-1968 0 -1280 ) (-1968 0 -832 ) 
4 2013 2098 (-2000 0 -1216 ) (-2000 0 -1280 ) (-1968 0 -1280 ) (-1968 0 -1216 ) 
4 2013 2096 (-2000 0 -1088 ) (-2000 0 -1216 ) (-1968 0 -1216 ) (-1968 0 -1088 ) 
4 2013 2064 (-2000 0 -576 ) (-2000 0 -1088 ) (-1968 0 -1088 ) (-1968 0 -576 ) 
4 2013 2022 (-1968 0 -1280 ) (-2000 0 -1280 ) (-2000 128 -1280 ) (-1968 128 -1280 ) 
4 2013 2014 (-2000 128 -1280 ) (-2000 0 -1280 ) (-2000 0 -576 ) (-2000 128 -576 ) 
4 2014 2144 (-2048 128 -1280 ) (-2048 0 -1280 ) (-2048 0 -992 ) (-2048 128 -992 ) 
4 2014 2139 (-2048 0 -992 ) (-2048 0 -976 ) (-2048 128 -976 ) (-2048 128 -992 ) 
4 2014 2135 (-2048 0 -976 ) (-2048 0 -960 ) (-2048 128 -960 ) (-2048 128 -976 ) 
4 2014 2134 (-2048 0 -960 ) (-2048 0 2528 ) (-2048 128 2528 ) (-2048 128 -960 ) 
4 2014 2117 (-2048 704 -1280 ) (-2048 128 -1280 ) (-2048 128 -960 ) (-2048 704 -960 ) 
4 2014 2108 (-2048 128 -960 ) (-2048 128 -512 ) (-2048 704 -512 ) (-2048 704 -960 ) 
4 2014 2104 (-2048 128 -512 ) (-2048 128 -448 ) (-2048 704 -448 ) (-2048 704 -512 ) 
4 2014 2102 (-2048 128 -448 ) (-2048 128 -192 ) (-2048 704 -192 ) (-2048 704 -448 ) 
4 2014 2099 (-2048 128 -192 ) (-2048 128 2528 ) (-2048 704 2528 ) (-2048 704 -192 ) 
4 2014 2098 (-2048 0 -1216 ) (-2048 0 -1280 ) (-2000 0 -1280 ) (-2000 0 -1216 ) 
4 2014 2096 (-2048 0 -1088 ) (-2048 0 -1216 ) (-2000 0 -1216 ) (-2000 0 -1088 ) 
4 2014 2066 (-2048 0 -960 ) (-2048 0 -976 ) (-2000 0 -976 ) (-2000 0 -960 ) 
4 2014 2065 (-2048 0 2528 ) (-2048 0 -960 ) (-2000 0 -960 ) (-2000 0 2528 ) 
4 2014 2068 (-2048 0 -976 ) (-2048 0 -1088 ) (-2000 0 -1088 ) (-2000 0 -976 ) 
4 2014 2022 (-2000 0 -1280 ) (-2048 0 -1280 ) (-2048 632 -1280 ) (-2000 632 -1280 ) 
4 2015 2095 (-1024 0 -1296 ) (-1024 0 -1280 ) (-1400 0 -1280 ) (-1400 0 -1296 ) 
4 2015 2023 (-1024 0 -1296 ) (-1400 0 -1296 ) (-1400 1024 -1296 ) (-1024 1024 -1296 ) 
3 2015 2018 (-1400 853.030029 -1288 ) (-1400 853.030029 -1280 ) (-1400 916.850586 -1280 ) 
4 2015 2016 (-1400 853.030029 -1296 ) (-1400 0 -1296 ) (-1400 0 -1280 ) (-1400 853.030029 -1280 ) 
4 2016 2095 (-1400 0 -1280 ) (-1552 0 -1280 ) (-1552 0 -1296 ) (-1400 0 -1296 ) 
4 2016 2023 (-1400 0 -1296 ) (-1552 0 -1296 ) (-1552 761.489990 -1296 ) (-1400 853.030029 -1296 ) 
4 2016 2018 (-1400 853.028320 -1280 ) (-1400 853.028320 -1288 ) (-1552 761.488770 -1288 ) (-1552 761.488770 -1280 ) 
4 2016 2019 (-1552 761.489990 -1296 ) (-1552 0 -1296 ) (-1552 0 -1280 ) (-1552 761.489990 -1280 ) 
3 2017 2019 (-1552 952.969788 -1280 ) (-1552 1016.799988 -1280 ) (-1552 1016.799988 -1288 ) 
3 2018 2019 (-1552 761.489990 -1288 ) (-1552 761.489990 -1280 ) (-1552 825.310669 -1280 ) 
4 2019 2095 (-1552 0 -1280 ) (-1616 0 -1280 ) (-1616 0 -1296 ) (-1552 0 -1296 ) 
4 2019 2023 (-1552 0 -1296 ) (-1616 0 -1296 ) (-1616 1024 -1296 ) (-1552 1024 -1296 ) 
4 2019 2022 (-1616 632 -1296 ) (-1616 0 -1296 ) (-1616 0 -1280 ) (-1616 632 -1280 ) 
3 2019 2021 (-1616 952 -1280 ) (-1616 1016 -1280 ) (-1616 1016 -1288 ) 
3 2019 2020 (-1616 760 -1288 ) (-1616 760 -1280 ) (-1616 824 -1280 ) 
4 2020 2129 (-2048 760 -1288 ) (-2048 760 -1280 ) (-2048 768 -1280 ) (-2048 768 -1287 ) 
3 2020 2128 (-2048 768 -1280 ) (-2048 824 -1280 ) (-2048 768 -1287 ) 
3 2021 2127 (-2048 952 -1280 ) (-2048 960 -1280 ) (-2048 960 -1281 ) 
4 2021 2122 (-2048 960 -1280 ) (-2048 1016 -1280 ) (-2048 1016 -1288 ) (-2048 960 -1281 ) 
4 2022 2144 (-2048 128 -1296 ) (-2048 0 -1296 ) (-2048 0 -1280 ) (-2048 128 -1280 ) 
4 2022 2130 (-2048 632 -1296 ) (-2048 128 -1296 ) (-2048 128 -1280 ) (-2048 632 -1280 ) 
4 2022 2098 (-1936 0 -1280 ) (-2048 0 -1280 ) (-2048 0 -1296 ) (-1936 0 -1296 ) 
4 2022 2095 (-1616 0 -1280 ) (-1936 0 -1280 ) (-1936 0 -1296 ) (-1616 0 -1296 ) 
4 2022 2023 (-1616 0 -1296 ) (-2048 0 -1296 ) (-2048 632 -1296 ) (-1616 632 -1296 ) 
4 2023 2144 (-2048 128 -3040 ) (-2048 0 -3040 ) (-2048 0 -1296 ) (-2048 128 -1296 ) 
4 2023 2133 (-2048 1024 -1296 ) (-2048 1024 -3040 ) (-2048 128 -3040 ) (-2048 128 -1296 ) 
4 2023 2098 (-1936 0 -1296 ) (-2048 0 -1296 ) (-2048 0 -3040 ) (-1936 0 -3040 ) 
4 2023 2095 (-1024 0 -3040 ) (-1024 0 -1296 ) (-1936 0 -1296 ) (-1936 0 -3040 ) 
4 2024 2297 (0 -1024 -816 ) (0 -1024 2528 ) (-264 -1024 2528 ) (-264 -1024 -816 ) 
4 2024 2298 (-264 -1024 2528 ) (-1024 -1024 2528 ) (-1024 -1024 -816 ) (-264 -1024 -816 ) 
4 2024 2045 (-1024 0 2528 ) (-1024 0 -816 ) (-1024 -1024 -816 ) (-1024 -1024 2528 ) 
4 2024 2026 (-280 -352 -816 ) (-280 0 -816 ) (-264 0 -816 ) (-264 -352 -816 ) 
4 2024 2027 (-264 -1024 -816 ) (-280 -1024 -816 ) (-280 -704 -816 ) (-264 -704 -816 ) 
4 2024 2028 (-280 -1024 -816 ) (-1024 -1024 -816 ) (-1024 0 -816 ) (-280 0 -816 ) 
4 2024 2025 (-264 -352 -816 ) (-264 0 -816 ) (0 0 -816 ) (0 -352 -816 ) 
4 2025 2038 (-256 0 -832 ) (-216 0 -832 ) (-216 -352 -832 ) (-256 -352 -832 ) 
4 2025 2039 (-264 0 -832 ) (-256 0 -832 ) (-256 -352 -832 ) (-264 -352 -832 ) 
4 2025 2029 (-216 0 -832 ) (0 0 -832 ) (0 -352 -832 ) (-216 -352 -832 ) 
4 2025 2026 (-264 0 -832 ) (-264 -352 -832 ) (-264 -352 -816 ) (-264 0 -816 ) 
4 2026 2039 (-280 0 -832 ) (-264 0 -832 ) (-264 -352 -832 ) (-280 -352 -832 ) 
4 2026 2028 (-280 0 -832 ) (-280 -352 -832 ) (-280 -352 -816 ) (-280 0 -816 ) 
4 2027 2298 (-264 -1024 -816 ) (-280 -1024 -816 ) (-280 -1024 -832 ) (-264 -1024 -832 ) 
4 2027 2039 (-264 -704 -832 ) (-264 -1024 -832 ) (-280 -1024 -832 ) (-280 -704 -832 ) 
4 2027 2028 (-280 -704 -832 ) (-280 -1024 -832 ) (-280 -1024 -816 ) (-280 -704 -816 ) 
4 2028 2298 (-280 -1024 -816 ) (-1024 -1024 -816 ) (-1024 -1024 -832 ) (-280 -1024 -832 ) 
4 2028 2045 (-1024 0 -816 ) (-1024 0 -832 ) (-1024 -1024 -832 ) (-1024 -1024 -816 ) 
4 2028 2039 (-1024 -1024 -832 ) (-1024 0 -832 ) (-280 0 -832 ) (-280 -1024 -832 ) 
4 2029 2038 (-216 -432 -832 ) (-216 0 -832 ) (-216 0 -1024 ) (-216 -432 -1024 ) 
4 2029 2035 (-216 -432 -1024 ) (-216 0 -1024 ) (-184 0 -1024 ) (-184 -432 -1024 ) 
4 2029 2034 (-184 0 -1024 ) (0 0 -1024 ) (0 -432 -1024 ) (-184 -432 -1024 ) 
4 2029 2032 (-216 -432 -968 ) (-216 -432 -1024 ) (-184 -432 -1024 ) (-178.539993 -432 -984.190002 ) 
3 2029 2031 (-184 -432 -1024 ) (-86.434158 -432 -1024 ) (-178.539993 -432 -984.190002 ) 
5 2029 2030 (-216 -432 -832 ) (-216 -432 -968 ) (-86.434158 -432 -1024 ) (0 -432 -1024 ) (0 -432 -832 ) 
4 2030 2034 (-86.434158 -432 -1024 ) (0 -432 -1024 ) (0 -456 -1024 ) (-86.436401 -456 -1024 ) 
4 2030 2032 (-178.539948 -456 -984.189758 ) (-216 -456 -967.998779 ) (-216 -432 -968 ) (-178.540070 -432 -984.190613 ) 
4 2030 2031 (-86.433594 -456 -1024 ) (-178.539948 -456 -984.189758 ) (-178.540070 -432 -984.190613 ) (-86.433594 -432 -1024 ) 
5 2030 2033 (-216 -456 -832 ) (-216 -456 -968 ) (-86.436401 -456 -1024 ) (0 -456 -1024 ) (0 -456 -832 ) 
4 2031 2034 (-184 -432 -1024 ) (-86.434158 -432 -1024 ) (-86.436401 -456 -1024 ) (-184 -456 -1024 ) 
3 2031 2033 (-184 -456 -1024 ) (-86.436401 -456 -1024 ) (-178.540115 -456 -984.190918 ) 
4 2031 2032 (-184 -456 -1024 ) (-178.540482 -456 -984.191284 ) (-178.540359 -432 -984.190369 ) (-184 -432 -1024 ) 
4 2032 2033 (-216 -456 -968 ) (-216 -456 -1024 ) (-184 -456 -1024 ) (-178.540115 -456 -984.190918 ) 
4 2033 2303 (0 -1024 -1024 ) (0 -1024 -832 ) (-216 -1024 -832 ) (-216 -1024 -1024 ) 
4 2033 2037 (-216 -1024 -1024 ) (-216 -456 -1024 ) (-184 -456 -1024 ) (-184 -1024 -1024 ) 
4 2033 2034 (-184 -456 -1024 ) (0 -456 -1024 ) (0 -1024 -1024 ) (-184 -1024 -1024 ) 
4 2034 2303 (0 -1024 -1216 ) (0 -1024 -1024 ) (-184 -1024 -1024 ) (-184 -1024 -1216 ) 
4 2034 2040 (-184 -368 -1216 ) (-184 0 -1216 ) (0 0 -1216 ) (0 -368 -1216 ) 
4 2034 2036 (-184 -432 -1216 ) (-184 -456 -1216 ) (-184 -456 -1184 ) (-184 -432 -1184 ) 
4 2034 2035 (-184 0 -1216 ) (-184 -432 -1216 ) (-184 -432 -1024 ) (-184 0 -1024 ) 
4 2034 2037 (-184 -456 -1216 ) (-184 -1024 -1216 ) (-184 -1024 -1024 ) (-184 -456 -1024 ) 
4 2035 2040 (-216 -368 -1216 ) (-216 0 -1216 ) (-184 0 -1216 ) (-184 -368 -1216 ) 
4 2035 2038 (-216 0 -1216 ) (-216 -432 -1216 ) (-216 -432 -1024 ) (-216 0 -1024 ) 
4 2035 2036 (-184 -432 -1216 ) (-184 -432 -1184 ) (-216 -432 -1184 ) (-216 -432 -1216 ) 
4 2036 2037 (-184 -456 -1216 ) (-184 -456 -1184 ) (-216 -456 -1184 ) (-216 -456 -1216 ) 
4 2037 2303 (-184 -1024 -1024 ) (-216 -1024 -1024 ) (-216 -1024 -1216 ) (-184 -1024 -1216 ) 
4 2038 2040 (-256 -368 -1216 ) (-256 0 -1216 ) (-216 0 -1216 ) (-216 -368 -1216 ) 
4 2038 2039 (-256 0 -1216 ) (-256 -432 -1216 ) (-256 -432 -832 ) (-256 0 -832 ) 
4 2039 2305 (-256 -1024 -832 ) (-1024 -1024 -832 ) (-1024 -1024 -1216 ) (-256 -1024 -1216 ) 
4 2039 2090 (-1024 -512 -1216 ) (-1024 -1024 -1216 ) (-1024 -1024 -1088 ) (-1024 -512 -1088 ) 
4 2039 2085 (-1024 0 -1088 ) (-1024 0 -1216 ) (-1024 -512 -1216 ) (-1024 -512 -1088 ) 
4 2039 2046 (-1024 0 -1056 ) (-1024 0 -1088 ) (-1024 -1024 -1088 ) (-1024 -1024 -1056 ) 
4 2039 2045 (-1024 0 -832 ) (-1024 0 -1056 ) (-1024 -1024 -1056 ) (-1024 -1024 -832 ) 
4 2039 2041 (-256 -1024 -1216 ) (-272 -1024 -1216 ) (-272 -704 -1216 ) (-256 -704 -1216 ) 
4 2039 2043 (-272 -1024 -1216 ) (-1024 -1024 -1216 ) (-1024 -368 -1216 ) (-272 -368 -1216 ) 
4 2039 2040 (-1024 -368 -1216 ) (-1024 0 -1216 ) (-256 0 -1216 ) (-256 -368 -1216 ) 
4 2040 2095 (-1024 0 -1280 ) (-1024 0 -1296 ) (-1024 -368 -1296 ) (-1024 -368 -1280 ) 
4 2040 2085 (-1024 0 -1216 ) (-1024 0 -1280 ) (-1024 -368 -1280 ) (-1024 -368 -1216 ) 
4 2040 2044 (-1024 -368 -1296 ) (-1024 0 -1296 ) (0 0 -1296 ) (0 -368 -1296 ) 
4 2040 2043 (-1024 -368 -1296 ) (-272 -368 -1296 ) (-272 -368 -1216 ) (-1024 -368 -1216 ) 
4 2041 2306 (-224 -1024 -1216 ) (-264 -1024 -1216 ) (-264 -1024 -1280 ) (-224 -1024 -1280 ) 
4 2041 2308 (-264 -1024 -1216 ) (-272 -1024 -1216 ) (-272 -1024 -1280 ) (-264 -1024 -1280 ) 
4 2041 2042 (-264 -1024 -1280 ) (-272 -1024 -1280 ) (-272 -704 -1280 ) (-264 -704 -1280 ) 
4 2041 2043 (-272 -704 -1280 ) (-272 -1024 -1280 ) (-272 -1024 -1216 ) (-272 -704 -1216 ) 
4 2042 2308 (-264 -1024 -1280 ) (-272 -1024 -1280 ) (-272 -1024 -1296 ) (-264 -1024 -1296 ) 
4 2042 2044 (-264 -1024 -1296 ) (-272 -1024 -1296 ) (-272 -704 -1296 ) (-264 -704 -1296 ) 
4 2042 2043 (-272 -704 -1296 ) (-272 -1024 -1296 ) (-272 -1024 -1280 ) (-272 -704 -1280 ) 
4 2043 2308 (-272 -1024 -1216 ) (-1024 -1024 -1216 ) (-1024 -1024 -1296 ) (-272 -1024 -1296 ) 
4 2043 2095 (-1024 -368 -1296 ) (-1024 -1024 -1296 ) (-1024 -1024 -1280 ) (-1024 -368 -1280 ) 
4 2043 2090 (-1024 -1024 -1280 ) (-1024 -1024 -1216 ) (-1024 -512 -1216 ) (-1024 -512 -1280 ) 
4 2043 2085 (-1024 -512 -1216 ) (-1024 -368 -1216 ) (-1024 -368 -1280 ) (-1024 -512 -1280 ) 
4 2043 2044 (-1024 -1024 -1296 ) (-1024 -368 -1296 ) (-272 -368 -1296 ) (-272 -1024 -1296 ) 
4 2044 2309 (0 -1024 -3040 ) (0 -1024 -1296 ) (-1024 -1024 -1296 ) (-1024 -1024 -3040 ) 
4 2044 2095 (-1024 0 -1296 ) (-1024 0 -3040 ) (-1024 -1024 -3040 ) (-1024 -1024 -1296 ) 
4 2045 2329 (-1104 -1024 -972 ) (-1168 -1024 -972 ) (-1168 -1024 -1056 ) (-1104 -1024 -1056 ) 
4 2045 2328 (-1024 -1024 -1056 ) (-1024 -1024 -972 ) (-1104 -1024 -972 ) (-1104 -1024 -1056 ) 
4 2045 2327 (-1024 -1024 -972 ) (-1024 -1024 -960 ) (-1168 -1024 -960 ) (-1168 -1024 -972 ) 
4 2045 2310 (-1024 -1024 -960 ) (-1024 -1024 2528 ) (-1168 -1024 2528 ) (-1168 -1024 -960 ) 
4 2045 2081 (-1168 -512 -1056 ) (-1168 -1024 -1056 ) (-1168 -1024 -960 ) (-1168 -512 -960 ) 
4 2045 2080 (-1168 -1024 -816 ) (-1168 -1024 -812 ) (-1168 -992 -812 ) (-1168 -992 -816 ) 
4 2045 2079 (-1168 -988 -812 ) (-1168 -932 -812 ) (-1168 -932 -816 ) (-1168 -988 -816 ) 
4 2045 2078 (-1168 -832 -832 ) (-1168 -896 -832 ) (-1168 -896 -816 ) (-1168 -832 -816 ) 
4 2045 2077 (-1168 -928 -812 ) (-1168 -800 -812 ) (-1168 -800 -816 ) (-1168 -928 -816 ) 
4 2045 2076 (-1168 -1024 -812 ) (-1168 -1024 2528 ) (-1168 -800 2528 ) (-1168 -800 -812 ) 
4 2045 2075 (-1168 -800 2528 ) (-1168 -796 2528 ) (-1168 -796 -812 ) (-1168 -800 -812 ) 
4 2045 2074 (-1168 -796 2528 ) (-1168 -740 2528 ) (-1168 -740 -816 ) (-1168 -796 -816 ) 
4 2045 2073 (-1168 -740 2528 ) (-1168 -736 2528 ) (-1168 -736 -812 ) (-1168 -740 -812 ) 
4 2045 2072 (-1168 -736 2528 ) (-1168 -704 2528 ) (-1168 -704 -816 ) (-1168 -736 -816 ) 
4 2045 2069 (-1168 -640 2528 ) (-1168 -512 2528 ) (-1168 -512 -704 ) (-1168 -640 -704 ) 
4 2045 2070 (-1168 -704 2528 ) (-1168 -640 2528 ) (-1168 -640 -832 ) (-1168 -704 -832 ) 
4 2045 2049 (-1168 0 -448 ) (-1168 0 -1056 ) (-1168 -512 -1056 ) (-1168 -512 -448 ) 
4 2045 2048 (-1168 0 2528 ) (-1168 0 -448 ) (-1168 -512 -448 ) (-1168 -512 2528 ) 
4 2045 2047 (-1168 -608 -1056 ) (-1168 0 -1056 ) (-1104 0 -1056 ) (-1104 -608 -1056 ) 
4 2045 2046 (-1104 0 -1056 ) (-1024 0 -1056 ) (-1024 -1024 -1056 ) (-1104 -1024 -1056 ) 
4 2046 2328 (-1024 -1024 -1088 ) (-1024 -1024 -1056 ) (-1104 -1024 -1056 ) (-1104 -1024 -1088 ) 
4 2046 2090 (-1024 -512 -1088 ) (-1024 -1024 -1088 ) (-1104 -1024 -1088 ) (-1104 -512 -1088 ) 
4 2046 2085 (-1024 0 -1088 ) (-1024 -512 -1088 ) (-1104 -512 -1088 ) (-1104 0 -1088 ) 
4 2046 2047 (-1104 0 -1088 ) (-1104 -608 -1088 ) (-1104 -608 -1056 ) (-1104 0 -1056 ) 
4 2047 2090 (-1168 -608 -1088 ) (-1168 -512 -1088 ) (-1104 -512 -1088 ) (-1104 -608 -1088 ) 
4 2047 2085 (-1168 -512 -1088 ) (-1168 0 -1088 ) (-1104 0 -1088 ) (-1104 -512 -1088 ) 
4 2047 2049 (-1168 0 -1056 ) (-1168 0 -1088 ) (-1168 -512 -1088 ) (-1168 -512 -1056 ) 
4 2048 2069 (-1168 -512 -448 ) (-1168 -512 2528 ) (-1424 -512 2528 ) (-1424 -512 -448 ) 
4 2048 2058 (-1424 -512 128 ) (-1424 -512 2528 ) (-1424 -192 2528 ) (-1424 -192 128 ) 
4 2048 2054 (-1424 -128 -448 ) (-1424 -192 -448 ) (-1424 -192 -320 ) (-1424 -128 -320 ) 
4 2048 2053 (-1424 -192 -320 ) (-1424 -192 2528 ) (-1424 -128 2528 ) (-1424 -128 -320 ) 
4 2048 2052 (-1424 0 2528 ) (-1424 0 -64 ) (-1424 -128 -64 ) (-1424 -128 2528 ) 
4 2048 2050 (-1424 -64 -448 ) (-1424 0 -448 ) (-1360 0 -448 ) (-1360 -64 -448 ) 
4 2048 2051 (-1360 -512 -448 ) (-1424 -512 -448 ) (-1424 -256 -448 ) (-1360 -256 -448 ) 
4 2048 2049 (-1168 -512 -448 ) (-1360 -512 -448 ) (-1360 0 -448 ) (-1168 0 -448 ) 
4 2049 2085 (-1360 0 -1088 ) (-1168 0 -1088 ) (-1168 -512 -1088 ) (-1360 -512 -1088 ) 
4 2049 2081 (-1168 -512 -1056 ) (-1168 -512 -960 ) (-1360 -512 -960 ) (-1360 -512 -1056 ) 
4 2049 2069 (-1168 -512 -704 ) (-1168 -512 -448 ) (-1360 -512 -448 ) (-1360 -512 -704 ) 
4 2049 2050 (-1360 0 -1088 ) (-1360 -64 -1088 ) (-1360 -64 -448 ) (-1360 0 -448 ) 
4 2049 2051 (-1360 -256 -1088 ) (-1360 -512 -1088 ) (-1360 -512 -448 ) (-1360 -256 -448 ) 
4 2050 2086 (-1424 0 -1088 ) (-1360 0 -1088 ) (-1360 -64 -1088 ) (-1424 -64 -1088 ) 
4 2051 2087 (-1360 -256 -1088 ) (-1360 -512 -1088 ) (-1424 -512 -1088 ) (-1424 -256 -1088 ) 
4 2051 2081 (-1360 -512 -1056 ) (-1360 -512 -960 ) (-1424 -512 -960 ) (-1424 -512 -1056 ) 
4 2051 2069 (-1360 -512 -704 ) (-1360 -512 -448 ) (-1424 -512 -448 ) (-1424 -512 -704 ) 
4 2052 2061 (-1936 0 2528 ) (-1936 0 -64 ) (-1936 -128 -64 ) (-1936 -128 2528 ) 
4 2052 2053 (-1936 -128 2528 ) (-1936 -128 -64 ) (-1424 -128 -64 ) (-1424 -128 2528 ) 
4 2053 2063 (-1936 -128 2528 ) (-1936 -128 -320 ) (-1936 -192 -320 ) (-1936 -192 2528 ) 
4 2053 2058 (-1936 -192 2528 ) (-1936 -192 128 ) (-1424 -192 128 ) (-1424 -192 2528 ) 
4 2053 2056 (-1552 -192 -320 ) (-1808 -192 -320 ) (-1808 -160 -320 ) (-1552 -160 -320 ) 
4 2053 2054 (-1424 -192 -320 ) (-1552 -192 -320 ) (-1552 -128 -320 ) (-1424 -128 -320 ) 
4 2053 2057 (-1808 -192 -320 ) (-1936 -192 -320 ) (-1936 -128 -320 ) (-1808 -128 -320 ) 
4 2054 2060 (-1552 -128 -960 ) (-1424 -128 -960 ) (-1424 -192 -960 ) (-1552 -192 -960 ) 
4 2054 2055 (-1552 -128 -832 ) (-1552 -128 -960 ) (-1552 -160 -960 ) (-1552 -160 -832 ) 
4 2054 2056 (-1552 -192 -960 ) (-1552 -192 -320 ) (-1552 -160 -320 ) (-1552 -160 -960 ) 
4 2055 2060 (-1808 -128 -960 ) (-1552 -128 -960 ) (-1552 -160 -960 ) (-1808 -160 -960 ) 
4 2055 2056 (-1808 -160 -832 ) (-1808 -160 -960 ) (-1552 -160 -960 ) (-1552 -160 -832 ) 
4 2055 2057 (-1808 -128 -832 ) (-1808 -128 -960 ) (-1808 -160 -960 ) (-1808 -160 -832 ) 
4 2056 2060 (-1552 -160 -960 ) (-1552 -192 -960 ) (-1808 -192 -960 ) (-1808 -160 -960 ) 
4 2056 2057 (-1808 -192 -960 ) (-1808 -192 -320 ) (-1808 -160 -320 ) (-1808 -160 -960 ) 
4 2057 2063 (-1936 -128 -320 ) (-1936 -128 -960 ) (-1936 -192 -960 ) (-1936 -192 -320 ) 
4 2057 2060 (-1936 -192 -960 ) (-1936 -128 -960 ) (-1808 -128 -960 ) (-1808 -192 -960 ) 
4 2058 2069 (-1424 -512 128 ) (-1424 -512 2528 ) (-1616 -512 2528 ) (-1616 -512 128 ) 
4 2058 2071 (-1616 -512 2528 ) (-1936 -512 2528 ) (-1936 -512 128 ) (-1616 -512 128 ) 
4 2058 2063 (-1936 -512 128 ) (-1936 -512 2528 ) (-1936 -192 2528 ) (-1936 -192 128 ) 
4 2059 2063 (-1936 -448 -768 ) (-1936 -320 -768 ) (-1936 -320 -960 ) (-1936 -448 -960 ) 
4 2060 2089 (-1424 -128 -1088 ) (-1424 -192 -1088 ) (-1936 -192 -1088 ) (-1936 -128 -1088 ) 
4 2060 2063 (-1936 -128 -1088 ) (-1936 -192 -1088 ) (-1936 -192 -960 ) (-1936 -128 -960 ) 
4 2061 2064 (-1968 -128 -320 ) (-1968 -128 2528 ) (-1968 0 2528 ) (-1968 0 -320 ) 
4 2061 2063 (-1968 -128 2528 ) (-1968 -128 -320 ) (-1936 -128 -320 ) (-1936 -128 2528 ) 
4 2062 2096 (-1968 0 -1088 ) (-1936 0 -1088 ) (-1936 -128 -1088 ) (-1968 -128 -1088 ) 
4 2062 2064 (-1968 0 -1088 ) (-1968 -128 -1088 ) (-1968 -128 -832 ) (-1968 0 -832 ) 
4 2062 2063 (-1968 -128 -832 ) (-1968 -128 -1088 ) (-1936 -128 -1088 ) (-1936 -128 -832 ) 
4 2063 2097 (-1936 -488 -1088 ) (-1936 -512 -1088 ) (-1968 -512 -1088 ) (-1968 -488 -1088 ) 
4 2063 2096 (-1936 -128 -1088 ) (-1936 -488 -1088 ) (-1968 -488 -1088 ) (-1968 -128 -1088 ) 
4 2063 2084 (-1968 -512 -1088 ) (-1936 -512 -1088 ) (-1936 -512 -1056 ) (-1968 -512 -1056 ) 
4 2063 2082 (-1936 -512 -1056 ) (-1936 -512 -832 ) (-1968 -512 -832 ) (-1968 -512 -1056 ) 
4 2063 2071 (-1936 -512 -832 ) (-1936 -512 2528 ) (-1968 -512 2528 ) (-1968 -512 -832 ) 
4 2063 2064 (-1968 -128 -1088 ) (-1968 -512 -1088 ) (-1968 -512 2528 ) (-1968 -128 2528 ) 
4 2064 2097 (-1968 -488 -1088 ) (-1968 -512 -1088 ) (-2000 -512 -1088 ) (-2000 -488 -1088 ) 
4 2064 2096 (-2000 0 -1088 ) (-1968 0 -1088 ) (-1968 -488 -1088 ) (-2000 -488 -1088 ) 
4 2064 2084 (-2000 -512 -1088 ) (-1968 -512 -1088 ) (-1968 -512 -1056 ) (-2000 -512 -1056 ) 
4 2064 2082 (-1968 -512 -1056 ) (-1968 -512 -832 ) (-2000 -512 -832 ) (-2000 -512 -1056 ) 
4 2064 2071 (-1968 -512 -832 ) (-1968 -512 2528 ) (-2000 -512 2528 ) (-2000 -512 -832 ) 
4 2064 2067 (-2000 -512 -976 ) (-2000 -512 -960 ) (-2000 -448 -960 ) (-2000 -448 -976 ) 
4 2064 2066 (-2000 -320 -960 ) (-2000 0 -960 ) (-2000 0 -976 ) (-2000 -320 -976 ) 
4 2064 2065 (-2000 -512 -960 ) (-2000 -512 2528 ) (-2000 0 2528 ) (-2000 0 -960 ) 
4 2064 2068 (-2000 0 -1088 ) (-2000 -512 -1088 ) (-2000 -512 -976 ) (-2000 0 -976 ) 
4 2065 2179 (-2048 -380 -440 ) (-2048 -512 -440 ) (-2048 -512 -436 ) (-2048 -382 -436 ) 
4 2065 2178 (-2048 0 -436 ) (-2048 0 -440 ) (-2048 -380 -440 ) (-2048 -382 -436 ) 
4 2065 2181 (-2048 0 -440 ) (-2048 0 -960 ) (-2048 -512 -960 ) (-2048 -512 -440 ) 
4 2065 2177 (-2048 0 2528 ) (-2048 0 -436 ) (-2048 -512 -436 ) (-2048 -512 2528 ) 
4 2065 2082 (-2000 -512 -960 ) (-2000 -512 -832 ) (-2048 -512 -832 ) (-2048 -512 -960 ) 
4 2065 2071 (-2000 -512 -832 ) (-2000 -512 2528 ) (-2048 -512 2528 ) (-2048 -512 -832 ) 
4 2065 2067 (-2000 -448 -960 ) (-2000 -512 -960 ) (-2048 -512 -960 ) (-2048 -427.428558 -960 ) 
4 2065 2066 (-2048 0 -960 ) (-2000 0 -960 ) (-2000 -320 -960 ) (-2048 -299.428589 -960 ) 
4 2066 2214 (-2048 -16 -976 ) (-2048 -299.428589 -976 ) (-2048 -299.428589 -960 ) (-2048 -16 -960 ) 
4 2066 2208 (-2048 0 -960 ) (-2048 0 -976 ) (-2048 -16 -976 ) (-2048 -16 -960 ) 
4 2066 2068 (-2000 0 -976 ) (-2000 -320 -976 ) (-2048 -299.428589 -976 ) (-2048 0 -976 ) 
4 2067 2217 (-2048 -488 -976 ) (-2048 -512 -976 ) (-2048 -512 -960 ) (-2048 -488 -960 ) 
4 2067 2215 (-2048 -427.428558 -976 ) (-2048 -488 -976 ) (-2048 -488 -960 ) (-2048 -427.428558 -960 ) 
4 2067 2082 (-2000 -512 -976 ) (-2000 -512 -960 ) (-2048 -512 -960 ) (-2048 -512 -976 ) 
4 2067 2068 (-2000 -448 -976 ) (-2000 -512 -976 ) (-2048 -512 -976 ) (-2048 -427.428558 -976 ) 
4 2068 2217 (-2048 -488 -1088 ) (-2048 -512 -1088 ) (-2048 -512 -976 ) (-2048 -488 -976 ) 
4 2068 2216 (-2048 -16 -1088 ) (-2048 -488 -1088 ) (-2048 -488 -976 ) (-2048 -16 -976 ) 
4 2068 2208 (-2048 0 -976 ) (-2048 0 -1088 ) (-2048 -16 -1088 ) (-2048 -16 -976 ) 
4 2068 2097 (-2048 -512 -1088 ) (-2048 -488 -1088 ) (-2000 -488 -1088 ) (-2000 -512 -1088 ) 
4 2068 2096 (-2048 -488 -1088 ) (-2048 0 -1088 ) (-2000 0 -1088 ) (-2000 -488 -1088 ) 
4 2068 2084 (-2048 -512 -1088 ) (-2000 -512 -1088 ) (-2000 -512 -1056 ) (-2048 -512 -1056 ) 
4 2068 2082 (-2000 -512 -1056 ) (-2000 -512 -976 ) (-2048 -512 -976 ) (-2048 -512 -1056 ) 
4 2069 2070 (-1616 -640 2528 ) (-1616 -640 -704 ) (-1168 -640 -704 ) (-1168 -640 2528 ) 
4 2069 2071 (-1616 -640 -704 ) (-1616 -640 2528 ) (-1616 -512 2528 ) (-1616 -512 -704 ) 
4 2070 2082 (-1424 -704 -832 ) (-1616 -704 -832 ) (-1616 -640 -832 ) (-1424 -640 -832 ) 
4 2070 2072 (-1168 -704 -816 ) (-1168 -704 2528 ) (-1616 -704 2528 ) (-1616 -704 -816 ) 
4 2070 2071 (-1616 -640 -832 ) (-1616 -704 -832 ) (-1616 -704 2528 ) (-1616 -640 2528 ) 
4 2071 2200 (-2048 -512 -812 ) (-2048 -512 -832 ) (-2048 -704 -832 ) (-2048 -704 -812 ) 
4 2071 2199 (-2048 -512 2528 ) (-2048 -512 -812 ) (-2048 -704 -812 ) (-2048 -704 2528 ) 
4 2071 2082 (-2048 -704 -832 ) (-2048 -512 -832 ) (-1616 -512 -832 ) (-1616 -704 -832 ) 
4 2071 2072 (-1616 -704 -816 ) (-1616 -704 2528 ) (-2048 -704 2528 ) (-2048 -704 -816 ) 
4 2072 2201 (-2048 -736 -816 ) (-2048 -736 -812 ) (-2048 -704 -812 ) (-2048 -704 -816 ) 
4 2072 2199 (-2048 -736 -812 ) (-2048 -736 2528 ) (-2048 -704 2528 ) (-2048 -704 -812 ) 
4 2072 2073 (-1168 -736 -812 ) (-1168 -736 2528 ) (-2048 -736 2528 ) (-2048 -736 -812 ) 
4 2073 2199 (-2048 -736 2528 ) (-2048 -736 -812 ) (-2048 -740 -812 ) (-2048 -740 2528 ) 
4 2073 2074 (-2048 -740 2528 ) (-2048 -740 -812 ) (-1168 -740 -812 ) (-1168 -740 2528 ) 
4 2074 2202 (-2048 -740 -812 ) (-2048 -740 -816 ) (-2048 -796 -816 ) (-2048 -796 -812 ) 
4 2074 2199 (-2048 -740 2528 ) (-2048 -740 -812 ) (-2048 -796 -812 ) (-2048 -796 2528 ) 
4 2074 2075 (-1168 -796 -812 ) (-1168 -796 2528 ) (-2048 -796 2528 ) (-2048 -796 -812 ) 
4 2075 2199 (-2048 -796 2528 ) (-2048 -796 -812 ) (-2048 -800 -812 ) (-2048 -800 2528 ) 
4 2075 2076 (-1168 -800 -812 ) (-1168 -800 2528 ) (-2048 -800 2528 ) (-2048 -800 -812 ) 
4 2076 2347 (-2048 -1024 2528 ) (-2048 -1024 -812 ) (-1936 -1024 -812 ) (-1936 -1024 2528 ) 
4 2076 2312 (-1616 -1024 -812 ) (-1168 -1024 -812 ) (-1168 -1024 -704 ) (-1616 -1024 -704 ) 
4 2076 2313 (-1936 -1024 -812 ) (-1616 -1024 -812 ) (-1616 -1024 -704 ) (-1936 -1024 -704 ) 
4 2076 2311 (-1168 -1024 -704 ) (-1168 -1024 2528 ) (-1936 -1024 2528 ) (-1936 -1024 -704 ) 
4 2076 2199 (-2048 -1024 -812 ) (-2048 -1024 2528 ) (-2048 -800 2528 ) (-2048 -800 -812 ) 
4 2076 2080 (-2048 -1024 -812 ) (-2048 -992 -812 ) (-1168 -992 -812 ) (-1168 -1024 -812 ) 
4 2076 2079 (-2048 -988 -812 ) (-2048 -932 -812 ) (-1168 -932 -812 ) (-1168 -988 -812 ) 
4 2076 2077 (-2048 -928 -812 ) (-2048 -800 -812 ) (-1168 -800 -812 ) (-1168 -928 -812 ) 
4 2077 2203 (-2048 -928 -812 ) (-2048 -800 -812 ) (-2048 -800 -816 ) (-2048 -928 -816 ) 
4 2077 2078 (-2048 -896 -816 ) (-2048 -832 -816 ) (-1168 -832 -816 ) (-1168 -896 -816 ) 
4 2078 2204 (-2048 -832 -832 ) (-2048 -896 -832 ) (-2048 -896 -816 ) (-2048 -832 -816 ) 
4 2078 2082 (-2048 -896 -832 ) (-2048 -832 -832 ) (-1424 -832 -832 ) (-1424 -896 -832 ) 
4 2079 2205 (-2048 -988 -812 ) (-2048 -932 -812 ) (-2048 -932 -816 ) (-2048 -988 -816 ) 
4 2080 2347 (-2048 -1024 -812 ) (-2048 -1024 -816 ) (-1936 -1024 -816 ) (-1936 -1024 -812 ) 
4 2080 2312 (-1616 -1024 -816 ) (-1168 -1024 -816 ) (-1168 -1024 -812 ) (-1616 -1024 -812 ) 
4 2080 2313 (-1936 -1024 -816 ) (-1616 -1024 -816 ) (-1616 -1024 -812 ) (-1936 -1024 -812 ) 
4 2080 2206 (-2048 -1024 -816 ) (-2048 -1024 -812 ) (-2048 -992 -812 ) (-2048 -992 -816 ) 
4 2081 2329 (-1424 -1024 -1056 ) (-1168 -1024 -1056 ) (-1168 -1024 -972 ) (-1424 -1024 -972 ) 
4 2081 2327 (-1168 -1024 -972 ) (-1168 -1024 -960 ) (-1424 -1024 -960 ) (-1424 -1024 -972 ) 
4 2081 2082 (-1424 -512 -1056 ) (-1424 -1024 -1056 ) (-1424 -1024 -960 ) (-1424 -512 -960 ) 
4 2082 2347 (-2048 -1024 -832 ) (-2048 -1024 -1056 ) (-1936 -1024 -1056 ) (-1936 -1024 -832 ) 
4 2082 2329 (-1616 -1024 -1056 ) (-1424 -1024 -1056 ) (-1424 -1024 -972 ) (-1616 -1024 -972 ) 
4 2082 2330 (-1936 -1024 -1056 ) (-1616 -1024 -1056 ) (-1616 -1024 -972 ) (-1936 -1024 -972 ) 
4 2082 2327 (-1424 -1024 -972 ) (-1424 -1024 -960 ) (-1936 -1024 -960 ) (-1936 -1024 -972 ) 
4 2082 2315 (-1424 -1024 -960 ) (-1424 -1024 -832 ) (-1936 -1024 -832 ) (-1936 -1024 -960 ) 
4 2082 2217 (-2048 -1024 -1056 ) (-2048 -1024 -960 ) (-2048 -512 -960 ) (-2048 -512 -1056 ) 
4 2082 2207 (-2048 -1024 -960 ) (-2048 -1024 -832 ) (-2048 -512 -832 ) (-2048 -512 -960 ) 
4 2082 2083 (-1616 -1024 -1056 ) (-1680 -1024 -1056 ) (-1680 -640 -1056 ) (-1616 -640 -1056 ) 
4 2082 2084 (-2048 -512 -1056 ) (-1680 -512 -1056 ) (-1680 -1024 -1056 ) (-2048 -1024 -1056 ) 
4 2083 2330 (-1680 -1024 -1088 ) (-1616 -1024 -1088 ) (-1616 -1024 -1056 ) (-1680 -1024 -1056 ) 
4 2083 2092 (-1616 -1024 -1088 ) (-1680 -1024 -1088 ) (-1680 -640 -1088 ) (-1616 -640 -1088 ) 
4 2083 2084 (-1680 -1024 -1056 ) (-1680 -640 -1056 ) (-1680 -640 -1088 ) (-1680 -1024 -1088 ) 
4 2084 2347 (-2048 -1024 -1056 ) (-2048 -1024 -1088 ) (-1936 -1024 -1088 ) (-1936 -1024 -1056 ) 
4 2084 2330 (-1936 -1024 -1088 ) (-1680 -1024 -1088 ) (-1680 -1024 -1056 ) (-1936 -1024 -1056 ) 
4 2084 2217 (-2048 -1024 -1088 ) (-2048 -1024 -1056 ) (-2048 -512 -1056 ) (-2048 -512 -1088 ) 
4 2084 2097 (-1936 -1024 -1088 ) (-2048 -1024 -1088 ) (-2048 -512 -1088 ) (-1936 -512 -1088 ) 
4 2084 2093 (-1680 -1024 -1088 ) (-1936 -1024 -1088 ) (-1936 -512 -1088 ) (-1680 -512 -1088 ) 
4 2085 2095 (-1360 0 -1280 ) (-1024 0 -1280 ) (-1024 -512 -1280 ) (-1360 -512 -1280 ) 
4 2085 2091 (-1360 -512 -1280 ) (-1168 -512 -1280 ) (-1168 -512 -1216 ) (-1360 -512 -1216 ) 
4 2085 2090 (-1168 -512 -1280 ) (-1024 -512 -1280 ) (-1024 -512 -1088 ) (-1168 -512 -1088 ) 
4 2085 2086 (-1360 0 -1280 ) (-1360 -64 -1280 ) (-1360 -64 -1088 ) (-1360 0 -1088 ) 
4 2085 2087 (-1360 -256 -1280 ) (-1360 -512 -1280 ) (-1360 -512 -1088 ) (-1360 -256 -1088 ) 
4 2086 2095 (-1424 0 -1280 ) (-1360 0 -1280 ) (-1360 -64 -1280 ) (-1424 -64 -1280 ) 
4 2087 2095 (-1360 -256 -1280 ) (-1360 -512 -1280 ) (-1424 -512 -1280 ) (-1424 -256 -1280 ) 
4 2087 2091 (-1424 -512 -1280 ) (-1360 -512 -1280 ) (-1360 -512 -1216 ) (-1424 -512 -1216 ) 
4 2088 2098 (-1936 -128 -1250.290039 ) (-1936 -128 -1280 ) (-1936 -192 -1280 ) (-1936 -192 -1244.569946 ) 
4 2088 2095 (-1936 -192 -1280 ) (-1936 -128 -1280 ) (-1424 -128 -1280 ) (-1424 -192 -1280 ) 
4 2089 2098 (-1936 -128 -1216 ) (-1936 -128 -1234.290039 ) (-1936 -192 -1228.569946 ) (-1936 -192 -1216 ) 
4 2089 2096 (-1936 -192 -1088 ) (-1936 -128 -1088 ) (-1936 -128 -1216 ) (-1936 -192 -1216 ) 
4 2090 2355 (-1024 -1024 -1280 ) (-1024 -1024 -1088 ) (-1168 -1024 -1088 ) (-1168 -1024 -1280 ) 
4 2090 2095 (-1168 -512 -1280 ) (-1024 -512 -1280 ) (-1024 -1024 -1280 ) (-1168 -1024 -1280 ) 
4 2090 2091 (-1168 -512 -1216 ) (-1168 -512 -1280 ) (-1168 -608 -1280 ) (-1168 -608 -1216 ) 
4 2091 2095 (-1616 -512 -1280 ) (-1168 -512 -1280 ) (-1168 -608 -1280 ) (-1616 -608 -1280 ) 
4 2091 2094 (-1616 -512 -1216 ) (-1616 -512 -1280 ) (-1616 -608 -1280 ) (-1616 -608 -1216 ) 
4 2092 2357 (-1616 -1024 -1088 ) (-1680 -1024 -1088 ) (-1680 -1024 -1200 ) (-1616 -1024 -1200 ) 
4 2092 2093 (-1680 -640 -1200 ) (-1680 -1024 -1200 ) (-1680 -1024 -1088 ) (-1680 -640 -1088 ) 
4 2093 2357 (-1680 -1024 -1088 ) (-1936 -1024 -1088 ) (-1936 -1024 -1200 ) (-1680 -1024 -1200 ) 
4 2093 2097 (-1936 -1024 -1088 ) (-1936 -512 -1088 ) (-1936 -512 -1200 ) (-1936 -1024 -1200 ) 
4 2094 2358 (-1936 -1024 -1216 ) (-1936 -1024 -1280 ) (-1616 -1024 -1280 ) (-1616 -1024 -1216 ) 
4 2094 2098 (-1936 -512 -1216 ) (-1936 -512 -1280 ) (-1936 -1024 -1280 ) (-1936 -1024 -1216 ) 
4 2094 2095 (-1936 -1024 -1280 ) (-1936 -512 -1280 ) (-1616 -512 -1280 ) (-1616 -1024 -1280 ) 
4 2095 2417 (-1024 -1024 -3040 ) (-1024 -1024 -1408 ) (-1936 -1024 -1408 ) (-1936 -1024 -3040 ) 
4 2095 2358 (-1616 -1024 -1280 ) (-1936 -1024 -1280 ) (-1936 -1024 -1408 ) (-1616 -1024 -1408 ) 
4 2095 2356 (-1168 -1024 -1280 ) (-1616 -1024 -1280 ) (-1616 -1024 -1408 ) (-1168 -1024 -1408 ) 
4 2095 2355 (-1024 -1024 -1408 ) (-1024 -1024 -1280 ) (-1168 -1024 -1280 ) (-1168 -1024 -1408 ) 
4 2095 2098 (-1936 0 -1280 ) (-1936 0 -3040 ) (-1936 -1024 -3040 ) (-1936 -1024 -1280 ) 
4 2096 2216 (-2048 -488 -1088 ) (-2048 -16 -1088 ) (-2048 -16 -1216 ) (-2048 -488 -1216 ) 
4 2096 2208 (-2048 -16 -1088 ) (-2048 0 -1088 ) (-2048 0 -1216 ) (-2048 -16 -1216 ) 
4 2096 2098 (-1936 0 -1216 ) (-1936 -488 -1216 ) (-2048 -488 -1216 ) (-2048 0 -1216 ) 
4 2096 2097 (-1936 -488 -1200 ) (-1936 -488 -1088 ) (-2048 -488 -1088 ) (-2048 -488 -1200 ) 
4 2097 2357 (-1936 -1024 -1200 ) (-1936 -1024 -1088 ) (-2048 -1024 -1088 ) (-2048 -1024 -1200 ) 
4 2097 2217 (-2048 -1024 -1200 ) (-2048 -1024 -1088 ) (-2048 -488 -1088 ) (-2048 -488 -1200 ) 
4 2098 2417 (-1936 -1024 -3040 ) (-1936 -1024 -1408 ) (-2048 -1024 -1408 ) (-2048 -1024 -3040 ) 
4 2098 2358 (-1936 -1024 -1408 ) (-1936 -1024 -1216 ) (-2048 -1024 -1216 ) (-2048 -1024 -1408 ) 
4 2098 2250 (-2048 -1024 -3040 ) (-2048 -1024 -1280 ) (-2048 0 -1280 ) (-2048 0 -3040 ) 
4 2098 2220 (-2048 -1024 -1280 ) (-2048 -1024 -1216 ) (-2048 -488 -1216 ) (-2048 -488 -1280 ) 
4 2098 2216 (-2048 -488 -1216 ) (-2048 -16 -1216 ) (-2048 -16 -1280 ) (-2048 -488 -1280 ) 
4 2098 2208 (-2048 -16 -1216 ) (-2048 0 -1216 ) (-2048 0 -1280 ) (-2048 -16 -1280 ) 
4 2099 2136 (-2448 128 128 ) (-2448 128 2528 ) (-2464 128 2528 ) (-2464 128 128 ) 
4 2099 2134 (-2448 128 -192 ) (-2048 128 -192 ) (-2048 128 2528 ) (-2448 128 2528 ) 
4 2099 2103 (-2464 704 -192 ) (-2464 1024 -192 ) (-2448 1024 -192 ) (-2448 704 -192 ) 
4 2099 2102 (-2048 128 -192 ) (-2448 128 -192 ) (-2448 1024 -192 ) (-2048 1024 -192 ) 
4 2099 2101 (-2464 128 832 ) (-2464 128 2528 ) (-2464 688 2528 ) (-2464 688 832 ) 
4 2099 2100 (-2464 1024 2528 ) (-2464 1024 -192 ) (-2464 688 -192 ) (-2464 688 2528 ) 
4 2100 2148 (-2960 704 -192 ) (-2960 688 -192 ) (-2960 688 2528 ) (-2960 704 2528 ) 
4 2100 2147 (-2960 1024 2528 ) (-2960 1024 -192 ) (-2960 704 -192 ) (-2960 704 2528 ) 
4 2100 2103 (-2960 704 -192 ) (-2960 1024 -192 ) (-2464 1024 -192 ) (-2464 704 -192 ) 
4 2100 2101 (-2960 688 2528 ) (-2960 688 832 ) (-2464 688 832 ) (-2464 688 2528 ) 
4 2101 2149 (-2960 128 832 ) (-2960 128 2528 ) (-2960 688 2528 ) (-2960 688 832 ) 
4 2101 2136 (-2960 128 2528 ) (-2960 128 832 ) (-2464 128 832 ) (-2464 128 2528 ) 
4 2102 2134 (-2448 128 -448 ) (-2048 128 -448 ) (-2048 128 -192 ) (-2448 128 -192 ) 
4 2102 2104 (-2048 128 -448 ) (-2448 128 -448 ) (-2448 1024 -448 ) (-2048 1024 -448 ) 
4 2102 2103 (-2448 1024 -448 ) (-2448 704 -448 ) (-2448 704 -192 ) (-2448 1024 -192 ) 
4 2103 2147 (-2960 704 -192 ) (-2960 1024 -192 ) (-2960 1024 -448 ) (-2960 704 -448 ) 
4 2103 2105 (-2960 704 -448 ) (-2960 1024 -448 ) (-2448 1024 -448 ) (-2448 704 -448 ) 
4 2104 2134 (-2448 128 -512 ) (-2048 128 -512 ) (-2048 128 -448 ) (-2448 128 -448 ) 
4 2104 2110 (-2448 320 -512 ) (-2448 512 -512 ) (-2064 512 -512 ) (-2064 320 -512 ) 
4 2104 2111 (-2064 128 -512 ) (-2448 128 -512 ) (-2448 256 -512 ) (-2064 256 -512 ) 
4 2104 2109 (-2448 576 -512 ) (-2448 1024 -512 ) (-2064 1024 -512 ) (-2064 576 -512 ) 
4 2104 2108 (-2048 128 -512 ) (-2064 128 -512 ) (-2064 1024 -512 ) (-2048 1024 -512 ) 
4 2104 2107 (-2448 320 -512 ) (-2448 256 -512 ) (-2448 256 -448 ) (-2448 320 -448 ) 
4 2104 2106 (-2448 576 -512 ) (-2448 512 -512 ) (-2448 512 -448 ) (-2448 576 -448 ) 
4 2104 2105 (-2448 1024 -512 ) (-2448 704 -512 ) (-2448 704 -448 ) (-2448 1024 -448 ) 
4 2105 2147 (-2960 704 -448 ) (-2960 1024 -448 ) (-2960 1024 -512 ) (-2960 704 -512 ) 
4 2105 2116 (-2960 704 -512 ) (-2960 1024 -512 ) (-2448 1024 -512 ) (-2448 704 -512 ) 
4 2108 2134 (-2064 128 -960 ) (-2048 128 -960 ) (-2048 128 -512 ) (-2064 128 -512 ) 
4 2108 2117 (-2048 128 -960 ) (-2064 128 -960 ) (-2064 1024 -960 ) (-2048 1024 -960 ) 
4 2108 2114 (-2064 128 -832 ) (-2064 128 -816 ) (-2064 448 -816 ) (-2064 448 -832 ) 
4 2108 2113 (-2064 512.005005 -816 ) (-2064 1024 -816 ) (-2064 1024 -832 ) (-2064 512.005005 -832 ) 
4 2108 2112 (-2064 128 -816 ) (-2064 128 -576 ) (-2064 1024 -576 ) (-2064 1024 -816 ) 
4 2108 2115 (-2064 1024 -960 ) (-2064 128 -960 ) (-2064 128 -832 ) (-2064 1024 -832 ) 
4 2108 2110 (-2064 320 -512 ) (-2064 512 -512 ) (-2064 512 -576 ) (-2064 320 -576 ) 
4 2108 2111 (-2064 128 -576 ) (-2064 128 -512 ) (-2064 256 -512 ) (-2064 256 -576 ) 
4 2108 2109 (-2064 576 -512 ) (-2064 1024 -512 ) (-2064 1024 -576 ) (-2064 576 -576 ) 
4 2109 2116 (-2448 704 -512 ) (-2448 1024 -512 ) (-2448 1024 -576 ) (-2448 704 -576 ) 
4 2109 2112 (-2448 576 -576 ) (-2448 1024 -576 ) (-2064 1024 -576 ) (-2064 576 -576 ) 
4 2110 2112 (-2448 320 -576 ) (-2448 512 -576 ) (-2064 512 -576 ) (-2064 320 -576 ) 
4 2111 2134 (-2064 128 -576 ) (-2064 128 -512 ) (-2448 128 -512 ) (-2448 128 -576 ) 
4 2111 2112 (-2448 128 -576 ) (-2448 256 -576 ) (-2064 256 -576 ) (-2064 128 -576 ) 
4 2112 2134 (-2064 128 -816 ) (-2064 128 -576 ) (-2448 128 -576 ) (-2448 128 -816 ) 
4 2112 2116 (-2448 704 -576 ) (-2448 1024 -576 ) (-2448 1024 -816 ) (-2448 704 -816 ) 
4 2112 2114 (-2448 128 -816 ) (-2448 256 -816 ) (-2064 448 -816 ) (-2064 128 -816 ) 
4 2112 2113 (-2448 320.005005 -816 ) (-2448 1024 -816 ) (-2064 1024 -816 ) (-2064 512.005005 -816 ) 
4 2113 2116 (-2448 704 -816 ) (-2448 1024 -816 ) (-2448 1024 -832 ) (-2448 704 -832 ) 
4 2113 2115 (-2448 320.005005 -832 ) (-2448 1024 -832 ) (-2064 1024 -832 ) (-2064 512.005005 -832 ) 
4 2114 2134 (-2064 128 -832 ) (-2064 128 -816 ) (-2448 128 -816 ) (-2448 128 -832 ) 
4 2114 2115 (-2448 128 -832 ) (-2448 256 -832 ) (-2064 448 -832 ) (-2064 128 -832 ) 
4 2115 2134 (-2448 128 -960 ) (-2064 128 -960 ) (-2064 128 -832 ) (-2448 128 -832 ) 
4 2115 2118 (-2448 768 -960 ) (-2448 1024 -960 ) (-2384 1024 -960 ) (-2384 768 -960 ) 
4 2115 2117 (-2064 128 -960 ) (-2384 128 -960 ) (-2384 1024 -960 ) (-2064 1024 -960 ) 
4 2115 2116 (-2448 1024 -960 ) (-2448 704 -960 ) (-2448 704 -832 ) (-2448 1024 -832 ) 
4 2116 2147 (-2960 704 -512 ) (-2960 1024 -512 ) (-2960 1024 -960 ) (-2960 704 -960 ) 
4 2116 2118 (-2960 768 -960 ) (-2960 1024 -960 ) (-2448 1024 -960 ) (-2448 768 -960 ) 
4 2117 2144 (-2384 128 -1280 ) (-2048 128 -1280 ) (-2048 128 -992 ) (-2384 128 -992 ) 
4 2117 2139 (-2048 128 -992 ) (-2048 128 -976 ) (-2384 128 -976 ) (-2384 128 -992 ) 
4 2117 2135 (-2048 128 -976 ) (-2048 128 -960 ) (-2384 128 -960 ) (-2384 128 -976 ) 
4 2117 2130 (-2048 128 -1280 ) (-2384 128 -1280 ) (-2384 632 -1280 ) (-2048 632 -1280 ) 
4 2117 2129 (-2384 760 -1280 ) (-2384 768 -1280 ) (-2048 768 -1280 ) (-2048 760 -1280 ) 
4 2117 2128 (-2384 768 -1280 ) (-2384 823.998779 -1280 ) (-2048 823.998779 -1280 ) (-2048 768 -1280 ) 
4 2117 2127 (-2384 952 -1280 ) (-2384 960 -1280 ) (-2048 960 -1280 ) (-2048 952 -1280 ) 
4 2117 2125 (-2384 960 -1280 ) (-2384 1016 -1280 ) (-2320 1016 -1280 ) (-2320 960 -1280 ) 
4 2117 2124 (-2320 1016 -1280 ) (-2256 1016 -1280 ) (-2256 960 -1280 ) (-2320 960 -1280 ) 
4 2117 2122 (-2128 1016 -1280 ) (-2048 1016 -1280 ) (-2048 960 -1280 ) (-2128 960 -1280 ) 
4 2117 2120 (-2384 704 -1280 ) (-2384 128 -1280 ) (-2384 128 -976 ) (-2384 704 -976 ) 
4 2117 2118 (-2384 768 -960 ) (-2384 1024 -960 ) (-2384 1024 -976 ) (-2384 768 -976 ) 
4 2117 2119 (-2384 1024 -1280 ) (-2384 704 -1280 ) (-2384 704 -976 ) (-2384 1024 -976 ) 
4 2118 2119 (-2960 768 -976 ) (-2960 1024 -976 ) (-2384 1024 -976 ) (-2384 768 -976 ) 
11 2119 2152 (-2960 1024 -1152 ) (-2960 1024 -1280 ) (-2960 768 -1280 ) (-2960 768 -1152 ) (-2960 776 -1104 ) (-2960 804 -1060 ) (-2960 848 -1032 ) (-2960 896 -1024 ) (-2960 944 -1032 ) (-2960 988 -1060 ) (-2960 1016 -1104 ) 
4 2119 2131 (-2960 768 -1280 ) (-2960 1016 -1280 ) (-2680 1016 -1280 ) (-2680 768 -1280 ) 
3 2119 2129 (-2384 768 -1280 ) (-2384 760 -1280 ) (-2392 760 -1280 ) 
4 2119 2128 (-2384 823.998779 -1280 ) (-2384 768 -1280 ) (-2680 768 -1280 ) (-2680 823.998779 -1280 ) 
4 2119 2127 (-2384 960 -1280 ) (-2384 952 -1280 ) (-2680 952 -1280 ) (-2680 960 -1280 ) 
4 2119 2125 (-2680 1016 -1280 ) (-2384 1016 -1280 ) (-2384 960 -1280 ) (-2680 960 -1280 ) 
4 2119 2121 (-2960 1016 -1280 ) (-2960 1024 -1280 ) (-2680 1024 -1280 ) (-2680 1016 -1280 ) 
4 2119 2120 (-2448 704 -1280 ) (-2384 704 -1280 ) (-2384 704 -976 ) (-2448 704 -976 ) 
4 2120 2144 (-2448 128 -1280 ) (-2384 128 -1280 ) (-2384 128 -992 ) (-2448 128 -992 ) 
4 2120 2139 (-2384 128 -992 ) (-2384 128 -976 ) (-2448 128 -976 ) (-2448 128 -992 ) 
4 2120 2130 (-2384 128 -1280 ) (-2448 128 -1280 ) (-2448 632 -1280 ) (-2384 632 -1280 ) 
4 2121 2152 (-2960 1016 -1280 ) (-2960 1024 -1280 ) (-2960 1024 -1296 ) (-2960 1016 -1296 ) 
4 2121 2133 (-2960 1016 -1296 ) (-2960 1024 -1296 ) (-2680 1024 -1296 ) (-2680 1016 -1296 ) 
4 2121 2131 (-2960 1016 -1296 ) (-2680 1016 -1296 ) (-2680 1016 -1280 ) (-2960 1016 -1280 ) 
4 2122 2127 (-2048 960 -1281 ) (-2048 960 -1280 ) (-2128 960 -1280 ) (-2120 960 -1281 ) 
5 2122 2123 (-2063.992188 1016 -1288 ) (-2119.992188 960 -1281 ) (-2127.996094 960 -1280 ) (-2127.996094 960.003784 -1280 ) (-2072 1016 -1287 ) 
3 2123 2127 (-2128 960 -1280 ) (-2128 960 -1281 ) (-2120 960 -1281 ) 
4 2124 2127 (-2256 960 -1281 ) (-2256 960 -1280 ) (-2320 960 -1280 ) (-2320 960 -1281 ) 
4 2125 2131 (-2680 1016 -1280 ) (-2680 1016 -1288 ) (-2680 960 -1281 ) (-2680 960 -1280 ) 
4 2125 2127 (-2680 960 -1280 ) (-2680 960 -1281 ) (-2328 960 -1281 ) (-2320 960 -1280 ) 
4 2125 2126 (-2320 960 -1280 ) (-2328.004150 960 -1281 ) (-2384.004395 1016 -1288 ) (-2376 1016 -1287 ) 
3 2126 2127 (-2320 960 -1281 ) (-2320 960 -1280 ) (-2328 960 -1281 ) 
3 2127 2131 (-2680 952 -1280 ) (-2680 960 -1280 ) (-2680 960 -1281 ) 
3 2128 2131 (-2680 768 -1287 ) (-2680 768 -1280 ) (-2680 823.998779 -1280 ) 
4 2128 2129 (-2384 768 -1287 ) (-2048 768 -1287 ) (-2048 768 -1280 ) (-2384 768 -1280 ) 
4 2130 2145 (-2680 128 -1296 ) (-2448 128 -1296 ) (-2448 128 -1280 ) (-2680 128 -1280 ) 
4 2130 2144 (-2448 128 -1296 ) (-2048 128 -1296 ) (-2048 128 -1280 ) (-2448 128 -1280 ) 
4 2130 2133 (-2048 128 -1296 ) (-2680 128 -1296 ) (-2680 632 -1296 ) (-2048 632 -1296 ) 
4 2130 2132 (-2680 632 -1296 ) (-2680 128 -1296 ) (-2680 128 -1280 ) (-2680 632 -1280 ) 
4 2131 2152 (-2960 768 -1280 ) (-2960 1016 -1280 ) (-2960 1016 -1296 ) (-2960 768 -1296 ) 
4 2131 2133 (-2960 768 -1296 ) (-2960 1016 -1296 ) (-2680 1016 -1296 ) (-2680 768 -1296 ) 
4 2132 2157 (-2960 128 -1296 ) (-2960 128 -1280 ) (-2960 144 -1280 ) (-2960 144 -1296 ) 
4 2132 2155 (-2960 688 -1280 ) (-2960 704 -1280 ) (-2960 704 -1296 ) (-2960 688 -1296 ) 
4 2132 2156 (-2960 144 -1280 ) (-2960 688 -1280 ) (-2960 688 -1296 ) (-2960 144 -1296 ) 
4 2132 2145 (-2960 128 -1280 ) (-2960 128 -1296 ) (-2680 128 -1296 ) (-2680 128 -1280 ) 
4 2132 2133 (-2680 128 -1296 ) (-2960 128 -1296 ) (-2960 704 -1296 ) (-2680 704 -1296 ) 
4 2133 2157 (-2960 128 -3040 ) (-2960 128 -1296 ) (-2960 144 -1296 ) (-2960 144 -3040 ) 
4 2133 2155 (-2960 688 -1296 ) (-2960 704 -1296 ) (-2960 704 -3040 ) (-2960 688 -3040 ) 
4 2133 2156 (-2960 144 -1296 ) (-2960 688 -1296 ) (-2960 688 -3040 ) (-2960 144 -3040 ) 
4 2133 2154 (-2960 768 -1408 ) (-2960 768 -3040 ) (-2960 704 -3040 ) (-2960 704 -1408 ) 
4 2133 2152 (-2960 768 -1296 ) (-2960 1024 -1296 ) (-2960 1024 -3040 ) (-2960 768 -3040 ) 
4 2133 2145 (-2960 128 -1296 ) (-2960 128 -3040 ) (-2448 128 -3040 ) (-2448 128 -1296 ) 
4 2133 2144 (-2448 128 -3040 ) (-2048 128 -3040 ) (-2048 128 -1296 ) (-2448 128 -1296 ) 
4 2134 2184 (-2384 0 -436 ) (-2448 0 -444 ) (-2448 0 -448 ) (-2386 0 -438 ) 
3 2134 2183 (-2384 0 -436 ) (-2448 0 -436 ) (-2448 0 -444 ) 
3 2134 2182 (-2448 0 -448 ) (-2448 0 -500 ) (-2386 0 -438 ) 
4 2134 2178 (-2048 0 -440 ) (-2048 0 -436 ) (-2384 0 -436 ) (-2388 0 -440 ) 
5 2134 2181 (-2048 0 -960 ) (-2048 0 -440 ) (-2388 0 -440 ) (-2448 0 -500 ) (-2448 0 -960 ) 
4 2134 2177 (-2048 0 -436 ) (-2048 0 2528 ) (-2448 0 2528 ) (-2448 0 -436 ) 
4 2134 2137 (-2448 128 -768 ) (-2448 128 -960 ) (-2448 0 -960 ) (-2448 0 -768 ) 
4 2134 2136 (-2448 128 2528 ) (-2448 128 128 ) (-2448 0 128 ) (-2448 0 2528 ) 
4 2134 2135 (-2048 0 -960 ) (-2384 0 -960 ) (-2384 128 -960 ) (-2048 128 -960 ) 
4 2135 2208 (-2048 0 -976 ) (-2048 0 -960 ) (-2384 0 -960 ) (-2384 0 -976 ) 
4 2135 2139 (-2048 0 -976 ) (-2384 0 -976 ) (-2384 128 -976 ) (-2048 128 -976 ) 
4 2136 2186 (-2960 0 2528 ) (-2960 0 128 ) (-2448 0 128 ) (-2448 0 2528 ) 
4 2136 2150 (-2960 0 128 ) (-2960 0 2528 ) (-2960 128 2528 ) (-2960 128 128 ) 
4 2137 2193 (-2512 0 -960 ) (-2448 0 -960 ) (-2448 0 -768 ) (-2512 0 -768 ) 
4 2137 2138 (-2896 128 -960 ) (-2512 128 -960 ) (-2512 0 -960 ) (-2896 0 -960 ) 
4 2138 2142 (-2784 0 -976 ) (-2896 0 -976 ) (-2896 128 -976 ) (-2784 128 -976 ) 
4 2138 2141 (-2640 0 -976 ) (-2768 0 -976 ) (-2768 128 -976 ) (-2640 128 -976 ) 
4 2138 2140 (-2512 0 -976 ) (-2624 0 -976 ) (-2624 128 -976 ) (-2512 128 -976 ) 
4 2139 2209 (-2384 0 -976 ) (-2448 0 -976 ) (-2448 0 -992 ) (-2384 0 -992 ) 
4 2139 2208 (-2048 0 -992 ) (-2048 0 -976 ) (-2384 0 -976 ) (-2384 0 -992 ) 
4 2139 2146 (-2496 128 -992 ) (-2448 128 -992 ) (-2448 0 -992 ) (-2496 0 -992 ) 
4 2139 2144 (-2448 128 -992 ) (-2048 128 -992 ) (-2048 0 -992 ) (-2448 0 -992 ) 
4 2140 2146 (-2624 128 -992 ) (-2512 128 -992 ) (-2512 0 -992 ) (-2624 0 -992 ) 
4 2141 2146 (-2768 128 -992 ) (-2640 128 -992 ) (-2640 0 -992 ) (-2768 0 -992 ) 
4 2142 2146 (-2896 128 -992 ) (-2784 128 -992 ) (-2784 0 -992 ) (-2896 0 -992 ) 
4 2143 2159 (-2960 0 -992 ) (-2960 0 -976 ) (-2960 128 -976 ) (-2960 128 -992 ) 
4 2143 2146 (-2960 0 -992 ) (-2960 128 -992 ) (-2912 128 -992 ) (-2912 0 -992 ) 
4 2144 2250 (-2048 0 -3040 ) (-2048 0 -1280 ) (-2448 0 -1280 ) (-2448 0 -3040 ) 
4 2144 2209 (-2384 0 -992 ) (-2448 0 -992 ) (-2448 0 -1280 ) (-2384 0 -1280 ) 
4 2144 2208 (-2048 0 -1280 ) (-2048 0 -992 ) (-2384 0 -992 ) (-2384 0 -1280 ) 
4 2144 2146 (-2448 0 -1245.710083 ) (-2448 0 -992 ) (-2448 128 -992 ) (-2448 128 -1257.140137 ) 
4 2144 2145 (-2448 128 -3040 ) (-2448 0 -3040 ) (-2448 0 -1261.709961 ) (-2448 128 -1273.140015 ) 
4 2145 2250 (-2960 0 -1280 ) (-2960 0 -3040 ) (-2448 0 -3040 ) (-2448 0 -1280 ) 
4 2145 2158 (-2960 0 -3040 ) (-2960 0 -1261.709961 ) (-2960 128 -1273.140015 ) (-2960 128 -3040 ) 
4 2146 2211 (-2896 0 -1112 ) (-2896 0 -1216 ) (-2640 0 -1216 ) (-2640 0 -1112 ) 
4 2146 2210 (-2568 0 -1128 ) (-2568 0 -1240 ) (-2512 0 -1240 ) (-2512 0 -1128 ) 
4 2146 2159 (-2960 0 -1245.710083 ) (-2960 0 -992 ) (-2960 128 -992 ) (-2960 128 -1257.140137 ) 
4 2147 2160 (-3072 1024 2528 ) (-3072 1024 -960 ) (-3072 704 -960 ) (-3072 704 2528 ) 
4 2147 2148 (-2960 704 -192 ) (-2960 704 2528 ) (-3072 704 2528 ) (-3072 704 -192 ) 
4 2148 2161 (-3072 688 -192 ) (-3072 688 2528 ) (-3072 704 2528 ) (-3072 704 -192 ) 
4 2148 2149 (-2960 688 -192 ) (-2960 688 2528 ) (-2976 688 2528 ) (-2976 688 -192 ) 
4 2148 2151 (-2976 688 2528 ) (-3072 688 2528 ) (-3072 688 -192 ) (-2976 688 -192 ) 
4 2149 2156 (-2976 688 -960 ) (-2960 688 -960 ) (-2960 144 -960 ) (-2976 144 -960 ) 
4 2149 2150 (-2976 128 2528 ) (-2976 128 -768 ) (-2960 128 -768 ) (-2960 128 2528 ) 
4 2149 2151 (-2976 128 2528 ) (-2976 688 2528 ) (-2976 688 -960 ) (-2976 128 -960 ) 
4 2150 2194 (-2960 0 -768 ) (-2960 0 2528 ) (-2976 0 2528 ) (-2976 0 -768 ) 
4 2150 2151 (-2976 0 2528 ) (-2976 128 2528 ) (-2976 128 -768 ) (-2976 0 -768 ) 
4 2151 2196 (-2976 0 2528 ) (-3072 0 2528 ) (-3072 0 -960 ) (-2976 0 -960 ) 
4 2151 2162 (-3072 688 -960 ) (-3072 0 -960 ) (-3072 0 2528 ) (-3072 688 2528 ) 
4 2151 2156 (-3072 144 -960 ) (-3072 688 -960 ) (-2976 688 -960 ) (-2976 144 -960 ) 
4 2152 2154 (-2960 768 -3040 ) (-2960 768 -1408 ) (-2992 768 -1408 ) (-2992 768 -3040 ) 
11 2152 2153 (-2992 768 -3040 ) (-2992 768 -1152 ) (-2992 776 -1104 ) (-2992 804 -1060 ) (-2992 848 -1032 ) (-2992 896 -1024 ) (-2992 944 -1032 ) (-2992 988 -1060 ) (-2992 1016 -1104 ) (-2992 1024 -1152 ) (-2992 1024 -3040 ) 
4 2153 2164 (-3072 1024 -992 ) (-3072 1024 -3040 ) (-3072 768 -3040 ) (-3072 768 -992 ) 
4 2153 2154 (-2992 768 -3040 ) (-2992 768 -1408 ) (-3072 768 -1408 ) (-3072 768 -3040 ) 
4 2154 2165 (-3072 704 -3040 ) (-3072 704 -1408 ) (-3072 768 -1408 ) (-3072 768 -3040 ) 
4 2154 2155 (-2960 704 -3040 ) (-2960 704 -1408 ) (-3072 704 -1408 ) (-3072 704 -3040 ) 
4 2155 2168 (-3072 704 -1088 ) (-3072 704 -3040 ) (-3072 688 -3040 ) (-3072 688 -1088 ) 
4 2155 2156 (-3072 688 -3040 ) (-2960 688 -3040 ) (-2960 688 -1088 ) (-3072 688 -1088 ) 
4 2156 2169 (-3072 144 -960 ) (-3072 688 -960 ) (-3072 688 -3040 ) (-3072 144 -3040 ) 
4 2156 2157 (-3072 144 -3040 ) (-2960 144 -3040 ) (-2960 144 -1280 ) (-3072 144 -1280 ) 
4 2157 2171 (-3072 128 -3040 ) (-3072 128 -1280 ) (-3072 144 -1280 ) (-3072 144 -3040 ) 
4 2157 2158 (-2960 128 -3040 ) (-2960 128 -1280 ) (-3072 128 -1280 ) (-3072 128 -3040 ) 
4 2158 2250 (-2960 0 -3040 ) (-2960 0 -1280 ) (-3072 0 -1280 ) (-3072 0 -3040 ) 
4 2158 2213 (-2960 0 -1280 ) (-2960 0 -1261.709961 ) (-3072 0 -1261.709961 ) (-3072 0 -1280 ) 
4 2158 2173 (-3072 0 -3040 ) (-3072 0 -1261.709961 ) (-3072 128 -1273.140015 ) (-3072 128 -3040 ) 
4 2159 2212 (-2960 0 -1231.236694 ) (-2960 0 -976 ) (-3072 0 -976 ) (-3072 0 -1231.236694 ) 
4 2159 2174 (-3072 0 -1245.710083 ) (-3072 0 -976 ) (-3072 128 -976 ) (-3072 128 -1257.140137 ) 
4 2160 2161 (-3472 704 2528 ) (-3472 704 -192 ) (-3072 704 -192 ) (-3072 704 2528 ) 
4 2160 2163 (-3472 1024 -960 ) (-3472 704 -960 ) (-3472 704 2528 ) (-3472 1024 2528 ) 
4 2161 2163 (-3472 688 -192 ) (-3472 688 2528 ) (-3472 704 2528 ) (-3472 704 -192 ) 
4 2161 2162 (-3472 688 2528 ) (-3472 688 -192 ) (-3072 688 -192 ) (-3072 688 2528 ) 
4 2162 2282 (-3088 0 -832 ) (-3408 0 -832 ) (-3408 0 -960 ) (-3088 0 -960 ) 
4 2162 2285 (-3408 0 -832 ) (-3472 0 -832 ) (-3472 0 -960 ) (-3408 0 -960 ) 
4 2162 2280 (-3072 0 -960 ) (-3072 0 -832 ) (-3088 0 -832 ) (-3088 0 -960 ) 
4 2162 2277 (-3408 0 -320 ) (-3472 0 -320 ) (-3472 0 -832 ) (-3408 0 -832 ) 
4 2162 2262 (-3104 0 -320 ) (-3216 0 -320 ) (-3216 0 -832 ) (-3104 0 -832 ) 
4 2162 2264 (-3216 0 -320 ) (-3408 0 -320 ) (-3408 0 -832 ) (-3216 0 -832 ) 
4 2162 2261 (-3088 0 -320 ) (-3104 0 -320 ) (-3104 0 -832 ) (-3088 0 -832 ) 
4 2162 2260 (-3072 0 -832 ) (-3072 0 -320 ) (-3088 0 -320 ) (-3088 0 -832 ) 
4 2162 2253 (-3088 0 64 ) (-3472 0 64 ) (-3472 0 -320 ) (-3088 0 -320 ) 
4 2162 2252 (-3072 0 -320 ) (-3072 0 64 ) (-3088 0 64 ) (-3088 0 -320 ) 
4 2162 2251 (-3072 0 64 ) (-3072 0 2528 ) (-3472 0 2528 ) (-3472 0 64 ) 
4 2162 2176 (-3104 0 -960 ) (-3472 0 -960 ) (-3472 128 -960 ) (-3104 128 -960 ) 
4 2162 2172 (-3104 128 -960 ) (-3472 128 -960 ) (-3472 144 -960 ) (-3104 144 -960 ) 
4 2162 2169 (-3072 688 -960 ) (-3072 144 -960 ) (-3472 144 -960 ) (-3472 688 -960 ) 
4 2162 2163 (-3472 688 -960 ) (-3472 0 -960 ) (-3472 0 2528 ) (-3472 688 2528 ) 
4 2163 2500 (-4096 1024 2528 ) (-4096 1024 -960 ) (-4096 0 -960 ) (-4096 0 2528 ) 
4 2163 2285 (-4096 0 -832 ) (-4096 0 -960 ) (-3472 0 -960 ) (-3472 0 -832 ) 
4 2163 2279 (-4096 0 -320 ) (-4096 0 -832 ) (-3472 0 -832 ) (-3472 0 -320 ) 
4 2163 2258 (-4096 0 64 ) (-4096 0 -320 ) (-3472 0 -320 ) (-3472 0 64 ) 
4 2163 2251 (-3472 0 2528 ) (-4096 0 2528 ) (-4096 0 64 ) (-3472 0 64 ) 
4 2163 2176 (-3472 128 -960 ) (-3472 0 -960 ) (-4096 0 -960 ) (-4096 128 -960 ) 
4 2163 2172 (-3472 144 -960 ) (-3472 128 -960 ) (-4096 128 -960 ) (-4096 144 -960 ) 
4 2163 2170 (-3472 704 -960 ) (-3472 144 -960 ) (-4096 144 -960 ) (-4096 704 -960 ) 
4 2163 2166 (-4096 1024 -960 ) (-3472 1024 -960 ) (-3472 704 -960 ) (-4096 704 -960 ) 
4 2164 2167 (-3408 1024 -1408 ) (-3408 1024 -3040 ) (-3408 768 -3040 ) (-3408 768 -1408 ) 
4 2164 2165 (-3408 768 -1408 ) (-3408 768 -3040 ) (-3072 768 -3040 ) (-3072 768 -1408 ) 
4 2165 2168 (-3072 704 -3040 ) (-3072 704 -1408 ) (-3408 704 -1408 ) (-3408 704 -3040 ) 
4 2165 2167 (-3408 704 -3040 ) (-3408 704 -1408 ) (-3408 768 -1408 ) (-3408 768 -3040 ) 
4 2166 2500 (-4096 1024 -960 ) (-4096 1024 -1408 ) (-4096 704 -1408 ) (-4096 704 -960 ) 
4 2166 2170 (-3472 704 -960 ) (-4096 704 -960 ) (-4096 704 -1408 ) (-3472 704 -1408 ) 
4 2166 2167 (-4096 1024 -1408 ) (-3472 1024 -1408 ) (-3472 704 -1408 ) (-4096 704 -1408 ) 
4 2167 2500 (-4096 1024 -1408 ) (-4096 1024 -3040 ) (-4096 704 -3040 ) (-4096 704 -1408 ) 
4 2167 2168 (-3408 704 -3040 ) (-3408 704 -1408 ) (-3472 704 -1408 ) (-3472 704 -3040 ) 
4 2167 2170 (-3472 704 -1408 ) (-4096 704 -1408 ) (-4096 704 -3040 ) (-3472 704 -3040 ) 
4 2168 2169 (-3472 688 -1088 ) (-3472 688 -3040 ) (-3072 688 -3040 ) (-3072 688 -1088 ) 
4 2168 2170 (-3472 704 -1088 ) (-3472 704 -3040 ) (-3472 688 -3040 ) (-3472 688 -1088 ) 
4 2169 2171 (-3104 144 -3040 ) (-3072 144 -3040 ) (-3072 144 -1280 ) (-3104 144 -1280 ) 
4 2169 2172 (-3472 144 -3040 ) (-3104 144 -3040 ) (-3104 144 -960 ) (-3472 144 -960 ) 
4 2169 2170 (-3472 688 -3040 ) (-3472 144 -3040 ) (-3472 144 -960 ) (-3472 688 -960 ) 
4 2170 2500 (-4096 144 -960 ) (-4096 704 -960 ) (-4096 704 -3040 ) (-4096 144 -3040 ) 
4 2170 2172 (-4096 144 -3040 ) (-3472 144 -3040 ) (-3472 144 -960 ) (-4096 144 -960 ) 
4 2171 2175 (-3104 128 -1280 ) (-3104 128 -3040 ) (-3088 128 -3040 ) (-3088 128 -1280 ) 
4 2171 2173 (-3088 128 -3040 ) (-3072 128 -3040 ) (-3072 128 -1280 ) (-3088 128 -1280 ) 
4 2171 2172 (-3104 144 -1280 ) (-3104 144 -3040 ) (-3104 128 -3040 ) (-3104 128 -1280 ) 
4 2172 2500 (-4096 128 -3040 ) (-4096 128 -960 ) (-4096 144 -960 ) (-4096 144 -3040 ) 
4 2172 2176 (-3104 128 -960 ) (-4096 128 -960 ) (-4096 128 -3040 ) (-3104 128 -3040 ) 
4 2173 2296 (-3072 0 -3040 ) (-3072 0 -1280 ) (-3088 0 -1280 ) (-3088 0 -3040 ) 
4 2173 2290 (-3072 0 -1280 ) (-3072 0 -1261.709961 ) (-3088 0 -1261.709961 ) (-3088 0 -1280 ) 
4 2173 2175 (-3088 128 -1280 ) (-3088 128 -3040 ) (-3088 0 -3040 ) (-3088 0 -1280 ) 
4 2174 2289 (-3072 0 -1231.236694 ) (-3072 0 -976 ) (-3088 0 -976 ) (-3088 0 -1231.236694 ) 
4 2175 2296 (-3088 0 -3040 ) (-3088 0 -1280 ) (-3104 0 -1280 ) (-3104 0 -3040 ) 
4 2175 2176 (-3104 128 -1280 ) (-3104 128 -3040 ) (-3104 0 -3040 ) (-3104 0 -1280 ) 
4 2176 2500 (-4096 0 -3040 ) (-4096 0 -960 ) (-4096 128 -960 ) (-4096 128 -3040 ) 
4 2176 2296 (-4096 0 -1280 ) (-4096 0 -3040 ) (-3104 0 -3040 ) (-3104 0 -1280 ) 
4 2176 2291 (-3104 0 -960 ) (-4096 0 -960 ) (-4096 0 -1280 ) (-3104 0 -1280 ) 
4 2177 2199 (-2048 -512 -436 ) (-2048 -512 2528 ) (-2448 -512 2528 ) (-2448 -512 -436 ) 
4 2177 2191 (-2448 -128 -384 ) (-2448 -512 -384 ) (-2448 -512 -256 ) (-2448 -128 -256 ) 
4 2177 2189 (-2448 -448 -192 ) (-2448 -512 -192 ) (-2448 -512 -64 ) (-2448 -448 -64 ) 
4 2177 2187 (-2448 0 -64 ) (-2448 0 -192 ) (-2448 -256 -192 ) (-2448 -256 -64 ) 
4 2177 2188 (-2448 -384 -192 ) (-2448 -448 -192 ) (-2448 -448 -64 ) (-2448 -384 -64 ) 
4 2177 2186 (-2448 0 2528 ) (-2448 0 128 ) (-2448 -512 128 ) (-2448 -512 2528 ) 
4 2177 2183 (-2384 -512 -436 ) (-2448 -512 -436 ) (-2448 0 -436 ) (-2384 0 -436 ) 
4 2177 2180 (-2376 -512 -436 ) (-2384 -512 -436 ) (-2384 -386 -436 ) (-2376 -386 -436 ) 
4 2177 2179 (-2048 -512 -436 ) (-2376 -512 -436 ) (-2376 -382 -436 ) (-2048 -382 -436 ) 
4 2177 2178 (-2384 -382 -436 ) (-2384 0 -436 ) (-2048 0 -436 ) (-2048 -382 -436 ) 
4 2178 2184 (-2384 -382 -436 ) (-2384 0 -436 ) (-2386 0 -438 ) (-2386 -381 -438 ) 
4 2178 2182 (-2386 0 -438 ) (-2388 0 -440 ) (-2388 -380 -440 ) (-2386 -381 -438 ) 
4 2178 2179 (-2372 -379.998993 -440 ) (-2048 -379.998993 -440 ) (-2048 -381.998047 -436 ) (-2376 -381.998047 -436 ) 
4 2178 2181 (-2388.005859 -380 -440 ) (-2388.005859 0 -440 ) (-2048 0 -440 ) (-2048 -380 -440 ) 
4 2179 2199 (-2048 -512 -440 ) (-2048 -512 -436 ) (-2376 -512 -436 ) (-2372 -512 -440 ) 
4 2179 2180 (-2372 -388 -440 ) (-2372 -512 -440 ) (-2376 -512 -436 ) (-2376 -386 -436 ) 
4 2179 2181 (-2048 -512 -440 ) (-2372 -512 -440 ) (-2372 -380 -440 ) (-2048 -380 -440 ) 
4 2180 2199 (-2376 -512 -436 ) (-2384 -512 -436 ) (-2388 -512 -440 ) (-2372 -512 -440 ) 
4 2180 2185 (-2386 -512 -438 ) (-2384 -512 -436 ) (-2384 -386 -436 ) (-2386 -387 -438 ) 
4 2180 2182 (-2388 -512 -440 ) (-2386 -512 -438 ) (-2386 -387 -438 ) (-2388 -388 -440 ) 
4 2180 2181 (-2372 -512 -440 ) (-2388.005859 -512 -440 ) (-2388.005859 -388 -440 ) (-2372 -388 -440 ) 
4 2181 2217 (-2048 -488 -960 ) (-2048 -512 -960 ) (-2448 -512 -960 ) (-2448 -488 -960 ) 
4 2181 2215 (-2048 -427.428528 -960 ) (-2048 -488 -960 ) (-2448 -488 -960 ) (-2448 -256 -960 ) 
4 2181 2214 (-2048 -16 -960 ) (-2048 -299.428589 -960 ) (-2384 -155.428604 -960 ) (-2384 -16 -960 ) 
4 2181 2208 (-2384 0 -960 ) (-2048 0 -960 ) (-2048 -16 -960 ) (-2384 -16 -960 ) 
4 2181 2207 (-2448 -512 -960 ) (-2048 -512 -960 ) (-2048 -512 -832 ) (-2448 -512 -832 ) 
4 2181 2200 (-2048 -512 -832 ) (-2048 -512 -812 ) (-2448 -512 -812 ) (-2448 -512 -832 ) 
5 2181 2199 (-2048 -512 -812 ) (-2048 -512 -440 ) (-2388 -512 -440 ) (-2448 -512 -500 ) (-2448 -512 -812 ) 
4 2181 2193 (-2448 0 -768 ) (-2448 0 -960 ) (-2448 -256 -960 ) (-2448 -256 -768 ) 
4 2181 2182 (-2448 0 -500 ) (-2448 -512 -500 ) (-2388 -512 -440 ) (-2388 0 -440 ) 
3 2182 2199 (-2448 -512 -448 ) (-2448 -512 -500 ) (-2386 -512 -438 ) 
4 2182 2185 (-2448 -385.929993 -448 ) (-2448 -512 -448 ) (-2386.003906 -512 -438 ) (-2386.003906 -385 -438 ) 
4 2182 2184 (-2448 0 -448 ) (-2448 -382 -448 ) (-2386.003906 -382.969940 -438 ) (-2386.003906 0 -438 ) 
3 2183 2199 (-2384 -512 -436 ) (-2448 -512 -436 ) (-2448 -512 -444 ) 
4 2183 2185 (-2448 -512 -444 ) (-2448 -386.001526 -444 ) (-2384 -385 -436 ) (-2384 -512 -436 ) 
4 2183 2184 (-2448 -382 -444 ) (-2448 0 -444 ) (-2384 0 -436 ) (-2384 -383.001312 -436 ) 
4 2185 2199 (-2384 -512 -436 ) (-2448 -512 -444 ) (-2448 -512 -448 ) (-2386 -512 -438 ) 
4 2186 2199 (-2448 -512 128 ) (-2448 -512 2528 ) (-2960 -512 2528 ) (-2960 -512 128 ) 
4 2186 2197 (-2960 -512 128 ) (-2960 -512 2528 ) (-2960 -192 2528 ) (-2960 -192 128 ) 
4 2186 2194 (-2960 -128 2528 ) (-2960 0 2528 ) (-2960 0 128 ) (-2960 -128 128 ) 
4 2186 2195 (-2960 -192 2528 ) (-2960 -128 2528 ) (-2960 -128 128 ) (-2960 -192 128 ) 
4 2188 2189 (-2576 -448 -192 ) (-2448 -448 -192 ) (-2448 -448 -64 ) (-2576 -448 -64 ) 
4 2189 2199 (-2448 -512 -192 ) (-2448 -512 -64 ) (-2576 -512 -64 ) (-2576 -512 -192 ) 
4 2190 2199 (-2640 -512 -64 ) (-2832 -512 -64 ) (-2832 -512 -192 ) (-2640 -512 -192 ) 
4 2191 2199 (-2448 -512 -384 ) (-2448 -512 -256 ) (-2576 -512 -256 ) (-2576 -512 -384 ) 
4 2192 2199 (-2704 -512 -256 ) (-2832 -512 -256 ) (-2832 -512 -384 ) (-2704 -512 -384 ) 
4 2194 2195 (-2976 -128 2528 ) (-2976 -128 -768 ) (-2960 -128 -768 ) (-2960 -128 2528 ) 
4 2194 2196 (-2976 -128 -768 ) (-2976 -128 2528 ) (-2976 0 2528 ) (-2976 0 -768 ) 
4 2195 2197 (-2960 -192 -832 ) (-2960 -192 2528 ) (-2976 -192 2528 ) (-2976 -192 -832 ) 
4 2195 2198 (-2976 -192 -960 ) (-2960 -192 -960 ) (-2960 -192 -896 ) (-2976 -192 -896 ) 
4 2195 2196 (-2976 -128 -960 ) (-2976 -192 -960 ) (-2976 -192 2528 ) (-2976 -128 2528 ) 
4 2196 2280 (-3072 0 -832 ) (-3072 0 -960 ) (-3072 -192 -960 ) (-3072 -192 -832 ) 
4 2196 2260 (-3072 0 -320 ) (-3072 0 -832 ) (-3072 -192 -832 ) (-3072 -192 -320 ) 
4 2196 2252 (-3072 0 64 ) (-3072 0 -320 ) (-3072 -192 -320 ) (-3072 -192 64 ) 
4 2196 2251 (-3072 0 2528 ) (-3072 0 64 ) (-3072 -192 64 ) (-3072 -192 2528 ) 
4 2196 2197 (-2976 -192 -832 ) (-2976 -192 2528 ) (-3072 -192 2528 ) (-3072 -192 -832 ) 
4 2196 2198 (-3072 -192 -960 ) (-2976 -192 -960 ) (-2976 -192 -896 ) (-3072 -192 -896 ) 
4 2197 2260 (-3072 -512 -832 ) (-3072 -512 -320 ) (-3072 -192 -320 ) (-3072 -192 -832 ) 
4 2197 2252 (-3072 -512 -320 ) (-3072 -512 64 ) (-3072 -192 64 ) (-3072 -192 -320 ) 
4 2197 2251 (-3072 -512 64 ) (-3072 -512 2528 ) (-3072 -192 2528 ) (-3072 -192 64 ) 
4 2197 2200 (-3072 -512 -812 ) (-3072 -512 -832 ) (-2960 -512 -832 ) (-2960 -512 -812 ) 
4 2197 2199 (-3072 -512 2528 ) (-3072 -512 -812 ) (-2960 -512 -812 ) (-2960 -512 2528 ) 
4 2198 2281 (-3072 -192 -960 ) (-3072 -512 -960 ) (-3072 -512 -896 ) (-3072 -192 -896 ) 
4 2198 2237 (-2960 -496 -960 ) (-2960 -512 -960 ) (-3072 -512 -960 ) (-3072 -496 -960 ) 
4 2198 2235 (-2960 -272 -960 ) (-2960 -496 -960 ) (-3072 -496 -960 ) (-3072 -272 -960 ) 
4 2199 2444 (-2896 -1024 -384 ) (-3072 -1024 -384 ) (-3072 -1024 -812 ) (-2896 -1024 -812 ) 
4 2199 2443 (-2576 -1024 -384 ) (-2896 -1024 -384 ) (-2896 -1024 -812 ) (-2576 -1024 -812 ) 
4 2199 2439 (-2512 -1024 -384 ) (-2576 -1024 -392 ) (-2576 -1024 -396 ) (-2514 -1024 -386 ) 
3 2199 2438 (-2512 -1024 -384 ) (-2576 -1024 -384 ) (-2576 -1024 -392 ) 
3 2199 2437 (-2576 -1024 -396 ) (-2576 -1024 -448 ) (-2514 -1024 -386 ) 
4 2199 2433 (-2048 -1024 -388 ) (-2048 -1024 -384 ) (-2512 -1024 -384 ) (-2516 -1024 -388 ) 
5 2199 2436 (-2048 -1024 -812 ) (-2048 -1024 -388 ) (-2516 -1024 -388 ) (-2576 -1024 -448 ) (-2576 -1024 -812 ) 
4 2199 2430 (-2576 -1024 2528 ) (-3072 -1024 2528 ) (-3072 -1024 -384 ) (-2576 -1024 -384 ) 
4 2199 2429 (-2048 -1024 -384 ) (-2048 -1024 2528 ) (-2576 -1024 2528 ) (-2576 -1024 -384 ) 
4 2199 2276 (-3072 -1024 -812 ) (-3072 -1024 -320 ) (-3072 -992 -320 ) (-3072 -992 -812 ) 
4 2199 2275 (-3072 -992 -320 ) (-3072 -988 -320 ) (-3072 -988 -812 ) (-3072 -992 -812 ) 
4 2199 2274 (-3072 -988 -320 ) (-3072 -932 -320 ) (-3072 -932 -812 ) (-3072 -988 -812 ) 
4 2199 2273 (-3072 -932 -320 ) (-3072 -928 -320 ) (-3072 -928 -812 ) (-3072 -932 -812 ) 
4 2199 2271 (-3072 -928 -320 ) (-3072 -800 -320 ) (-3072 -800 -812 ) (-3072 -928 -812 ) 
4 2199 2270 (-3072 -800 -320 ) (-3072 -796 -320 ) (-3072 -796 -812 ) (-3072 -800 -812 ) 
4 2199 2269 (-3072 -796 -320 ) (-3072 -740 -320 ) (-3072 -740 -812 ) (-3072 -796 -812 ) 
4 2199 2268 (-3072 -740 -320 ) (-3072 -736 -320 ) (-3072 -736 -812 ) (-3072 -740 -812 ) 
4 2199 2267 (-3072 -736 -320 ) (-3072 -704 -320 ) (-3072 -704 -812 ) (-3072 -736 -812 ) 
4 2199 2265 (-3072 -704 -320 ) (-3072 -560 -320 ) (-3072 -560 -812 ) (-3072 -704 -812 ) 
4 2199 2260 (-3072 -560 -320 ) (-3072 -512 -320 ) (-3072 -512 -812 ) (-3072 -560 -812 ) 
4 2199 2252 (-3072 -576 64 ) (-3072 -512 64 ) (-3072 -512 -320 ) (-3072 -576 -320 ) 
4 2199 2259 (-3072 -1024 -320 ) (-3072 -1024 64 ) (-3072 -576 64 ) (-3072 -576 -320 ) 
4 2199 2251 (-3072 -1024 64 ) (-3072 -1024 2528 ) (-3072 -512 2528 ) (-3072 -512 64 ) 
4 2199 2206 (-2048 -1024 -812 ) (-3072 -1024 -812 ) (-3072 -992 -812 ) (-2048 -992 -812 ) 
4 2199 2205 (-3072 -988 -812 ) (-3072 -932 -812 ) (-2048 -932 -812 ) (-2048 -988 -812 ) 
4 2199 2203 (-3072 -928 -812 ) (-3072 -800 -812 ) (-2048 -800 -812 ) (-2048 -928 -812 ) 
4 2199 2202 (-3072 -796 -812 ) (-3072 -740 -812 ) (-2048 -740 -812 ) (-2048 -796 -812 ) 
4 2199 2201 (-3072 -736 -812 ) (-3072 -704 -812 ) (-2048 -704 -812 ) (-2048 -736 -812 ) 
4 2199 2200 (-3072 -704 -812 ) (-3072 -512 -812 ) (-2048 -512 -812 ) (-2048 -704 -812 ) 
4 2200 2265 (-3072 -704 -812 ) (-3072 -560 -812 ) (-3072 -560 -832 ) (-3072 -704 -832 ) 
4 2200 2260 (-3072 -560 -812 ) (-3072 -512 -812 ) (-3072 -512 -832 ) (-3072 -560 -832 ) 
4 2200 2207 (-2896 -512 -832 ) (-2048 -512 -832 ) (-2048 -704 -832 ) (-2896 -704 -832 ) 
4 2200 2201 (-2048 -704 -816 ) (-2048 -704 -812 ) (-3072 -704 -812 ) (-3072 -704 -816 ) 
4 2201 2267 (-3072 -736 -812 ) (-3072 -704 -812 ) (-3072 -704 -816 ) (-3072 -736 -816 ) 
4 2202 2269 (-3072 -796 -812 ) (-3072 -740 -812 ) (-3072 -740 -816 ) (-3072 -796 -816 ) 
4 2203 2271 (-3072 -928 -812 ) (-3072 -800 -812 ) (-3072 -800 -816 ) (-3072 -928 -816 ) 
4 2203 2204 (-3072 -896 -816 ) (-3072 -832 -816 ) (-2048 -832 -816 ) (-2048 -896 -816 ) 
4 2204 2272 (-3072 -832 -832 ) (-3072 -896 -832 ) (-3072 -896 -816 ) (-3072 -832 -816 ) 
4 2204 2207 (-2048 -832 -832 ) (-2048 -896 -832 ) (-2896 -896 -832 ) (-2896 -832 -832 ) 
4 2205 2274 (-3072 -988 -812 ) (-3072 -932 -812 ) (-3072 -932 -816 ) (-3072 -988 -816 ) 
4 2206 2444 (-2896 -1024 -812 ) (-3072 -1024 -812 ) (-3072 -1024 -816 ) (-2896 -1024 -816 ) 
4 2206 2443 (-2576 -1024 -812 ) (-2896 -1024 -812 ) (-2896 -1024 -816 ) (-2576 -1024 -816 ) 
4 2206 2436 (-2048 -1024 -816 ) (-2048 -1024 -812 ) (-2576 -1024 -812 ) (-2576 -1024 -816 ) 
4 2206 2276 (-3072 -1024 -816 ) (-3072 -1024 -812 ) (-3072 -992 -812 ) (-3072 -992 -816 ) 
4 2207 2480 (-2576 -1024 -896 ) (-2896 -1024 -896 ) (-2896 -1024 -960 ) (-2576 -1024 -960 ) 
4 2207 2479 (-2320 -1024 -896 ) (-2576 -1024 -896 ) (-2576 -1024 -960 ) (-2320 -1024 -960 ) 
4 2207 2449 (-2072 -1024 -896 ) (-2320 -1024 -896 ) (-2320 -1024 -960 ) (-2072 -1024 -960 ) 
4 2207 2447 (-2048 -1024 -960 ) (-2048 -1024 -896 ) (-2072 -1024 -896 ) (-2072 -1024 -960 ) 
4 2207 2443 (-2576 -1024 -832 ) (-2896 -1024 -832 ) (-2896 -1024 -896 ) (-2576 -1024 -896 ) 
4 2207 2436 (-2048 -1024 -896 ) (-2048 -1024 -832 ) (-2576 -1024 -832 ) (-2576 -1024 -896 ) 
4 2207 2244 (-2832 -1024 -960 ) (-2896 -1024 -960 ) (-2896 -512 -960 ) (-2832 -512 -960 ) 
4 2207 2238 (-2832 -528 -960 ) (-2832 -512 -960 ) (-2448 -512 -960 ) (-2448 -528 -960 ) 
4 2207 2243 (-2448 -1024 -960 ) (-2832 -1024 -960 ) (-2832 -528 -960 ) (-2448 -528 -960 ) 
4 2207 2217 (-2048 -512 -960 ) (-2048 -1024 -960 ) (-2448 -1024 -960 ) (-2448 -512 -960 ) 
4 2208 2250 (-2384 0 -1280 ) (-2048 0 -1280 ) (-2048 -16 -1280 ) (-2384 -16 -1280 ) 
4 2208 2214 (-2048 -16 -976 ) (-2048 -16 -960 ) (-2384 -16 -960 ) (-2384 -16 -976 ) 
4 2208 2216 (-2384 -16 -1280 ) (-2048 -16 -1280 ) (-2048 -16 -976 ) (-2384 -16 -976 ) 
4 2208 2209 (-2384 0 -1280 ) (-2384 -16 -1280 ) (-2384 -16 -976 ) (-2384 0 -976 ) 
4 2209 2250 (-2448 0 -1280 ) (-2384 0 -1280 ) (-2384 -16 -1280 ) (-2448 -16 -1280 ) 
4 2209 2216 (-2448 -16 -1280 ) (-2384 -16 -1280 ) (-2384 -16 -976 ) (-2448 -16 -976 ) 
4 2211 2227 (-2640 -16 -1216 ) (-2640 -16 -1112 ) (-2855.466797 -16 -1112 ) (-2883.200195 -16 -1216 ) 
4 2211 2225 (-2855.466797 -16 -1112 ) (-2896 -16 -1112 ) (-2896 -16 -1216 ) (-2883.200195 -16 -1216 ) 
4 2212 2289 (-3072 0 -976 ) (-3072 0 -1231.236694 ) (-3072 -16 -1231.236694 ) (-3072 -16 -976 ) 
4 2212 2233 (-3056 -16 -1120 ) (-3072 -16 -1120 ) (-3072 -16 -1231.236694 ) (-3056 -16 -1231.236694 ) 
4 2212 2231 (-3000 -16 -1120 ) (-3056 -16 -1120 ) (-3056 -16 -1231.236694 ) (-3000 -16 -1231.236694 ) 
4 2212 2229 (-2960 -16 -1231.236694 ) (-2960 -16 -1120 ) (-3000 -16 -1120 ) (-3000 -16 -1231.236694 ) 
4 2212 2228 (-2960 -16 -1120 ) (-2960 -16 -976 ) (-3072 -16 -976 ) (-3072 -16 -1120 ) 
4 2213 2290 (-3072 0 -1247.473389 ) (-3072 0 -1280 ) (-3072 -16 -1280 ) (-3072 -16 -1247.473389 ) 
4 2213 2250 (-3072 -16 -1280 ) (-3072 0 -1280 ) (-2960 0 -1280 ) (-2960 -16 -1280 ) 
4 2213 2234 (-3072 -16 -1280 ) (-3056 -16 -1280 ) (-3056 -16 -1247.473389 ) (-3072 -16 -1247.473389 ) 
4 2213 2232 (-3056 -16 -1280 ) (-3000 -16 -1280 ) (-3000 -16 -1247.473389 ) (-3056 -16 -1247.473389 ) 
4 2213 2230 (-3000 -16 -1280 ) (-2960 -16 -1280 ) (-2960 -16 -1247.473389 ) (-3000 -16 -1247.473389 ) 
4 2214 2216 (-2384 -16 -976 ) (-2048 -16 -976 ) (-2048 -299.428589 -976 ) (-2384 -155.428604 -976 ) 
4 2215 2217 (-2448 -488 -960 ) (-2448 -488 -976 ) (-2048 -488 -976 ) (-2048 -488 -960 ) 
4 2215 2216 (-2048 -488 -976 ) (-2448 -488 -976 ) (-2448 -256 -976 ) (-2048 -427.428528 -976 ) 
4 2216 2250 (-2448 -488 -1280 ) (-2448 -16 -1280 ) (-2048 -16 -1280 ) (-2048 -488 -1280 ) 
3 2216 2219 (-2064 -488 -1208 ) (-2064 -488 -1200 ) (-2128 -488 -1200 ) 
3 2216 2218 (-2256 -488 -1200 ) (-2320 -488 -1200 ) (-2320 -488 -1208 ) 
4 2216 2217 (-2448 -488 -976 ) (-2448 -488 -1200 ) (-2048 -488 -1200 ) (-2048 -488 -976 ) 
4 2216 2220 (-2448 -488 -1216 ) (-2448 -488 -1280 ) (-2048 -488 -1280 ) (-2048 -488 -1216 ) 
4 2217 2479 (-2320 -1024 -960 ) (-2448 -1024 -960 ) (-2448 -1024 -1200 ) (-2320 -1024 -1200 ) 
4 2217 2453 (-2064 -1024 -1168 ) (-2320 -1024 -1168 ) (-2320 -1024 -1200 ) (-2064 -1024 -1200 ) 
4 2217 2451 (-2048 -1024 -1200 ) (-2048 -1024 -1168 ) (-2064 -1024 -1168 ) (-2064 -1024 -1200 ) 
4 2217 2449 (-2072 -1024 -960 ) (-2320 -1024 -960 ) (-2320 -1024 -1168 ) (-2072 -1024 -1168 ) 
4 2217 2447 (-2048 -1024 -1168 ) (-2048 -1024 -960 ) (-2072 -1024 -960 ) (-2072 -1024 -1168 ) 
4 2217 2245 (-2448 -514 -1072 ) (-2448 -512 -1072 ) (-2448 -512 -1200 ) (-2448 -514 -1200 ) 
4 2217 2248 (-2448 -1024 -1200 ) (-2448 -1024 -1072 ) (-2448 -514 -1072 ) (-2448 -514 -1200 ) 
4 2217 2239 (-2448 -512 -1056 ) (-2448 -512 -1072 ) (-2448 -528 -1072 ) (-2448 -528 -1056 ) 
4 2217 2238 (-2448 -528 -960 ) (-2448 -512 -960 ) (-2448 -512 -1056 ) (-2448 -528 -1056 ) 
4 2217 2243 (-2448 -1024 -1072 ) (-2448 -1024 -960 ) (-2448 -528 -960 ) (-2448 -528 -1072 ) 
4 2217 2219 (-2128 -488 -1200 ) (-2064 -488 -1200 ) (-2064 -1024 -1200 ) (-2128 -1024 -1200 ) 
4 2217 2218 (-2320 -488 -1200 ) (-2256 -488 -1200 ) (-2256 -1024 -1200 ) (-2320 -1024 -1200 ) 
3 2218 2454 (-2256 -1024 -1200 ) (-2320 -1024 -1200 ) (-2320 -1024 -1208 ) 
3 2219 2455 (-2064 -1024 -1200 ) (-2128 -1024 -1200 ) (-2064 -1024 -1208 ) 
4 2220 2488 (-2048 -1024 -1280 ) (-2048 -1024 -1216 ) (-2448 -1024 -1216 ) (-2448 -1024 -1280 ) 
4 2220 2250 (-2048 -1024 -1280 ) (-2448 -1024 -1280 ) (-2448 -488 -1280 ) (-2048 -488 -1280 ) 
4 2220 2249 (-2448 -512 -1280 ) (-2448 -1024 -1280 ) (-2448 -1024 -1216 ) (-2448 -512 -1216 ) 
4 2221 2223 (-2768 -16 -976 ) (-2640 -16 -976 ) (-2640 -304 -976 ) (-2768 -304 -976 ) 
4 2221 2222 (-2640 -16 -976 ) (-2512 -16 -976 ) (-2512 -496 -976 ) (-2640 -496 -976 ) 
4 2221 2224 (-2896 -16 -976 ) (-2768 -16 -976 ) (-2768 -496 -976 ) (-2896 -496 -976 ) 
4 2222 2227 (-2640 -16 -1024 ) (-2576 -16 -1024 ) (-2576 -304 -1024 ) (-2640 -304 -1024 ) 
4 2222 2226 (-2576 -16 -1024 ) (-2464 -16 -1024 ) (-2464 -496 -1024 ) (-2576 -496 -1024 ) 
4 2222 2223 (-2640 -16 -1024 ) (-2640 -304 -1024 ) (-2640 -304 -976 ) (-2640 -16 -976 ) 
4 2223 2227 (-2768 -16 -1024 ) (-2640 -16 -1024 ) (-2640 -304 -1024 ) (-2768 -304 -1024 ) 
4 2223 2224 (-2768 -16 -1024 ) (-2768 -304 -1024 ) (-2768 -304 -976 ) (-2768 -16 -976 ) 
4 2224 2227 (-2832 -16 -1024 ) (-2768 -16 -1024 ) (-2768 -304 -1024 ) (-2832 -304 -1024 ) 
4 2224 2225 (-2944 -496 -1024 ) (-2944 -16 -1024 ) (-2832 -16 -1024 ) (-2832 -496 -1024 ) 
4 2225 2227 (-2896 -240 -1264 ) (-2896 -16 -1264 ) (-2832 -16 -1024 ) (-2832 -304 -1024 ) 
4 2226 2227 (-2512 -16 -1264 ) (-2512 -240 -1264 ) (-2576 -304 -1024 ) (-2576 -16 -1024 ) 
4 2228 2289 (-3072 -16 -976 ) (-3072 -16 -1120 ) (-3072 -256 -1120 ) (-3072 -256 -976 ) 
4 2228 2233 (-3072 -256 -1120 ) (-3072 -16 -1120 ) (-3056 -16 -1120 ) (-3056 -256 -1120 ) 
4 2228 2231 (-3056 -16 -1120 ) (-3000 -16 -1120 ) (-3000 -256 -1120 ) (-3056 -256 -1120 ) 
4 2228 2229 (-3000 -16 -1120 ) (-2960 -16 -1120 ) (-2960 -256 -1120 ) (-3000 -256 -1120 ) 
4 2229 2231 (-3000 -256 -1120 ) (-3000 -16 -1120 ) (-3000 -16 -1231.236694 ) (-3000 -256 -1231.236694 ) 
4 2230 2250 (-3000 -16 -1280 ) (-2960 -16 -1280 ) (-2960 -256 -1280 ) (-3000 -256 -1280 ) 
4 2230 2232 (-3000 -256 -1247.473389 ) (-3000 -16 -1247.473389 ) (-3000 -16 -1280 ) (-3000 -256 -1280 ) 
4 2231 2233 (-3056 -256 -1120 ) (-3056 -16 -1120 ) (-3056 -16 -1231.236694 ) (-3056 -256 -1231.236694 ) 
4 2232 2250 (-3056 -16 -1280 ) (-3000 -16 -1280 ) (-3000 -272 -1280 ) (-3056 -272 -1280 ) 
4 2232 2234 (-3056 -256 -1247.473389 ) (-3056 -16 -1247.473389 ) (-3056 -16 -1280 ) (-3056 -256 -1280 ) 
4 2232 2235 (-3056 -272 -1280 ) (-3000 -272 -1280 ) (-3000 -272 -1247.473389 ) (-3056 -272 -1247.473389 ) 
4 2233 2289 (-3072 -256 -1120 ) (-3072 -16 -1120 ) (-3072 -16 -1231.236694 ) (-3072 -256 -1231.236694 ) 
4 2234 2290 (-3072 -16 -1280 ) (-3072 -256 -1280 ) (-3072 -256 -1247.473389 ) (-3072 -16 -1247.473389 ) 
4 2234 2250 (-3072 -256 -1280 ) (-3072 -16 -1280 ) (-3056 -16 -1280 ) (-3056 -256 -1280 ) 
4 2235 2294 (-3072 -272 -1280 ) (-3072 -496 -1280 ) (-3072 -496 -960 ) (-3072 -272 -960 ) 
4 2235 2250 (-3072 -496 -1280 ) (-3072 -272 -1280 ) (-2960 -272 -1280 ) (-2960 -496 -1280 ) 
4 2235 2237 (-3072 -496 -1280 ) (-2960 -496 -1280 ) (-2960 -496 -960 ) (-3072 -496 -960 ) 
4 2236 2250 (-2832 -496 -1280 ) (-2704 -496 -1280 ) (-2704 -512 -1280 ) (-2832 -512 -1280 ) 
4 2236 2249 (-2832 -512 -1280 ) (-2704 -512 -1280 ) (-2704 -512 -1216 ) (-2832 -512 -1216 ) 
4 2237 2294 (-3072 -496 -1280 ) (-3072 -512 -1280 ) (-3072 -512 -960 ) (-3072 -496 -960 ) 
4 2237 2250 (-3072 -512 -1280 ) (-3072 -496 -1280 ) (-2960 -496 -1280 ) (-2960 -512 -1280 ) 
4 2238 2244 (-2832 -512 -960 ) (-2832 -512 -1056 ) (-2832 -528 -1056 ) (-2832 -528 -960 ) 
4 2238 2241 (-2640 -528 -1056 ) (-2704 -528 -1056 ) (-2704 -512 -1056 ) (-2640 -512 -1056 ) 
4 2238 2239 (-2448 -528 -1056 ) (-2512 -528 -1056 ) (-2512 -512 -1056 ) (-2448 -512 -1056 ) 
4 2238 2243 (-2832 -528 -960 ) (-2832 -528 -1056 ) (-2448 -528 -1056 ) (-2448 -528 -960 ) 
4 2239 2245 (-2512 -512 -1072 ) (-2448 -512 -1072 ) (-2448 -514 -1072 ) (-2512 -514 -1072 ) 
4 2239 2248 (-2448 -514 -1072 ) (-2448 -528 -1072 ) (-2512 -528 -1072 ) (-2512 -514 -1072 ) 
3 2239 2240 (-2512 -520 -1072 ) (-2512 -528 -1072 ) (-2512 -528 -1064 ) 
4 2239 2243 (-2512 -528 -1072 ) (-2448 -528 -1072 ) (-2448 -528 -1056 ) (-2512 -528 -1056 ) 
4 2240 2248 (-2512 -520 -1072 ) (-2512 -528 -1072 ) (-2640 -528 -1072 ) (-2640 -520 -1072 ) 
3 2240 2241 (-2640 -520 -1072 ) (-2640 -528 -1072 ) (-2640 -528 -1064 ) 
4 2240 2243 (-2640 -528 -1072 ) (-2512 -528 -1072 ) (-2512 -528 -1064 ) (-2640 -528 -1064 ) 
4 2241 2246 (-2704 -512 -1072 ) (-2640 -512 -1072 ) (-2640 -514 -1072 ) (-2704 -514 -1072 ) 
4 2241 2248 (-2640 -514 -1072 ) (-2640 -528 -1072 ) (-2704 -528 -1072 ) (-2704 -514 -1072 ) 
3 2241 2242 (-2704 -520 -1072 ) (-2704 -528 -1072 ) (-2704 -528 -1064 ) 
4 2241 2243 (-2704 -528 -1072 ) (-2640 -528 -1072 ) (-2640 -528 -1056 ) (-2704 -528 -1056 ) 
4 2242 2248 (-2704 -520 -1072 ) (-2704 -528 -1072 ) (-2832 -528 -1072 ) (-2832 -520 -1072 ) 
3 2242 2244 (-2832 -520 -1072 ) (-2832 -528 -1072 ) (-2832 -528 -1064 ) 
4 2242 2243 (-2832 -528 -1064 ) (-2832 -528 -1072 ) (-2704 -528 -1072 ) (-2704 -528 -1064 ) 
4 2243 2480 (-2576 -1024 -960 ) (-2832 -1024 -960 ) (-2832 -1024 -1072 ) (-2576 -1024 -1072 ) 
4 2243 2479 (-2448 -1024 -960 ) (-2576 -1024 -960 ) (-2576 -1024 -1072 ) (-2448 -1024 -1072 ) 
4 2243 2248 (-2448 -528 -1072 ) (-2448 -1024 -1072 ) (-2832 -1024 -1072 ) (-2832 -528 -1072 ) 
4 2243 2244 (-2832 -528 -1072 ) (-2832 -1024 -1072 ) (-2832 -1024 -960 ) (-2832 -528 -960 ) 
4 2244 2480 (-2832 -1024 -960 ) (-2896 -1024 -960 ) (-2896 -1024 -1072 ) (-2832 -1024 -1072 ) 
4 2244 2247 (-2896 -512 -1072 ) (-2832 -512 -1072 ) (-2832 -514 -1072 ) (-2896 -514 -1072 ) 
4 2244 2248 (-2832 -514 -1072 ) (-2832 -1024 -1072 ) (-2896 -1024 -1072 ) (-2896 -514 -1072 ) 
4 2245 2248 (-2512 -514 -1200 ) (-2448 -514 -1200 ) (-2448 -514 -1072 ) (-2512 -514 -1072 ) 
4 2246 2248 (-2704 -514 -1200 ) (-2640 -514 -1200 ) (-2640 -514 -1072 ) (-2704 -514 -1072 ) 
4 2247 2248 (-2896 -514 -1072 ) (-2896 -514 -1200 ) (-2832 -514 -1200 ) (-2832 -514 -1072 ) 
4 2248 2480 (-2576 -1024 -1072 ) (-2896 -1024 -1072 ) (-2896 -1024 -1200 ) (-2576 -1024 -1200 ) 
4 2248 2479 (-2448 -1024 -1200 ) (-2448 -1024 -1072 ) (-2576 -1024 -1072 ) (-2576 -1024 -1200 ) 
4 2249 2488 (-2896 -1024 -1280 ) (-2448 -1024 -1280 ) (-2448 -1024 -1216 ) (-2896 -1024 -1216 ) 
4 2249 2250 (-2448 -1024 -1280 ) (-2896 -1024 -1280 ) (-2896 -512 -1280 ) (-2448 -512 -1280 ) 
4 2250 2489 (-2896 -1024 -1280 ) (-3072 -1024 -1280 ) (-3072 -1024 -3040 ) (-2896 -1024 -3040 ) 
4 2250 2488 (-2048 -1024 -3040 ) (-2048 -1024 -1280 ) (-2896 -1024 -1280 ) (-2896 -1024 -3040 ) 
4 2250 2296 (-3072 0 -1280 ) (-3072 0 -3040 ) (-3072 -1024 -3040 ) (-3072 -1024 -1280 ) 
4 2251 2502 (-4096 -1024 64 ) (-4096 -1024 2528 ) (-4096 0 2528 ) (-4096 0 64 ) 
4 2251 2491 (-3072 -1024 64 ) (-3072 -1024 2528 ) (-4096 -1024 2528 ) (-4096 -1024 64 ) 
4 2251 2257 (-3088 -576 64 ) (-3216 -576 64 ) (-3200 -560 64 ) (-3088 -560 64 ) 
5 2251 2256 (-3472 -560 64 ) (-3472 -176 64 ) (-3104 -176 64 ) (-3104 -448 64 ) (-3216 -560 64 ) 
3 2251 2255 (-3104 -464 64 ) (-3104 -560 64 ) (-3200 -560 64 ) 
4 2251 2254 (-3088 -448 64 ) (-3088 -560 64 ) (-3104 -560 64 ) (-3104 -464 64 ) 
4 2251 2253 (-3472 -176 64 ) (-3472 0 64 ) (-3088 0 64 ) (-3088 -176 64 ) 
4 2251 2258 (-3472 -576 64 ) (-4096 -576 64 ) (-4096 0 64 ) (-3472 0 64 ) 
4 2251 2252 (-3072 0 64 ) (-3072 -576 64 ) (-3088 -576 64 ) (-3088 0 64 ) 
4 2251 2259 (-3072 -576 64 ) (-3072 -1024 64 ) (-4096 -1024 64 ) (-4096 -576 64 ) 
4 2252 2265 (-3072 -560 -320 ) (-3072 -576 -320 ) (-3088 -576 -320 ) (-3088 -560 -320 ) 
4 2252 2260 (-3088 0 -320 ) (-3072 0 -320 ) (-3072 -560 -320 ) (-3088 -560 -320 ) 
4 2252 2257 (-3088 -560 -320 ) (-3088 -576 -320 ) (-3088 -576 64 ) (-3088 -560 64 ) 
4 2252 2254 (-3088 -448 -320 ) (-3088 -560 -320 ) (-3088 -560 64 ) (-3088 -448 64 ) 
4 2252 2253 (-3088 0 -320 ) (-3088 -176 -320 ) (-3088 -176 64 ) (-3088 0 64 ) 
4 2252 2259 (-3088 -576 -320 ) (-3072 -576 -320 ) (-3072 -576 64 ) (-3088 -576 64 ) 
4 2253 2277 (-3472 0 -320 ) (-3408 0 -320 ) (-3408 -176 -320 ) (-3472 -176 -320 ) 
4 2253 2262 (-3216 0 -320 ) (-3104 0 -320 ) (-3104 -176 -320 ) (-3216 -176 -320 ) 
4 2253 2264 (-3408 0 -320 ) (-3216 0 -320 ) (-3216 -176 -320 ) (-3408 -176 -320 ) 
4 2253 2261 (-3104 0 -320 ) (-3088 0 -320 ) (-3088 -176 -320 ) (-3104 -176 -320 ) 
4 2253 2256 (-3472 -176 64 ) (-3472 -176 -320 ) (-3104 -176 -320 ) (-3104 -176 64 ) 
4 2253 2258 (-3472 0 -320 ) (-3472 -176 -320 ) (-3472 -176 64 ) (-3472 0 64 ) 
4 2254 2257 (-3104 -560 -320 ) (-3088 -560 -320 ) (-3088 -560 64 ) (-3104 -560 64 ) 
4 2254 2255 (-3104 -464 -320 ) (-3104 -560 -320 ) (-3104 -560 64 ) (-3104 -464 64 ) 
4 2255 2257 (-3200 -560 -320 ) (-3104 -560 -320 ) (-3104 -560 64 ) (-3200 -560 64 ) 
4 2256 2277 (-3408 -560 -320 ) (-3472 -560 -320 ) (-3472 -176 -320 ) (-3408 -176 -320 ) 
4 2256 2262 (-3216 -448 -320 ) (-3216 -176 -320 ) (-3104 -176 -320 ) (-3104 -448 -320 ) 
4 2256 2264 (-3216 -560 -320 ) (-3408 -560 -320 ) (-3408 -176 -320 ) (-3216 -176 -320 ) 
4 2256 2258 (-3472 -176 -320 ) (-3472 -560 -320 ) (-3472 -560 64 ) (-3472 -176 64 ) 
4 2257 2259 (-3216 -576 -320 ) (-3088 -576 -320 ) (-3088 -576 64 ) (-3216 -576 64 ) 
4 2258 2502 (-4096 -576 64 ) (-4096 0 64 ) (-4096 0 -320 ) (-4096 -576 -320 ) 
4 2258 2279 (-4096 -576 -320 ) (-4096 0 -320 ) (-3472 0 -320 ) (-3472 -576 -320 ) 
4 2258 2259 (-4096 -576 -320 ) (-3472 -576 -320 ) (-3472 -576 64 ) (-4096 -576 64 ) 
4 2259 2502 (-4096 -1024 -320 ) (-4096 -1024 64 ) (-4096 -576 64 ) (-4096 -576 -320 ) 
4 2259 2491 (-3072 -1024 -320 ) (-3072 -1024 64 ) (-4096 -1024 64 ) (-4096 -1024 -320 ) 
4 2259 2278 (-3408 -1024 -320 ) (-3472 -1024 -320 ) (-3472 -576 -320 ) (-3408 -576 -320 ) 
4 2259 2279 (-3472 -1024 -320 ) (-4096 -1024 -320 ) (-4096 -576 -320 ) (-3472 -576 -320 ) 
4 2259 2276 (-3072 -1024 -320 ) (-3408 -1024 -320 ) (-3408 -992 -320 ) (-3072 -992 -320 ) 
4 2259 2275 (-3408 -992 -320 ) (-3408 -988 -320 ) (-3072 -988 -320 ) (-3072 -992 -320 ) 
4 2259 2274 (-3408 -988 -320 ) (-3408 -932 -320 ) (-3072 -932 -320 ) (-3072 -988 -320 ) 
4 2259 2273 (-3408 -932 -320 ) (-3408 -928 -320 ) (-3072 -928 -320 ) (-3072 -932 -320 ) 
4 2259 2271 (-3408 -928 -320 ) (-3408 -800 -320 ) (-3072 -800 -320 ) (-3072 -928 -320 ) 
4 2259 2270 (-3408 -800 -320 ) (-3408 -796 -320 ) (-3072 -796 -320 ) (-3072 -800 -320 ) 
4 2259 2269 (-3408 -796 -320 ) (-3408 -740 -320 ) (-3072 -740 -320 ) (-3072 -796 -320 ) 
4 2259 2268 (-3408 -740 -320 ) (-3408 -736 -320 ) (-3072 -736 -320 ) (-3072 -740 -320 ) 
4 2259 2267 (-3408 -736 -320 ) (-3408 -704 -320 ) (-3072 -704 -320 ) (-3072 -736 -320 ) 
4 2259 2266 (-3408 -704 -320 ) (-3408 -576 -320 ) (-3088 -576 -320 ) (-3088 -704 -320 ) 
4 2259 2265 (-3088 -576 -320 ) (-3072 -576 -320 ) (-3072 -704 -320 ) (-3088 -704 -320 ) 
4 2260 2280 (-3072 0 -832 ) (-3072 -192 -832 ) (-3088 -192 -832 ) (-3088 0 -832 ) 
4 2260 2265 (-3088 -560 -832 ) (-3072 -560 -832 ) (-3072 -560 -320 ) (-3088 -560 -320 ) 
4 2260 2261 (-3088 0 -832 ) (-3088 -176 -832 ) (-3088 -176 -320 ) (-3088 0 -320 ) 
4 2261 2282 (-3104 -176 -832 ) (-3104 0 -832 ) (-3088 0 -832 ) (-3088 -176 -832 ) 
4 2261 2262 (-3104 0 -832 ) (-3104 -176 -832 ) (-3104 -176 -320 ) (-3104 0 -320 ) 
4 2262 2284 (-3216 -448 -832 ) (-3216 -176 -832 ) (-3104 -176 -832 ) (-3104 -448 -832 ) 
4 2262 2282 (-3216 -176 -832 ) (-3216 0 -832 ) (-3104 0 -832 ) (-3104 -176 -832 ) 
4 2262 2263 (-3216 -448 -336 ) (-3216 -448 -832 ) (-3104 -448 -832 ) (-3104 -448 -336 ) 
4 2262 2264 (-3216 0 -832 ) (-3216 -448 -832 ) (-3216 -448 -320 ) (-3216 0 -320 ) 
4 2263 2284 (-3216 -512 -832 ) (-3216 -448 -832 ) (-3104 -448 -832 ) (-3104 -512 -832 ) 
4 2263 2264 (-3216 -448 -832 ) (-3216 -560 -832 ) (-3216 -560 -336 ) (-3216 -448 -336 ) 
4 2264 2284 (-3408 -512 -832 ) (-3408 -176 -832 ) (-3216 -176 -832 ) (-3216 -512 -832 ) 
4 2264 2282 (-3408 -176 -832 ) (-3408 0 -832 ) (-3216 0 -832 ) (-3216 -176 -832 ) 
4 2264 2277 (-3408 0 -832 ) (-3408 -560 -832 ) (-3408 -560 -320 ) (-3408 0 -320 ) 
4 2265 2267 (-3072 -704 -816 ) (-3072 -704 -320 ) (-3088 -704 -320 ) (-3088 -704 -816 ) 
4 2265 2266 (-3088 -576 -832 ) (-3088 -704 -832 ) (-3088 -704 -320 ) (-3088 -576 -320 ) 
4 2266 2278 (-3408 -576 -832 ) (-3408 -704 -832 ) (-3408 -704 -320 ) (-3408 -576 -320 ) 
4 2266 2267 (-3408 -704 -320 ) (-3408 -704 -816 ) (-3088 -704 -816 ) (-3088 -704 -320 ) 
4 2267 2278 (-3408 -736 -816 ) (-3408 -736 -320 ) (-3408 -704 -320 ) (-3408 -704 -816 ) 
4 2267 2268 (-3408 -736 -320 ) (-3408 -736 -812 ) (-3072 -736 -812 ) (-3072 -736 -320 ) 
4 2268 2278 (-3408 -740 -812 ) (-3408 -740 -320 ) (-3408 -736 -320 ) (-3408 -736 -812 ) 
4 2268 2269 (-3408 -740 -320 ) (-3408 -740 -812 ) (-3072 -740 -812 ) (-3072 -740 -320 ) 
4 2269 2278 (-3408 -796 -816 ) (-3408 -796 -320 ) (-3408 -740 -320 ) (-3408 -740 -816 ) 
4 2269 2270 (-3408 -796 -320 ) (-3408 -796 -812 ) (-3072 -796 -812 ) (-3072 -796 -320 ) 
4 2270 2278 (-3408 -800 -812 ) (-3408 -800 -320 ) (-3408 -796 -320 ) (-3408 -796 -812 ) 
4 2270 2271 (-3408 -800 -320 ) (-3408 -800 -812 ) (-3072 -800 -812 ) (-3072 -800 -320 ) 
4 2271 2278 (-3408 -928 -816 ) (-3408 -928 -320 ) (-3408 -800 -320 ) (-3408 -800 -816 ) 
4 2271 2273 (-3408 -928 -320 ) (-3408 -928 -812 ) (-3072 -928 -812 ) (-3072 -928 -320 ) 
4 2271 2272 (-3408 -896 -816 ) (-3408 -832 -816 ) (-3072 -832 -816 ) (-3072 -896 -816 ) 
4 2272 2278 (-3408 -832 -832 ) (-3408 -896 -832 ) (-3408 -896 -816 ) (-3408 -832 -816 ) 
4 2273 2278 (-3408 -932 -812 ) (-3408 -932 -320 ) (-3408 -928 -320 ) (-3408 -928 -812 ) 
4 2273 2274 (-3408 -932 -320 ) (-3408 -932 -812 ) (-3072 -932 -812 ) (-3072 -932 -320 ) 
4 2274 2278 (-3408 -988 -816 ) (-3408 -988 -320 ) (-3408 -932 -320 ) (-3408 -932 -816 ) 
4 2274 2275 (-3408 -988 -320 ) (-3408 -988 -812 ) (-3072 -988 -812 ) (-3072 -988 -320 ) 
4 2275 2278 (-3408 -992 -812 ) (-3408 -992 -320 ) (-3408 -988 -320 ) (-3408 -988 -812 ) 
4 2275 2276 (-3408 -992 -320 ) (-3408 -992 -812 ) (-3072 -992 -812 ) (-3072 -992 -320 ) 
4 2276 2491 (-3072 -1024 -816 ) (-3072 -1024 -320 ) (-3408 -1024 -320 ) (-3408 -1024 -816 ) 
4 2276 2278 (-3408 -1024 -816 ) (-3408 -1024 -320 ) (-3408 -992 -320 ) (-3408 -992 -816 ) 
4 2277 2285 (-3472 -560 -832 ) (-3472 0 -832 ) (-3408 0 -832 ) (-3408 -560 -832 ) 
4 2277 2279 (-3472 0 -832 ) (-3472 -560 -832 ) (-3472 -560 -320 ) (-3472 0 -320 ) 
4 2278 2491 (-3408 -1024 -320 ) (-3472 -1024 -320 ) (-3472 -1024 -832 ) (-3408 -1024 -832 ) 
4 2278 2287 (-3408 -1024 -832 ) (-3472 -1024 -832 ) (-3472 -576 -832 ) (-3408 -576 -832 ) 
4 2278 2279 (-3472 -576 -832 ) (-3472 -1024 -832 ) (-3472 -1024 -320 ) (-3472 -576 -320 ) 
4 2279 2502 (-4096 -1024 -832 ) (-4096 -1024 -320 ) (-4096 0 -320 ) (-4096 0 -832 ) 
4 2279 2491 (-3472 -1024 -320 ) (-4096 -1024 -320 ) (-4096 -1024 -832 ) (-3472 -1024 -832 ) 
4 2279 2288 (-3472 -1024 -832 ) (-4096 -1024 -832 ) (-4096 -560 -832 ) (-3472 -560 -832 ) 
4 2279 2285 (-4096 -560 -832 ) (-4096 0 -832 ) (-3472 0 -832 ) (-3472 -560 -832 ) 
4 2280 2283 (-3088 -176 -960 ) (-3088 -192 -960 ) (-3088 -192 -880 ) (-3088 -176 -880 ) 
4 2280 2282 (-3088 0 -960 ) (-3088 -176 -960 ) (-3088 -176 -832 ) (-3088 0 -832 ) 
4 2280 2281 (-3088 -192 -896 ) (-3088 -192 -960 ) (-3072 -192 -960 ) (-3072 -192 -896 ) 
4 2281 2294 (-3072 -272 -960 ) (-3072 -512 -960 ) (-3088 -512 -960 ) (-3088 -272 -960 ) 
4 2281 2283 (-3088 -192 -960 ) (-3088 -512 -960 ) (-3088 -512 -896 ) (-3088 -192 -896 ) 
4 2282 2291 (-3408 0 -960 ) (-3104 0 -960 ) (-3104 -176 -960 ) (-3408 -176 -960 ) 
4 2282 2284 (-3408 -176 -832 ) (-3408 -176 -960 ) (-3104 -176 -960 ) (-3104 -176 -832 ) 
4 2282 2283 (-3104 -176 -960 ) (-3088 -176 -960 ) (-3088 -176 -880 ) (-3104 -176 -880 ) 
4 2282 2285 (-3408 0 -960 ) (-3408 -176 -960 ) (-3408 -176 -832 ) (-3408 0 -832 ) 
4 2283 2294 (-3088 -272 -960 ) (-3088 -512 -960 ) (-3104 -512 -960 ) (-3104 -272 -960 ) 
4 2283 2284 (-3104 -176 -880 ) (-3104 -176 -960 ) (-3104 -512 -960 ) (-3104 -512 -880 ) 
4 2284 2294 (-3408 -512 -960 ) (-3408 -272 -960 ) (-3104 -272 -960 ) (-3104 -512 -960 ) 
4 2284 2292 (-3408 -272 -960 ) (-3408 -256 -960 ) (-3104 -256 -960 ) (-3104 -272 -960 ) 
4 2284 2291 (-3408 -256 -960 ) (-3408 -176 -960 ) (-3104 -176 -960 ) (-3104 -256 -960 ) 
4 2284 2285 (-3408 -176 -960 ) (-3408 -512 -960 ) (-3408 -512 -832 ) (-3408 -176 -832 ) 
4 2285 2502 (-4096 -560 -832 ) (-4096 0 -832 ) (-4096 0 -960 ) (-4096 -560 -960 ) 
4 2285 2295 (-4096 -560 -960 ) (-4096 -272 -960 ) (-3408 -272 -960 ) (-3408 -560 -960 ) 
4 2285 2292 (-4096 -272 -960 ) (-4096 -256 -960 ) (-3408 -256 -960 ) (-3408 -272 -960 ) 
4 2285 2291 (-4096 -256 -960 ) (-4096 0 -960 ) (-3408 0 -960 ) (-3408 -256 -960 ) 
4 2285 2286 (-3472 -560 -960 ) (-3408 -560 -960 ) (-3408 -560 -880 ) (-3472 -560 -880 ) 
4 2285 2288 (-4096 -560 -960 ) (-3472 -560 -960 ) (-3472 -560 -832 ) (-4096 -560 -832 ) 
4 2286 2295 (-3472 -576 -960 ) (-3472 -560 -960 ) (-3408 -560 -960 ) (-3408 -576 -960 ) 
4 2286 2287 (-3472 -576 -880 ) (-3472 -576 -960 ) (-3408 -576 -960 ) (-3408 -576 -880 ) 
4 2286 2288 (-3472 -560 -880 ) (-3472 -560 -960 ) (-3472 -576 -960 ) (-3472 -576 -880 ) 
4 2287 2493 (-3408 -1024 -832 ) (-3472 -1024 -832 ) (-3472 -1024 -960 ) (-3408 -1024 -960 ) 
4 2287 2295 (-3408 -1024 -960 ) (-3472 -1024 -960 ) (-3472 -576 -960 ) (-3408 -576 -960 ) 
4 2287 2288 (-3472 -576 -960 ) (-3472 -1024 -960 ) (-3472 -1024 -832 ) (-3472 -576 -832 ) 
4 2288 2502 (-4096 -1024 -960 ) (-4096 -1024 -832 ) (-4096 -560 -832 ) (-4096 -560 -960 ) 
4 2288 2493 (-3472 -1024 -832 ) (-4096 -1024 -832 ) (-4096 -1024 -960 ) (-3472 -1024 -960 ) 
4 2288 2295 (-3472 -1024 -960 ) (-4096 -1024 -960 ) (-4096 -560 -960 ) (-3472 -560 -960 ) 
4 2290 2296 (-3088 0 -1280 ) (-3072 0 -1280 ) (-3072 -256 -1280 ) (-3088 -256 -1280 ) 
4 2291 2502 (-4096 -256 -960 ) (-4096 0 -960 ) (-4096 0 -1280 ) (-4096 -256 -1280 ) 
4 2291 2296 (-4096 -256 -1280 ) (-4096 0 -1280 ) (-3104 0 -1280 ) (-3104 -256 -1280 ) 
4 2291 2293 (-4096 -256 -1280 ) (-3104 -256 -1280 ) (-3104 -256 -1120 ) (-4096 -256 -1120 ) 
4 2291 2292 (-3104 -256 -1120 ) (-3104 -256 -960 ) (-4096 -256 -960 ) (-4096 -256 -1120 ) 
4 2292 2502 (-4096 -272 -960 ) (-4096 -256 -960 ) (-4096 -256 -1120 ) (-4096 -272 -1120 ) 
4 2292 2294 (-3104 -272 -960 ) (-3408 -272 -960 ) (-3408 -272 -1120 ) (-3104 -272 -1120 ) 
4 2292 2295 (-3408 -272 -960 ) (-4096 -272 -960 ) (-4096 -272 -1120 ) (-3408 -272 -1120 ) 
4 2292 2293 (-3104 -272 -1120 ) (-4096 -272 -1120 ) (-4096 -256 -1120 ) (-3104 -256 -1120 ) 
4 2293 2502 (-4096 -256 -1120 ) (-4096 -256 -1280 ) (-4096 -272 -1280 ) (-4096 -272 -1120 ) 
4 2293 2296 (-4096 -272 -1280 ) (-4096 -256 -1280 ) (-3104 -256 -1280 ) (-3104 -272 -1280 ) 
4 2293 2294 (-3408 -272 -1280 ) (-3104 -272 -1280 ) (-3104 -272 -1120 ) (-3408 -272 -1120 ) 
4 2293 2295 (-4096 -272 -1280 ) (-3408 -272 -1280 ) (-3408 -272 -1120 ) (-4096 -272 -1120 ) 
4 2294 2296 (-3408 -512 -1280 ) (-3408 -272 -1280 ) (-3072 -272 -1280 ) (-3072 -512 -1280 ) 
4 2294 2295 (-3408 -272 -960 ) (-3408 -272 -1280 ) (-3408 -512 -1280 ) (-3408 -512 -960 ) 
4 2295 2502 (-4096 -1024 -1280 ) (-4096 -1024 -960 ) (-4096 -272 -960 ) (-4096 -272 -1280 ) 
4 2295 2493 (-3408 -1024 -960 ) (-4096 -1024 -960 ) (-4096 -1024 -1280 ) (-3408 -1024 -1280 ) 
4 2295 2296 (-3408 -1024 -1280 ) (-4096 -1024 -1280 ) (-4096 -272 -1280 ) (-3408 -272 -1280 ) 
4 2296 2502 (-4096 -1024 -3040 ) (-4096 -1024 -1280 ) (-4096 0 -1280 ) (-4096 0 -3040 ) 
4 2296 2492 (-3072 -1024 -3040 ) (-3072 -1024 -1280 ) (-3408 -1024 -1280 ) (-3408 -1024 -3040 ) 
4 2296 2493 (-3408 -1024 -1280 ) (-4096 -1024 -1280 ) (-4096 -1024 -3040 ) (-3408 -1024 -3040 ) 
4 2297 2299 (0 -1200 -816 ) (0 -1200 2528 ) (-256 -1200 2528 ) (-256 -1200 -816 ) 
4 2297 2302 (-256 -1200 2528 ) (-264 -1200 2528 ) (-264 -1200 -816 ) (-256 -1200 -816 ) 
4 2297 2298 (-264 -1200 -816 ) (-264 -1200 2528 ) (-264 -1024 2528 ) (-264 -1024 -816 ) 
4 2298 2310 (-1024 -1024 2528 ) (-1024 -1024 -832 ) (-1024 -1200 -832 ) (-1024 -1200 2528 ) 
4 2298 2305 (-1024 -1200 -832 ) (-1024 -1024 -832 ) (-264 -1024 -832 ) (-264 -1200 -832 ) 
4 2298 2302 (-1024 -1200 -832 ) (-264 -1200 -832 ) (-264 -1200 2528 ) (-1024 -1200 2528 ) 
4 2299 2303 (-216 -1200 -832 ) (0 -1200 -832 ) (0 -1216 -832 ) (-216 -1216 -832 ) 
4 2299 2300 (-256 -1216 2528 ) (-256 -1216 -800 ) (0 -1216 -800 ) (0 -1216 2528 ) 
4 2299 2302 (-256 -1200 2528 ) (-256 -1200 -832 ) (-256 -1216 -832 ) (-256 -1216 2528 ) 
4 2300 2302 (-256 -1248 -800 ) (-256 -1248 2528 ) (-256 -1216 2528 ) (-256 -1216 -800 ) 
4 2300 2301 (-256 -1248 2528 ) (-256 -1248 -800 ) (0 -1248 -800 ) (0 -1248 2528 ) 
4 2301 2418 (0 -2048 -832 ) (0 -2048 2528 ) (-256 -2048 2528 ) (-256 -2048 -832 ) 
4 2301 2304 (-216 -2048 -832 ) (-256 -2048 -832 ) (-256 -1248 -832 ) (-216 -1248 -832 ) 
4 2301 2303 (0 -2048 -832 ) (-216 -2048 -832 ) (-216 -1248 -832 ) (0 -1248 -832 ) 
4 2301 2302 (-256 -1248 -832 ) (-256 -2048 -832 ) (-256 -2048 2528 ) (-256 -1248 2528 ) 
4 2302 2418 (-256 -2048 2528 ) (-1024 -2048 2528 ) (-1024 -2048 -832 ) (-256 -2048 -832 ) 
4 2302 2343 (-1024 -1664 -832 ) (-1024 -2048 -832 ) (-1024 -2048 2528 ) (-1024 -1664 2528 ) 
4 2302 2321 (-1024 -1632 -832 ) (-1024 -1664 -832 ) (-1024 -1664 2528 ) (-1024 -1632 2528 ) 
4 2302 2318 (-1024 -1344 -832 ) (-1024 -1632 -832 ) (-1024 -1632 2528 ) (-1024 -1344 2528 ) 
4 2302 2310 (-1024 -1200 -832 ) (-1024 -1344 -832 ) (-1024 -1344 2528 ) (-1024 -1200 2528 ) 
4 2302 2305 (-256 -2048 -832 ) (-1024 -2048 -832 ) (-1024 -1200 -832 ) (-256 -1200 -832 ) 
4 2303 2418 (0 -2048 -1216 ) (0 -2048 -832 ) (-216 -2048 -832 ) (-216 -2048 -1216 ) 
4 2303 2304 (-216 -1248 -1216 ) (-216 -2048 -1216 ) (-216 -2048 -832 ) (-216 -1248 -832 ) 
4 2304 2418 (-216 -2048 -832 ) (-256 -2048 -832 ) (-256 -2048 -1216 ) (-216 -2048 -1216 ) 
4 2304 2306 (-256 -1472 -1216 ) (-256 -1248 -1216 ) (-224 -1248 -1216 ) (-224 -1472 -1216 ) 
4 2304 2307 (-224 -2048 -1216 ) (-256 -2048 -1216 ) (-256 -1472 -1216 ) (-224 -1472 -1216 ) 
4 2304 2305 (-256 -1248 -1216 ) (-256 -2048 -1216 ) (-256 -2048 -832 ) (-256 -1248 -832 ) 
4 2305 2418 (-256 -2048 -832 ) (-1024 -2048 -832 ) (-1024 -2048 -1216 ) (-256 -2048 -1216 ) 
4 2305 2364 (-1024 -1632 -1216 ) (-1024 -2048 -1216 ) (-1024 -2048 -1088 ) (-1024 -1632 -1088 ) 
4 2305 2359 (-1024 -1088 -1216 ) (-1024 -1632 -1216 ) (-1024 -1632 -1088 ) (-1024 -1088 -1088 ) 
4 2305 2355 (-1024 -1024 -1088 ) (-1024 -1024 -1216 ) (-1024 -1088 -1216 ) (-1024 -1088 -1088 ) 
4 2305 2343 (-1024 -1664 -1088 ) (-1024 -2048 -1088 ) (-1024 -2048 -832 ) (-1024 -1664 -832 ) 
4 2305 2337 (-1024 -1632 -1088 ) (-1024 -1664 -1088 ) (-1024 -1664 -972 ) (-1024 -1632 -972 ) 
4 2305 2334 (-1024 -1216 -1088 ) (-1024 -1632 -1088 ) (-1024 -1632 -972 ) (-1024 -1216 -972 ) 
4 2305 2331 (-1024 -1088 -1088 ) (-1024 -1216 -1088 ) (-1024 -1216 -972 ) (-1024 -1088 -972 ) 
4 2305 2328 (-1024 -1024 -972 ) (-1024 -1024 -1088 ) (-1024 -1088 -1088 ) (-1024 -1088 -972 ) 
4 2305 2327 (-1024 -1024 -960 ) (-1024 -1024 -972 ) (-1024 -1664 -972 ) (-1024 -1664 -960 ) 
4 2305 2321 (-1024 -1632 -960 ) (-1024 -1664 -960 ) (-1024 -1664 -832 ) (-1024 -1632 -832 ) 
4 2305 2318 (-1024 -1344 -960 ) (-1024 -1632 -960 ) (-1024 -1632 -832 ) (-1024 -1344 -832 ) 
4 2305 2310 (-1024 -1024 -832 ) (-1024 -1024 -960 ) (-1024 -1344 -960 ) (-1024 -1344 -832 ) 
4 2305 2306 (-264 -1024 -1216 ) (-256 -1024 -1216 ) (-256 -1472 -1216 ) (-264 -1472 -1216 ) 
4 2305 2307 (-256 -1472 -1216 ) (-256 -2048 -1216 ) (-264 -2048 -1216 ) (-264 -1472 -1216 ) 
4 2305 2308 (-1024 -2048 -1216 ) (-1024 -1024 -1216 ) (-264 -1024 -1216 ) (-264 -2048 -1216 ) 
4 2306 2307 (-264 -1472 -1216 ) (-264 -1472 -1280 ) (-224 -1472 -1280 ) (-224 -1472 -1216 ) 
4 2306 2308 (-264 -1472 -1280 ) (-264 -1472 -1216 ) (-264 -1024 -1216 ) (-264 -1024 -1280 ) 
4 2307 2419 (-224 -2048 -1216 ) (-264 -2048 -1216 ) (-264 -2048 -1296 ) (-224 -2048 -1296 ) 
4 2307 2309 (-224 -2048 -1296 ) (-264 -2048 -1296 ) (-264 -1472 -1296 ) (-224 -1472 -1296 ) 
4 2307 2308 (-264 -1472 -1296 ) (-264 -2048 -1296 ) (-264 -2048 -1216 ) (-264 -1472 -1216 ) 
4 2308 2419 (-264 -2048 -1216 ) (-1024 -2048 -1216 ) (-1024 -2048 -1296 ) (-264 -2048 -1296 ) 
4 2308 2366 (-1024 -1632 -1296 ) (-1024 -2048 -1296 ) (-1024 -2048 -1220 ) (-1024 -1632 -1220 ) 
4 2308 2364 (-1024 -2048 -1220 ) (-1024 -2048 -1216 ) (-1024 -1632 -1216 ) (-1024 -1632 -1220 ) 
4 2308 2359 (-1024 -1088 -1296 ) (-1024 -1632 -1296 ) (-1024 -1632 -1216 ) (-1024 -1088 -1216 ) 
4 2308 2355 (-1024 -1024 -1216 ) (-1024 -1024 -1296 ) (-1024 -1088 -1296 ) (-1024 -1088 -1216 ) 
4 2308 2309 (-264 -2048 -1296 ) (-1024 -2048 -1296 ) (-1024 -1024 -1296 ) (-264 -1024 -1296 ) 
4 2309 2422 (0 -2048 -3040 ) (0 -2048 -1296 ) (-1024 -2048 -1296 ) (-1024 -2048 -3040 ) 
4 2309 2417 (-1024 -1024 -1408 ) (-1024 -1024 -3040 ) (-1024 -2048 -3040 ) (-1024 -2048 -1408 ) 
4 2309 2366 (-1024 -1632 -1408 ) (-1024 -2048 -1408 ) (-1024 -2048 -1296 ) (-1024 -1632 -1296 ) 
4 2309 2359 (-1024 -1088 -1408 ) (-1024 -1632 -1408 ) (-1024 -1632 -1296 ) (-1024 -1088 -1296 ) 
4 2309 2355 (-1024 -1024 -1296 ) (-1024 -1024 -1408 ) (-1024 -1088 -1408 ) (-1024 -1088 -1296 ) 
4 2310 2327 (-1168 -1024 -960 ) (-1024 -1024 -960 ) (-1024 -1344 -960 ) (-1168 -1344 -960 ) 
4 2310 2318 (-1168 -1344 -960 ) (-1024 -1344 -960 ) (-1024 -1344 2528 ) (-1168 -1344 2528 ) 
4 2310 2316 (-1168 -1344 -448 ) (-1168 -1344 2528 ) (-1168 -1216 2528 ) (-1168 -1216 -448 ) 
4 2310 2314 (-1168 -1088 -960 ) (-1168 -1216 -960 ) (-1168 -1216 -832 ) (-1168 -1088 -832 ) 
4 2310 2312 (-1168 -1024 -704 ) (-1168 -1024 -832 ) (-1168 -1088 -832 ) (-1168 -1088 -704 ) 
4 2310 2311 (-1168 -1024 2528 ) (-1168 -1024 -704 ) (-1168 -1216 -704 ) (-1168 -1216 2528 ) 
4 2311 2347 (-1936 -1024 2528 ) (-1936 -1024 -704 ) (-1936 -1216 -704 ) (-1936 -1216 2528 ) 
4 2311 2316 (-1168 -1216 -448 ) (-1168 -1216 2528 ) (-1296 -1216 2528 ) (-1296 -1216 -448 ) 
4 2311 2317 (-1936 -1216 2528 ) (-1936 -1216 -704 ) (-1296 -1216 -704 ) (-1296 -1216 2528 ) 
4 2311 2312 (-1616 -1088 -704 ) (-1616 -1024 -704 ) (-1168 -1024 -704 ) (-1168 -1088 -704 ) 
4 2311 2313 (-1616 -1216 -704 ) (-1936 -1216 -704 ) (-1936 -1024 -704 ) (-1616 -1024 -704 ) 
4 2312 2315 (-1616 -1088 -832 ) (-1616 -1024 -832 ) (-1424 -1024 -832 ) (-1424 -1088 -832 ) 
4 2312 2313 (-1616 -1024 -832 ) (-1616 -1088 -832 ) (-1616 -1088 -704 ) (-1616 -1024 -704 ) 
4 2313 2347 (-1936 -1024 -704 ) (-1936 -1024 -832 ) (-1936 -1216 -832 ) (-1936 -1216 -704 ) 
4 2313 2317 (-1936 -1216 -704 ) (-1936 -1216 -832 ) (-1616 -1216 -832 ) (-1616 -1216 -704 ) 
4 2313 2315 (-1616 -1216 -832 ) (-1936 -1216 -832 ) (-1936 -1024 -832 ) (-1616 -1024 -832 ) 
4 2314 2327 (-1168 -1088 -960 ) (-1168 -1216 -960 ) (-1424 -1216 -960 ) (-1424 -1088 -960 ) 
4 2314 2317 (-1424 -1216 -960 ) (-1296 -1216 -960 ) (-1296 -1216 -832 ) (-1424 -1216 -832 ) 
4 2314 2315 (-1424 -1088 -960 ) (-1424 -1216 -960 ) (-1424 -1216 -832 ) (-1424 -1088 -832 ) 
4 2315 2347 (-1936 -1024 -832 ) (-1936 -1024 -960 ) (-1936 -1216 -960 ) (-1936 -1216 -832 ) 
4 2315 2327 (-1936 -1216 -960 ) (-1936 -1024 -960 ) (-1424 -1024 -960 ) (-1424 -1216 -960 ) 
4 2315 2317 (-1936 -1216 -832 ) (-1936 -1216 -960 ) (-1424 -1216 -960 ) (-1424 -1216 -832 ) 
4 2316 2319 (-1168 -1344 -448 ) (-1168 -1344 2528 ) (-1296 -1344 2528 ) (-1296 -1344 -448 ) 
4 2316 2317 (-1296 -1344 -448 ) (-1296 -1344 2528 ) (-1296 -1216 2528 ) (-1296 -1216 -448 ) 
4 2317 2347 (-1936 -1216 -960 ) (-1936 -1344 -960 ) (-1936 -1344 2528 ) (-1936 -1216 2528 ) 
4 2317 2327 (-1936 -1344 -960 ) (-1936 -1216 -960 ) (-1296 -1216 -960 ) (-1296 -1344 -960 ) 
4 2317 2326 (-1488 -1344 -960 ) (-1424 -1344 -960 ) (-1424 -1344 256 ) (-1488 -1344 256 ) 
4 2317 2325 (-1936 -1344 256 ) (-1936 -1344 -960 ) (-1872 -1344 -960 ) (-1872 -1344 256 ) 
4 2317 2324 (-1936 -1344 2528 ) (-1936 -1344 256 ) (-1424 -1344 256 ) (-1424 -1344 2528 ) 
4 2317 2320 (-1424 -1344 -960 ) (-1296 -1344 -960 ) (-1296 -1344 2528 ) (-1424 -1344 2528 ) 
4 2318 2327 (-1168 -1344 -960 ) (-1024 -1344 -960 ) (-1024 -1632 -960 ) (-1168 -1632 -960 ) 
4 2318 2321 (-1168 -1632 -960 ) (-1024 -1632 -960 ) (-1024 -1632 2528 ) (-1168 -1632 2528 ) 
4 2318 2319 (-1168 -1632 -448 ) (-1168 -1632 2528 ) (-1168 -1344 2528 ) (-1168 -1344 -448 ) 
4 2319 2322 (-1168 -1632 64 ) (-1168 -1632 2528 ) (-1296 -1632 2528 ) (-1296 -1632 64 ) 
4 2319 2320 (-1296 -1632 -448 ) (-1296 -1632 2528 ) (-1296 -1344 2528 ) (-1296 -1344 -448 ) 
4 2320 2327 (-1424 -1632 -960 ) (-1424 -1344 -960 ) (-1296 -1344 -960 ) (-1296 -1632 -960 ) 
4 2320 2326 (-1424 -1344 256 ) (-1424 -1344 -960 ) (-1424 -1408 -960 ) (-1424 -1408 256 ) 
4 2320 2324 (-1424 -1344 2528 ) (-1424 -1344 256 ) (-1424 -1632 256 ) (-1424 -1632 2528 ) 
4 2320 2322 (-1424 -1632 2528 ) (-1424 -1632 64 ) (-1296 -1632 64 ) (-1296 -1632 2528 ) 
4 2321 2343 (-1168 -1664 -960 ) (-1024 -1664 -960 ) (-1024 -1664 2528 ) (-1168 -1664 2528 ) 
4 2321 2327 (-1024 -1664 -960 ) (-1168 -1664 -960 ) (-1168 -1632 -960 ) (-1024 -1632 -960 ) 
4 2321 2322 (-1168 -1648 2528 ) (-1168 -1632 2528 ) (-1168 -1632 64 ) (-1168 -1648 64 ) 
4 2321 2323 (-1168 -1664 2528 ) (-1168 -1648 2528 ) (-1168 -1648 -960 ) (-1168 -1664 -960 ) 
4 2322 2324 (-1424 -1648 256 ) (-1424 -1648 2528 ) (-1424 -1632 2528 ) (-1424 -1632 256 ) 
4 2322 2323 (-1168 -1648 64 ) (-1168 -1648 2528 ) (-1424 -1648 2528 ) (-1424 -1648 64 ) 
4 2323 2343 (-1424 -1664 -960 ) (-1168 -1664 -960 ) (-1168 -1664 2528 ) (-1424 -1664 2528 ) 
4 2323 2327 (-1168 -1664 -960 ) (-1424 -1664 -960 ) (-1424 -1648 -960 ) (-1168 -1648 -960 ) 
4 2323 2324 (-1424 -1664 256 ) (-1424 -1664 2528 ) (-1424 -1648 2528 ) (-1424 -1648 256 ) 
4 2324 2347 (-1936 -1664 256 ) (-1936 -1664 2528 ) (-1936 -1344 2528 ) (-1936 -1344 256 ) 
4 2324 2344 (-1936 -1664 2528 ) (-1936 -1664 256 ) (-1424 -1664 256 ) (-1424 -1664 2528 ) 
3 2324 2326 (-1488 -1344 256 ) (-1424 -1344 256 ) (-1424 -1408 256 ) 
3 2324 2325 (-1936 -1344 256 ) (-1872 -1344 256 ) (-1936 -1408 256 ) 
4 2325 2347 (-1936 -1344 -960 ) (-1936 -1408 -960 ) (-1936 -1408 256 ) (-1936 -1344 256 ) 
3 2325 2327 (-1936 -1408 -960 ) (-1936 -1344 -960 ) (-1872 -1344 -960 ) 
3 2326 2327 (-1488 -1344 -960 ) (-1424 -1344 -960 ) (-1424 -1408 -960 ) 
4 2327 2347 (-1936 -1024 -960 ) (-1936 -1024 -972 ) (-1936 -1664 -972 ) (-1936 -1664 -960 ) 
4 2327 2345 (-1936 -1664 -960 ) (-1936 -1664 -972 ) (-1424 -1664 -972 ) (-1424 -1664 -960 ) 
4 2327 2343 (-1424 -1664 -972 ) (-1024 -1664 -972 ) (-1024 -1664 -960 ) (-1424 -1664 -960 ) 
3 2327 2341 (-1936 -1408 -972 ) (-1936 -1344 -972 ) (-1872 -1344 -972 ) 
3 2327 2340 (-1488 -1344 -972 ) (-1424 -1344 -972 ) (-1424 -1408 -972 ) 
4 2327 2339 (-1936 -1344 -972 ) (-1936 -1216 -972 ) (-1424 -1216 -972 ) (-1424 -1344 -972 ) 
4 2327 2338 (-1168 -1664 -972 ) (-1424 -1664 -972 ) (-1424 -1648 -972 ) (-1168 -1648 -972 ) 
4 2327 2337 (-1024 -1664 -972 ) (-1168 -1664 -972 ) (-1168 -1632 -972 ) (-1024 -1632 -972 ) 
4 2327 2335 (-1296 -1216 -972 ) (-1163.780029 -1216 -972 ) (-1163.780029 -1632 -972 ) (-1296 -1632 -972 ) 
4 2327 2334 (-1163.780029 -1216 -972 ) (-1024 -1216 -972 ) (-1024 -1632 -972 ) (-1163.780029 -1632 -972 ) 
4 2327 2336 (-1424 -1632 -972 ) (-1424 -1216 -972 ) (-1296 -1216 -972 ) (-1296 -1632 -972 ) 
4 2327 2332 (-1680 -1088 -972 ) (-1168 -1088 -972 ) (-1168 -1216 -972 ) (-1680 -1216 -972 ) 
4 2327 2331 (-1168 -1088 -972 ) (-1024 -1088 -972 ) (-1024 -1216 -972 ) (-1168 -1216 -972 ) 
4 2327 2333 (-1936 -1216 -972 ) (-1936 -1088 -972 ) (-1680 -1088 -972 ) (-1680 -1216 -972 ) 
4 2327 2329 (-1616 -1024 -972 ) (-1104 -1024 -972 ) (-1104 -1088 -972 ) (-1616 -1088 -972 ) 
4 2327 2328 (-1104 -1024 -972 ) (-1024 -1024 -972 ) (-1024 -1088 -972 ) (-1104 -1088 -972 ) 
4 2327 2330 (-1936 -1088 -972 ) (-1936 -1024 -972 ) (-1616 -1024 -972 ) (-1616 -1088 -972 ) 
4 2328 2355 (-1104 -1024 -1088 ) (-1024 -1024 -1088 ) (-1024 -1088 -1088 ) (-1104 -1088 -1088 ) 
4 2328 2331 (-1024 -1088 -972 ) (-1104 -1088 -972 ) (-1104 -1088 -1088 ) (-1024 -1088 -1088 ) 
4 2328 2329 (-1104 -1088 -1056 ) (-1104 -1088 -972 ) (-1104 -1024 -972 ) (-1104 -1024 -1056 ) 
4 2329 2332 (-1168 -1088 -972 ) (-1616 -1088 -972 ) (-1616 -1088 -1056 ) (-1168 -1088 -1056 ) 
4 2329 2331 (-1104 -1088 -972 ) (-1168 -1088 -972 ) (-1168 -1088 -1056 ) (-1104 -1088 -1056 ) 
4 2329 2330 (-1616 -1088 -1056 ) (-1616 -1088 -972 ) (-1616 -1024 -972 ) (-1616 -1024 -1056 ) 
4 2330 2357 (-1936 -1024 -1088 ) (-1616 -1024 -1088 ) (-1616 -1088 -1088 ) (-1936 -1088 -1088 ) 
4 2330 2347 (-1936 -1024 -972 ) (-1936 -1024 -1088 ) (-1936 -1088 -1088 ) (-1936 -1088 -972 ) 
4 2330 2332 (-1616 -1088 -972 ) (-1680 -1088 -972 ) (-1680 -1088 -1056 ) (-1616 -1088 -1056 ) 
4 2330 2333 (-1680 -1088 -972 ) (-1936 -1088 -972 ) (-1936 -1088 -1088 ) (-1680 -1088 -1088 ) 
4 2331 2360 (-1163.780029 -1216 -1088 ) (-1168 -1216 -1088 ) (-1168 -1088 -1088 ) (-1163.780029 -1088 -1088 ) 
4 2331 2359 (-1024 -1088 -1088 ) (-1024 -1216 -1088 ) (-1163.780029 -1216 -1088 ) (-1163.780029 -1088 -1088 ) 
4 2331 2335 (-1163.780029 -1216 -972 ) (-1168 -1216 -972 ) (-1168 -1216 -976 ) (-1163.780029 -1216 -976 ) 
4 2331 2334 (-1024 -1216 -972 ) (-1163.780029 -1216 -972 ) (-1163.780029 -1216 -1088 ) (-1024 -1216 -1088 ) 
4 2331 2332 (-1168 -1088 -972 ) (-1168 -1088 -1056 ) (-1168 -1216 -1056 ) (-1168 -1216 -972 ) 
4 2332 2339 (-1424 -1216 -972 ) (-1680 -1216 -972 ) (-1680 -1216 -1056 ) (-1424 -1216 -1056 ) 
4 2332 2335 (-1168 -1216 -972 ) (-1296 -1216 -972 ) (-1296 -1216 -976 ) (-1168 -1216 -976 ) 
4 2332 2336 (-1296 -1216 -972 ) (-1424 -1216 -972 ) (-1424 -1216 -1056 ) (-1296 -1216 -1056 ) 
4 2332 2333 (-1680 -1088 -972 ) (-1680 -1088 -1056 ) (-1680 -1216 -1056 ) (-1680 -1216 -972 ) 
4 2333 2374 (-1680 -1216 -1088 ) (-1936 -1216 -1088 ) (-1936 -1088 -1088 ) (-1680 -1088 -1088 ) 
4 2333 2347 (-1936 -1088 -1088 ) (-1936 -1216 -1088 ) (-1936 -1216 -972 ) (-1936 -1088 -972 ) 
4 2333 2339 (-1680 -1216 -972 ) (-1936 -1216 -972 ) (-1936 -1216 -1088 ) (-1680 -1216 -1088 ) 
4 2334 2359 (-1024 -1216 -1088 ) (-1024 -1632 -1088 ) (-1163.780029 -1632 -1088 ) (-1163.780029 -1216 -1088 ) 
4 2334 2337 (-1163.780029 -1632 -1088 ) (-1024 -1632 -1088 ) (-1024 -1632 -972 ) (-1163.780029 -1632 -972 ) 
4 2334 2335 (-1163.780029 -1216 -972 ) (-1163.780029 -1216 -976 ) (-1163.780029 -1632 -976 ) (-1163.780029 -1632 -972 ) 
4 2335 2337 (-1163.780029 -1632 -976 ) (-1163.780029 -1632 -972 ) (-1168 -1632 -972 ) (-1168 -1632 -976 ) 
4 2335 2336 (-1296 -1216 -972 ) (-1296 -1216 -976 ) (-1296 -1632 -976 ) (-1296 -1632 -972 ) 
4 2336 2362 (-1296 -1632 -1088 ) (-1424 -1632 -1088 ) (-1424 -1216 -1088 ) (-1296 -1216 -1088 ) 
4 2336 2340 (-1424 -1344 -1088 ) (-1424 -1408 -1088 ) (-1424 -1408 -972 ) (-1424 -1344 -972 ) 
4 2336 2339 (-1424 -1216 -972 ) (-1424 -1216 -1088 ) (-1424 -1344 -1088 ) (-1424 -1344 -972 ) 
4 2337 2364 (-1024 -1632 -1088 ) (-1024 -1664 -1088 ) (-1168 -1664 -1088 ) (-1168 -1632 -1088 ) 
4 2337 2343 (-1168 -1664 -1088 ) (-1024 -1664 -1088 ) (-1024 -1664 -972 ) (-1168 -1664 -972 ) 
4 2337 2338 (-1168 -1648 -1088 ) (-1168 -1664 -1088 ) (-1168 -1664 -972 ) (-1168 -1648 -972 ) 
4 2338 2365 (-1168 -1664 -1088 ) (-1424 -1664 -1088 ) (-1424 -1648 -1088 ) (-1168 -1648 -1088 ) 
4 2338 2343 (-1424 -1664 -1088 ) (-1168 -1664 -1088 ) (-1168 -1664 -972 ) (-1424 -1664 -972 ) 
4 2339 2384 (-1936 -1344 -1088 ) (-1936 -1272 -1088 ) (-1864 -1272 -1088 ) (-1864 -1344 -1088 ) 
4 2339 2382 (-1864 -1272 -1088 ) (-1560 -1272 -1088 ) (-1488 -1344 -1088 ) (-1864 -1344 -1088 ) 
4 2339 2381 (-1936 -1272 -1088 ) (-1936 -1216 -1088 ) (-1616 -1216 -1088 ) (-1560 -1272 -1088 ) 
4 2339 2379 (-1616 -1216 -1088 ) (-1424 -1216 -1088 ) (-1424 -1344 -1088 ) (-1488 -1344 -1088 ) 
4 2339 2347 (-1936 -1216 -1088 ) (-1936 -1344 -1088 ) (-1936 -1344 -972 ) (-1936 -1216 -972 ) 
4 2339 2341 (-1872 -1344 -972 ) (-1936 -1344 -972 ) (-1936 -1344 -1088 ) (-1872 -1344 -1088 ) 
4 2339 2340 (-1424 -1344 -1088 ) (-1424 -1344 -972 ) (-1488 -1344 -972 ) (-1488 -1344 -1088 ) 
3 2340 2379 (-1488 -1344 -1088 ) (-1424 -1344 -1088 ) (-1424 -1408 -1088 ) 
3 2341 2385 (-1936 -1408 -1088 ) (-1936 -1344 -1088 ) (-1872 -1344 -1088 ) 
4 2341 2347 (-1936 -1344 -1088 ) (-1936 -1408 -1088 ) (-1936 -1408 -972 ) (-1936 -1344 -972 ) 
4 2342 2386 (-1936 -1584 -1088 ) (-1936 -1456 -1088 ) (-1864 -1456 -1088 ) (-1864 -1584 -1088 ) 
4 2342 2383 (-1864 -1456 -1088 ) (-1440 -1456 -1088 ) (-1440 -1584 -1088 ) (-1864 -1584 -1088 ) 
4 2342 2347 (-1936 -1456 -1088 ) (-1936 -1584 -1088 ) (-1936 -1584 -1032 ) (-1936 -1456 -1032 ) 
4 2343 2423 (-1024 -2048 -1088 ) (-1024 -2048 2528 ) (-1424 -2048 2528 ) (-1424 -2048 -1088 ) 
4 2343 2365 (-1168 -2048 -1088 ) (-1424 -2048 -1088 ) (-1424 -1664 -1088 ) (-1168 -1664 -1088 ) 
4 2343 2364 (-1024 -1664 -1088 ) (-1024 -2048 -1088 ) (-1168 -2048 -1088 ) (-1168 -1664 -1088 ) 
4 2343 2345 (-1424 -1664 -960 ) (-1424 -1664 -972 ) (-1424 -2048 -972 ) (-1424 -2048 -960 ) 
4 2343 2344 (-1424 -1664 2528 ) (-1424 -1664 256 ) (-1424 -2048 256 ) (-1424 -2048 2528 ) 
4 2344 2424 (-1936 -2048 2528 ) (-1936 -2048 256 ) (-1424 -2048 256 ) (-1424 -2048 2528 ) 
4 2344 2348 (-1936 -1920 2528 ) (-1936 -1856 2528 ) (-1936 -1856 256 ) (-1936 -1920 256 ) 
4 2344 2349 (-1936 -2048 256 ) (-1936 -2048 2528 ) (-1936 -1920 2528 ) (-1936 -1920 256 ) 
4 2344 2347 (-1936 -1856 2528 ) (-1936 -1664 2528 ) (-1936 -1664 256 ) (-1936 -1856 256 ) 
4 2345 2425 (-1936 -2048 -960 ) (-1936 -2048 -972 ) (-1424 -2048 -972 ) (-1424 -2048 -960 ) 
4 2345 2351 (-1936 -1988.220093 -960 ) (-1936 -1856 -960 ) (-1936 -1856 -972 ) (-1936 -1988.220093 -972 ) 
4 2345 2352 (-1936 -2048 -972 ) (-1936 -2048 -960 ) (-1936 -1988.220093 -960 ) (-1936 -1988.220093 -972 ) 
4 2345 2347 (-1936 -1856 -960 ) (-1936 -1664 -960 ) (-1936 -1664 -972 ) (-1936 -1856 -972 ) 
4 2346 2388 (-1936 -1792 -1088 ) (-1936 -1664 -1088 ) (-1864 -1664 -1088 ) (-1864 -1792 -1088 ) 
4 2346 2387 (-1864 -1664 -1088 ) (-1440 -1664 -1088 ) (-1440 -1792 -1088 ) (-1864 -1792 -1088 ) 
4 2346 2347 (-1936 -1664 -1088 ) (-1936 -1792 -1088 ) (-1936 -1792 -1032 ) (-1936 -1664 -1032 ) 
4 2347 2464 (-2048 -1800 -1088 ) (-2048 -1856 -1088 ) (-2048 -1856 -1032 ) (-2048 -1800 -1032 ) 
4 2347 2461 (-2048 -1856 -1032 ) (-2048 -1856 -1016 ) (-2048 -1840 -1016 ) (-2048 -1840 -1032 ) 
4 2347 2460 (-2048 -1840 -1016 ) (-2048 -1800 -1016 ) (-2048 -1800 -1032 ) (-2048 -1840 -1032 ) 
4 2347 2459 (-2048 -1856 -1016 ) (-2048 -1856 -976 ) (-2048 -1800 -976 ) (-2048 -1800 -1016 ) 
4 2347 2456 (-2048 -1856 -976 ) (-2048 -1856 -896 ) (-2048 -1800 -896 ) (-2048 -1800 -976 ) 
4 2347 2448 (-2048 -1272 -1088 ) (-2048 -1800 -1088 ) (-2048 -1800 -896 ) (-2048 -1272 -896 ) 
4 2347 2447 (-2048 -1024 -896 ) (-2048 -1024 -1088 ) (-2048 -1272 -1088 ) (-2048 -1272 -896 ) 
4 2347 2441 (-2048 -1600 -896 ) (-2048 -1856 -896 ) (-2048 -1856 -384 ) (-2048 -1600 -384 ) 
4 2347 2434 (-2048 -1212 -388 ) (-2048 -1600 -388 ) (-2048 -1600 -384 ) (-2048 -1214 -384 ) 
4 2347 2433 (-2048 -1024 -384 ) (-2048 -1024 -388 ) (-2048 -1212 -388 ) (-2048 -1214 -384 ) 
4 2347 2436 (-2048 -1024 -388 ) (-2048 -1024 -896 ) (-2048 -1600 -896 ) (-2048 -1600 -388 ) 
4 2347 2429 (-2048 -1024 2528 ) (-2048 -1024 -384 ) (-2048 -1856 -384 ) (-2048 -1856 2528 ) 
4 2347 2405 (-1936 -1272 -1088 ) (-1936 -1856 -1088 ) (-2048 -1856 -1088 ) (-2048 -1272 -1088 ) 
4 2347 2404 (-1936 -1216 -1088 ) (-1936 -1272 -1088 ) (-2048 -1272 -1088 ) (-2048 -1216 -1088 ) 
4 2347 2374 (-1936 -1088 -1088 ) (-1936 -1216 -1088 ) (-2048 -1216 -1088 ) (-2048 -1088 -1088 ) 
4 2347 2357 (-2048 -1024 -1088 ) (-1936 -1024 -1088 ) (-1936 -1088 -1088 ) (-2048 -1088 -1088 ) 
4 2347 2353 (-2024 -1856 -1088 ) (-1968 -1856 -1088 ) (-1968 -1856 -1032 ) (-2024 -1856 -1032 ) 
4 2347 2351 (-1936 -1856 -976 ) (-1936 -1856 -960 ) (-2048 -1856 -960 ) (-2048 -1856 -976 ) 
4 2347 2348 (-1936 -1856 -384 ) (-1936 -1856 2528 ) (-2048 -1856 2528 ) (-2048 -1856 -384 ) 
4 2348 2429 (-2048 -1920 2528 ) (-2048 -1856 2528 ) (-2048 -1856 -384 ) (-2048 -1920 -384 ) 
4 2348 2349 (-1936 -1920 -384 ) (-1936 -1920 2528 ) (-2048 -1920 2528 ) (-2048 -1920 -384 ) 
4 2349 2442 (-2048 -2048 -896 ) (-2048 -2048 -384 ) (-2048 -1920 -384 ) (-2048 -1920 -896 ) 
4 2349 2429 (-2048 -2048 -384 ) (-2048 -2048 2528 ) (-2048 -1920 2528 ) (-2048 -1920 -384 ) 
4 2349 2428 (-2048 -2048 2528 ) (-2048 -2048 -896 ) (-1936 -2048 -896 ) (-1936 -2048 2528 ) 
4 2349 2350 (-1936 -1920 -896 ) (-1936 -2048 -896 ) (-2048 -2048 -896 ) (-2048 -1920 -896 ) 
4 2350 2458 (-2048 -2048 -960 ) (-2048 -2048 -896 ) (-2048 -1920 -896 ) (-2048 -1920 -960 ) 
4 2350 2428 (-2048 -2048 -896 ) (-2048 -2048 -960 ) (-1936 -2048 -960 ) (-1936 -2048 -896 ) 
4 2350 2351 (-2048 -1988.220093 -960 ) (-2048 -1920 -960 ) (-1936 -1920 -960 ) (-1936 -1988.220093 -960 ) 
4 2350 2352 (-2048 -2048 -960 ) (-2048 -1988.220093 -960 ) (-1936 -1988.220093 -960 ) (-1936 -2048 -960 ) 
4 2351 2457 (-2048 -1920 -960 ) (-2048 -1856 -960 ) (-2048 -1856 -976 ) (-2048 -1920 -976 ) 
4 2351 2458 (-2048 -1988.220093 -960 ) (-2048 -1920 -960 ) (-2048 -1920 -976 ) (-2048 -1988.220093 -976 ) 
4 2351 2352 (-1936 -1988.220093 -976 ) (-1936 -1988.220093 -960 ) (-2048 -1988.220093 -960 ) (-2048 -1988.220093 -976 ) 
4 2352 2478 (-2048 -2048 -1032 ) (-2048 -2048 -976 ) (-2048 -1988.220093 -976 ) (-2048 -1988.220093 -1032 ) 
4 2352 2458 (-2048 -2048 -976 ) (-2048 -2048 -960 ) (-2048 -1988.220093 -960 ) (-2048 -1988.220093 -976 ) 
4 2352 2428 (-2048 -2048 -960 ) (-2048 -2048 -1032 ) (-1936 -2048 -1032 ) (-1936 -2048 -960 ) 
4 2352 2354 (-2048 -2048 -1032 ) (-2048 -1988.220093 -1032 ) (-1936 -1988.220093 -1032 ) (-1936 -2048 -1032 ) 
4 2353 2411 (-1968 -1872 -1088 ) (-2024 -1872 -1088 ) (-2024 -1856 -1088 ) (-1968 -1856 -1088 ) 
4 2353 2354 (-2024 -1872 -1088 ) (-1968 -1872 -1088 ) (-1968 -1872 -1032 ) (-2024 -1872 -1032 ) 
4 2354 2477 (-2048 -1920 -1088 ) (-2048 -1988.220093 -1088 ) (-2048 -1988.220093 -1032 ) (-2048 -1920 -1032 ) 
4 2354 2478 (-2048 -1988.220093 -1088 ) (-2048 -2048 -1088 ) (-2048 -2048 -1032 ) (-2048 -1988.220093 -1032 ) 
4 2354 2465 (-2048 -1872 -1088 ) (-2048 -1920 -1088 ) (-2048 -1920 -1032 ) (-2048 -1872 -1032 ) 
4 2354 2428 (-2048 -2048 -1032 ) (-2048 -2048 -1088 ) (-1936 -2048 -1088 ) (-1936 -2048 -1032 ) 
4 2354 2415 (-1936 -1920 -1088 ) (-1936 -2048 -1088 ) (-2048 -2048 -1088 ) (-2048 -1920 -1088 ) 
4 2354 2413 (-1936 -1872 -1088 ) (-1936 -1920 -1088 ) (-2048 -1920 -1088 ) (-2048 -1872 -1088 ) 
4 2355 2417 (-1168 -1024 -1408 ) (-1024 -1024 -1408 ) (-1024 -1088 -1408 ) (-1168 -1088 -1408 ) 
4 2355 2360 (-1168 -1088 -1408 ) (-1163.780029 -1088 -1408 ) (-1163.780029 -1088 -1088 ) (-1168 -1088 -1088 ) 
4 2355 2359 (-1163.780029 -1088 -1408 ) (-1024 -1088 -1408 ) (-1024 -1088 -1088 ) (-1163.780029 -1088 -1088 ) 
4 2355 2356 (-1168 -1024 -1408 ) (-1168 -1088 -1408 ) (-1168 -1088 -1280 ) (-1168 -1024 -1280 ) 
4 2356 2417 (-1616 -1024 -1408 ) (-1168 -1024 -1408 ) (-1168 -1088 -1408 ) (-1616 -1088 -1408 ) 
4 2356 2358 (-1616 -1024 -1408 ) (-1616 -1088 -1408 ) (-1616 -1088 -1280 ) (-1616 -1024 -1280 ) 
4 2357 2451 (-2048 -1024 -1168 ) (-2048 -1024 -1200 ) (-2048 -1088 -1200 ) (-2048 -1088 -1168 ) 
4 2357 2447 (-2048 -1024 -1088 ) (-2048 -1024 -1168 ) (-2048 -1088 -1168 ) (-2048 -1088 -1088 ) 
4 2357 2374 (-1680 -1088 -1088 ) (-2048 -1088 -1088 ) (-2048 -1088 -1200 ) (-1680 -1088 -1200 ) 
4 2358 2488 (-2048 -1024 -1216 ) (-2048 -1024 -1408 ) (-2048 -1088 -1408 ) (-2048 -1088 -1216 ) 
4 2358 2417 (-2048 -1088 -1408 ) (-2048 -1024 -1408 ) (-1616 -1024 -1408 ) (-1616 -1088 -1408 ) 
4 2358 2377 (-1872 -1088 -1408 ) (-1680 -1088 -1408 ) (-1680 -1088 -1352 ) (-1872 -1088 -1352 ) 
4 2358 2378 (-2048 -1088 -1408 ) (-1872 -1088 -1408 ) (-1872 -1088 -1336 ) (-2048 -1088 -1336 ) 
4 2358 2375 (-1680 -1088 -1216 ) (-1744 -1088 -1216 ) (-1744 -1088 -1336 ) (-1680 -1088 -1336 ) 
4 2358 2376 (-1744 -1088 -1216 ) (-2048 -1088 -1216 ) (-2048 -1088 -1336 ) (-1744 -1088 -1336 ) 
4 2359 2417 (-1163.780029 -1088 -1408 ) (-1024 -1088 -1408 ) (-1024 -1632 -1408 ) (-1163.780029 -1632 -1408 ) 
4 2359 2366 (-1163.780029 -1632 -1408 ) (-1024 -1632 -1408 ) (-1024 -1632 -1220 ) (-1163.780029 -1632 -1220 ) 
4 2359 2364 (-1024 -1632 -1220 ) (-1024 -1632 -1088 ) (-1163.780029 -1632 -1088 ) (-1163.780029 -1632 -1220 ) 
4 2359 2361 (-1163.780029 -1632 -1352 ) (-1163.780029 -1632 -1344 ) (-1163.780029 -1216 -1344 ) (-1163.780029 -1216 -1352 ) 
4 2359 2363 (-1163.780029 -1216 -1408 ) (-1163.780029 -1632 -1408 ) (-1163.780029 -1632 -1352 ) (-1163.780029 -1216 -1352 ) 
4 2359 2360 (-1163.780029 -1088 -1088 ) (-1163.780029 -1088 -1408 ) (-1163.780029 -1216 -1408 ) (-1163.780029 -1216 -1088 ) 
4 2360 2417 (-1168 -1088 -1408 ) (-1163.780029 -1088 -1408 ) (-1163.780029 -1216 -1408 ) (-1168 -1216 -1408 ) 
4 2360 2361 (-1163.780029 -1216 -1352 ) (-1163.780029 -1216 -1344 ) (-1168 -1216 -1344 ) (-1168 -1216 -1352 ) 
4 2360 2363 (-1168 -1216 -1408 ) (-1163.780029 -1216 -1408 ) (-1163.780029 -1216 -1352 ) (-1168 -1216 -1352 ) 
4 2361 2366 (-1242 -1632 -1352 ) (-1163.780029 -1632 -1352 ) (-1163.780029 -1632 -1344 ) (-1242 -1632 -1344 ) 
4 2361 2363 (-1242 -1216 -1352 ) (-1163.780029 -1216 -1352 ) (-1163.780029 -1632 -1352 ) (-1242 -1632 -1352 ) 
4 2362 2379 (-1424 -1408 -1088 ) (-1424 -1216 -1088 ) (-1424 -1216 -1336 ) (-1424 -1408 -1336 ) 
4 2362 2368 (-1392 -1632 -1336 ) (-1336 -1632 -1336 ) (-1336 -1632 -1220 ) (-1392 -1632 -1220 ) 
4 2363 2417 (-1424 -1632 -1408 ) (-1424 -1216 -1408 ) (-1163.780029 -1216 -1408 ) (-1163.780029 -1632 -1408 ) 
4 2363 2380 (-1424 -1216 -1408 ) (-1424 -1408 -1408 ) (-1424 -1408 -1352 ) (-1424 -1216 -1352 ) 
4 2363 2369 (-1288 -1632 -1408 ) (-1242 -1632 -1408 ) (-1242 -1632 -1352 ) (-1288 -1632 -1352 ) 
4 2363 2370 (-1392 -1632 -1408 ) (-1336 -1632 -1408 ) (-1336 -1632 -1352 ) (-1392 -1632 -1352 ) 
4 2363 2366 (-1242 -1632 -1408 ) (-1163.780029 -1632 -1408 ) (-1163.780029 -1632 -1352 ) (-1242 -1632 -1352 ) 
4 2364 2423 (-1024 -2048 -1220 ) (-1024 -2048 -1088 ) (-1168 -2048 -1088 ) (-1168 -2048 -1220 ) 
4 2364 2366 (-1024 -2048 -1220 ) (-1168 -2048 -1220 ) (-1168 -1632 -1220 ) (-1024 -1632 -1220 ) 
4 2364 2365 (-1168 -1648 -1220 ) (-1168 -2048 -1220 ) (-1168 -2048 -1088 ) (-1168 -1648 -1088 ) 
4 2365 2423 (-1168 -2048 -1088 ) (-1424 -2048 -1088 ) (-1424 -2048 -1220 ) (-1168 -2048 -1220 ) 
4 2365 2371 (-1424 -1710 -1220 ) (-1424 -1648 -1220 ) (-1242 -1648 -1220 ) (-1242 -1710 -1220 ) 
4 2365 2373 (-1242 -2048 -1220 ) (-1424 -2048 -1220 ) (-1424 -1710 -1220 ) (-1242 -1710 -1220 ) 
4 2365 2366 (-1168 -2048 -1220 ) (-1242 -2048 -1220 ) (-1242 -1648 -1220 ) (-1168 -1648 -1220 ) 
4 2366 2423 (-1024 -2048 -1408 ) (-1024 -2048 -1220 ) (-1242 -2048 -1220 ) (-1242 -2048 -1408 ) 
4 2366 2417 (-1024 -2048 -1408 ) (-1242 -2048 -1408 ) (-1242 -1632 -1408 ) (-1024 -1632 -1408 ) 
4 2366 2371 (-1242 -1710 -1220 ) (-1242 -1648 -1220 ) (-1242 -1648 -1336 ) (-1242 -1710 -1336 ) 
4 2366 2372 (-1242 -1648 -1352 ) (-1242 -1648 -1408 ) (-1242 -1710 -1408 ) (-1242 -1710 -1352 ) 
4 2366 2369 (-1242 -1632 -1352 ) (-1242 -1632 -1408 ) (-1242 -1648 -1408 ) (-1242 -1648 -1352 ) 
4 2366 2367 (-1242 -1648 -1220 ) (-1242 -1632 -1220 ) (-1242 -1632 -1336 ) (-1242 -1648 -1336 ) 
4 2366 2373 (-1242 -2048 -1220 ) (-1242 -1710 -1220 ) (-1242 -1710 -1408 ) (-1242 -2048 -1408 ) 
4 2367 2371 (-1242 -1648 -1336 ) (-1242 -1648 -1220 ) (-1288 -1648 -1220 ) (-1288 -1648 -1336 ) 
4 2368 2371 (-1336 -1648 -1220 ) (-1392 -1648 -1220 ) (-1392 -1648 -1336 ) (-1336 -1648 -1336 ) 
4 2369 2417 (-1288 -1632 -1408 ) (-1242 -1632 -1408 ) (-1242 -1648 -1408 ) (-1288 -1648 -1408 ) 
4 2369 2372 (-1242 -1648 -1408 ) (-1242 -1648 -1352 ) (-1288 -1648 -1352 ) (-1288 -1648 -1408 ) 
4 2370 2417 (-1392 -1632 -1408 ) (-1336 -1632 -1408 ) (-1336 -1648 -1408 ) (-1392 -1648 -1408 ) 
4 2370 2372 (-1336 -1648 -1352 ) (-1392 -1648 -1352 ) (-1392 -1648 -1408 ) (-1336 -1648 -1408 ) 
4 2371 2373 (-1242 -1710 -1336 ) (-1242 -1710 -1220 ) (-1424 -1710 -1220 ) (-1424 -1710 -1336 ) 
4 2372 2417 (-1424 -1710 -1408 ) (-1424 -1648 -1408 ) (-1242 -1648 -1408 ) (-1242 -1710 -1408 ) 
4 2372 2373 (-1242 -1710 -1408 ) (-1242 -1710 -1352 ) (-1424 -1710 -1352 ) (-1424 -1710 -1408 ) 
4 2373 2423 (-1242 -2048 -1220 ) (-1424 -2048 -1220 ) (-1424 -2048 -1408 ) (-1242 -2048 -1408 ) 
4 2373 2417 (-1242 -2048 -1408 ) (-1424 -2048 -1408 ) (-1424 -1710 -1408 ) (-1242 -1710 -1408 ) 
4 2374 2451 (-2048 -1216 -1200 ) (-2048 -1216 -1168 ) (-2048 -1088 -1168 ) (-2048 -1088 -1200 ) 
4 2374 2447 (-2048 -1216 -1168 ) (-2048 -1216 -1088 ) (-2048 -1088 -1088 ) (-2048 -1088 -1168 ) 
4 2374 2406 (-2048 -1216 -1168 ) (-2048 -1216 -1200 ) (-1936 -1216 -1200 ) (-1936 -1216 -1168 ) 
4 2374 2404 (-1936 -1216 -1088 ) (-2048 -1216 -1088 ) (-2048 -1216 -1168 ) (-1936 -1216 -1168 ) 
4 2374 2391 (-1936 -1216 -1168 ) (-1936 -1216 -1200 ) (-1872 -1216 -1200 ) (-1872 -1216 -1168 ) 
4 2374 2390 (-1872 -1216 -1200 ) (-1744 -1216 -1200 ) (-1744 -1216 -1168 ) (-1872 -1216 -1168 ) 
4 2374 2389 (-1744 -1216 -1200 ) (-1680 -1216 -1200 ) (-1680 -1216 -1168 ) (-1744 -1216 -1168 ) 
4 2374 2381 (-1680 -1216 -1088 ) (-1936 -1216 -1088 ) (-1936 -1216 -1168 ) (-1680 -1216 -1168 ) 
4 2375 2376 (-1744 -1088 -1336 ) (-1744 -1200 -1336 ) (-1744 -1200 -1216 ) (-1744 -1088 -1216 ) 
4 2376 2488 (-2048 -1216 -1336 ) (-2048 -1216 -1216 ) (-2048 -1088 -1216 ) (-2048 -1088 -1336 ) 
4 2376 2407 (-1936 -1216 -1216 ) (-2048 -1216 -1216 ) (-2048 -1216 -1336 ) (-1936 -1216 -1336 ) 
4 2376 2392 (-1744 -1216 -1216 ) (-1872 -1216 -1216 ) (-1872 -1216 -1336 ) (-1744 -1216 -1336 ) 
4 2376 2394 (-1872 -1216 -1216 ) (-1936 -1216 -1216 ) (-1936 -1216 -1336 ) (-1872 -1216 -1336 ) 
4 2376 2378 (-1872 -1216 -1336 ) (-2048 -1216 -1336 ) (-2048 -1088 -1336 ) (-1872 -1088 -1336 ) 
4 2377 2417 (-1872 -1088 -1408 ) (-1680 -1088 -1408 ) (-1680 -1216 -1408 ) (-1872 -1216 -1408 ) 
4 2377 2393 (-1872 -1216 -1408 ) (-1680 -1216 -1408 ) (-1680 -1216 -1352 ) (-1872 -1216 -1352 ) 
4 2377 2378 (-1872 -1216 -1408 ) (-1872 -1216 -1352 ) (-1872 -1088 -1352 ) (-1872 -1088 -1408 ) 
4 2378 2488 (-2048 -1088 -1408 ) (-2048 -1216 -1408 ) (-2048 -1216 -1336 ) (-2048 -1088 -1336 ) 
4 2378 2417 (-2048 -1216 -1408 ) (-2048 -1088 -1408 ) (-1872 -1088 -1408 ) (-1872 -1216 -1408 ) 
4 2378 2407 (-2048 -1216 -1408 ) (-1936 -1216 -1408 ) (-1936 -1216 -1336 ) (-2048 -1216 -1336 ) 
4 2378 2394 (-1936 -1216 -1408 ) (-1872 -1216 -1408 ) (-1872 -1216 -1336 ) (-1936 -1216 -1336 ) 
4 2379 2392 (-1616 -1216 -1216 ) (-1616 -1216 -1336 ) (-1488 -1344 -1336 ) (-1488 -1344 -1216 ) 
4 2379 2389 (-1616 -1216 -1168 ) (-1616 -1216 -1216 ) (-1488 -1344 -1216 ) (-1488 -1344 -1168 ) 
4 2379 2382 (-1560 -1272 -1168 ) (-1488 -1344 -1168 ) (-1488 -1344 -1088 ) (-1560 -1272 -1088 ) 
4 2379 2381 (-1616 -1216 -1088 ) (-1616 -1216 -1168 ) (-1560 -1272 -1168 ) (-1560 -1272 -1088 ) 
3 2380 2417 (-1616 -1216 -1408 ) (-1424 -1216 -1408 ) (-1424 -1408 -1408 ) 
4 2380 2393 (-1616 -1216 -1352 ) (-1616 -1216 -1408 ) (-1488 -1344 -1408 ) (-1488 -1344 -1352 ) 
4 2381 2404 (-1936 -1216 -1088 ) (-1936 -1216 -1168 ) (-1936 -1272 -1168 ) (-1936 -1272 -1088 ) 
4 2381 2391 (-1872 -1272 -1168 ) (-1936 -1272 -1168 ) (-1936 -1216 -1168 ) (-1872 -1216 -1168 ) 
4 2381 2390 (-1744 -1272 -1168 ) (-1872 -1272 -1168 ) (-1872 -1216 -1168 ) (-1744 -1216 -1168 ) 
4 2381 2389 (-1616 -1216 -1168 ) (-1560 -1272 -1168 ) (-1744 -1272 -1168 ) (-1744 -1216 -1168 ) 
4 2381 2384 (-1936 -1272 -1088 ) (-1936 -1272 -1160 ) (-1864 -1272 -1160 ) (-1864 -1272 -1088 ) 
4 2381 2382 (-1864 -1272 -1168 ) (-1560 -1272 -1168 ) (-1560 -1272 -1088 ) (-1864 -1272 -1088 ) 
4 2382 2390 (-1744 -1344 -1168 ) (-1864 -1344 -1168 ) (-1864 -1272 -1168 ) (-1744 -1272 -1168 ) 
4 2382 2389 (-1560 -1272 -1168 ) (-1488 -1344 -1168 ) (-1744 -1344 -1168 ) (-1744 -1272 -1168 ) 
4 2382 2384 (-1864 -1272 -1088 ) (-1864 -1272 -1160 ) (-1864 -1344 -1160 ) (-1864 -1344 -1088 ) 
4 2383 2395 (-1440 -1456 -1168 ) (-1440 -1584 -1168 ) (-1864 -1584 -1168 ) (-1864 -1456 -1168 ) 
4 2383 2386 (-1864 -1584 -1160 ) (-1864 -1584 -1088 ) (-1864 -1456 -1088 ) (-1864 -1456 -1160 ) 
4 2384 2405 (-1936 -1344 -1160 ) (-1936 -1344 -1088 ) (-1936 -1272 -1088 ) (-1936 -1272 -1160 ) 
4 2384 2385 (-1936 -1344 -1088 ) (-1936 -1344 -1160 ) (-1872 -1344 -1160 ) (-1872 -1344 -1088 ) 
4 2385 2405 (-1936 -1408 -1088 ) (-1936 -1344 -1088 ) (-1936 -1344 -1160 ) (-1936 -1408 -1160 ) 
4 2386 2405 (-1936 -1584 -1160 ) (-1936 -1584 -1088 ) (-1936 -1456 -1088 ) (-1936 -1456 -1160 ) 
4 2387 2402 (-1440 -1710 -1168 ) (-1440 -1792 -1168 ) (-1864 -1792 -1168 ) (-1864 -1710 -1168 ) 
4 2387 2397 (-1440 -1664 -1168 ) (-1440 -1710 -1168 ) (-1864 -1710 -1168 ) (-1864 -1664 -1168 ) 
4 2387 2388 (-1864 -1792 -1160 ) (-1864 -1792 -1088 ) (-1864 -1664 -1088 ) (-1864 -1664 -1160 ) 
4 2388 2405 (-1936 -1792 -1160 ) (-1936 -1792 -1088 ) (-1936 -1664 -1088 ) (-1936 -1664 -1160 ) 
4 2389 2392 (-1488 -1344 -1216 ) (-1744 -1344 -1216 ) (-1744 -1216 -1216 ) (-1616 -1216 -1216 ) 
4 2389 2390 (-1744 -1344 -1200 ) (-1744 -1344 -1168 ) (-1744 -1216 -1168 ) (-1744 -1216 -1200 ) 
4 2390 2391 (-1872 -1280 -1168 ) (-1872 -1216 -1168 ) (-1872 -1216 -1200 ) (-1872 -1280 -1200 ) 
4 2391 2406 (-1936 -1216 -1168 ) (-1936 -1216 -1200 ) (-1936 -1280 -1200 ) (-1936 -1280 -1168 ) 
4 2392 2394 (-1872 -1344 -1336 ) (-1872 -1344 -1216 ) (-1872 -1216 -1216 ) (-1872 -1216 -1336 ) 
4 2393 2417 (-1872 -1216 -1408 ) (-1616 -1216 -1408 ) (-1488 -1344 -1408 ) (-1872 -1344 -1408 ) 
4 2393 2394 (-1872 -1344 -1408 ) (-1872 -1344 -1352 ) (-1872 -1216 -1352 ) (-1872 -1216 -1408 ) 
4 2394 2417 (-1936 -1216 -1408 ) (-1872 -1216 -1408 ) (-1872 -1344 -1408 ) (-1936 -1344 -1408 ) 
4 2394 2408 (-1936 -1280 -1408 ) (-1936 -1344 -1408 ) (-1936 -1344 -1216 ) (-1936 -1280 -1216 ) 
4 2394 2407 (-1936 -1216 -1216 ) (-1936 -1216 -1408 ) (-1936 -1280 -1408 ) (-1936 -1280 -1216 ) 
4 2394 2399 (-1872 -1344 -1216 ) (-1936 -1344 -1216 ) (-1936 -1344 -1408 ) (-1872 -1344 -1408 ) 
4 2395 2400 (-1872 -1456 -1336 ) (-1872 -1584 -1336 ) (-1872 -1584 -1208 ) (-1872 -1456 -1208 ) 
4 2396 2417 (-1440 -1456 -1408 ) (-1440 -1584 -1408 ) (-1872 -1584 -1408 ) (-1872 -1456 -1408 ) 
4 2396 2400 (-1872 -1456 -1408 ) (-1872 -1584 -1408 ) (-1872 -1584 -1352 ) (-1872 -1456 -1352 ) 
4 2397 2402 (-1440 -1710 -1336 ) (-1440 -1710 -1168 ) (-1872 -1710 -1168 ) (-1872 -1710 -1336 ) 
4 2397 2401 (-1872 -1710 -1336 ) (-1872 -1710 -1208 ) (-1872 -1664 -1208 ) (-1872 -1664 -1336 ) 
4 2398 2417 (-1440 -1664 -1408 ) (-1440 -1710 -1408 ) (-1872 -1710 -1408 ) (-1872 -1664 -1408 ) 
4 2398 2402 (-1440 -1710 -1408 ) (-1440 -1710 -1352 ) (-1872 -1710 -1352 ) (-1872 -1710 -1408 ) 
4 2398 2401 (-1872 -1664 -1408 ) (-1872 -1710 -1408 ) (-1872 -1710 -1352 ) (-1872 -1664 -1352 ) 
3 2399 2417 (-1936 -1408 -1408 ) (-1936 -1344 -1408 ) (-1872 -1344 -1408 ) 
4 2399 2408 (-1936 -1344 -1408 ) (-1936 -1408 -1408 ) (-1936 -1408 -1208 ) (-1936 -1344 -1208 ) 
4 2400 2417 (-1936 -1584 -1408 ) (-1936 -1456 -1408 ) (-1872 -1456 -1408 ) (-1872 -1584 -1408 ) 
4 2400 2408 (-1936 -1456 -1408 ) (-1936 -1584 -1408 ) (-1936 -1584 -1208 ) (-1936 -1456 -1208 ) 
4 2401 2417 (-1872 -1710 -1408 ) (-1936 -1710 -1408 ) (-1936 -1664 -1408 ) (-1872 -1664 -1408 ) 
4 2401 2408 (-1936 -1664 -1408 ) (-1936 -1710 -1408 ) (-1936 -1710 -1208 ) (-1936 -1664 -1208 ) 
4 2401 2403 (-1936 -1710 -1208 ) (-1936 -1710 -1408 ) (-1872 -1710 -1408 ) (-1872 -1710 -1208 ) 
4 2402 2417 (-1440 -1710 -1408 ) (-1440 -1792 -1408 ) (-1872 -1792 -1408 ) (-1872 -1710 -1408 ) 
4 2402 2403 (-1872 -1710 -1208 ) (-1872 -1710 -1408 ) (-1872 -1792 -1408 ) (-1872 -1792 -1208 ) 
4 2403 2417 (-1872 -1792 -1408 ) (-1936 -1792 -1408 ) (-1936 -1710 -1408 ) (-1872 -1710 -1408 ) 
4 2403 2408 (-1936 -1710 -1408 ) (-1936 -1792 -1408 ) (-1936 -1792 -1208 ) (-1936 -1710 -1208 ) 
4 2404 2447 (-2048 -1272 -1088 ) (-2048 -1216 -1088 ) (-2048 -1216 -1168 ) (-2048 -1272 -1168 ) 
4 2404 2406 (-2048 -1216 -1168 ) (-1936 -1216 -1168 ) (-1936 -1272 -1168 ) (-2048 -1272 -1168 ) 
4 2404 2405 (-1936 -1272 -1160 ) (-1936 -1272 -1088 ) (-2048 -1272 -1088 ) (-2048 -1272 -1160 ) 
4 2405 2464 (-2048 -1856 -1160 ) (-2048 -1856 -1088 ) (-2048 -1800 -1088 ) (-2048 -1800 -1160 ) 
4 2405 2448 (-2048 -1800 -1088 ) (-2048 -1272 -1088 ) (-2048 -1272 -1160 ) (-2048 -1800 -1160 ) 
4 2405 2411 (-1968 -1856 -1088 ) (-2024 -1856 -1088 ) (-2024 -1856 -1160 ) (-1968 -1856 -1160 ) 
4 2406 2451 (-2048 -1280 -1200 ) (-2048 -1280 -1168 ) (-2048 -1216 -1168 ) (-2048 -1216 -1200 ) 
4 2407 2488 (-2048 -1216 -1408 ) (-2048 -1280 -1408 ) (-2048 -1280 -1216 ) (-2048 -1216 -1216 ) 
4 2407 2417 (-2048 -1280 -1408 ) (-2048 -1216 -1408 ) (-1936 -1216 -1408 ) (-1936 -1280 -1408 ) 
4 2407 2409 (-2048 -1280 -1408 ) (-2008 -1280 -1408 ) (-2008 -1280 -1216 ) (-2048 -1280 -1216 ) 
4 2407 2408 (-2008 -1280 -1408 ) (-1936 -1280 -1408 ) (-1936 -1280 -1216 ) (-2008 -1280 -1216 ) 
4 2408 2417 (-2008 -1280 -1408 ) (-1936 -1280 -1408 ) (-1936 -1856 -1408 ) (-2008 -1856 -1408 ) 
4 2408 2416 (-2008 -1856 -1408 ) (-1936 -1856 -1408 ) (-1936 -1856 -1208 ) (-2008 -1856 -1208 ) 
4 2408 2410 (-2008 -1856 -1408 ) (-2008 -1856 -1216 ) (-2008 -1800 -1216 ) (-2008 -1800 -1408 ) 
4 2408 2409 (-2008 -1800 -1208 ) (-2008 -1280 -1208 ) (-2008 -1280 -1408 ) (-2008 -1800 -1408 ) 
4 2409 2488 (-2048 -1280 -1408 ) (-2048 -1800 -1408 ) (-2048 -1800 -1216 ) (-2048 -1280 -1216 ) 
4 2409 2452 (-2048 -1800 -1216 ) (-2048 -1800 -1208 ) (-2048 -1280 -1208 ) (-2048 -1280 -1216 ) 
4 2409 2417 (-2048 -1800 -1408 ) (-2048 -1280 -1408 ) (-2008 -1280 -1408 ) (-2008 -1800 -1408 ) 
4 2409 2410 (-2048 -1800 -1408 ) (-2008 -1800 -1408 ) (-2008 -1800 -1216 ) (-2048 -1800 -1216 ) 
4 2410 2488 (-2048 -1800 -1408 ) (-2048 -1856 -1408 ) (-2048 -1856 -1216 ) (-2048 -1800 -1216 ) 
4 2410 2417 (-2048 -1856 -1408 ) (-2048 -1800 -1408 ) (-2008 -1800 -1408 ) (-2008 -1856 -1408 ) 
4 2410 2416 (-2048 -1856 -1408 ) (-2008 -1856 -1408 ) (-2008 -1856 -1216 ) (-2048 -1856 -1216 ) 
4 2411 2413 (-1968 -1872 -1160 ) (-1968 -1872 -1088 ) (-2024 -1872 -1088 ) (-2024 -1872 -1160 ) 
4 2412 2416 (-2024 -1856 -1208 ) (-1968 -1856 -1208 ) (-1968 -1872 -1208 ) (-2024 -1872 -1208 ) 
4 2412 2414 (-2024 -1872 -1208 ) (-1968 -1872 -1208 ) (-1968 -1872 -1168 ) (-2024 -1872 -1168 ) 
4 2413 2465 (-2048 -1920 -1088 ) (-2048 -1872 -1088 ) (-2048 -1872 -1160 ) (-2048 -1920 -1160 ) 
4 2413 2415 (-1936 -1920 -1160 ) (-1936 -1920 -1088 ) (-2048 -1920 -1088 ) (-2048 -1920 -1160 ) 
4 2414 2469 (-2048 -1872 -1168 ) (-2048 -1872 -1208 ) (-2048 -1920 -1208 ) (-2048 -1920 -1168 ) 
4 2414 2416 (-1936 -1872 -1208 ) (-1936 -1920 -1208 ) (-2048 -1920 -1208 ) (-2048 -1872 -1208 ) 
4 2414 2415 (-2048 -1920 -1208 ) (-1936 -1920 -1208 ) (-1936 -1920 -1168 ) (-2048 -1920 -1168 ) 
4 2415 2477 (-2048 -1988.220093 -1088 ) (-2048 -1920 -1088 ) (-2048 -1920 -1208 ) (-2048 -1988.220093 -1208 ) 
4 2415 2478 (-2048 -2048 -1208 ) (-2048 -2048 -1088 ) (-2048 -1988.220093 -1088 ) (-2048 -1988.220093 -1208 ) 
4 2415 2428 (-1936 -2048 -1088 ) (-2048 -2048 -1088 ) (-2048 -2048 -1208 ) (-1936 -2048 -1208 ) 
4 2415 2416 (-1936 -2048 -1208 ) (-2048 -2048 -1208 ) (-2048 -1920 -1208 ) (-1936 -1920 -1208 ) 
4 2416 2488 (-2048 -1856 -1408 ) (-2048 -2048 -1408 ) (-2048 -2048 -1216 ) (-2048 -1856 -1216 ) 
4 2416 2477 (-2048 -1988.220093 -1208 ) (-2048 -1920 -1208 ) (-2048 -1920 -1216 ) (-2048 -1988.220093 -1216 ) 
4 2416 2478 (-2048 -2048 -1216 ) (-2048 -2048 -1208 ) (-2048 -1988.220093 -1208 ) (-2048 -1988.220093 -1216 ) 
4 2416 2468 (-2048 -1872 -1208 ) (-2048 -1856 -1208 ) (-2048 -1856 -1216 ) (-2048 -1872 -1216 ) 
4 2416 2469 (-2048 -1920 -1208 ) (-2048 -1872 -1208 ) (-2048 -1872 -1216 ) (-2048 -1920 -1216 ) 
4 2416 2428 (-2048 -2048 -1208 ) (-2048 -2048 -1408 ) (-1936 -2048 -1408 ) (-1936 -2048 -1208 ) 
4 2416 2417 (-1936 -2048 -1408 ) (-2048 -2048 -1408 ) (-2048 -1856 -1408 ) (-1936 -1856 -1408 ) 
4 2417 2488 (-2048 -1024 -1408 ) (-2048 -1024 -3040 ) (-2048 -2048 -3040 ) (-2048 -2048 -1408 ) 
4 2417 2428 (-1936 -2048 -1408 ) (-2048 -2048 -1408 ) (-2048 -2048 -3040 ) (-1936 -2048 -3040 ) 
4 2417 2426 (-1424 -2048 -1408 ) (-1936 -2048 -1408 ) (-1936 -2048 -3040 ) (-1424 -2048 -3040 ) 
4 2417 2423 (-1024 -2048 -3040 ) (-1024 -2048 -1408 ) (-1424 -2048 -1408 ) (-1424 -2048 -3040 ) 
4 2418 2512 (0 -3072 -1216 ) (0 -3072 2528 ) (-232 -3072 2528 ) (-232 -3072 -1216 ) 
4 2418 2514 (-232 -3072 2528 ) (-1024 -3072 2528 ) (-1024 -3072 -1216 ) (-232 -3072 -1216 ) 
4 2418 2423 (-1024 -2048 2528 ) (-1024 -2048 -1216 ) (-1024 -3072 -1216 ) (-1024 -3072 2528 ) 
4 2418 2421 (-1024 -3072 -1216 ) (-1024 -2576 -1216 ) (-232 -2576 -1216 ) (-232 -3072 -1216 ) 
4 2418 2420 (-1024 -2576 -1216 ) (-1024 -2176 -1216 ) (-224 -2176 -1216 ) (-224 -2576 -1216 ) 
4 2418 2419 (-1024 -2176 -1216 ) (-1024 -2048 -1216 ) (-224 -2048 -1216 ) (-224 -2176 -1216 ) 
4 2419 2423 (-1024 -2048 -1216 ) (-1024 -2048 -1296 ) (-1024 -2176 -1296 ) (-1024 -2176 -1216 ) 
4 2419 2422 (-1024 -2176 -1296 ) (-1024 -2048 -1296 ) (-224 -2048 -1296 ) (-224 -2176 -1296 ) 
4 2419 2420 (-1024 -2176 -1296 ) (-224 -2176 -1296 ) (-224 -2176 -1216 ) (-1024 -2176 -1216 ) 
4 2420 2423 (-1024 -2176 -1296 ) (-1024 -2576 -1296 ) (-1024 -2576 -1216 ) (-1024 -2176 -1216 ) 
4 2420 2422 (-1024 -2576 -1296 ) (-1024 -2176 -1296 ) (-224 -2176 -1296 ) (-224 -2576 -1296 ) 
4 2420 2421 (-1024 -2576 -1296 ) (-232 -2576 -1296 ) (-232 -2576 -1216 ) (-1024 -2576 -1216 ) 
4 2421 2514 (-232 -3072 -1216 ) (-1024 -3072 -1216 ) (-1024 -3072 -1296 ) (-232 -3072 -1296 ) 
4 2421 2423 (-1024 -2576 -1296 ) (-1024 -3072 -1296 ) (-1024 -3072 -1216 ) (-1024 -2576 -1216 ) 
4 2421 2422 (-232 -3072 -1296 ) (-1024 -3072 -1296 ) (-1024 -2576 -1296 ) (-232 -2576 -1296 ) 
4 2422 2515 (0 -3072 -3040 ) (0 -3072 -1296 ) (-1024 -3072 -1296 ) (-1024 -3072 -3040 ) 
4 2422 2423 (-1024 -2048 -1296 ) (-1024 -2048 -3040 ) (-1024 -3072 -3040 ) (-1024 -3072 -1296 ) 
4 2423 2516 (-1024 -3072 -3040 ) (-1024 -3072 2528 ) (-1424 -3072 2528 ) (-1424 -3072 -3040 ) 
4 2423 2427 (-1424 -2240 -3040 ) (-1424 -3072 -3040 ) (-1424 -3072 2528 ) (-1424 -2240 2528 ) 
4 2423 2426 (-1424 -2048 -1408 ) (-1424 -2048 -3040 ) (-1424 -2240 -3040 ) (-1424 -2240 -1408 ) 
4 2423 2425 (-1424 -2048 -960 ) (-1424 -2048 -972 ) (-1424 -2240 -972 ) (-1424 -2240 -960 ) 
4 2423 2424 (-1424 -2048 2528 ) (-1424 -2048 256 ) (-1424 -2240 256 ) (-1424 -2240 2528 ) 
4 2424 2428 (-1936 -2240 256 ) (-1936 -2240 2528 ) (-1936 -2048 2528 ) (-1936 -2048 256 ) 
4 2424 2427 (-1936 -2240 2528 ) (-1936 -2240 256 ) (-1424 -2240 256 ) (-1424 -2240 2528 ) 
4 2425 2428 (-1936 -2240 -972 ) (-1936 -2240 -960 ) (-1936 -2048 -960 ) (-1936 -2048 -972 ) 
4 2425 2427 (-1936 -2240 -960 ) (-1936 -2240 -972 ) (-1424 -2240 -972 ) (-1424 -2240 -960 ) 
4 2426 2428 (-1936 -2240 -3040 ) (-1936 -2240 -1408 ) (-1936 -2048 -1408 ) (-1936 -2048 -3040 ) 
4 2426 2427 (-1936 -2240 -1408 ) (-1936 -2240 -3040 ) (-1424 -2240 -3040 ) (-1424 -2240 -1408 ) 
4 2427 2516 (-1424 -3072 -3040 ) (-1424 -3072 2528 ) (-1936 -3072 2528 ) (-1936 -3072 -3040 ) 
4 2427 2428 (-1936 -3072 -3040 ) (-1936 -3072 2528 ) (-1936 -2240 2528 ) (-1936 -2240 -3040 ) 
4 2428 2516 (-1936 -3072 -3040 ) (-1936 -3072 2528 ) (-2048 -3072 2528 ) (-2048 -3072 -3040 ) 
4 2428 2498 (-2048 -3072 -3040 ) (-2048 -3072 2528 ) (-2048 -2048 2528 ) (-2048 -2048 -3040 ) 
4 2429 2498 (-2048 -2048 -384 ) (-2048 -2048 2528 ) (-2576 -2048 2528 ) (-2576 -2048 -384 ) 
4 2429 2442 (-2048 -2048 -384 ) (-2576 -2048 -384 ) (-2576 -1920 -384 ) (-2048 -1920 -384 ) 
4 2429 2441 (-2320 -1600 -384 ) (-2048 -1600 -384 ) (-2048 -1856 -384 ) (-2320 -1856 -384 ) 
4 2429 2438 (-2576 -1600 -384 ) (-2576 -1024 -384 ) (-2512 -1024 -384 ) (-2512 -1600 -384 ) 
4 2429 2435 (-2504 -1600 -384 ) (-2512 -1600 -384 ) (-2512 -1218 -384 ) (-2504 -1218 -384 ) 
4 2429 2434 (-2048 -1214 -384 ) (-2048 -1600 -384 ) (-2504 -1600 -384 ) (-2504 -1214 -384 ) 
4 2429 2433 (-2512 -1024 -384 ) (-2048 -1024 -384 ) (-2048 -1214 -384 ) (-2512 -1214 -384 ) 
4 2429 2431 (-2576 -1600 128 ) (-2576 -1600 2528 ) (-2576 -1088 2528 ) (-2576 -1088 128 ) 
4 2429 2430 (-2576 -1024 -384 ) (-2576 -1088 -384 ) (-2576 -1088 2528 ) (-2576 -1024 2528 ) 
4 2429 2432 (-2576 -1600 -384 ) (-2576 -2048 -384 ) (-2576 -2048 2528 ) (-2576 -1600 2528 ) 
4 2430 2491 (-3072 -1024 2528 ) (-3072 -1024 -384 ) (-3072 -1088 -384 ) (-3072 -1088 2528 ) 
4 2430 2444 (-3072 -1088 -384 ) (-3072 -1024 -384 ) (-2896 -1024 -384 ) (-2896 -1088 -384 ) 
4 2430 2443 (-2896 -1024 -384 ) (-2576 -1024 -384 ) (-2576 -1088 -384 ) (-2896 -1088 -384 ) 
4 2430 2431 (-2576 -1088 128 ) (-2576 -1088 2528 ) (-3072 -1088 2528 ) (-3072 -1088 128 ) 
4 2431 2494 (-3072 -1600 128 ) (-3072 -1600 2528 ) (-3072 -1088 2528 ) (-3072 -1088 128 ) 
4 2431 2432 (-2576 -1600 128 ) (-2576 -1600 2528 ) (-3072 -1600 2528 ) (-3072 -1600 128 ) 
4 2432 2498 (-2576 -2048 2528 ) (-3072 -2048 2528 ) (-3072 -2048 -384 ) (-2576 -2048 -384 ) 
4 2432 2496 (-3072 -1600 -384 ) (-3072 -2048 -384 ) (-3072 -2048 2528 ) (-3072 -1600 2528 ) 
4 2432 2445 (-2576 -2048 -384 ) (-2768 -2048 -384 ) (-2768 -1856 -384 ) (-2576 -1856 -384 ) 
4 2432 2446 (-2768 -2048 -384 ) (-3072 -2048 -384 ) (-3072 -1600 -384 ) (-2768 -1600 -384 ) 
4 2433 2439 (-2512 -1214 -384 ) (-2512 -1024 -384 ) (-2514 -1024 -386 ) (-2514 -1213 -386 ) 
4 2433 2437 (-2514 -1024 -386 ) (-2516 -1024 -388 ) (-2516 -1212 -388 ) (-2514 -1213 -386 ) 
4 2433 2434 (-2500 -1212 -388 ) (-2048 -1212 -388 ) (-2048 -1214 -384 ) (-2504 -1214 -384 ) 
4 2433 2436 (-2515.998047 -1212 -388 ) (-2515.998047 -1024 -388 ) (-2048 -1024 -388 ) (-2048 -1212 -388 ) 
4 2434 2441 (-2048 -1600 -388 ) (-2048 -1600 -384 ) (-2320 -1600 -384 ) (-2320 -1600 -388 ) 
4 2434 2435 (-2500 -1220 -388 ) (-2500 -1600 -388 ) (-2504 -1600 -384 ) (-2504 -1218 -384 ) 
4 2434 2436 (-2048 -1600 -388 ) (-2500 -1600 -388 ) (-2500 -1212 -388 ) (-2048 -1212 -388 ) 
4 2435 2440 (-2514 -1600 -386 ) (-2512 -1600 -384 ) (-2512 -1218 -384 ) (-2514 -1219 -386 ) 
4 2435 2437 (-2516 -1600 -388 ) (-2514 -1600 -386 ) (-2514 -1219 -386 ) (-2516 -1220 -388 ) 
4 2435 2436 (-2500 -1600 -388 ) (-2515.998047 -1600 -388 ) (-2515.998047 -1220 -388 ) (-2500 -1220 -388 ) 
4 2436 2479 (-2576 -1024 -896 ) (-2320 -1024 -896 ) (-2320 -1600 -896 ) (-2576 -1600 -896 ) 
4 2436 2449 (-2320 -1024 -896 ) (-2072 -1024 -896 ) (-2072 -1600 -896 ) (-2320 -1600 -896 ) 
4 2436 2448 (-2048 -1272 -896 ) (-2048 -1600 -896 ) (-2072 -1600 -896 ) (-2072 -1272 -896 ) 
4 2436 2447 (-2072 -1024 -896 ) (-2048 -1024 -896 ) (-2048 -1272 -896 ) (-2072 -1272 -896 ) 
4 2436 2443 (-2576 -1024 -896 ) (-2576 -1088 -896 ) (-2576 -1088 -448 ) (-2576 -1024 -448 ) 
4 2436 2441 (-2320 -1600 -896 ) (-2048 -1600 -896 ) (-2048 -1600 -388 ) (-2320 -1600 -388 ) 
4 2436 2437 (-2576 -1024 -448 ) (-2576 -1600 -448 ) (-2516 -1600 -388 ) (-2516 -1024 -388 ) 
4 2437 2443 (-2576 -1088 -396 ) (-2576 -1024 -396 ) (-2576 -1024 -448 ) (-2576 -1088 -448 ) 
4 2437 2440 (-2576 -1217.929932 -396 ) (-2576 -1600 -396 ) (-2513.996094 -1600 -386 ) (-2513.996094 -1217 -386 ) 
4 2437 2439 (-2576 -1024 -396 ) (-2576 -1214 -396 ) (-2513.996094 -1214.969971 -386 ) (-2513.996094 -1024 -386 ) 
4 2438 2443 (-2576 -1088 -384 ) (-2576 -1024 -384 ) (-2576 -1024 -392 ) (-2576 -1088 -392 ) 
4 2438 2440 (-2511.998535 -1217 -384 ) (-2511.998535 -1600 -384 ) (-2576 -1600 -392 ) (-2576 -1218.001465 -392 ) 
4 2438 2439 (-2511.998535 -1024 -384 ) (-2511.998535 -1215.001221 -384 ) (-2576 -1214 -392 ) (-2576 -1024 -392 ) 
4 2439 2443 (-2576 -1088 -392 ) (-2576 -1024 -392 ) (-2576 -1024 -396 ) (-2576 -1088 -396 ) 
4 2441 2456 (-2048 -1800 -896 ) (-2048 -1856 -896 ) (-2320 -1856 -896 ) (-2320 -1800 -896 ) 
4 2441 2450 (-2072 -1800 -896 ) (-2320 -1800 -896 ) (-2320 -1792 -896 ) (-2072 -1792 -896 ) 
4 2441 2449 (-2320 -1792 -896 ) (-2320 -1600 -896 ) (-2072 -1600 -896 ) (-2072 -1792 -896 ) 
4 2441 2448 (-2048 -1600 -896 ) (-2048 -1800 -896 ) (-2072 -1800 -896 ) (-2072 -1600 -896 ) 
4 2442 2498 (-2048 -2048 -896 ) (-2048 -2048 -384 ) (-2576 -2048 -384 ) (-2576 -2048 -896 ) 
4 2442 2484 (-2352 -1988.220093 -896 ) (-2352 -1920 -896 ) (-2320 -1920 -896 ) (-2320 -1988.220093 -896 ) 
4 2442 2486 (-2320 -2048 -896 ) (-2352 -2048 -896 ) (-2352 -1988.220093 -896 ) (-2320 -1988.220093 -896 ) 
4 2442 2487 (-2352 -2048 -896 ) (-2576 -2048 -896 ) (-2576 -1920 -896 ) (-2352 -1920 -896 ) 
4 2442 2458 (-2048 -1920 -896 ) (-2048 -2048 -896 ) (-2320 -2048 -896 ) (-2320 -1920 -896 ) 
4 2442 2445 (-2576 -1920 -896 ) (-2576 -2048 -896 ) (-2576 -2048 -384 ) (-2576 -1920 -384 ) 
4 2443 2480 (-2896 -1024 -896 ) (-2576 -1024 -896 ) (-2576 -1088 -896 ) (-2896 -1088 -896 ) 
4 2443 2444 (-2896 -1088 -832 ) (-2896 -1088 -384 ) (-2896 -1024 -384 ) (-2896 -1024 -832 ) 
4 2444 2491 (-3072 -1024 -384 ) (-3072 -1024 -832 ) (-3072 -1088 -832 ) (-3072 -1088 -384 ) 
4 2445 2498 (-2576 -2048 -384 ) (-2768 -2048 -384 ) (-2768 -2048 -896 ) (-2576 -2048 -896 ) 
4 2445 2487 (-2576 -1856 -896 ) (-2576 -2048 -896 ) (-2768 -2048 -896 ) (-2768 -1856 -896 ) 
4 2445 2446 (-2768 -1856 -896 ) (-2768 -2048 -896 ) (-2768 -2048 -384 ) (-2768 -1856 -384 ) 
4 2446 2498 (-2768 -2048 -384 ) (-3072 -2048 -384 ) (-3072 -2048 -896 ) (-2768 -2048 -896 ) 
4 2446 2496 (-3072 -1600 -896 ) (-3072 -2048 -896 ) (-3072 -2048 -384 ) (-3072 -1600 -384 ) 
4 2446 2487 (-3072 -2048 -896 ) (-3072 -1856 -896 ) (-2768 -1856 -896 ) (-2768 -2048 -896 ) 
4 2446 2483 (-3072 -1856 -896 ) (-3072 -1600 -896 ) (-2896 -1600 -896 ) (-2896 -1856 -896 ) 
4 2446 2482 (-2768 -1852 -896 ) (-2768 -1856 -896 ) (-2896 -1856 -896 ) (-2896 -1852 -896 ) 
4 2446 2481 (-2896 -1600 -896 ) (-2768 -1600 -896 ) (-2768 -1852 -896 ) (-2896 -1852 -896 ) 
4 2447 2453 (-2072 -1272 -1168 ) (-2072 -1024 -1168 ) (-2064 -1024 -1168 ) (-2064 -1272 -1168 ) 
4 2447 2451 (-2064 -1024 -1168 ) (-2048 -1024 -1168 ) (-2048 -1272 -1168 ) (-2064 -1272 -1168 ) 
4 2447 2449 (-2072 -1024 -1168 ) (-2072 -1272 -1168 ) (-2072 -1272 -896 ) (-2072 -1024 -896 ) 
4 2447 2448 (-2072 -1272 -896 ) (-2072 -1272 -1160 ) (-2048 -1272 -1160 ) (-2048 -1272 -896 ) 
4 2448 2464 (-2048 -1800 -1160 ) (-2048 -1800 -1032 ) (-2072 -1800 -1032 ) (-2072 -1800 -1160 ) 
4 2448 2460 (-2048 -1800 -1032 ) (-2048 -1800 -1016 ) (-2072 -1800 -1016 ) (-2072 -1800 -1032 ) 
4 2448 2459 (-2048 -1800 -1016 ) (-2048 -1800 -976 ) (-2072 -1800 -976 ) (-2072 -1800 -1016 ) 
4 2448 2456 (-2048 -1800 -976 ) (-2048 -1800 -896 ) (-2072 -1800 -896 ) (-2072 -1800 -976 ) 
4 2448 2450 (-2072 -1800 -1160 ) (-2072 -1800 -896 ) (-2072 -1792 -896 ) (-2072 -1792 -1160 ) 
4 2448 2449 (-2072 -1792 -896 ) (-2072 -1272 -896 ) (-2072 -1272 -1160 ) (-2072 -1792 -1160 ) 
4 2449 2479 (-2320 -1600 -896 ) (-2320 -1024 -896 ) (-2320 -1024 -1168 ) (-2320 -1600 -1168 ) 
4 2449 2453 (-2320 -1792 -1168 ) (-2320 -1024 -1168 ) (-2072 -1024 -1168 ) (-2072 -1792 -1168 ) 
4 2449 2450 (-2320 -1792 -896 ) (-2320 -1792 -1160 ) (-2072 -1792 -1160 ) (-2072 -1792 -896 ) 
4 2450 2473 (-2320 -1800 -1032 ) (-2320 -1800 -1160 ) (-2256 -1800 -1160 ) (-2256 -1800 -1032 ) 
4 2450 2471 (-2256 -1800 -1160 ) (-2128 -1800 -1160 ) (-2128 -1800 -1034 ) (-2256 -1800 -1034 ) 
4 2450 2470 (-2128 -1800 -1034 ) (-2128 -1800 -1032 ) (-2256 -1800 -1032 ) (-2256 -1800 -1034 ) 
4 2450 2466 (-2128 -1800 -1160 ) (-2072 -1800 -1160 ) (-2072 -1800 -1032 ) (-2128 -1800 -1032 ) 
4 2450 2460 (-2320 -1800 -1016 ) (-2320 -1800 -1032 ) (-2072 -1800 -1032 ) (-2072 -1800 -1016 ) 
4 2450 2459 (-2320 -1800 -976 ) (-2320 -1800 -1016 ) (-2072 -1800 -1016 ) (-2072 -1800 -976 ) 
4 2450 2456 (-2320 -1800 -896 ) (-2320 -1800 -976 ) (-2072 -1800 -976 ) (-2072 -1800 -896 ) 
4 2451 2453 (-2064 -1280 -1200 ) (-2064 -1280 -1168 ) (-2064 -1024 -1168 ) (-2064 -1024 -1200 ) 
4 2452 2488 (-2048 -1280 -1216 ) (-2048 -1800 -1216 ) (-2064 -1800 -1216 ) (-2064 -1280 -1216 ) 
4 2453 2479 (-2320 -1600 -1168 ) (-2320 -1024 -1168 ) (-2320 -1024 -1200 ) (-2320 -1600 -1200 ) 
4 2453 2455 (-2064 -1024 -1200 ) (-2064 -1800 -1200 ) (-2128 -1800 -1200 ) (-2128 -1024 -1200 ) 
4 2453 2454 (-2256 -1800 -1200 ) (-2320 -1800 -1200 ) (-2320 -1024 -1200 ) (-2256 -1024 -1200 ) 
4 2456 2459 (-2320 -1856 -976 ) (-2320 -1800 -976 ) (-2048 -1800 -976 ) (-2048 -1856 -976 ) 
4 2456 2457 (-2320 -1856 -960 ) (-2320 -1856 -976 ) (-2048 -1856 -976 ) (-2048 -1856 -960 ) 
4 2457 2484 (-2320 -1856 -960 ) (-2320 -1856 -976 ) (-2320 -1920 -976 ) (-2320 -1920 -960 ) 
4 2457 2458 (-2320 -1920 -960 ) (-2320 -1920 -976 ) (-2048 -1920 -976 ) (-2048 -1920 -960 ) 
4 2458 2498 (-2048 -2048 -976 ) (-2048 -2048 -896 ) (-2320 -2048 -896 ) (-2320 -2048 -976 ) 
4 2458 2484 (-2320 -1988.220093 -896 ) (-2320 -1920 -896 ) (-2320 -1920 -976 ) (-2320 -1988.220093 -976 ) 
4 2458 2486 (-2320 -2048 -976 ) (-2320 -2048 -896 ) (-2320 -1988.220093 -896 ) (-2320 -1988.220093 -976 ) 
4 2458 2478 (-2048 -2048 -976 ) (-2320 -2048 -976 ) (-2320 -1988.220093 -976 ) (-2048 -1988.220093 -976 ) 
4 2459 2463 (-2320 -1856 -1016 ) (-2320 -1840 -1016 ) (-2256 -1840 -1016 ) (-2256 -1856 -1016 ) 
4 2459 2461 (-2128 -1840 -1016 ) (-2048 -1840 -1016 ) (-2048 -1856 -1016 ) (-2128 -1856 -1016 ) 
4 2459 2460 (-2320 -1840 -1016 ) (-2320 -1800 -1016 ) (-2048 -1800 -1016 ) (-2048 -1840 -1016 ) 
4 2460 2473 (-2320 -1840 -1032 ) (-2320 -1800 -1032 ) (-2256 -1800 -1032 ) (-2256 -1840 -1032 ) 
4 2460 2470 (-2256 -1800 -1032 ) (-2128 -1800 -1032 ) (-2128 -1840 -1032 ) (-2256 -1840 -1032 ) 
4 2460 2466 (-2128 -1800 -1032 ) (-2072 -1800 -1032 ) (-2072 -1840 -1032 ) (-2128 -1840 -1032 ) 
4 2460 2464 (-2072 -1800 -1032 ) (-2048 -1800 -1032 ) (-2048 -1840 -1032 ) (-2072 -1840 -1032 ) 
4 2460 2463 (-2320 -1840 -1032 ) (-2256 -1840 -1032 ) (-2256 -1840 -1016 ) (-2320 -1840 -1016 ) 
4 2460 2462 (-2256 -1840 -1032 ) (-2128 -1840 -1032 ) (-2128 -1840 -1025 ) (-2256 -1840 -1025 ) 
4 2460 2461 (-2128 -1840 -1032 ) (-2048 -1840 -1032 ) (-2048 -1840 -1016 ) (-2128 -1840 -1016 ) 
4 2461 2466 (-2128 -1840 -1032 ) (-2072 -1840 -1032 ) (-2072 -1856 -1032 ) (-2128 -1856 -1032 ) 
4 2461 2464 (-2072 -1840 -1032 ) (-2048 -1840 -1032 ) (-2048 -1856 -1032 ) (-2072 -1856 -1032 ) 
3 2461 2462 (-2128 -1840 -1025 ) (-2128 -1840 -1032 ) (-2128 -1846.222412 -1032 ) 
4 2462 2470 (-2256 -1840 -1032 ) (-2128 -1840 -1032 ) (-2128 -1846.222412 -1032 ) (-2256 -1846.222412 -1032 ) 
3 2462 2463 (-2256 -1840 -1025 ) (-2256 -1840 -1032 ) (-2256 -1846.222412 -1032 ) 
4 2463 2473 (-2320 -1856 -1032 ) (-2320 -1840 -1032 ) (-2256 -1840 -1032 ) (-2256 -1856 -1032 ) 
4 2464 2466 (-2072 -1856 -1160 ) (-2072 -1856 -1032 ) (-2072 -1800 -1032 ) (-2072 -1800 -1160 ) 
4 2465 2477 (-2048 -1920 -1160 ) (-2048 -1920 -1032 ) (-2072 -1920 -1032 ) (-2072 -1920 -1160 ) 
4 2465 2467 (-2072 -1920 -1160 ) (-2072 -1920 -1032 ) (-2072 -1872 -1032 ) (-2072 -1872 -1160 ) 
4 2466 2471 (-2128 -1800 -1034 ) (-2128 -1800 -1160 ) (-2128 -1856 -1160 ) (-2128 -1856 -1034 ) 
4 2466 2470 (-2128 -1846.222290 -1032 ) (-2128 -1800 -1032 ) (-2128 -1800 -1034 ) (-2128 -1848 -1034 ) 
4 2467 2477 (-2072 -1920 -1032 ) (-2128 -1920 -1032 ) (-2128 -1920 -1160 ) (-2072 -1920 -1160 ) 
4 2467 2475 (-2128 -1920 -1160 ) (-2128 -1920 -1032 ) (-2128 -1872 -1032 ) (-2128 -1872 -1160 ) 
4 2468 2488 (-2048 -1856 -1216 ) (-2048 -1872 -1216 ) (-2128 -1872 -1216 ) (-2128 -1856 -1216 ) 
4 2468 2472 (-2128 -1856 -1208 ) (-2128 -1856 -1216 ) (-2128 -1864 -1216 ) (-2128 -1864 -1208 ) 
4 2468 2469 (-2128 -1872 -1208 ) (-2128 -1872 -1216 ) (-2048 -1872 -1216 ) (-2048 -1872 -1208 ) 
4 2469 2488 (-2048 -1872 -1216 ) (-2048 -1920 -1216 ) (-2128 -1920 -1216 ) (-2128 -1872 -1216 ) 
4 2469 2477 (-2128 -1920 -1216 ) (-2048 -1920 -1216 ) (-2048 -1920 -1168 ) (-2128 -1920 -1168 ) 
4 2469 2476 (-2128 -1920 -1216 ) (-2128 -1920 -1168 ) (-2128 -1872 -1168 ) (-2128 -1872 -1216 ) 
4 2470 2473 (-2256 -1846.222412 -1032 ) (-2256 -1800 -1032 ) (-2256 -1800 -1034 ) (-2256 -1848 -1034 ) 
4 2470 2471 (-2256 -1848 -1034 ) (-2256 -1800 -1034 ) (-2128 -1800 -1034 ) (-2128 -1848 -1034 ) 
4 2471 2473 (-2256 -1856 -1034 ) (-2256 -1800 -1034 ) (-2256 -1800 -1160 ) (-2256 -1856 -1160 ) 
4 2472 2488 (-2128 -1856 -1216 ) (-2128 -1864 -1216 ) (-2256 -1864 -1216 ) (-2256 -1856 -1216 ) 
4 2472 2474 (-2256 -1856 -1208 ) (-2256 -1856 -1216 ) (-2256 -1864 -1216 ) (-2256 -1864 -1208 ) 
4 2474 2488 (-2320 -1872 -1216 ) (-2320 -1856 -1216 ) (-2256 -1856 -1216 ) (-2256 -1872 -1216 ) 
4 2474 2485 (-2320 -1856 -1216 ) (-2320 -1872 -1216 ) (-2320 -1872 -1208 ) (-2320 -1856 -1208 ) 
4 2474 2476 (-2320 -1872 -1208 ) (-2320 -1872 -1216 ) (-2256 -1872 -1216 ) (-2256 -1872 -1208 ) 
4 2475 2485 (-2320 -1920 -1160 ) (-2320 -1920 -1032 ) (-2320 -1872 -1032 ) (-2320 -1872 -1160 ) 
4 2475 2477 (-2320 -1920 -1032 ) (-2320 -1920 -1160 ) (-2128 -1920 -1160 ) (-2128 -1920 -1032 ) 
4 2476 2488 (-2320 -1920 -1216 ) (-2320 -1872 -1216 ) (-2128 -1872 -1216 ) (-2128 -1920 -1216 ) 
4 2476 2485 (-2320 -1872 -1216 ) (-2320 -1920 -1216 ) (-2320 -1920 -1168 ) (-2320 -1872 -1168 ) 
4 2476 2477 (-2320 -1920 -1168 ) (-2320 -1920 -1216 ) (-2128 -1920 -1216 ) (-2128 -1920 -1168 ) 
4 2477 2488 (-2320 -1988.220093 -1216 ) (-2320 -1920 -1216 ) (-2048 -1920 -1216 ) (-2048 -1988.220093 -1216 ) 
4 2477 2485 (-2320 -1920 -1216 ) (-2320 -1988.220093 -1216 ) (-2320 -1988.220093 -1032 ) (-2320 -1920 -1032 ) 
4 2477 2478 (-2320 -1988.220093 -1032 ) (-2320 -1988.220093 -1216 ) (-2048 -1988.220093 -1216 ) (-2048 -1988.220093 -1032 ) 
4 2478 2498 (-2048 -2048 -1216 ) (-2048 -2048 -976 ) (-2320 -2048 -976 ) (-2320 -2048 -1216 ) 
4 2478 2488 (-2048 -2048 -1216 ) (-2320 -2048 -1216 ) (-2320 -1988.220093 -1216 ) (-2048 -1988.220093 -1216 ) 
4 2478 2486 (-2320 -1988.220093 -1216 ) (-2320 -2048 -1216 ) (-2320 -2048 -976 ) (-2320 -1988.220093 -976 ) 
4 2479 2480 (-2576 -1088 -896 ) (-2576 -1024 -896 ) (-2576 -1024 -1200 ) (-2576 -1088 -1200 ) 
4 2481 2483 (-2896 -1852 -1200 ) (-2896 -1852 -896 ) (-2896 -1600 -896 ) (-2896 -1600 -1200 ) 
4 2481 2482 (-2896 -1852 -896 ) (-2896 -1852 -1200 ) (-2768 -1852 -1200 ) (-2768 -1852 -896 ) 
4 2482 2488 (-2768 -1856 -1216 ) (-2896 -1856 -1216 ) (-2896 -1852 -1216 ) (-2768 -1852 -1216 ) 
4 2482 2487 (-2896 -1856 -1216 ) (-2768 -1856 -1216 ) (-2768 -1856 -896 ) (-2896 -1856 -896 ) 
4 2482 2483 (-2896 -1852 -1216 ) (-2896 -1856 -1216 ) (-2896 -1856 -896 ) (-2896 -1852 -896 ) 
4 2483 2496 (-3072 -1600 -1216 ) (-3072 -1856 -1216 ) (-3072 -1856 -896 ) (-3072 -1600 -896 ) 
4 2483 2490 (-3072 -1856 -1216 ) (-3072 -1600 -1216 ) (-2896 -1600 -1216 ) (-2896 -1856 -1216 ) 
4 2483 2487 (-3072 -1856 -1216 ) (-2896 -1856 -1216 ) (-2896 -1856 -896 ) (-3072 -1856 -896 ) 
4 2484 2487 (-2352 -1856 -896 ) (-2352 -1856 -976 ) (-2352 -1988.220093 -976 ) (-2352 -1988.220093 -896 ) 
4 2484 2486 (-2352 -1988.220093 -896 ) (-2352 -1988.220093 -976 ) (-2320 -1988.220093 -976 ) (-2320 -1988.220093 -896 ) 
4 2485 2488 (-2352 -1988.220093 -1216 ) (-2352 -1856 -1216 ) (-2320 -1856 -1216 ) (-2320 -1988.220093 -1216 ) 
4 2485 2486 (-2352 -1988.220093 -1032 ) (-2352 -1988.220093 -1216 ) (-2320 -1988.220093 -1216 ) (-2320 -1988.220093 -1032 ) 
4 2485 2487 (-2352 -1856 -1032 ) (-2352 -1856 -1216 ) (-2352 -1988.220093 -1216 ) (-2352 -1988.220093 -1032 ) 
4 2486 2498 (-2320 -2048 -896 ) (-2352 -2048 -896 ) (-2352 -2048 -1216 ) (-2320 -2048 -1216 ) 
4 2486 2488 (-2320 -2048 -1216 ) (-2352 -2048 -1216 ) (-2352 -1988.220093 -1216 ) (-2320 -1988.220093 -1216 ) 
4 2486 2487 (-2352 -1988.220093 -1216 ) (-2352 -2048 -1216 ) (-2352 -2048 -896 ) (-2352 -1988.220093 -896 ) 
4 2487 2498 (-2352 -2048 -896 ) (-3072 -2048 -896 ) (-3072 -2048 -1216 ) (-2352 -2048 -1216 ) 
4 2487 2496 (-3072 -1856 -1216 ) (-3072 -2048 -1216 ) (-3072 -2048 -896 ) (-3072 -1856 -896 ) 
4 2487 2490 (-2896 -2048 -1216 ) (-3072 -2048 -1216 ) (-3072 -1856 -1216 ) (-2896 -1856 -1216 ) 
4 2487 2488 (-2352 -2048 -1216 ) (-2896 -2048 -1216 ) (-2896 -1856 -1216 ) (-2352 -1856 -1216 ) 
4 2488 2498 (-2048 -2048 -3040 ) (-2048 -2048 -1216 ) (-2896 -2048 -1216 ) (-2896 -2048 -3040 ) 
4 2488 2489 (-2896 -1024 -3040 ) (-2896 -1088 -3040 ) (-2896 -1088 -1280 ) (-2896 -1024 -1280 ) 
4 2488 2490 (-2896 -1088 -3040 ) (-2896 -2048 -3040 ) (-2896 -2048 -1216 ) (-2896 -1088 -1216 ) 
4 2489 2492 (-3072 -1024 -1280 ) (-3072 -1024 -3040 ) (-3072 -1088 -3040 ) (-3072 -1088 -1280 ) 
4 2489 2490 (-3072 -1088 -3040 ) (-2896 -1088 -3040 ) (-2896 -1088 -1280 ) (-3072 -1088 -1280 ) 
4 2490 2498 (-2896 -2048 -1216 ) (-3072 -2048 -1216 ) (-3072 -2048 -3040 ) (-2896 -2048 -3040 ) 
4 2490 2496 (-3072 -1600 -3040 ) (-3072 -2048 -3040 ) (-3072 -2048 -1216 ) (-3072 -1600 -1216 ) 
4 2490 2495 (-3072 -1088 -3040 ) (-3072 -1600 -3040 ) (-3072 -1600 -1216 ) (-3072 -1088 -1216 ) 
4 2491 2506 (-4096 -1088 -832 ) (-4096 -1088 2528 ) (-4096 -1024 2528 ) (-4096 -1024 -832 ) 
4 2491 2497 (-3088 -1088 2528 ) (-4096 -1088 2528 ) (-4096 -1088 -832 ) (-3088 -1088 -832 ) 
4 2491 2494 (-3072 -1088 128 ) (-3072 -1088 2528 ) (-3088 -1088 2528 ) (-3088 -1088 128 ) 
4 2491 2493 (-3408 -1088 -832 ) (-4096 -1088 -832 ) (-4096 -1024 -832 ) (-3408 -1024 -832 ) 
4 2492 2497 (-3088 -1088 -1280 ) (-3408 -1088 -1280 ) (-3408 -1088 -3040 ) (-3088 -1088 -3040 ) 
4 2492 2495 (-3072 -1088 -3040 ) (-3072 -1088 -1280 ) (-3088 -1088 -1280 ) (-3088 -1088 -3040 ) 
4 2492 2493 (-3408 -1024 -3040 ) (-3408 -1088 -3040 ) (-3408 -1088 -1280 ) (-3408 -1024 -1280 ) 
4 2493 2506 (-4096 -1088 -3040 ) (-4096 -1088 -832 ) (-4096 -1024 -832 ) (-4096 -1024 -3040 ) 
4 2493 2497 (-3408 -1088 -832 ) (-4096 -1088 -832 ) (-4096 -1088 -3040 ) (-3408 -1088 -3040 ) 
4 2494 2497 (-3088 -1088 2528 ) (-3088 -1088 128 ) (-3088 -1600 128 ) (-3088 -1600 2528 ) 
4 2494 2496 (-3088 -1600 2528 ) (-3088 -1600 128 ) (-3072 -1600 128 ) (-3072 -1600 2528 ) 
4 2495 2497 (-3088 -1088 -1216 ) (-3088 -1088 -3040 ) (-3088 -1600 -3040 ) (-3088 -1600 -1216 ) 
4 2495 2496 (-3088 -1600 -1216 ) (-3088 -1600 -3040 ) (-3072 -1600 -3040 ) (-3072 -1600 -1216 ) 
4 2496 2499 (-3072 -2048 -3040 ) (-3072 -2048 2528 ) (-3088 -2048 2528 ) (-3088 -2048 -3040 ) 
4 2496 2497 (-3088 -2048 -3040 ) (-3088 -2048 2528 ) (-3088 -1600 2528 ) (-3088 -1600 -3040 ) 
4 2497 2506 (-4096 -2048 -3040 ) (-4096 -2048 2528 ) (-4096 -1088 2528 ) (-4096 -1088 -3040 ) 
4 2497 2499 (-3088 -2048 -3040 ) (-3088 -2048 2528 ) (-4096 -2048 2528 ) (-4096 -2048 -3040 ) 
4 2498 2519 (-2048 -3072 -3040 ) (-2048 -3072 2528 ) (-3072 -3072 2528 ) (-3072 -3072 -3040 ) 
4 2498 2499 (-3072 -2048 2528 ) (-3072 -2048 -3040 ) (-3072 -3072 -3040 ) (-3072 -3072 2528 ) 
4 2499 2520 (-3072 -3072 -3040 ) (-3072 -3072 2528 ) (-4096 -3072 2528 ) (-4096 -3072 -3040 ) 
4 2499 2508 (-4096 -3072 -3040 ) (-4096 -3072 2528 ) (-4096 -2048 2528 ) (-4096 -2048 -3040 ) 
4 2500 2502 (-4096 0 -3040 ) (-4096 0 2528 ) (-5120 0 2528 ) (-5120 0 -3040 ) 
4 2500 2501 (-5120 1024 2528 ) (-5120 1024 -3040 ) (-5120 0 -3040 ) (-5120 0 2528 ) 
4 2501 2504 (-6144 1024 2528 ) (-6144 1024 -3040 ) (-6144 0 -3040 ) (-6144 0 2528 ) 
4 2501 2503 (-5120 0 -3040 ) (-5120 0 2528 ) (-6144 0 2528 ) (-6144 0 -3040 ) 
4 2502 2506 (-4096 -1024 -3040 ) (-4096 -1024 2528 ) (-5120 -1024 2528 ) (-5120 -1024 -3040 ) 
4 2502 2503 (-5120 0 2528 ) (-5120 0 -3040 ) (-5120 -1024 -3040 ) (-5120 -1024 2528 ) 
4 2503 2507 (-5120 -1024 -3040 ) (-5120 -1024 2528 ) (-6144 -1024 2528 ) (-6144 -1024 -3040 ) 
4 2503 2505 (-6144 -1024 -3040 ) (-6144 -1024 2528 ) (-6144 0 2528 ) (-6144 0 -3040 ) 
4 2504 2505 (-6144 0 -3040 ) (-6144 0 2528 ) (-6624 0 2528 ) (-6624 0 -3040 ) 
4 2505 2510 (-6144 -1024 -3040 ) (-6144 -1024 2528 ) (-6624 -1024 2528 ) (-6624 -1024 -3040 ) 
4 2506 2508 (-4096 -2048 -3040 ) (-4096 -2048 2528 ) (-5120 -2048 2528 ) (-5120 -2048 -3040 ) 
4 2506 2507 (-5120 -1024 2528 ) (-5120 -1024 -3040 ) (-5120 -2048 -3040 ) (-5120 -2048 2528 ) 
4 2507 2510 (-6144 -1024 2528 ) (-6144 -1024 -3040 ) (-6144 -2048 -3040 ) (-6144 -2048 2528 ) 
4 2507 2509 (-5120 -2048 -3040 ) (-5120 -2048 2528 ) (-6144 -2048 2528 ) (-6144 -2048 -3040 ) 
4 2508 2527 (-4096 -3072 -3040 ) (-4096 -3072 2528 ) (-5120 -3072 2528 ) (-5120 -3072 -3040 ) 
4 2508 2509 (-5120 -2048 2528 ) (-5120 -2048 -3040 ) (-5120 -3072 -3040 ) (-5120 -3072 2528 ) 
4 2509 2528 (-5120 -3072 -3040 ) (-5120 -3072 2528 ) (-6144 -3072 2528 ) (-6144 -3072 -3040 ) 
4 2509 2511 (-6144 -3072 -3040 ) (-6144 -3072 2528 ) (-6144 -2048 2528 ) (-6144 -2048 -3040 ) 
4 2510 2511 (-6144 -2048 -3040 ) (-6144 -2048 2528 ) (-6624 -2048 2528 ) (-6624 -2048 -3040 ) 
4 2511 2531 (-6144 -3072 -3040 ) (-6144 -3072 2528 ) (-6624 -3072 2528 ) (-6624 -3072 -3040 ) 
4 2512 2513 (-232 -4048 2528 ) (-232 -4048 -1216 ) (0 -4048 -1216 ) (0 -4048 2528 ) 
4 2512 2514 (-232 -4048 -1216 ) (-232 -4048 2528 ) (-232 -3072 2528 ) (-232 -3072 -1216 ) 
4 2513 2517 (0 -4096 -1296 ) (0 -4096 2528 ) (-232 -4096 2528 ) (-232 -4096 -1296 ) 
4 2513 2515 (0 -4096 -1296 ) (-232 -4096 -1296 ) (-232 -4048 -1296 ) (0 -4048 -1296 ) 
4 2513 2514 (-232 -4048 -1296 ) (-232 -4096 -1296 ) (-232 -4096 2528 ) (-232 -4048 2528 ) 
4 2514 2517 (-232 -4096 2528 ) (-1024 -4096 2528 ) (-1024 -4096 -1296 ) (-232 -4096 -1296 ) 
4 2514 2516 (-1024 -3072 2528 ) (-1024 -3072 -1296 ) (-1024 -4096 -1296 ) (-1024 -4096 2528 ) 
4 2514 2515 (-232 -4096 -1296 ) (-1024 -4096 -1296 ) (-1024 -3072 -1296 ) (-232 -3072 -1296 ) 
4 2515 2517 (0 -4096 -3040 ) (0 -4096 -1296 ) (-1024 -4096 -1296 ) (-1024 -4096 -3040 ) 
4 2515 2516 (-1024 -3072 -1296 ) (-1024 -3072 -3040 ) (-1024 -4096 -3040 ) (-1024 -4096 -1296 ) 
4 2516 2519 (-2048 -3072 2528 ) (-2048 -3072 -3040 ) (-2048 -4096 -3040 ) (-2048 -4096 2528 ) 
4 2516 2518 (-1024 -4096 -3040 ) (-1024 -4096 2528 ) (-2048 -4096 2528 ) (-2048 -4096 -3040 ) 
4 2517 2523 (0 -5120 -3040 ) (0 -5120 2528 ) (-1024 -5120 2528 ) (-1024 -5120 -3040 ) 
4 2517 2518 (-1024 -4096 2528 ) (-1024 -4096 -3040 ) (-1024 -5120 -3040 ) (-1024 -5120 2528 ) 
4 2518 2524 (-1024 -5120 -3040 ) (-1024 -5120 2528 ) (-2048 -5120 2528 ) (-2048 -5120 -3040 ) 
4 2518 2521 (-2048 -5120 -3040 ) (-2048 -5120 2528 ) (-2048 -4096 2528 ) (-2048 -4096 -3040 ) 
4 2519 2521 (-2048 -4096 -3040 ) (-2048 -4096 2528 ) (-3072 -4096 2528 ) (-3072 -4096 -3040 ) 
4 2519 2520 (-3072 -3072 2528 ) (-3072 -3072 -3040 ) (-3072 -4096 -3040 ) (-3072 -4096 2528 ) 
4 2520 2527 (-4096 -3072 2528 ) (-4096 -3072 -3040 ) (-4096 -4096 -3040 ) (-4096 -4096 2528 ) 
4 2520 2522 (-3072 -4096 -3040 ) (-3072 -4096 2528 ) (-4096 -4096 2528 ) (-4096 -4096 -3040 ) 
4 2521 2525 (-2048 -5120 -3040 ) (-2048 -5120 2528 ) (-3072 -5120 2528 ) (-3072 -5120 -3040 ) 
4 2521 2522 (-3072 -4096 2528 ) (-3072 -4096 -3040 ) (-3072 -5120 -3040 ) (-3072 -5120 2528 ) 
4 2522 2529 (-4096 -5120 -3040 ) (-4096 -5120 2528 ) (-4096 -4096 2528 ) (-4096 -4096 -3040 ) 
4 2522 2526 (-3072 -5120 -3040 ) (-3072 -5120 2528 ) (-4096 -5120 2528 ) (-4096 -5120 -3040 ) 
4 2523 2524 (-1024 -5120 2528 ) (-1024 -5120 -3040 ) (-1024 -5600 -3040 ) (-1024 -5600 2528 ) 
4 2524 2525 (-2048 -5120 2528 ) (-2048 -5120 -3040 ) (-2048 -5600 -3040 ) (-2048 -5600 2528 ) 
4 2525 2526 (-3072 -5120 2528 ) (-3072 -5120 -3040 ) (-3072 -5600 -3040 ) (-3072 -5600 2528 ) 
4 2526 2533 (-4096 -5600 2528 ) (-4096 -5120 2528 ) (-4096 -5120 -3040 ) (-4096 -5600 -3040 ) 
4 2527 2529 (-4096 -4096 -3040 ) (-4096 -4096 2528 ) (-5120 -4096 2528 ) (-5120 -4096 -3040 ) 
4 2527 2528 (-5120 -3072 2528 ) (-5120 -3072 -3040 ) (-5120 -4096 -3040 ) (-5120 -4096 2528 ) 
4 2528 2531 (-6144 -3072 2528 ) (-6144 -3072 -3040 ) (-6144 -4096 -3040 ) (-6144 -4096 2528 ) 
4 2528 2530 (-5120 -4096 -3040 ) (-5120 -4096 2528 ) (-6144 -4096 2528 ) (-6144 -4096 -3040 ) 
4 2529 2533 (-4096 -5120 -3040 ) (-4096 -5120 2528 ) (-5120 -5120 2528 ) (-5120 -5120 -3040 ) 
4 2529 2530 (-5120 -4096 2528 ) (-5120 -4096 -3040 ) (-5120 -5120 -3040 ) (-5120 -5120 2528 ) 
4 2530 2534 (-5120 -5120 -3040 ) (-5120 -5120 2528 ) (-6144 -5120 2528 ) (-6144 -5120 -3040 ) 
4 2530 2532 (-6144 -5120 -3040 ) (-6144 -5120 2528 ) (-6144 -4096 2528 ) (-6144 -4096 -3040 ) 
4 2531 2532 (-6144 -4096 -3040 ) (-6144 -4096 2528 ) (-6624 -4096 2528 ) (-6624 -4096 -3040 ) 
4 2532 2535 (-6144 -5120 -3040 ) (-6144 -5120 2528 ) (-6624 -5120 2528 ) (-6624 -5120 -3040 ) 
4 2533 2534 (-5120 -5120 2528 ) (-5120 -5120 -3040 ) (-5120 -5600 -3040 ) (-5120 -5600 2528 ) 
4 2534 2535 (-6144 -5120 2528 ) (-6144 -5120 -3040 ) (-6144 -5600 -3040 ) (-6144 -5600 2528 ) 
