PRT1
993
3186
4 1 8 (3072 550 -256 ) (3072 0 -256 ) (3072 0 648 ) (3072 550 648 ) 
4 1 2 (3088 0 -256 ) (3088 0 648 ) (3072 0 648 ) (3072 0 -256 ) 
4 2 54 (3072 -1024 -256 ) (3072 -1024 -32 ) (3072 -544 -32 ) (3072 -544 -256 ) 
4 2 53 (3072 -1024 -32 ) (3072 -1024 0 ) (3072 -544 0 ) (3072 -544 -32 ) 
4 2 38 (3072 -1024 0 ) (3072 -1024 648 ) (3072 -544 648 ) (3072 -544 0 ) 
4 2 37 (3072 -544 648 ) (3072 0 648 ) (3072 0 -256 ) (3072 -544 -256 ) 
4 2 7 (3072 -1024 -32 ) (3072 -1024 -256 ) (3088 -1024 -256 ) (3088 -1024 -32 ) 
4 2 5 (3072 -1024 540 ) (3072 -1024 -32 ) (3088 -1024 -32 ) (3088 -1024 540 ) 
4 2 3 (3072 -1024 648 ) (3072 -1024 540 ) (3088 -1024 540 ) (3088 -1024 648 ) 
4 3 55 (3072 -1504 648 ) (3072 -1024 648 ) (3072 -1024 540 ) (3072 -1504 540 ) 
4 3 5 (3072 -1504 540 ) (3072 -1024 540 ) (3088 -1024 540 ) (3088 -1504 540 ) 
4 3 4 (3088 -1504 548 ) (3088 -1504 648 ) (3072 -1504 648 ) (3072 -1504 548 ) 
4 4 485 (3088 -2048 648 ) (3072 -2048 648 ) (3072 -2048 548 ) (3088 -2048 548 ) 
4 4 56 (3072 -2048 548 ) (3072 -2048 648 ) (3072 -1504 648 ) (3072 -1504 548 ) 
4 5 67 (3072 -1024 256 ) (3072 -1024 -32 ) (3072 -1584 -32 ) (3072 -1584 256 ) 
4 5 57 (3072 -1584 540 ) (3072 -1024 540 ) (3072 -1024 256 ) (3072 -1584 256 ) 
4 5 7 (3072 -1600 -32 ) (3072 -1024 -32 ) (3088 -1024 -32 ) (3088 -1600 -32 ) 
4 5 6 (3088 -1600 0 ) (3088 -1600 540 ) (3072 -1600 540 ) (3072 -1600 0 ) 
4 6 486 (3088 -2048 0 ) (3088 -2048 540 ) (3072 -2048 540 ) (3072 -2048 0 ) 
4 7 488 (3088 -2048 -256 ) (3088 -2048 -32 ) (3072 -2048 -32 ) (3072 -2048 -256 ) 
4 7 88 (3072 -2048 -256 ) (3072 -2048 -32 ) (3072 -1824 -32 ) (3072 -1824 -256 ) 
4 7 77 (3072 -1824 -32 ) (3072 -1600 -32 ) (3072 -1600 -256 ) (3072 -1824 -256 ) 
4 7 68 (3072 -1600 -32 ) (3072 -1024 -32 ) (3072 -1024 -256 ) (3072 -1600 -256 ) 
4 8 37 (3072 0 -256 ) (3072 0 648 ) (2048 0 648 ) (2048 0 -256 ) 
4 8 9 (2048 550 -256 ) (2048 0 -256 ) (2048 0 648 ) (2048 550 648 ) 
4 9 228 (2048 0 -256 ) (2048 0 -32 ) (1024 0 -32 ) (1024 0 -256 ) 
4 9 226 (1600 0 0 ) (1344 0 0 ) (1344 0 -32 ) (1600 0 -32 ) 
4 9 227 (1344 0 0 ) (1024 0 0 ) (1024 0 -32 ) (1344 0 -32 ) 
4 9 225 (2048 0 -32 ) (2048 0 0 ) (1600 0 0 ) (1600 0 -32 ) 
4 9 223 (1336 0 0 ) (1344 0 0 ) (1344 0 400 ) (1336 0 400 ) 
4 9 224 (1024 0 400 ) (1024 0 0 ) (1336 0 0 ) (1336 0 400 ) 
4 9 222 (1344 0 648 ) (1024 0 648 ) (1024 0 400 ) (1344 0 400 ) 
4 9 185 (1344 0 264 ) (1344 0 0 ) (1592 0 0 ) (1592 0 264 ) 
4 9 175 (1592 0 648 ) (1344 0 648 ) (1344 0 264 ) (1592 0 264 ) 
4 9 156 (2048 0 0 ) (2048 0 648 ) (1592 0 648 ) (1592 0 0 ) 
4 9 33 (1024 0 -256 ) (1024 0 0 ) (1024 240 0 ) (1024 240 -256 ) 
4 9 30 (1024 240 0 ) (1024 550 0 ) (1024 550 -256 ) (1024 240 -256 ) 
4 9 27 (1024 0 0 ) (1024 0 160 ) (1024 48 160 ) (1024 48 0 ) 
4 9 24 (1024 48 160 ) (1024 240 160 ) (1024 240 0 ) (1024 48 0 ) 
4 9 22 (1024 240 160 ) (1024 256 160 ) (1024 256 0 ) (1024 240 0 ) 
4 9 16 (1024 256 160 ) (1024 544 160 ) (1024 544 0 ) (1024 256 0 ) 
4 9 15 (1024 544 160 ) (1024 550 160 ) (1024 550 0 ) (1024 544 0 ) 
4 9 11 (1024 0 160 ) (1024 0 648 ) (1024 544 648 ) (1024 544 160 ) 
4 9 10 (1024 544 648 ) (1024 550 648 ) (1024 550 160 ) (1024 544 160 ) 
4 10 701 (0 550 160 ) (0 544 160 ) (0 544 648 ) (0 550 648 ) 
4 10 15 (0 544 160 ) (0 550 160 ) (1024 550 160 ) (1024 544 160 ) 
4 10 14 (448 544 160 ) (736 544 160 ) (736 544 256 ) (448 544 256 ) 
4 10 13 (0 544 392 ) (0 544 256 ) (736 544 256 ) (736 544 392 ) 
4 10 12 (0 544 648 ) (0 544 400 ) (736 544 400 ) (736 544 648 ) 
4 10 11 (736 544 160 ) (1024 544 160 ) (1024 544 648 ) (736 544 648 ) 
4 11 243 (1024 0 160 ) (1024 0 371.397034 ) (736 0 371.397034 ) (736 0 160 ) 
4 11 242 (768.405029 0 384 ) (736 0 384 ) (736 0 371.397034 ) (768.405029 0 371.397034 ) 
4 11 241 (1024 0 371.397034 ) (1024 0 384 ) (768.405029 0 384 ) (768.405029 0 371.397034 ) 
4 11 234 (768.405029 0 520 ) (736 0 520 ) (736 0 384 ) (768.405029 0 384 ) 
4 11 233 (1024 0 384 ) (1024 0 520 ) (768.405029 0 520 ) (768.405029 0 384 ) 
4 11 231 (800 0 528 ) (736 0 528 ) (736 0 520 ) (800 0 520 ) 
4 11 230 (1024 0 520 ) (1024 0 528 ) (800 0 528 ) (800 0 520 ) 
4 11 229 (1024 0 528 ) (1024 0 648 ) (736 0 648 ) (736 0 528 ) 
4 11 27 (1024 0 160 ) (736 0 160 ) (736 48 160 ) (1024 48 160 ) 
4 11 24 (736 48 160 ) (736 240 160 ) (1024 240 160 ) (1024 48 160 ) 
4 11 22 (736 240 160 ) (736 256 160 ) (1024 256 160 ) (1024 240 160 ) 
4 11 16 (736 256 160 ) (736 544 160 ) (1024 544 160 ) (1024 256 160 ) 
4 11 14 (736 544 256 ) (736 544 160 ) (736 536 160 ) (736 536 256 ) 
4 11 13 (736 544 392 ) (736 544 256 ) (736 536 256 ) (736 536 392 ) 
4 11 12 (736 544 648 ) (736 544 400 ) (736 0 400 ) (736 0 648 ) 
4 12 702 (0 0 400 ) (0 0 648 ) (0 544 648 ) (0 544 400 ) 
4 12 236 (0 0 520 ) (0 0 400 ) (736 0 400 ) (736 0 520 ) 
4 12 231 (732 0 520 ) (736 0 520 ) (736 0 528 ) (732 0 528 ) 
4 12 232 (0 0 528 ) (0 0 520 ) (732 0 520 ) (732 0 528 ) 
4 12 229 (0 0 648 ) (0 0 528 ) (736 0 528 ) (736 0 648 ) 
4 13 703 (0 536 392 ) (0 544 392 ) (0 544 256 ) (0 536 256 ) 
4 13 14 (448 544 256 ) (736 544 256 ) (736 536 256 ) (448 536 256 ) 
4 14 16 (448 544 160 ) (736 544 160 ) (736 536 160 ) (448 536 160 ) 
4 15 705 (0 550 0 ) (0 544 0 ) (0 544 160 ) (0 550 160 ) 
4 15 31 (0 544 0 ) (0 550 0 ) (416 550 0 ) (416 544 0 ) 
4 15 30 (416 550 0 ) (1024 550 0 ) (1024 544 0 ) (416 544 0 ) 
4 15 16 (448 544 0 ) (1024 544 0 ) (1024 544 160 ) (448 544 160 ) 
4 16 30 (448 544 0 ) (1024 544 0 ) (1024 256 0 ) (448 256 0 ) 
4 16 22 (448 256 0 ) (1024 256 0 ) (1024 256 160 ) (448 256 160 ) 
4 17 23 (248 256 0 ) (296 256 0 ) (296 256 108 ) (248 256 108 ) 
4 17 19 (144 480 0 ) (144 288 0 ) (144 288 128 ) (144 480 128 ) 
4 18 706 (0 512 0 ) (0 480 0 ) (0 480 160 ) (0 512 160 ) 
4 18 20 (0 480 0 ) (128 480 0 ) (128 480 160 ) (0 480 160 ) 
4 19 20 (128 480 128 ) (128 480 0 ) (128 288 0 ) (128 288 128 ) 
4 20 706 (0 480 0 ) (0 288 0 ) (0 288 160 ) (0 480 160 ) 
4 20 21 (0 288 0 ) (128 288 0 ) (128 288 160 ) (0 288 160 ) 
4 21 706 (0 288 0 ) (0 256 0 ) (0 256 160 ) (0 288 160 ) 
4 22 30 (448 256 0 ) (1024 256 0 ) (1024 240 0 ) (448 240 0 ) 
4 22 24 (448 240 0 ) (1024 240 0 ) (1024 240 160 ) (448 240 160 ) 
4 23 25 (248 240 0 ) (296 240 0 ) (296 240 108 ) (248 240 108 ) 
4 24 33 (368 240 0 ) (1024 240 0 ) (1024 48 0 ) (368 48 0 ) 
4 24 27 (368 48 0 ) (1024 48 0 ) (1024 48 160 ) (368 48 160 ) 
4 26 707 (0 240 0 ) (0 48 0 ) (0 48 160 ) (0 240 160 ) 
4 26 36 (0 48 0 ) (0 240 0 ) (184 240 0 ) (184 48 0 ) 
4 26 29 (0 48 0 ) (184 48 0 ) (184 48 160 ) (0 48 160 ) 
4 27 247 (732 0 160 ) (368 0 160 ) (368 0 0 ) (732 0 0 ) 
4 27 246 (736 0 160 ) (732 0 160 ) (732 0 0 ) (736 0 0 ) 
4 27 243 (1024 0 0 ) (1024 0 160 ) (736 0 160 ) (736 0 0 ) 
4 27 33 (368 48 0 ) (1024 48 0 ) (1024 0 0 ) (368 0 0 ) 
4 27 28 (368 32 0 ) (368 0 0 ) (368 0 160 ) (368 32 160 ) 
4 28 247 (368 0 160 ) (184 0 160 ) (184 0 0 ) (368 0 0 ) 
4 28 35 (352 0 0 ) (200 0 0 ) (200 32 0 ) (352 32 0 ) 
4 28 33 (368 32 0 ) (368 0 0 ) (352 0 0 ) (352 32 0 ) 
4 28 36 (200 0 0 ) (184 0 0 ) (184 32 0 ) (200 32 0 ) 
4 28 29 (184 32 0 ) (184 0 0 ) (184 0 160 ) (184 32 160 ) 
4 29 707 (0 48 0 ) (0 0 0 ) (0 0 160 ) (0 48 160 ) 
4 29 247 (184 0 160 ) (0 0 160 ) (0 0 0 ) (184 0 0 ) 
4 29 36 (0 0 0 ) (0 48 0 ) (184 48 0 ) (184 0 0 ) 
4 30 33 (416 240 -256 ) (1024 240 -256 ) (1024 240 0 ) (416 240 0 ) 
4 30 32 (416 512 -256 ) (416 240 -256 ) (416 240 -32 ) (416 512 -32 ) 
4 30 31 (416 550 0 ) (416 550 -256 ) (416 512 -256 ) (416 512 0 ) 
4 31 713 (0 512 -32 ) (0 512 0 ) (0 550 0 ) (0 550 -32 ) 
4 31 717 (0 550 -256 ) (0 512 -256 ) (0 512 -32 ) (0 550 -32 ) 
4 31 32 (0 512 -256 ) (416 512 -256 ) (416 512 -32 ) (0 512 -32 ) 
4 32 717 (0 512 -256 ) (0 240 -256 ) (0 240 -32 ) (0 512 -32 ) 
4 32 34 (200 240 -256 ) (352 240 -256 ) (352 240 -32 ) (200 240 -32 ) 
4 32 33 (352 240 -256 ) (416 240 -256 ) (416 240 -32 ) (352 240 -32 ) 
4 32 36 (0 240 -256 ) (200 240 -256 ) (200 240 -32 ) (0 240 -32 ) 
4 33 248 (736 0 0 ) (352 0 0 ) (352 0 -256 ) (736 0 -256 ) 
4 33 243 (1024 0 -256 ) (1024 0 0 ) (736 0 0 ) (736 0 -256 ) 
4 33 34 (352 240 -32 ) (352 240 -256 ) (352 48 -256 ) (352 48 -32 ) 
4 33 35 (352 48 -256 ) (352 0 -256 ) (352 0 0 ) (352 48 0 ) 
4 34 35 (200 48 -32 ) (200 48 -256 ) (352 48 -256 ) (352 48 -32 ) 
4 34 36 (200 240 -32 ) (200 240 -256 ) (200 48 -256 ) (200 48 -32 ) 
4 35 248 (352 0 0 ) (200 0 0 ) (200 0 -256 ) (352 0 -256 ) 
4 35 36 (200 48 -256 ) (200 0 -256 ) (200 0 0 ) (200 48 0 ) 
4 36 715 (0 0 -32 ) (0 0 0 ) (0 176 0 ) (0 176 -32 ) 
4 36 714 (0 176 0 ) (0 240 0 ) (0 240 -32 ) (0 176 -32 ) 
4 36 717 (0 240 -256 ) (0 0 -256 ) (0 0 -32 ) (0 240 -32 ) 
4 36 248 (200 0 0 ) (0 0 0 ) (0 0 -256 ) (200 0 -256 ) 
4 37 228 (2048 0 -32 ) (2048 0 -256 ) (2048 -544 -256 ) (2048 -544 -32 ) 
4 37 225 (2048 0 0 ) (2048 0 -32 ) (2048 -544 -32 ) (2048 -544 0 ) 
4 37 156 (2048 0 648 ) (2048 0 0 ) (2048 -544 0 ) (2048 -544 648 ) 
4 37 54 (2048 -544 -32 ) (2048 -544 -256 ) (3072 -544 -256 ) (3072 -544 -32 ) 
4 37 53 (2504 -544 -32 ) (3072 -544 -32 ) (3072 -544 0 ) (2504 -544 0 ) 
4 37 52 (2048 -544 540 ) (2048 -544 376.001038 ) (2504 -544 376.002014 ) (2504 -544 540 ) 
4 37 48 (2504 -544 296 ) (2504 -544 368.001984 ) (2360 -544 368.001678 ) (2360 -544 296 ) 
4 37 49 (2360 -544 0 ) (2504 -544 0 ) (2504 -544 136 ) (2360 -544 136 ) 
4 37 50 (2184 -544 0 ) (2360 -544 0 ) (2360 -544 368.001678 ) (2184 -544 368.001312 ) 
4 37 45 (2048 -544 648 ) (2048 -544 540 ) (2504 -544 540 ) (2504 -544 648 ) 
4 37 44 (2512 -544 544 ) (2512 -544 648 ) (2504 -544 648 ) (2504 -544 544 ) 
4 37 43 (2528 -544 544 ) (2528 -544 548 ) (2512 -544 548 ) (2512 -544 544 ) 
4 37 42 (2528 -544 548 ) (2528 -544 648 ) (2512 -544 648 ) (2512 -544 548 ) 
4 37 39 (2528 -544 0 ) (2532 -544 0 ) (2532 -544 648 ) (2528 -544 648 ) 
4 37 38 (2532 -544 0 ) (3072 -544 0 ) (3072 -544 648 ) (2532 -544 648 ) 
4 38 97 (2532 -1024 540 ) (2532 -1024 0 ) (2560 -1024 0 ) (2560 -1024 540 ) 
4 38 92 (2532 -1024 548 ) (2532 -1024 540 ) (2560 -1024 540 ) (2560 -1024 548 ) 
4 38 90 (2532 -1024 551.633972 ) (2532 -1024 548 ) (2560 -1024 548 ) (2560 -1024 551.633972 ) 
4 38 89 (2560 -1024 648 ) (2532 -1024 648 ) (2532 -1024 551.633972 ) (2560 -1024 551.633972 ) 
4 38 67 (3072 -1024 0 ) (3072 -1024 256 ) (2560 -1024 256 ) (2560 -1024 0 ) 
4 38 57 (3072 -1024 256 ) (3072 -1024 540 ) (2560 -1024 540 ) (2560 -1024 256 ) 
4 38 55 (3072 -1024 540 ) (3072 -1024 648 ) (2560 -1024 648 ) (2560 -1024 540 ) 
4 38 53 (3072 -1024 0 ) (2532 -1024 0 ) (2532 -544 0 ) (3072 -544 0 ) 
4 38 40 (2532 -1024 548 ) (2532 -1024 648 ) (2532 -996 648 ) (2532 -996 548 ) 
4 38 41 (2532 -996 0 ) (2532 -1024 0 ) (2532 -1024 540 ) (2532 -996 540 ) 
4 38 39 (2532 -544 0 ) (2532 -996 0 ) (2532 -996 648 ) (2532 -544 648 ) 
4 39 53 (2528 -996 0 ) (2528 -544 0 ) (2532 -544 0 ) (2532 -996 0 ) 
4 39 43 (2528 -996 544 ) (2528 -996 548 ) (2528 -544 548 ) (2528 -544 544 ) 
4 39 42 (2528 -996 548 ) (2528 -996 648 ) (2528 -544 648 ) (2528 -544 548 ) 
4 39 40 (2528 -996 648 ) (2528 -996 548 ) (2532 -996 548 ) (2532 -996 648 ) 
4 39 41 (2528 -996 540 ) (2528 -996 0 ) (2532 -996 0 ) (2532 -996 540 ) 
4 40 90 (2528 -1024 551.633972 ) (2528 -1024 548 ) (2532 -1024 548 ) (2532 -1024 551.633972 ) 
4 40 89 (2532 -1024 648 ) (2528 -1024 648 ) (2528 -1024 551.633972 ) (2532 -1024 551.633972 ) 
4 40 42 (2528 -1024 548 ) (2528 -1024 648 ) (2528 -996 648 ) (2528 -996 548 ) 
4 41 97 (2528 -1024 540 ) (2528 -1024 0 ) (2532 -1024 0 ) (2532 -1024 540 ) 
4 41 53 (2532 -1024 0 ) (2528 -1024 0 ) (2528 -996 0 ) (2532 -996 0 ) 
4 42 90 (2512 -1024 551.633972 ) (2512 -1024 548 ) (2528 -1024 548 ) (2528 -1024 551.633972 ) 
4 42 89 (2528 -1024 648 ) (2512 -1024 648 ) (2512 -1024 551.633972 ) (2528 -1024 551.633972 ) 
4 42 47 (2512 -1024 548 ) (2512 -1024 648 ) (2512 -1000 648 ) (2512 -1000 548 ) 
4 42 46 (2512 -1000 648 ) (2512 -996 648 ) (2512 -996 548 ) (2512 -1000 548 ) 
4 42 44 (2512 -996 648 ) (2512 -544 648 ) (2512 -544 548 ) (2512 -996 548 ) 
4 42 43 (2512 -996 548 ) (2512 -544 548 ) (2528 -544 548 ) (2528 -996 548 ) 
5 43 44 (2512 -996 548 ) (2512 -544 548 ) (2512 -544 544 ) (2512 -989.389893 544 ) (2512 -996 546.493286 ) 
4 44 46 (2512 -996 548 ) (2512 -996 648 ) (2504 -996 648 ) (2504 -996 548 ) 
5 44 45 (2504 -996 546.493286 ) (2504 -996 648 ) (2504 -544 648 ) (2504 -544 544 ) (2504 -989.389893 544 ) 
4 45 164 (2048 -552 544 ) (2048 -552 540 ) (2048 -978.787842 540 ) (2048 -989.392456 544 ) 
5 45 162 (2048 -996 648 ) (2048 -552 648 ) (2048 -552 544 ) (2048 -989.392456 544 ) (2048 -996 546.492310 ) 
4 45 161 (2048 -544 544 ) (2048 -544 540 ) (2048 -552 540 ) (2048 -552 544 ) 
4 45 157 (2048 -552 648 ) (2048 -544 648 ) (2048 -544 544 ) (2048 -552 544 ) 
4 45 52 (2048 -544 540 ) (2504 -544 540 ) (2504 -978.785217 540 ) (2048 -978.787842 540 ) 
4 45 46 (2504 -996 548 ) (2504 -996 648 ) (2048 -996 648 ) (2048 -996 548 ) 
4 46 163 (2048 -1000 648 ) (2048 -996 648 ) (2048 -996 548 ) (2048 -1000 548 ) 
4 46 47 (2512 -1000 548 ) (2512 -1000 648 ) (2048 -1000 648 ) (2048 -1000 548 ) 
4 47 165 (2048 -1024 548 ) (2048 -1024 648 ) (2048 -1000 648 ) (2048 -1000 548 ) 
4 47 91 (2048 -1024 551.633972 ) (2048 -1024 548 ) (2328 -1024 548 ) (2328 -1024 551.633972 ) 
4 47 90 (2328 -1024 548 ) (2512 -1024 548 ) (2512 -1024 551.633972 ) (2328 -1024 551.633972 ) 
4 47 89 (2512 -1024 648 ) (2048 -1024 648 ) (2048 -1024 551.633972 ) (2512 -1024 551.633972 ) 
4 48 51 (2504 -552 296 ) (2504 -552 371.019135 ) (2360 -552 371.018829 ) (2360 -552 296 ) 
4 48 50 (2360 -552 296 ) (2360 -552 371.015625 ) (2360 -544 367.998077 ) (2360 -544 296 ) 
4 49 50 (2360 -552 0 ) (2360 -552 136 ) (2360 -544 136 ) (2360 -544 0 ) 
4 49 51 (2360 -552 0 ) (2504 -552 0 ) (2504 -552 136 ) (2360 -552 136 ) 
4 50 51 (2184 -552 0 ) (2360 -552 0 ) (2360 -552 371.018829 ) (2184 -552 371.018433 ) 
4 51 173 (2048 -1024 0 ) (2048 -1024 256 ) (2048 -1000 256 ) (2048 -1000 0 ) 
4 51 172 (2048 -1000 256 ) (2048 -552 256 ) (2048 -552 0 ) (2048 -1000 0 ) 
4 51 170 (2048 -1024 256 ) (2048 -1024 372 ) (2048 -1000 372 ) (2048 -1000 256 ) 
4 51 169 (2048 -1024 372 ) (2048 -1024 540 ) (2048 -1000 540 ) (2048 -1000 372 ) 
4 51 168 (2048 -552 264 ) (2048 -552 256 ) (2048 -1000 256 ) (2048 -1000 264 ) 
5 51 166 (2048 -1000 540 ) (2048 -999.997253 540 ) (2048 -552 371.018585 ) (2048 -552 264 ) (2048 -1000 264 ) 
4 51 121 (2048 -1024 128 ) (2048 -1024 0 ) (2076 -1024 0 ) (2076 -1024 128 ) 
4 51 117 (2048 -1024 256 ) (2048 -1024 128 ) (2076 -1024 128 ) (2076 -1024 256 ) 
4 51 115 (2076 -1024 0 ) (2080 -1024 0 ) (2080 -1024 256 ) (2076 -1024 256 ) 
4 51 114 (2080 -1024 0 ) (2328 -1024 0 ) (2328 -1024 256 ) (2080 -1024 256 ) 
4 51 113 (2328 -1024 0 ) (2360 -1024 0 ) (2360 -1024 256 ) (2328 -1024 256 ) 
4 51 110 (2360 -1024 0 ) (2504 -1024 0 ) (2504 -1024 256 ) (2360 -1024 256 ) 
4 51 108 (2048 -1024 540 ) (2048 -1024 256 ) (2328 -1024 256 ) (2328 -1024 540 ) 
4 51 107 (2328 -1024 256 ) (2360 -1024 256 ) (2360 -1024 540 ) (2328 -1024 540 ) 
4 51 104 (2360 -1024 256 ) (2504 -1024 256 ) (2504 -1024 540 ) (2360 -1024 540 ) 
3 52 167 (2048 -978.787842 540 ) (2048 -552 540 ) (2048 -552 379.018585 ) 
4 52 161 (2048 -552 540 ) (2048 -544 540 ) (2048 -544 376.001038 ) (2048 -552 379.018585 ) 
4 53 125 (2528 -1024 0 ) (2504 -1024 0 ) (2504 -1024 -32 ) (2528 -1024 -32 ) 
4 53 97 (2560 -1024 0 ) (2528 -1024 0 ) (2528 -1024 -32 ) (2560 -1024 -32 ) 
4 53 67 (3072 -1024 -32 ) (3072 -1024 0 ) (2560 -1024 0 ) (2560 -1024 -32 ) 
4 53 54 (2504 -544 -32 ) (3072 -544 -32 ) (3072 -1024 -32 ) (2504 -1024 -32 ) 
4 54 228 (2048 -1024 -256 ) (2048 -1024 -32 ) (2048 -544 -32 ) (2048 -544 -256 ) 
4 54 130 (2080 -1024 -32 ) (2048 -1024 -32 ) (2048 -1024 -256 ) (2080 -1024 -256 ) 
4 54 129 (2080 -1024 -176 ) (2080 -1024 -256 ) (2528 -1024 -256 ) (2528 -1024 -176 ) 
4 54 127 (2328 -1024 -32 ) (2080 -1024 -32 ) (2080 -1024 -176 ) (2328 -1024 -176 ) 
4 54 126 (2504 -1024 -32 ) (2328 -1024 -32 ) (2328 -1024 -176 ) (2504 -1024 -176 ) 
4 54 125 (2528 -1024 -32 ) (2504 -1024 -32 ) (2504 -1024 -176 ) (2528 -1024 -176 ) 
4 54 97 (2560 -1024 -32 ) (2528 -1024 -32 ) (2528 -1024 -256 ) (2560 -1024 -256 ) 
4 54 68 (3072 -1024 -256 ) (3072 -1024 -32 ) (2560 -1024 -32 ) (2560 -1024 -256 ) 
4 55 92 (2560 -1024 548 ) (2560 -1024 540 ) (2560 -1504 540 ) (2560 -1504 548 ) 
4 55 90 (2560 -1024 551.633972 ) (2560 -1024 548 ) (2560 -1504 548 ) (2560 -1504 551.633972 ) 
4 55 89 (2560 -1024 648 ) (2560 -1024 551.633972 ) (2560 -1504 551.633972 ) (2560 -1504 648 ) 
4 55 57 (2560 -1504 540 ) (2560 -1024 540 ) (3072 -1024 540 ) (3072 -1504 540 ) 
4 55 56 (3072 -1504 548 ) (3072 -1504 648 ) (2560 -1504 648 ) (2560 -1504 548 ) 
4 56 496 (3072 -2048 548 ) (3072 -2048 648 ) (2560 -2048 648 ) (2560 -2048 548 ) 
4 56 131 (2560 -2048 548 ) (2560 -2048 648 ) (2560 -1696 648 ) (2560 -1696 548 ) 
4 56 90 (2560 -1504 551.633972 ) (2560 -1504 548 ) (2560 -1696 548 ) (2560 -1696 551.633972 ) 
4 56 89 (2560 -1696 648 ) (2560 -1504 648 ) (2560 -1504 551.633972 ) (2560 -1696 551.633972 ) 
4 57 97 (2560 -1024 540 ) (2560 -1024 256 ) (2560 -1568 256 ) (2560 -1568 540 ) 
4 57 67 (2560 -1584 256 ) (2560 -1024 256 ) (3072 -1024 256 ) (3072 -1584 256 ) 
4 58 64 (2922 -1824 334 ) (2922 -1824 320 ) (2968 -1824 320 ) (2968 -1824 334 ) 
4 58 63 (2800 -1600 432 ) (2800 -1600 320 ) (2800 -1824 320 ) (2800 -1824 432 ) 
4 58 61 (3032 -1823 320 ) (3032 -1824 320 ) (3008 -1824 320 ) (3008 -1823 320 ) 
4 58 60 (3008 -1600 320 ) (3032 -1600 320 ) (3032 -1823 320 ) (3008 -1823 320 ) 
4 58 59 (3032 -1600 320 ) (3056 -1600 320 ) (3056 -1824 320 ) (3032 -1824 320 ) 
4 58 62 (2800 -1824 320 ) (2800 -1600 320 ) (3008 -1600 320 ) (3008 -1824 320 ) 
4 59 69 (3032 -1600 256 ) (3056 -1600 256 ) (3056 -1824 256 ) (3032 -1824 256 ) 
4 59 61 (3032 -1824 256 ) (3032 -1824 320 ) (3032 -1823 320 ) (3032 -1823 256 ) 
4 59 60 (3032 -1823 320 ) (3032 -1600 320 ) (3032 -1600 256 ) (3032 -1823 256 ) 
4 60 70 (3008 -1600 256 ) (3032 -1600 256 ) (3032 -1823 256 ) (3008 -1823 256 ) 
4 60 62 (3008 -1823 320 ) (3008 -1600 320 ) (3008 -1600 256 ) (3008 -1823 256 ) 
4 60 61 (3008 -1823 320 ) (3008 -1823 256 ) (3032 -1823 256 ) (3032 -1823 320 ) 
4 61 71 (3032 -1823 256 ) (3032 -1824 256 ) (3008 -1824 256 ) (3008 -1823 256 ) 
4 61 62 (3008 -1824 256 ) (3008 -1824 320 ) (3008 -1823 320 ) (3008 -1823 256 ) 
4 62 73 (2816 -1600 256 ) (2992 -1600 256 ) (2992 -1824 256 ) (2816 -1824 256 ) 
4 62 72 (2992 -1600 256 ) (3008 -1600 256 ) (3008 -1824 256 ) (2992 -1824 256 ) 
4 62 64 (2922 -1824 256 ) (2968 -1824 256 ) (2968 -1824 320 ) (2922 -1824 320 ) 
4 62 63 (2800 -1600 320 ) (2800 -1600 256 ) (2800 -1824 256 ) (2800 -1824 320 ) 
4 63 135 (2560 -1696 256 ) (2560 -1824 256 ) (2560 -1824 432 ) (2560 -1696 432 ) 
4 63 101 (2560 -1648 256 ) (2560 -1696 256 ) (2560 -1696 432 ) (2560 -1648 432 ) 
4 63 99 (2560 -1600 256 ) (2560 -1648 256 ) (2560 -1648 432 ) (2560 -1600 432 ) 
4 64 78 (2922 -1824 256 ) (2968 -1824 256 ) (2968 -1840 256 ) (2922 -1840 256 ) 
4 64 65 (2922 -1840 256 ) (2968 -1840 256 ) (2968 -1840 334 ) (2922 -1840 334 ) 
4 65 503 (2816 -2048 480 ) (2816 -2048 256 ) (3056 -2048 256 ) (3056 -2048 480 ) 
4 65 81 (2816 -1840 256 ) (3056 -1840 256 ) (3056 -2048 256 ) (2816 -2048 256 ) 
4 66 510 (2800 -2048 540 ) (2560 -2048 540 ) (2560 -2048 256 ) (2800 -2048 256 ) 
4 66 87 (2560 -2048 256 ) (2560 -1840 256 ) (2800 -1840 256 ) (2800 -2048 256 ) 
4 67 97 (2560 -1024 256 ) (2560 -1024 -32 ) (2560 -1568 -32 ) (2560 -1568 256 ) 
4 67 68 (2560 -1584 -32 ) (2560 -1024 -32 ) (3072 -1024 -32 ) (3072 -1584 -32 ) 
4 68 98 (2560 -1568 -256 ) (2560 -1600 -256 ) (2560 -1600 -32 ) (2560 -1568 -32 ) 
4 68 97 (2560 -1024 -32 ) (2560 -1024 -256 ) (2560 -1568 -256 ) (2560 -1568 -32 ) 
4 68 77 (3072 -1600 -256 ) (3072 -1600 -32 ) (2560 -1600 -32 ) (2560 -1600 -256 ) 
4 69 71 (3032 -1823 0 ) (3032 -1824 0 ) (3032 -1824 256 ) (3032 -1823 256 ) 
4 69 70 (3032 -1600 256 ) (3032 -1600 0 ) (3032 -1823 0 ) (3032 -1823 256 ) 
4 70 72 (3008 -1600 256 ) (3008 -1600 0 ) (3008 -1823 0 ) (3008 -1823 256 ) 
4 70 71 (3008 -1823 256 ) (3008 -1823 0 ) (3032 -1823 0 ) (3032 -1823 256 ) 
4 71 72 (3008 -1823 0 ) (3008 -1824 0 ) (3008 -1824 256 ) (3008 -1823 256 ) 
4 72 73 (2992 -1600 256 ) (2992 -1600 208 ) (2992 -1824 208 ) (2992 -1824 256 ) 
4 72 74 (2992 -1600 192 ) (2992 -1600 0 ) (2992 -1824 0 ) (2992 -1824 192 ) 
4 73 79 (2922 -1824 208 ) (2968 -1824 208 ) (2968 -1824 224 ) (2922 -1824 224 ) 
4 73 78 (2968 -1824 256 ) (2922 -1824 256 ) (2922 -1824 224 ) (2968 -1824 224 ) 
4 74 80 (2922 -1824 0 ) (2968 -1824 0 ) (2968 -1824 108 ) (2922 -1824 108 ) 
4 74 75 (2816 -1664 0 ) (2816 -1760 0 ) (2816 -1760 136 ) (2816 -1664 136 ) 
4 75 76 (2800 -1664 0 ) (2800 -1760 0 ) (2800 -1760 136 ) (2800 -1664 136 ) 
4 76 100 (2560 -1600 108 ) (2560 -1600 0 ) (2560 -1648 0 ) (2560 -1648 108 ) 
4 77 136 (2560 -1824 -256 ) (2560 -1824 -32 ) (2560 -1696 -32 ) (2560 -1696 -256 ) 
4 77 102 (2560 -1696 -32 ) (2560 -1600 -32 ) (2560 -1600 -256 ) (2560 -1696 -256 ) 
4 77 88 (2560 -1824 -32 ) (2560 -1824 -256 ) (3072 -1824 -256 ) (3072 -1824 -32 ) 
4 78 81 (2922 -1840 224 ) (2968 -1840 224 ) (2968 -1840 256 ) (2922 -1840 256 ) 
4 78 79 (2922 -1832 224 ) (2922 -1824 224 ) (2968 -1824 224 ) (2968 -1832 224 ) 
4 80 86 (2922 -1840 0 ) (2968 -1840 0 ) (2968 -1840 70.281303 ) (2922 -1840 70.281303 ) 
4 80 82 (2968 -1840 70.281303 ) (2968 -1840 108 ) (2922 -1840 108 ) (2922 -1840 70.281303 ) 
4 81 503 (3056 -2048 256 ) (2816 -2048 256 ) (2816 -2048 224 ) (3056 -2048 224 ) 
4 82 505 (3008 -2048 70.281303 ) (3054 -2048 70.281303 ) (3054 -2048 192 ) (3008 -2048 192 ) 
4 82 504 (3054 -2048 70.281303 ) (3056 -2048 70.281303 ) (3056 -2048 192 ) (3054 -2048 192 ) 
4 82 507 (2816 -2048 192 ) (2816 -2048 70.281303 ) (3008 -2048 70.281303 ) (3008 -2048 192 ) 
4 82 84 (3008 -1840 70.281303 ) (3054 -1840 70.281303 ) (3054 -2040 70.281303 ) (3008 -2040 70.281303 ) 
4 82 83 (3054 -1840 70.281303 ) (3056 -1840 70.281303 ) (3056 -2048 70.281303 ) (3054 -2048 70.281303 ) 
4 82 86 (2816 -2048 70.281303 ) (2816 -1840 70.281303 ) (3008 -1840 70.281303 ) (3008 -2048 70.281303 ) 
4 83 508 (3054 -2048 0 ) (3056 -2048 0 ) (3056 -2048 68.281303 ) (3054 -2048 68.281303 ) 
4 83 504 (3056 -2048 68.281303 ) (3056 -2048 70.281303 ) (3054 -2048 70.281303 ) (3054 -2048 68.281303 ) 
4 83 85 (3054 -2040 68.281303 ) (3054 -2040 0 ) (3054 -2048 0 ) (3054 -2048 68.281303 ) 
4 83 84 (3054 -2040 70.281303 ) (3054 -1840 70.281303 ) (3054 -1840 0 ) (3054 -2040 0 ) 
4 84 85 (3008 -2040 68.281303 ) (3008 -2040 0 ) (3054 -2040 0 ) (3054 -2040 68.281303 ) 
4 84 86 (3008 -2040 70.281303 ) (3008 -1840 70.281303 ) (3008 -1840 0 ) (3008 -2040 0 ) 
4 85 508 (3008 -2048 0 ) (3054 -2048 0 ) (3054 -2048 68.281303 ) (3008 -2048 68.281303 ) 
4 85 86 (3008 -2040 68.281303 ) (3008 -2040 0 ) (3008 -2048 0 ) (3008 -2048 68.281303 ) 
4 86 508 (2816 -2048 68.281303 ) (2816 -2048 0 ) (3008 -2048 0 ) (3008 -2048 68.281303 ) 
4 86 507 (2816 -2048 70.281303 ) (2816 -2048 68.281303 ) (3008 -2048 68.281303 ) (3008 -2048 70.281303 ) 
4 87 510 (2800 -2048 256 ) (2560 -2048 256 ) (2560 -2048 0 ) (2800 -2048 0 ) 
4 88 555 (3072 -2048 -256 ) (3072 -2048 -176 ) (2560 -2048 -176 ) (2560 -2048 -256 ) 
4 88 546 (3072 -2048 -176 ) (3072 -2048 -59.923103 ) (2560 -2048 -59.923103 ) (2560 -2048 -176 ) 
4 88 511 (2816 -2048 -32 ) (2560 -2048 -32 ) (2560 -2048 -59.923103 ) (2816 -2048 -59.923103 ) 
4 88 509 (3056 -2048 -32 ) (2816 -2048 -32 ) (2816 -2048 -59.923103 ) (3056 -2048 -59.923103 ) 
4 88 502 (3072 -2048 -59.923103 ) (3072 -2048 -32 ) (3056 -2048 -32 ) (3056 -2048 -59.923103 ) 
4 88 136 (2560 -2048 -256 ) (2560 -2048 -32 ) (2560 -1824 -32 ) (2560 -1824 -256 ) 
4 89 371 (2048 -1696 551.633972 ) (2048 -1696 648 ) (2048 -1688 648 ) (2048 -1688 551.633972 ) 
4 89 352 (2048 -1688 648 ) (2048 -1544 648 ) (2048 -1544 551.633972 ) (2048 -1688 551.633972 ) 
4 89 281 (2048 -1452 648 ) (2048 -1024 648 ) (2048 -1024 551.633972 ) (2048 -1452 551.633972 ) 
4 89 282 (2048 -1544 648 ) (2048 -1452 648 ) (2048 -1452 551.633972 ) (2048 -1544 551.633972 ) 
4 89 133 (2328 -1696 648 ) (2048 -1696 648 ) (2048 -1696 551.633972 ) (2328 -1696 551.633972 ) 
4 89 131 (2560 -1696 551.633972 ) (2560 -1696 648 ) (2524 -1696 648 ) (2524 -1696 551.633972 ) 
4 89 132 (2524 -1696 648 ) (2328 -1696 648 ) (2328 -1696 551.633972 ) (2524 -1696 551.633972 ) 
4 89 91 (2048 -1692 551.633972 ) (2048 -1024 551.633972 ) (2328 -1024 551.633972 ) (2328 -1692 551.633972 ) 
4 89 90 (2560 -1696 551.633972 ) (2328 -1696 551.633972 ) (2328 -1024 551.633972 ) (2560 -1024 551.633972 ) 
4 90 131 (2560 -1696 548 ) (2560 -1696 551.633972 ) (2524 -1696 551.633972 ) (2524 -1696 548 ) 
4 90 132 (2524 -1696 551.633972 ) (2328 -1696 551.633972 ) (2328 -1696 548 ) (2524 -1696 548 ) 
4 90 95 (2524 -1696 548 ) (2328 -1696 548 ) (2328 -1692 548 ) (2524 -1692 548 ) 
4 90 93 (2328 -1692 548 ) (2328 -1572 548 ) (2524 -1572 548 ) (2524 -1692 548 ) 
4 90 92 (2532 -1504 548 ) (2532 -1024 548 ) (2560 -1024 548 ) (2560 -1504 548 ) 
4 90 91 (2328 -1024 548 ) (2328 -1692 548 ) (2328 -1692 551.633972 ) (2328 -1024 551.633972 ) 
4 91 372 (2048 -1692 551.633972 ) (2048 -1688 551.633972 ) (2048 -1688 548 ) (2048 -1692 548 ) 
4 91 352 (2048 -1688 551.633972 ) (2048 -1544 551.633972 ) (2048 -1544 548 ) (2048 -1688 548 ) 
4 91 281 (2048 -1452 551.633972 ) (2048 -1024 551.633972 ) (2048 -1024 548 ) (2048 -1452 548 ) 
4 91 282 (2048 -1544 551.633972 ) (2048 -1452 551.633972 ) (2048 -1452 548 ) (2048 -1544 548 ) 
4 91 94 (2048 -1692 548 ) (2048 -1452 548 ) (2324 -1452 548 ) (2324 -1692 548 ) 
4 91 93 (2328 -1572 548 ) (2328 -1692 548 ) (2324 -1692 548 ) (2324 -1572 548 ) 
4 92 97 (2532 -1504 540 ) (2532 -1024 540 ) (2560 -1024 540 ) (2560 -1504 540 ) 
4 93 109 (2328 -1692 540 ) (2324 -1692 540 ) (2324 -1572 540 ) (2328 -1572 540 ) 
4 93 107 (2360 -1692 540 ) (2328 -1692 540 ) (2328 -1572 540 ) (2360 -1572 540 ) 
4 93 106 (2504 -1692 540 ) (2360 -1692 540 ) (2360 -1572 540 ) (2504 -1572 540 ) 
4 93 103 (2524 -1692 540 ) (2504 -1692 540 ) (2504 -1572 540 ) (2524 -1572 540 ) 
4 93 96 (2324 -1692 540 ) (2328 -1692 540 ) (2328 -1692 543.633972 ) (2324 -1692 543.633972 ) 
4 93 95 (2328 -1692 540 ) (2524 -1692 540 ) (2524 -1692 548 ) (2328 -1692 548 ) 
4 93 94 (2324 -1572 540 ) (2324 -1692 540 ) (2324 -1692 548 ) (2324 -1572 548 ) 
4 94 373 (2048 -1688 543.633972 ) (2048 -1688 540 ) (2048 -1692 540 ) (2048 -1692 543.633972 ) 
4 94 372 (2048 -1692 548 ) (2048 -1688 548 ) (2048 -1688 543.633972 ) (2048 -1692 543.633972 ) 
4 94 352 (2048 -1688 548 ) (2048 -1544 548 ) (2048 -1544 540 ) (2048 -1688 540 ) 
4 94 282 (2048 -1544 548 ) (2048 -1452 548 ) (2048 -1452 540 ) (2048 -1544 540 ) 
4 94 109 (2048 -1692 540 ) (2048 -1452 540 ) (2324 -1452 540 ) (2324 -1692 540 ) 
4 94 96 (2048 -1692 540 ) (2324 -1692 540 ) (2324 -1692 543.633972 ) (2048 -1692 543.633972 ) 
4 95 134 (2328 -1696 543.633972 ) (2328 -1696 540 ) (2524 -1696 540 ) (2524 -1696 543.633972 ) 
4 95 132 (2524 -1696 548 ) (2328 -1696 548 ) (2328 -1696 543.633972 ) (2524 -1696 543.633972 ) 
4 95 107 (2360 -1696 540 ) (2328 -1696 540 ) (2328 -1692 540 ) (2360 -1692 540 ) 
4 95 106 (2504 -1696 540 ) (2360 -1696 540 ) (2360 -1692 540 ) (2504 -1692 540 ) 
4 95 103 (2524 -1696 540 ) (2504 -1696 540 ) (2504 -1692 540 ) (2524 -1692 540 ) 
4 95 96 (2328 -1692 543.633972 ) (2328 -1692 540 ) (2328 -1696 540 ) (2328 -1696 543.633972 ) 
4 96 373 (2048 -1696 540 ) (2048 -1696 543.633972 ) (2048 -1692 543.633972 ) (2048 -1692 540 ) 
4 96 134 (2320 -1696 540 ) (2328 -1696 540 ) (2328 -1696 543.633972 ) (2320 -1696 543.633972 ) 
4 96 109 (2328 -1696 540 ) (2048 -1696 540 ) (2048 -1692 540 ) (2328 -1692 540 ) 
4 97 129 (2528 -1024 -176 ) (2528 -1024 -256 ) (2528 -1568 -256 ) (2528 -1568 -176 ) 
4 97 128 (2528 -1536 -176 ) (2528 -1568 -176 ) (2528 -1568 -160 ) (2528 -1536 -160 ) 
4 97 125 (2528 -1024 0 ) (2528 -1024 -176 ) (2528 -1536 -176 ) (2528 -1536 0 ) 
4 97 98 (2528 -1568 -32 ) (2528 -1568 -256 ) (2560 -1568 -256 ) (2560 -1568 -32 ) 
4 98 129 (2528 -1600 -256 ) (2528 -1600 -176 ) (2528 -1568 -176 ) (2528 -1568 -256 ) 
4 98 128 (2528 -1600 -176 ) (2528 -1600 -160 ) (2528 -1568 -160 ) (2528 -1568 -176 ) 
4 98 102 (2528 -1600 -32 ) (2528 -1600 -256 ) (2560 -1600 -256 ) (2560 -1600 -32 ) 
4 99 103 (2528 -1600 432 ) (2528 -1600 256 ) (2528 -1648 256 ) (2528 -1648 432 ) 
4 99 101 (2528 -1648 432 ) (2528 -1648 256 ) (2560 -1648 256 ) (2560 -1648 432 ) 
4 100 103 (2528 -1600 108 ) (2528 -1600 0 ) (2528 -1648 0 ) (2528 -1648 108 ) 
4 101 135 (2560 -1696 256 ) (2560 -1696 432 ) (2528 -1696 432 ) (2528 -1696 256 ) 
4 101 103 (2528 -1696 256 ) (2528 -1696 432 ) (2528 -1648 432 ) (2528 -1648 256 ) 
4 102 136 (2560 -1696 -256 ) (2560 -1696 -32 ) (2528 -1696 -32 ) (2528 -1696 -256 ) 
4 102 129 (2528 -1696 -256 ) (2528 -1696 -176 ) (2528 -1600 -176 ) (2528 -1600 -256 ) 
4 102 128 (2528 -1696 -176 ) (2528 -1696 -160 ) (2528 -1600 -160 ) (2528 -1600 -176 ) 
4 103 137 (2528 -1696 0 ) (2528 -1696 540 ) (2504 -1696 540 ) (2504 -1696 0 ) 
4 103 112 (2504 -1568 0 ) (2504 -1696 0 ) (2504 -1696 256 ) (2504 -1568 256 ) 
4 103 106 (2504 -1696 256 ) (2504 -1696 540 ) (2504 -1568 540 ) (2504 -1568 256 ) 
4 104 110 (2360 -1024 256 ) (2504 -1024 256 ) (2504 -1560 256 ) (2360 -1560 256 ) 
4 104 107 (2360 -1024 256 ) (2360 -1560 256 ) (2360 -1560 540 ) (2360 -1024 540 ) 
4 104 105 (2360 -1560 540 ) (2360 -1560 296 ) (2504 -1560 296 ) (2504 -1560 540 ) 
4 105 107 (2360 -1568 296 ) (2360 -1568 540 ) (2360 -1560 540 ) (2360 -1560 296 ) 
4 105 106 (2360 -1568 540 ) (2360 -1568 296 ) (2504 -1568 296 ) (2504 -1568 540 ) 
4 106 137 (2504 -1696 540 ) (2360 -1696 540 ) (2360 -1696 256 ) (2504 -1696 256 ) 
4 106 112 (2504 -1568 256 ) (2504 -1696 256 ) (2360 -1696 256 ) (2360 -1568 256 ) 
4 106 107 (2360 -1568 256 ) (2360 -1696 256 ) (2360 -1696 540 ) (2360 -1568 540 ) 
4 107 137 (2360 -1696 540 ) (2328 -1696 540 ) (2328 -1696 256 ) (2360 -1696 256 ) 
4 107 113 (2328 -1024 256 ) (2360 -1024 256 ) (2360 -1696 256 ) (2328 -1696 256 ) 
4 107 109 (2328 -1696 264 ) (2328 -1696 540 ) (2328 -1448 540 ) (2328 -1448 264 ) 
4 107 108 (2328 -1024 256 ) (2328 -1448 256 ) (2328 -1448 540 ) (2328 -1024 540 ) 
4 108 321 (2048 -1056 400 ) (2048 -1056 256 ) (2048 -1448 256 ) (2048 -1448 400 ) 
4 108 307 (2048 -1448 540 ) (2048 -1056 540 ) (2048 -1056 400 ) (2048 -1448 400 ) 
4 108 284 (2048 -1056 540 ) (2048 -1024 540 ) (2048 -1024 256 ) (2048 -1056 256 ) 
4 108 117 (2048 -1024 256 ) (2076 -1024 256 ) (2076 -1440 256 ) (2048 -1440 256 ) 
4 108 115 (2076 -1024 256 ) (2080 -1024 256 ) (2080 -1440 256 ) (2076 -1440 256 ) 
4 108 114 (2080 -1024 256 ) (2328 -1024 256 ) (2328 -1440 256 ) (2080 -1440 256 ) 
4 108 109 (2328 -1448 264 ) (2328 -1448 540 ) (2048 -1448 540 ) (2048 -1448 264 ) 
4 109 373 (2048 -1696 264 ) (2048 -1696 540 ) (2048 -1688 540 ) (2048 -1688 264 ) 
4 109 352 (2048 -1688 540 ) (2048 -1544 540 ) (2048 -1544 264 ) (2048 -1688 264 ) 
4 109 345 (2048 -1544 540 ) (2048 -1504 540 ) (2048 -1504 264 ) (2048 -1544 264 ) 
4 109 325 (2048 -1448 400 ) (2048 -1448 264 ) (2048 -1504 264 ) (2048 -1504 400 ) 
4 109 307 (2048 -1504 540 ) (2048 -1448 540 ) (2048 -1448 400 ) (2048 -1504 400 ) 
4 109 137 (2328 -1696 540 ) (2320 -1696 540 ) (2320 -1696 264 ) (2328 -1696 264 ) 
4 110 113 (2360 -1024 0 ) (2360 -1560 0 ) (2360 -1560 256 ) (2360 -1024 256 ) 
4 110 111 (2360 -1560 136 ) (2360 -1560 0 ) (2504 -1560 0 ) (2504 -1560 136 ) 
4 111 113 (2360 -1560 0 ) (2360 -1568 0 ) (2360 -1568 136 ) (2360 -1560 136 ) 
4 111 112 (2360 -1568 136 ) (2360 -1568 0 ) (2504 -1568 0 ) (2504 -1568 136 ) 
4 112 137 (2360 -1696 0 ) (2504 -1696 0 ) (2504 -1696 256 ) (2360 -1696 256 ) 
4 112 113 (2360 -1568 0 ) (2360 -1696 0 ) (2360 -1696 256 ) (2360 -1568 256 ) 
4 113 137 (2328 -1696 0 ) (2360 -1696 0 ) (2360 -1696 256 ) (2328 -1696 256 ) 
4 113 114 (2328 -1024 0 ) (2328 -1440 0 ) (2328 -1440 256 ) (2328 -1024 256 ) 
4 114 115 (2080 -1024 0 ) (2080 -1440 0 ) (2080 -1440 256 ) (2080 -1024 256 ) 
4 115 121 (2076 -1024 0 ) (2076 -1440 0 ) (2076 -1440 128 ) (2076 -1024 128 ) 
4 115 117 (2076 -1440 128 ) (2076 -1440 256 ) (2076 -1024 256 ) (2076 -1024 128 ) 
4 115 116 (2076 -1440 128 ) (2076 -1440 0 ) (2080 -1440 0 ) (2080 -1440 128 ) 
4 116 121 (2076 -1440 0 ) (2076 -1504 0 ) (2076 -1504 128 ) (2076 -1440 128 ) 
4 117 327 (2048 -1440 256 ) (2048 -1056 256 ) (2048 -1056 128 ) (2048 -1440 128 ) 
4 117 284 (2048 -1056 256 ) (2048 -1024 256 ) (2048 -1024 128 ) (2048 -1056 128 ) 
4 117 121 (2048 -1024 128 ) (2076 -1024 128 ) (2076 -1440 128 ) (2048 -1440 128 ) 
4 118 354 (2048 -1592 248 ) (2048 -1544 248 ) (2048 -1544 160 ) (2048 -1592 160 ) 
4 118 120 (2076 -1592 160 ) (2076 -1592 248 ) (2048 -1592 248 ) (2048 -1592 160 ) 
4 119 360 (2048 -1544 136 ) (2048 -1544 128 ) (2048 -1592 128 ) (2048 -1592 136 ) 
4 119 356 (2048 -1544 156 ) (2048 -1544 136 ) (2048 -1592 136 ) (2048 -1592 156 ) 
4 119 122 (2076 -1544 128 ) (2076 -1592 128 ) (2048 -1592 128 ) (2048 -1544 128 ) 
4 119 120 (2048 -1592 128 ) (2076 -1592 128 ) (2076 -1592 156 ) (2048 -1592 156 ) 
4 120 361 (2048 -1632 128 ) (2048 -1688 128 ) (2048 -1688 136 ) (2048 -1632 136 ) 
4 120 360 (2048 -1592 136 ) (2048 -1592 128 ) (2048 -1632 128 ) (2048 -1632 136 ) 
4 120 357 (2048 -1592 160 ) (2048 -1592 136 ) (2048 -1688 136 ) (2048 -1688 160 ) 
4 120 354 (2048 -1688 248 ) (2048 -1592 248 ) (2048 -1592 160 ) (2048 -1688 160 ) 
4 120 123 (2076 -1632 128 ) (2076 -1688 128 ) (2048 -1688 128 ) (2048 -1632 128 ) 
4 120 122 (2076 -1592 128 ) (2076 -1632 128 ) (2048 -1632 128 ) (2048 -1592 128 ) 
4 121 329 (2048 -1504 128 ) (2048 -1056 128 ) (2048 -1056 0 ) (2048 -1504 0 ) 
4 121 284 (2048 -1056 128 ) (2048 -1024 128 ) (2048 -1024 0 ) (2048 -1056 0 ) 
4 122 360 (2048 -1632 128 ) (2048 -1544 128 ) (2048 -1544 0 ) (2048 -1632 0 ) 
4 122 350 (2048 -1544 128 ) (2048 -1512 128 ) (2048 -1512 0 ) (2048 -1544 0 ) 
4 122 123 (2076 -1632 44 ) (2076 -1632 128 ) (2048 -1632 128 ) (2048 -1632 44 ) 
4 122 124 (2048 -1632 0 ) (2076 -1632 0 ) (2076 -1632 40 ) (2048 -1632 40 ) 
4 123 361 (2048 -1688 128 ) (2048 -1632 128 ) (2048 -1632 44 ) (2048 -1688 44 ) 
4 124 362 (2048 -1632 40 ) (2048 -1632 0 ) (2048 -1688 0 ) (2048 -1688 40 ) 
4 125 129 (2504 -1024 -176 ) (2528 -1024 -176 ) (2528 -1536 -176 ) (2504 -1536 -176 ) 
4 125 128 (2504 -1536 -176 ) (2528 -1536 -176 ) (2528 -1536 -160 ) (2504 -1536 -160 ) 
4 125 126 (2504 -1024 -176 ) (2504 -1536 -176 ) (2504 -1536 -32 ) (2504 -1024 -32 ) 
4 126 129 (2328 -1024 -176 ) (2504 -1024 -176 ) (2504 -1536 -176 ) (2328 -1536 -176 ) 
4 126 128 (2328 -1536 -176 ) (2504 -1536 -176 ) (2504 -1536 -160 ) (2328 -1536 -160 ) 
4 126 127 (2328 -1024 -176 ) (2328 -1440 -176 ) (2328 -1440 -32 ) (2328 -1024 -32 ) 
4 127 130 (2080 -1024 -32 ) (2080 -1024 -176 ) (2080 -1440 -176 ) (2080 -1440 -32 ) 
4 127 129 (2080 -1440 -176 ) (2080 -1024 -176 ) (2328 -1024 -176 ) (2328 -1440 -176 ) 
4 128 138 (2528 -1696 -176 ) (2528 -1696 -160 ) (2328 -1696 -160 ) (2328 -1696 -176 ) 
4 128 129 (2328 -1536 -176 ) (2528 -1536 -176 ) (2528 -1696 -176 ) (2328 -1696 -176 ) 
4 129 152 (2320 -1696 -176 ) (2112 -1696 -176 ) (2112 -1696 -256 ) (2320 -1696 -256 ) 
4 129 153 (2112 -1696 -176 ) (2080 -1696 -176 ) (2080 -1696 -256 ) (2112 -1696 -256 ) 
4 129 138 (2528 -1696 -256 ) (2528 -1696 -176 ) (2320 -1696 -176 ) (2320 -1696 -256 ) 
4 129 130 (2080 -1696 -256 ) (2080 -1696 -176 ) (2080 -1024 -176 ) (2080 -1024 -256 ) 
4 130 383 (2048 -1696 -256 ) (2048 -1696 -32 ) (2048 -1024 -32 ) (2048 -1024 -256 ) 
4 130 154 (2080 -1696 -256 ) (2080 -1696 -32 ) (2048 -1696 -32 ) (2048 -1696 -256 ) 
4 131 496 (2560 -2048 548 ) (2560 -2048 648 ) (2524 -2048 648 ) (2524 -2048 548 ) 
4 131 132 (2524 -2048 548 ) (2524 -2048 648 ) (2524 -1696 648 ) (2524 -1696 548 ) 
4 132 498 (2524 -2048 648 ) (2328 -2048 648 ) (2328 -2048 543.633972 ) (2524 -2048 543.633972 ) 
4 132 134 (2328 -1696 543.633972 ) (2524 -1696 543.633972 ) (2524 -2048 543.633972 ) (2328 -2048 543.633972 ) 
4 132 133 (2328 -2048 551.633972 ) (2328 -2048 648 ) (2328 -1696 648 ) (2328 -1696 551.633972 ) 
4 133 525 (2320 -2048 648 ) (2048 -2048 648 ) (2048 -2048 551.633972 ) (2320 -2048 551.633972 ) 
4 133 499 (2328 -2048 648 ) (2320 -2048 648 ) (2320 -2048 551.633972 ) (2328 -2048 551.633972 ) 
4 133 371 (2048 -2048 551.633972 ) (2048 -2048 648 ) (2048 -1696 648 ) (2048 -1696 551.633972 ) 
4 134 500 (2328 -2048 543.633972 ) (2320 -2048 543.633972 ) (2320 -2048 540 ) (2328 -2048 540 ) 
4 134 498 (2524 -2048 543.633972 ) (2328 -2048 543.633972 ) (2328 -2048 540 ) (2524 -2048 540 ) 
4 134 137 (2320 -2048 540 ) (2320 -1696 540 ) (2524 -1696 540 ) (2524 -2048 540 ) 
4 135 137 (2528 -1696 432 ) (2528 -1696 256 ) (2528 -1824 256 ) (2528 -1824 432 ) 
4 136 555 (2560 -2048 -256 ) (2560 -2048 -176 ) (2528 -2048 -176 ) (2528 -2048 -256 ) 
4 136 546 (2560 -2048 -176 ) (2560 -2048 -59.923103 ) (2528 -2048 -59.923103 ) (2528 -2048 -176 ) 
4 136 512 (2560 -2048 -59.923103 ) (2560 -2048 -32 ) (2528 -2048 -32 ) (2528 -2048 -59.923103 ) 
4 136 138 (2528 -2048 -256 ) (2528 -2048 -160 ) (2528 -1696 -160 ) (2528 -1696 -256 ) 
4 137 513 (2528 -2048 0 ) (2528 -2048 540 ) (2320 -2048 540 ) (2320 -2048 0 ) 
4 137 143 (2320 -2048 0 ) (2320 -2048 128 ) (2320 -1696 128 ) (2320 -1696 0 ) 
4 138 555 (2528 -2048 -256 ) (2528 -2048 -176 ) (2320 -2048 -176 ) (2320 -2048 -256 ) 
4 138 550 (2528 -2048 -176 ) (2528 -2048 -160 ) (2320 -2048 -160 ) (2320 -2048 -176 ) 
4 138 152 (2320 -2048 -256 ) (2320 -2048 -160 ) (2320 -1696 -160 ) (2320 -1696 -256 ) 
4 139 532 (2240 -2048 543.633972 ) (2210 -2048 543.633972 ) (2210 -2048 139.126953 ) (2240 -2048 141.001953 ) 
4 139 528 (2288 -2048 543.633972 ) (2240 -2048 543.633972 ) (2240 -2048 141.001953 ) (2288 -2048 144.001953 ) 
4 139 149 (2210 -2048 139.126953 ) (2210 -2048 543.633972 ) (2210 -1728 543.633972 ) (2210 -1728 139.126953 ) 
4 139 140 (2210 -2048 139.126877 ) (2210 -1728 139.126877 ) (2272.008057 -1728 143.002350 ) (2272.008057 -2048 143.002350 ) 
5 140 532 (2210 -2048 139.126953 ) (2210 -2048 128 ) (2219.500000 -2048 128 ) (2240 -2048 133.857147 ) (2240 -2048 141.001953 ) 
3 140 530 (2257.997559 -2048 139 ) (2272.008789 -2048 143.002502 ) (2268.614746 -2048 142.790375 ) 
4 140 529 (2240 -2048 133.857147 ) (2257.997559 -2048 139 ) (2268.614746 -2048 142.790375 ) (2240 -2048 141.001953 ) 
4 140 149 (2210 -2048 128 ) (2210 -2048 139.126953 ) (2210 -1728 139.126953 ) (2210 -1728 128 ) 
4 140 145 (2210 -2048 128 ) (2210 -1728 128 ) (2219.500000 -1728 128 ) (2219.500000 -2048 128 ) 
4 140 141 (2219.500000 -2048 128 ) (2219.500000 -1728 128 ) (2257.985352 -1728 138.995621 ) (2257.995361 -2048 138.998474 ) 
4 141 533 (2237.770752 -2048 131.776871 ) (2240 -2048 132.572906 ) (2240 -2048 133.857147 ) (2239.790039 -2048 133.797165 ) 
4 141 532 (2219.500000 -2048 128 ) (2227.193359 -2048 128 ) (2237.770752 -2048 131.776871 ) (2239.790039 -2048 133.797165 ) 
3 141 529 (2240 -2048 132.572906 ) (2257.997314 -2048 139 ) (2240 -2048 133.857147 ) 
4 141 146 (2221.331055 -1728 128 ) (2227.191406 -1728 128 ) (2227.193359 -2048 128 ) (2221.331055 -2048 128 ) 
4 141 145 (2219.500000 -1728 128 ) (2221.331055 -1728 128 ) (2221.331055 -2048 128 ) (2219.500000 -2048 128 ) 
4 141 142 (2227.189697 -2048 128 ) (2227.187500 -1728 128 ) (2244.008301 -1728 134.005661 ) (2244.006104 -2048 134.004105 ) 
5 142 533 (2233.995361 -2048 128 ) (2235.002197 -2048 128 ) (2240 -2048 131.332779 ) (2240 -2048 132.572937 ) (2237.770752 -2048 131.776901 ) 
3 142 532 (2227.193359 -2048 128 ) (2233.995361 -2048 128 ) (2237.770752 -2048 131.776901 ) 
3 142 531 (2240 -2048 131.332779 ) (2244.003418 -2048 134.002457 ) (2240 -2048 132.572937 ) 
4 142 148 (2233.995361 -1728 128 ) (2235.002197 -1728 128 ) (2235.002197 -2048 128 ) (2233.995361 -2048 128 ) 
4 142 147 (2231.593262 -1728 128 ) (2233.995361 -1728 128 ) (2233.995361 -2048 128 ) (2231.595703 -2048 128 ) 
4 142 146 (2227.191406 -1728 128 ) (2231.593262 -1728 128 ) (2231.595703 -2048 128 ) (2227.193359 -2048 128 ) 
10 143 527 (2288 -2048 128 ) (2278.007568 -2048 127 ) (2270 -2048 124 ) (2261.969727 -2048 119.982872 ) (2253.998779 -2048 115 ) (2247.995605 -2048 107.991203 ) (2243.986084 -2048 99.972214 ) (2240 -2048 90.995728 ) (2240 -2048 0 ) (2288 -2048 0 ) 
4 143 526 (2320 -2048 0 ) (2320 -2048 128 ) (2288 -2048 128 ) (2288 -2048 0 ) 
4 143 150 (2240 -1696 0 ) (2320 -1696 0 ) (2320 -2048 0 ) (2240 -2048 0 ) 
3 144 534 (2210 -2048 93.997711 ) (2210 -2048 0 ) (2211.880127 -2048 0 ) 
4 144 151 (2210 -1696 0 ) (2211.880127 -1696 0 ) (2211.879883 -2048 0 ) (2210 -2048 0 ) 
4 144 149 (2210 -1728 0 ) (2210 -2048 0 ) (2210 -2048 93.997711 ) (2210 -1728 93.997711 ) 
3 145 535 (2210 -2048 103.995186 ) (2210 -2048 93.997711 ) (2214.997803 -2048 108.994835 ) 
4 145 532 (2221.331055 -2048 128 ) (2210 -2048 128 ) (2210 -2048 103.995186 ) (2214.997803 -2048 108.994835 ) 
4 145 149 (2210 -2048 93.997711 ) (2210 -2048 128 ) (2210 -1728 128 ) (2210 -1728 93.997711 ) 
4 145 146 (2214 -1696 106 ) (2221.331299 -1696 128 ) (2221.331299 -2048 128 ) (2213.998779 -2048 105.995125 ) 
3 146 536 (2214.997559 -2048 108.994728 ) (2213.997559 -2048 105.993729 ) (2221.996826 -2048 115.996658 ) 
4 146 532 (2231.595703 -2048 128 ) (2221.331055 -2048 128 ) (2214.997559 -2048 108.994728 ) (2221.996826 -2048 115.996658 ) 
4 146 147 (2221.993164 -1696 115.993164 ) (2231.594971 -1696 128 ) (2231.597656 -2048 128 ) (2222.006348 -2048 116.006256 ) 
3 147 532 (2233.995361 -2048 128 ) (2231.595703 -2048 128 ) (2221.996826 -2048 115.996658 ) 
4 147 148 (2231.986816 -1696 125.989243 ) (2233.996582 -1696 128 ) (2233.996582 -2048 128 ) (2231.986816 -2048 125.989235 ) 
3 148 533 (2235.002197 -2048 128 ) (2233.995361 -2048 128 ) (2231.982666 -2048 125.986465 ) 
3 149 535 (2210 -2048 93.996101 ) (2210 -2048 103.995171 ) (2209.803955 -2048 103.799026 ) 
4 149 534 (2106.046387 -2048 0 ) (2210 -2048 0 ) (2210 -2048 93.996101 ) (2209.803955 -2048 103.799026 ) 
5 149 532 (2210 -2048 543.633972 ) (2048 -2048 543.633972 ) (2048 -2048 0 ) (2106.046387 -2048 0 ) (2210 -2048 103.995171 ) 
4 149 377 (2048 -2048 0 ) (2048 -2048 543.633972 ) (2048 -1728 543.633972 ) (2048 -1728 0 ) 
4 149 155 (2048 -2048 0 ) (2048 -1728 0 ) (2080 -1728 0 ) (2080 -2048 0 ) 
4 149 151 (2080 -1728 0 ) (2210 -1728 0 ) (2210 -2048 0 ) (2080 -2048 0 ) 
4 150 527 (2288 -2048 0 ) (2240 -2048 0 ) (2240 -2048 -1 ) (2288 -2048 -1 ) 
4 150 526 (2320 -2048 -1 ) (2320 -2048 0 ) (2288 -2048 0 ) (2288 -2048 -1 ) 
4 151 534 (2211.879883 -2048 0 ) (2106.046387 -2048 0 ) (2105.046875 -2048 -1 ) (2211.899902 -2048 -1 ) 
4 151 532 (2106.046387 -2048 0 ) (2080 -2048 0 ) (2080 -2048 -1 ) (2105.046875 -2048 -1 ) 
4 151 155 (2080 -2048 -1 ) (2080 -2048 0 ) (2080 -1704 0 ) (2080 -1704 -1 ) 
4 151 153 (2080 -2048 -1 ) (2080 -1696 -1 ) (2112 -1696 -1 ) (2112 -2048 -1 ) 
4 152 555 (2320 -2048 -256 ) (2320 -2048 -176 ) (2112 -2048 -176 ) (2112 -2048 -256 ) 
4 152 552 (2210 -2048 -160 ) (2112 -2048 -160 ) (2112 -2048 -176 ) (2210 -2048 -176 ) 
4 152 551 (2320 -2048 -176 ) (2320 -2048 -160 ) (2210 -2048 -160 ) (2210 -2048 -176 ) 
4 152 153 (2112 -1696 -256 ) (2112 -2048 -256 ) (2112 -2048 -160 ) (2112 -1696 -160 ) 
4 153 555 (2080 -2048 -176 ) (2080 -2048 -256 ) (2112 -2048 -256 ) (2112 -2048 -176 ) 
4 153 553 (2080 -2048 -59.923103 ) (2080 -2048 -176 ) (2112 -2048 -176 ) (2112 -2048 -59.923103 ) 
4 153 537 (2112 -2048 -1 ) (2080 -2048 -1 ) (2080 -2048 -59.923103 ) (2112 -2048 -59.923103 ) 
4 153 154 (2080 -1696 -256 ) (2080 -1704 -256 ) (2080 -1704 -32 ) (2080 -1696 -32 ) 
4 153 155 (2080 -1704 -256 ) (2080 -2048 -256 ) (2080 -2048 -1 ) (2080 -1704 -1 ) 
4 154 383 (2048 -1696 -32 ) (2048 -1696 -256 ) (2048 -1704 -256 ) (2048 -1704 -32 ) 
4 154 155 (2048 -1704 -256 ) (2080 -1704 -256 ) (2080 -1704 -32 ) (2048 -1704 -32 ) 
4 155 555 (2048 -2048 -176 ) (2048 -2048 -256 ) (2080 -2048 -256 ) (2080 -2048 -176 ) 
4 155 553 (2048 -2048 -59.923103 ) (2048 -2048 -176 ) (2080 -2048 -176 ) (2080 -2048 -59.923103 ) 
4 155 537 (2048 -2048 -1 ) (2048 -2048 -59.923103 ) (2080 -2048 -59.923103 ) (2080 -2048 -1 ) 
4 155 532 (2080 -2048 0 ) (2048 -2048 0 ) (2048 -2048 -1 ) (2080 -2048 -1 ) 
4 155 383 (2048 -2048 -256 ) (2048 -2048 -32 ) (2048 -1704 -32 ) (2048 -1704 -256 ) 
4 155 380 (2048 -2048 -32 ) (2048 -2048 0 ) (2048 -1704 0 ) (2048 -1704 -32 ) 
4 156 226 (1592 -544 0 ) (1592 0 0 ) (1600 0 0 ) (1600 -544 0 ) 
4 156 225 (1600 0 0 ) (2048 0 0 ) (2048 -544 0 ) (1600 -544 0 ) 
4 156 185 (1592 0 0 ) (1592 -544 0 ) (1592 -544 264 ) (1592 0 264 ) 
4 156 180 (1592 -544 264 ) (1592 -544 400 ) (1592 -540 400 ) (1592 -540 264 ) 
4 156 177 (1592 -544 408 ) (1592 -544 648 ) (1592 -540 648 ) (1592 -540 408 ) 
4 156 175 (1592 -540 648 ) (1592 0 648 ) (1592 0 264 ) (1592 -540 264 ) 
4 156 161 (2048 -544 376.001038 ) (2048 -544 544 ) (1600 -544 544 ) (1600 -544 376 ) 
4 156 159 (1744 -544 296 ) (1744 -544 368 ) (1600 -544 368 ) (1600 -544 296 ) 
4 156 160 (1600 -544 0 ) (1744 -544 0 ) (1744 -544 136 ) (1600 -544 136 ) 
4 156 158 (1744 -544 0 ) (1920 -544 0 ) (1920 -544 368 ) (1744 -544 368 ) 
4 156 157 (1592 -544 648 ) (1592 -544 544 ) (2048 -544 544 ) (2048 -544 648 ) 
4 157 177 (1592 -552 544 ) (1592 -552 648 ) (1592 -544 648 ) (1592 -544 544 ) 
4 157 162 (1592 -552 648 ) (1592 -552 544 ) (2048 -552 544 ) (2048 -552 648 ) 
4 157 161 (2048 -552 544 ) (1600 -552 544 ) (1600 -544 544 ) (2048 -544 544 ) 
4 158 172 (1744 -552 0 ) (1920 -552 0 ) (1920 -552 256 ) (1744 -552 256 ) 
4 158 168 (1920 -552 256 ) (1920 -552 264 ) (1856 -552 264 ) (1856 -552 256 ) 
4 158 166 (1920 -552 264 ) (1920 -552 371.018311 ) (1744 -552 371.017944 ) (1744 -552 264 ) 
4 158 159 (1744 -552 296 ) (1744 -552 371.018738 ) (1744 -544 368.001190 ) (1744 -544 296 ) 
4 158 160 (1744 -552 0 ) (1744 -552 136 ) (1744 -544 136 ) (1744 -544 0 ) 
4 159 166 (1744 -552 296 ) (1744 -552 371.017944 ) (1600 -552 371.017639 ) (1600 -552 296 ) 
4 160 172 (1600 -552 0 ) (1744 -552 0 ) (1744 -552 136 ) (1600 -552 136 ) 
4 161 167 (2048 -552 379.018616 ) (2048 -552 540 ) (1600 -552 540 ) (1600 -552 379.017639 ) 
4 161 164 (2048 -552 540 ) (2048 -552 544 ) (1600 -552 544 ) (1600 -552 540 ) 
5 162 177 (1592 -996 648 ) (1592 -552 648 ) (1592 -552 544 ) (1592 -989.395081 544 ) (1592 -996 546.491333 ) 
4 162 164 (1600 -552 544 ) (2048 -552 544 ) (2048 -989.392456 544 ) (1600 -989.395020 544 ) 
4 162 163 (1592 -996 648 ) (1592 -996 548 ) (2048 -996 548 ) (2048 -996 648 ) 
4 163 177 (1592 -1000 648 ) (1592 -996 648 ) (1592 -996 548 ) (1592 -1000 548 ) 
4 163 165 (1592 -1000 648 ) (1592 -1000 548 ) (2048 -1000 548 ) (2048 -1000 648 ) 
4 164 167 (1600 -552 540 ) (2048 -552 540 ) (2048 -978.787842 540 ) (1600 -978.790405 540 ) 
4 165 281 (2048 -1024 548 ) (2048 -1024 648 ) (1592 -1024 648 ) (1592 -1024 548 ) 
4 165 178 (1592 -1024 548 ) (1592 -1024 648 ) (1592 -1000 648 ) (1592 -1000 548 ) 
4 166 171 (1856 -1000 372 ) (1600 -1000 372 ) (1600 -1000 264 ) (1856 -1000 264 ) 
4 166 170 (2048 -1000 264 ) (2048 -1000 372 ) (1856 -1000 372 ) (1856 -1000 264 ) 
4 166 169 (2048 -1000 372 ) (2048 -1000 540 ) (1600 -1000 540 ) (1600 -1000 372 ) 
4 166 168 (2048 -1000 264 ) (1856 -1000 264 ) (1856 -552 264 ) (2048 -552 264 ) 
4 168 172 (1856 -552 256 ) (2048 -552 256 ) (2048 -1000 256 ) (1856 -1000 256 ) 
4 168 170 (1856 -1000 256 ) (2048 -1000 256 ) (2048 -1000 264 ) (1856 -1000 264 ) 
4 169 285 (1856 -1024 540 ) (1600 -1024 540 ) (1600 -1024 372 ) (1856 -1024 372 ) 
4 169 284 (2048 -1024 372 ) (2048 -1024 540 ) (1856 -1024 540 ) (1856 -1024 372 ) 
4 169 171 (1600 -1000 372 ) (1856 -1000 372 ) (1856 -1024 372 ) (1600 -1024 372 ) 
4 169 170 (1856 -1000 372 ) (2048 -1000 372 ) (2048 -1024 372 ) (1856 -1024 372 ) 
4 170 284 (2048 -1024 256 ) (2048 -1024 372 ) (1856 -1024 372 ) (1856 -1024 256 ) 
4 170 173 (2048 -1024 256 ) (1856 -1024 256 ) (1856 -1000 256 ) (2048 -1000 256 ) 
4 170 171 (1856 -1024 372 ) (1856 -1000 372 ) (1856 -1000 264 ) (1856 -1024 264 ) 
4 171 287 (1600 -1024 372 ) (1592 -1024 372 ) (1592 -1024 264 ) (1600 -1024 264 ) 
4 171 285 (1856 -1024 372 ) (1600 -1024 372 ) (1600 -1024 264 ) (1856 -1024 264 ) 
4 171 184 (1592 -1024 264 ) (1592 -1024 372 ) (1592 -1000 372 ) (1592 -1000 264 ) 
4 172 173 (2048 -1000 256 ) (1600 -1000 256 ) (1600 -1000 0 ) (2048 -1000 0 ) 
4 173 286 (1856 -1024 256 ) (1600 -1024 256 ) (1600 -1024 0 ) (1856 -1024 0 ) 
4 173 284 (2048 -1024 0 ) (2048 -1024 256 ) (1856 -1024 256 ) (1856 -1024 0 ) 
4 173 174 (1600 -1000 108 ) (1600 -1000 0 ) (1600 -1024 0 ) (1600 -1024 108 ) 
4 174 288 (1592 -1024 108 ) (1592 -1024 0 ) (1600 -1024 0 ) (1600 -1024 108 ) 
4 174 192 (1592 -1000 0 ) (1592 -1024 0 ) (1592 -1024 108 ) (1592 -1000 108 ) 
4 175 223 (1344 0 400 ) (1344 0 264 ) (1344 -540 264 ) (1344 -540 400 ) 
4 175 222 (1344 0 648 ) (1344 0 400 ) (1344 -540 400 ) (1344 -540 648 ) 
4 175 185 (1344 -540 264 ) (1344 0 264 ) (1592 0 264 ) (1592 -540 264 ) 
4 175 180 (1572.329956 -540 264 ) (1592 -540 264 ) (1592 -540 400 ) (1572.329956 -540 400 ) 
4 175 183 (1344 -540 264 ) (1572.329956 -540 264 ) (1572.329956 -540 400 ) (1344 -540 400 ) 
4 175 179 (1572.329956 -540 648 ) (1344 -540 648 ) (1344 -540 408 ) (1572.329956 -540 408 ) 
4 175 177 (1592 -540 408 ) (1592 -540 648 ) (1572.329956 -540 648 ) (1572.329956 -540 408 ) 
3 176 179 (1572.329956 -1000 408 ) (1572.329956 -1000 540 ) (1572.329956 -650.046448 408 ) 
4 176 178 (1572.329956 -1000 540 ) (1572.329956 -1000 408 ) (1592 -1000 408 ) (1592 -1000 540 ) 
5 177 179 (1572.329956 -540 648 ) (1572.329956 -540 408 ) (1572.329956 -628.837097 408 ) (1572.329956 -1000 548 ) (1572.329956 -1000 648 ) 
4 177 178 (1572.329956 -1000 648 ) (1572.329956 -1000 548 ) (1592 -1000 548 ) (1592 -1000 648 ) 
4 178 289 (1572.329956 -1024 540 ) (1572.329956 -1024 408 ) (1592 -1024 408 ) (1592 -1024 540 ) 
4 178 283 (1592 -1024 648 ) (1572.329956 -1024 648 ) (1572.329956 -1024 540 ) (1592 -1024 540 ) 
4 178 179 (1572.329956 -1024 408 ) (1572.329956 -1024 648 ) (1572.329956 -1000 648 ) (1572.329956 -1000 408 ) 
4 179 289 (1344 -1024 540 ) (1344 -1024 408 ) (1572.329956 -1024 408 ) (1572.329956 -1024 540 ) 
4 179 283 (1572.329956 -1024 648 ) (1344 -1024 648 ) (1344 -1024 540 ) (1572.329956 -1024 540 ) 
4 179 222 (1344 -1024 408 ) (1344 -1024 648 ) (1344 -540 648 ) (1344 -540 408 ) 
4 180 185 (1572.329956 -540 264 ) (1592 -540 264 ) (1592 -544 264 ) (1572.329956 -544 264 ) 
4 180 182 (1572.329956 -544 400 ) (1572.329956 -544 376 ) (1592 -544 376 ) (1592 -544 400 ) 
4 180 181 (1572.329956 -544 368 ) (1572.329956 -544 264 ) (1592 -544 264 ) (1592 -544 368 ) 
4 180 183 (1572.329956 -544 400 ) (1572.329956 -540 400 ) (1572.329956 -540 264 ) (1572.329956 -544 264 ) 
4 181 185 (1592 -544 264 ) (1592 -552 264 ) (1572.329956 -552 264 ) (1572.329956 -544 264 ) 
5 181 183 (1572.329956 -904 264 ) (1572.329956 -904 400 ) (1572.329956 -628.837158 400 ) (1572.329956 -544 368 ) (1572.329956 -544 264 ) 
3 182 183 (1572.329956 -607.627747 400 ) (1572.329956 -544 400 ) (1572.329956 -544 376 ) 
4 183 223 (1344 -540 264 ) (1344 -860 264 ) (1344 -860 400 ) (1344 -540 400 ) 
4 183 187 (1344 -904 264 ) (1344 -552 264 ) (1536 -552 264 ) (1536 -904 264 ) 
4 183 185 (1344 -552 264 ) (1344 -540 264 ) (1572.329956 -540 264 ) (1572.329956 -552 264 ) 
4 184 290 (1344 -1024 400 ) (1344 -1024 264 ) (1592 -1024 264 ) (1592 -1024 400 ) 
4 184 208 (1344 -1024 264 ) (1344 -1008 264 ) (1408 -1008 264 ) (1408 -1024 264 ) 
4 184 207 (1344 -1008 264 ) (1344 -1004 264 ) (1408 -1004 264 ) (1408 -1008 264 ) 
4 184 205 (1536 -1008 264 ) (1536 -1024 264 ) (1535.060059 -1024 264 ) (1535.060059 -1008 264 ) 
4 184 203 (1535.060059 -1024 264 ) (1408 -1024 264 ) (1408 -1008 264 ) (1535.060059 -1008 264 ) 
4 184 202 (1408 -1004 264 ) (1536 -1004 264 ) (1536 -1008 264 ) (1408 -1008 264 ) 
4 184 197 (1344 -960 264 ) (1344 -912 264 ) (1536 -912 264 ) (1536 -960 264 ) 
4 184 201 (1344 -1004 264 ) (1344 -960 264 ) (1536 -960 264 ) (1536 -1004 264 ) 
4 185 226 (1344 -552 0 ) (1344 0 0 ) (1592 0 0 ) (1592 -552 0 ) 
4 185 223 (1344 0 264 ) (1344 0 0 ) (1344 -552 0 ) (1344 -552 264 ) 
4 185 187 (1536 -552 264 ) (1344 -552 264 ) (1344 -552 0 ) (1536 -552 0 ) 
4 185 186 (1592 -552 0 ) (1592 -552 256 ) (1536 -552 256 ) (1536 -552 0 ) 
4 186 226 (1536 -552 0 ) (1592 -552 0 ) (1592 -904 0 ) (1536 -904 0 ) 
4 186 187 (1536 -552 256 ) (1536 -552 0 ) (1536 -904 0 ) (1536 -904 256 ) 
4 187 226 (1344 -904 0 ) (1344 -552 0 ) (1536 -552 0 ) (1536 -904 0 ) 
4 187 223 (1344 -552 0 ) (1344 -860 0 ) (1344 -860 264 ) (1344 -552 264 ) 
4 188 291 (1592 -1024 240 ) (1592 -1024 256 ) (1540 -1024 256 ) (1540 -1024 240 ) 
4 188 192 (1592 -962 240 ) (1592 -1024 240 ) (1540 -1024 240 ) (1540 -962 240 ) 
4 188 189 (1540 -912 240 ) (1592 -912 240 ) (1592 -960 240 ) (1540 -960 240 ) 
4 188 191 (1592 -960 240 ) (1592 -962 240 ) (1540 -962 240 ) (1540 -960 240 ) 
4 189 211 (1536 -912 128 ) (1536 -912 4.028656 ) (1536 -960 4.028667 ) (1536 -960 128 ) 
4 189 198 (1536 -912 132 ) (1536 -912 128 ) (1536 -960 128 ) (1536 -960 132 ) 
4 189 197 (1536 -912 240 ) (1536 -912 132 ) (1536 -960 132 ) (1536 -960 240 ) 
5 189 191 (1592 -960 0 ) (1592 -960 240 ) (1536 -960 240 ) (1536 -960 4.028656 ) (1540 -960 0 ) 
4 189 190 (1540.002441 -960 0 ) (1536 -960 4.031250 ) (1536 -912 4.031250 ) (1540.002563 -912 0 ) 
4 190 213 (1536 -912 4.028656 ) (1536 -912 0 ) (1536 -960 0 ) (1536 -960 4.028667 ) 
3 190 191 (1536 -960 4.028656 ) (1536 -960 0 ) (1540 -960 0 ) 
4 191 214 (1536 -960 0 ) (1536 -962 0 ) (1536 -962 128 ) (1536 -960 128 ) 
4 191 201 (1536 -962 128 ) (1536 -962 240 ) (1536 -960 240 ) (1536 -960 128 ) 
4 191 194 (1538 -962 28 ) (1538 -962 0 ) (1539 -962 0 ) (1539 -962 28 ) 
4 191 193 (1539 -962 240 ) (1538 -962 240 ) (1538 -962 28 ) (1539 -962 28 ) 
4 191 192 (1592 -962 0 ) (1592 -962 240 ) (1539 -962 240 ) (1539 -962 0 ) 
4 191 196 (1538 -962 240 ) (1536 -962 240 ) (1536 -962 0 ) (1538 -962 0 ) 
4 192 300 (1539 -1024 0 ) (1592 -1024 0 ) (1592 -1024 128 ) (1539 -1024 128 ) 
4 192 292 (1540 -1024 240 ) (1539 -1024 240 ) (1539 -1024 128 ) (1540 -1024 128 ) 
4 192 291 (1592 -1024 128 ) (1592 -1024 240 ) (1540 -1024 240 ) (1540 -1024 128 ) 
4 192 194 (1539 -962 28 ) (1539 -962 0 ) (1539 -1006 0 ) (1539 -1006 28 ) 
4 192 193 (1539 -962 240 ) (1539 -962 28 ) (1539 -1006 28 ) (1539 -1006 240 ) 
4 192 195 (1539 -1006 0 ) (1539 -1024 0 ) (1539 -1024 240 ) (1539 -1006 240 ) 
4 193 195 (1538 -1006 240 ) (1538 -1006 28 ) (1539 -1006 28 ) (1539 -1006 240 ) 
4 193 196 (1538 -962 240 ) (1538 -962 28 ) (1538 -1006 28 ) (1538 -1006 240 ) 
4 193 194 (1539 -1006 28 ) (1538 -1006 28 ) (1538 -962 28 ) (1539 -962 28 ) 
4 194 195 (1538 -1006 28 ) (1538 -1006 0 ) (1539 -1006 0 ) (1539 -1006 28 ) 
4 194 196 (1538 -962 28 ) (1538 -962 0 ) (1538 -1006 0 ) (1538 -1006 28 ) 
4 195 300 (1538 -1024 0 ) (1539 -1024 0 ) (1539 -1024 128 ) (1538 -1024 128 ) 
4 195 292 (1539 -1024 128 ) (1539 -1024 240 ) (1538 -1024 240 ) (1538 -1024 128 ) 
4 195 196 (1538 -1006 0 ) (1538 -1024 0 ) (1538 -1024 240 ) (1538 -1006 240 ) 
4 196 300 (1536 -1024 0 ) (1538 -1024 0 ) (1538 -1024 128 ) (1536 -1024 128 ) 
4 196 292 (1538 -1024 128 ) (1538 -1024 240 ) (1536 -1024 240 ) (1536 -1024 128 ) 
4 196 215 (1536 -1004 0 ) (1536 -1024 0 ) (1536 -1024 128 ) (1536 -1004 128 ) 
4 196 214 (1536 -962 0 ) (1536 -1004 0 ) (1536 -1004 128 ) (1536 -962 128 ) 
4 196 204 (1536 -1024 132 ) (1536 -1024 240 ) (1536 -1008 240 ) (1536 -1008 132 ) 
4 196 206 (1536 -1024 128 ) (1536 -1024 132 ) (1536 -1008 132 ) (1536 -1008 128 ) 
4 196 202 (1536 -1008 240 ) (1536 -1004 240 ) (1536 -1004 128 ) (1536 -1008 128 ) 
4 196 201 (1536 -1004 240 ) (1536 -962 240 ) (1536 -962 128 ) (1536 -1004 128 ) 
4 197 200 (1408.939941 -960 132 ) (1400 -960 132 ) (1400 -912 132 ) (1408.939941 -912 132 ) 
4 197 199 (1400 -960 132 ) (1344 -960 132 ) (1344 -912 132 ) (1400 -912 132 ) 
4 197 198 (1536 -960 132 ) (1408.939941 -960 132 ) (1408.939941 -912 132 ) (1536 -912 132 ) 
4 197 201 (1536 -960 132 ) (1536 -960 264 ) (1344 -960 264 ) (1344 -960 132 ) 
4 198 211 (1412.911377 -912 128 ) (1536 -912 128 ) (1536 -960 128 ) (1412.911377 -960 128 ) 
4 198 200 (1412.914062 -912 128 ) (1412.914062 -960 128 ) (1408.941406 -960 132 ) (1408.941406 -912 132 ) 
4 198 201 (1412.911377 -960 128 ) (1536 -960 128 ) (1536 -960 132 ) (1408.939941 -960 132 ) 
4 199 217 (1400 -912 128 ) (1403.881470 -912 128 ) (1403.881470 -960 128 ) (1400 -960 128 ) 
4 199 221 (1344 -960 128 ) (1344 -912 128 ) (1400 -912 128 ) (1400 -960 128 ) 
4 199 201 (1344 -960 128 ) (1403.881470 -960 128 ) (1400 -960 132 ) (1344 -960 132 ) 
4 199 200 (1399.998657 -912 132 ) (1399.998657 -960 132 ) (1403.880127 -960 128 ) (1403.880127 -912 128 ) 
4 200 218 (1403.881470 -912 128 ) (1408 -912 128 ) (1408 -960 128 ) (1403.881470 -960 128 ) 
4 200 213 (1408 -912 128 ) (1412.911377 -912 128 ) (1412.911377 -960 128 ) (1408 -960 128 ) 
4 200 201 (1403.881470 -960 128 ) (1412.911377 -960 128 ) (1408.939941 -960 132 ) (1400 -960 132 ) 
4 201 219 (1403.881470 -960 128 ) (1408 -960 128 ) (1408 -1004 128 ) (1403.881470 -1004 128 ) 
4 201 217 (1400 -960 128 ) (1403.881470 -960 128 ) (1403.881470 -1004 128 ) (1400 -1004 128 ) 
4 201 214 (1408 -960 128 ) (1536 -960 128 ) (1536 -1004 128 ) (1408 -1004 128 ) 
4 201 221 (1344 -1004 128 ) (1344 -960 128 ) (1400 -960 128 ) (1400 -1004 128 ) 
5 201 207 (1344 -1004 128 ) (1404 -1004 128 ) (1408 -1004 132 ) (1408 -1004 264 ) (1344 -1004 264 ) 
4 201 202 (1408 -1004 128 ) (1536 -1004 128 ) (1536 -1004 264 ) (1408 -1004 264 ) 
4 202 215 (1411.969849 -1004 128 ) (1536 -1004 128 ) (1536 -1008 128 ) (1411.969849 -1008 128 ) 
4 202 207 (1408 -1004 264 ) (1408 -1004 132 ) (1408 -1008 132 ) (1408 -1008 264 ) 
6 202 205 (1408 -1008 136.028580 ) (1408 -1008 132 ) (1415.910156 -1008 132 ) (1536 -1008 255.755676 ) (1536 -1008 264 ) (1535.060059 -1008 264 ) 
3 202 204 (1415.910156 -1008 132 ) (1536 -1008 132 ) (1536 -1008 255.755676 ) 
3 202 203 (1408 -1008 264 ) (1408 -1008 136.028580 ) (1535.060059 -1008 264 ) 
4 202 206 (1408 -1008 132 ) (1408 -1008 128 ) (1536 -1008 128 ) (1536 -1008 132 ) 
3 203 293 (1535.060059 -1024 264 ) (1408 -1024 264 ) (1408 -1024 136.028580 ) 
4 203 208 (1408 -1024 136.028580 ) (1408 -1024 264 ) (1408 -1008 264 ) (1408 -1008 136.028580 ) 
4 203 205 (1408 -1024 136.030655 ) (1408 -1008 136.030655 ) (1535.058105 -1008 264 ) (1535.058105 -1024 264 ) 
3 204 294 (1536 -1024 132 ) (1536 -1024 255.755676 ) (1415.910156 -1024 132 ) 
4 204 206 (1415.910156 -1008 132 ) (1536 -1008 132 ) (1536 -1024 132 ) (1415.910156 -1024 132 ) 
4 204 205 (1415.906372 -1008 132 ) (1415.906372 -1024 132 ) (1536 -1024 255.759552 ) (1536 -1008 255.759552 ) 
6 205 295 (1536 -1024 255.755676 ) (1536 -1024 264 ) (1535.060059 -1024 264 ) (1408 -1024 136.028580 ) (1408 -1024 132 ) (1415.910156 -1024 132 ) 
4 205 209 (1408 -1024 132 ) (1408 -1024 136.028580 ) (1408 -1008 136.028580 ) (1408 -1008 132 ) 
4 205 206 (1408 -1024 132 ) (1408 -1008 132 ) (1415.910156 -1008 132 ) (1415.910156 -1024 132 ) 
4 206 296 (1408 -1024 128 ) (1536 -1024 128 ) (1536 -1024 132 ) (1408 -1024 132 ) 
4 206 215 (1536 -1008 128 ) (1536 -1024 128 ) (1411.969849 -1024 128 ) (1411.969849 -1008 128 ) 
4 207 217 (1400 -1004 128 ) (1404 -1004 128 ) (1404 -1008 128 ) (1400 -1008 128 ) 
4 207 221 (1344 -1008 128 ) (1344 -1004 128 ) (1400 -1004 128 ) (1400 -1008 128 ) 
3 207 209 (1408 -1008 132 ) (1408 -1008 136.028580 ) (1404 -1008 132 ) 
5 207 208 (1408 -1008 136.028580 ) (1408 -1008 264 ) (1344 -1008 264 ) (1344 -1008 132 ) (1404 -1008 132 ) 
4 207 210 (1344 -1008 128 ) (1404 -1008 128 ) (1408 -1008 132 ) (1344 -1008 132 ) 
5 208 297 (1344 -1024 264 ) (1344 -1024 132 ) (1404 -1024 132 ) (1408 -1024 136.028580 ) (1408 -1024 264 ) 
4 208 210 (1344 -1024 132 ) (1344 -1008 132 ) (1404 -1008 132 ) (1404 -1024 132 ) 
4 208 209 (1403.998047 -1024 132 ) (1403.998047 -1008 132 ) (1408 -1008 136.030655 ) (1408 -1024 136.030655 ) 
3 209 298 (1404 -1024 132 ) (1408 -1024 132 ) (1408 -1024 136.028580 ) 
4 209 210 (1404 -1008 132 ) (1408 -1008 132 ) (1408 -1024 132 ) (1404 -1024 132 ) 
4 210 299 (1344 -1024 132 ) (1344 -1024 128 ) (1404 -1024 128 ) (1408 -1024 132 ) 
4 210 217 (1400 -1008 128 ) (1404 -1008 128 ) (1404 -1024 128 ) (1400 -1024 128 ) 
4 210 221 (1344 -1024 128 ) (1344 -1008 128 ) (1400 -1008 128 ) (1400 -1024 128 ) 
4 211 213 (1536 -912 4.027347 ) (1536 -960 4.027344 ) (1412.910156 -960 128 ) (1412.910156 -912 128 ) 
3 211 214 (1536 -960 4.028668 ) (1536 -960 128 ) (1412.911499 -960 128 ) 
4 212 216 (1408 -912 123.755753 ) (1408 -912 108 ) (1408 -960 108 ) (1408 -960 123.755753 ) 
4 212 220 (1408 -912 108 ) (1408 -912 0 ) (1408 -960 0 ) (1408 -960 108 ) 
3 212 214 (1408 -960 123.755753 ) (1408 -960 0 ) (1528.090088 -960 0 ) 
4 212 213 (1408 -912 123.752991 ) (1408 -960 123.752991 ) (1528.087158 -960 0 ) (1528.087158 -912 0 ) 
4 213 218 (1408 -960 128 ) (1408 -912 128 ) (1408 -912 123.755753 ) (1408 -960 123.755753 ) 
6 213 214 (1408 -960 128 ) (1408 -960 123.755753 ) (1528.090088 -960 0 ) (1536 -960 0 ) (1536 -960 4.028668 ) (1412.911499 -960 128 ) 
4 214 219 (1408 -1004 128 ) (1408 -960 128 ) (1408 -960 123.755753 ) (1408 -1004 123.755753 ) 
4 214 216 (1408 -960 123.755753 ) (1408 -960 108 ) (1408 -1004 108 ) (1408 -1004 123.755753 ) 
4 214 220 (1408 -960 108 ) (1408 -960 0 ) (1408 -1004 0 ) (1408 -1004 108 ) 
5 214 215 (1408 -1004 124.004089 ) (1408 -1004 0 ) (1536 -1004 0 ) (1536 -1004 128 ) (1411.969849 -1004 128 ) 
5 215 300 (1408 -1024 0 ) (1536 -1024 0 ) (1536 -1024 128 ) (1411.969849 -1024 128 ) (1408 -1024 124.004089 ) 
4 215 219 (1408 -1004 124.004089 ) (1408 -1004 123.755882 ) (1408 -1024 123.755882 ) (1408 -1024 124.004089 ) 
4 215 216 (1408 -1004 123.755882 ) (1408 -1004 108 ) (1408 -1024 108 ) (1408 -1024 123.755882 ) 
4 215 220 (1408 -1004 108 ) (1408 -1004 0 ) (1408 -1024 0 ) (1408 -1024 108 ) 
4 216 301 (1408 -1024 108 ) (1408 -1024 123.755753 ) (1404 -1024 127.877853 ) (1404 -1024 108 ) 
4 216 219 (1408 -1024 123.754829 ) (1408 -960 123.754829 ) (1403.880005 -960 128 ) (1403.880005 -1024 128 ) 
4 216 218 (1408 -960 123.754829 ) (1408 -912 123.754829 ) (1403.880005 -912 128 ) (1403.880005 -960 128 ) 
4 216 217 (1404 -1024 124 ) (1404 -1024 127.880890 ) (1404 -912 127.880890 ) (1404 -912 124 ) 
4 216 220 (1404 -912 108 ) (1408 -912 108 ) (1408 -1024 108 ) (1404 -1024 108 ) 
5 217 302 (1404 -1024 127.877853 ) (1403.881470 -1024 128 ) (1400 -1024 128 ) (1400 -1024 124 ) (1404 -1024 124 ) 
4 217 221 (1400 -1024 128 ) (1400 -912 128 ) (1400 -912 124 ) (1400 -1024 124 ) 
3 218 219 (1403.880615 -960 128 ) (1408 -960 123.753906 ) (1408 -960 128 ) 
3 219 301 (1408 -1024 123.755753 ) (1408 -1024 128 ) (1403.881470 -1024 128 ) 
4 220 303 (1400 -1024 0 ) (1404 -1024 0 ) (1404 -1024 108 ) (1400 -1024 108 ) 
4 220 301 (1404 -1024 0 ) (1408 -1024 0 ) (1408 -1024 108 ) (1404 -1024 108 ) 
4 220 221 (1400 -912 108 ) (1400 -912 0 ) (1400 -1024 0 ) (1400 -1024 108 ) 
4 221 304 (1344 -1024 128 ) (1344 -1024 0 ) (1400 -1024 0 ) (1400 -1024 128 ) 
4 222 305 (1336 -1024 400 ) (1344 -1024 400 ) (1344 -1024 540 ) (1336 -1024 540 ) 
4 222 306 (1024 -1024 540 ) (1024 -1024 400 ) (1336 -1024 400 ) (1336 -1024 540 ) 
4 222 283 (1024 -1024 648 ) (1024 -1024 540 ) (1344 -1024 540 ) (1344 -1024 648 ) 
4 222 235 (1024 -264 400 ) (1024 -1024 400 ) (1024 -1024 520 ) (1024 -264 520 ) 
4 222 233 (1024 0 520 ) (1024 0 400 ) (1024 -264 400 ) (1024 -264 520 ) 
4 222 230 (1024 0 528 ) (1024 0 520 ) (1024 -1024 520 ) (1024 -1024 528 ) 
4 222 229 (1024 0 648 ) (1024 0 528 ) (1024 -1024 528 ) (1024 -1024 648 ) 
4 222 223 (1336 0 400 ) (1344 0 400 ) (1344 -860 400 ) (1336 -860 400 ) 
4 222 224 (1024 0 400 ) (1336 0 400 ) (1336 -1024 400 ) (1024 -1024 400 ) 
4 223 227 (1336 -860 0 ) (1336 0 0 ) (1344 0 0 ) (1344 -860 0 ) 
4 223 224 (1336 0 0 ) (1336 -860 0 ) (1336 -860 400 ) (1336 0 400 ) 
4 224 306 (1024 -1024 400 ) (1024 -1024 0 ) (1336 -1024 0 ) (1336 -1024 400 ) 
4 224 252 (1024 -320 0 ) (1024 -1024 0 ) (1024 -1024 256 ) (1024 -320 256 ) 
4 224 249 (1024 -1024 256 ) (1024 -1024 384 ) (1024 -320 384 ) (1024 -320 256 ) 
4 224 245 (1024 -264 0 ) (1024 -320 0 ) (1024 -320 264 ) (1024 -264 264 ) 
4 224 244 (1024 -320 264 ) (1024 -320 384 ) (1024 -264 384 ) (1024 -264 264 ) 
4 224 243 (1024 0 371.397034 ) (1024 0 0 ) (1024 -264 0 ) (1024 -264 371.397034 ) 
4 224 241 (1024 0 384 ) (1024 0 371.397034 ) (1024 -264 371.397034 ) (1024 -264 384 ) 
4 224 235 (1024 -264 384 ) (1024 -1024 384 ) (1024 -1024 400 ) (1024 -264 400 ) 
4 224 233 (1024 0 400 ) (1024 0 384 ) (1024 -264 384 ) (1024 -264 400 ) 
4 224 227 (1336 -1024 0 ) (1024 -1024 0 ) (1024 0 0 ) (1336 0 0 ) 
4 225 228 (1600 0 -32 ) (2048 0 -32 ) (2048 -544 -32 ) (1600 -544 -32 ) 
4 225 226 (1600 0 -32 ) (1600 -544 -32 ) (1600 -544 0 ) (1600 0 0 ) 
4 226 228 (1344 0 -32 ) (1600 0 -32 ) (1600 -912 -32 ) (1344 -912 -32 ) 
4 226 227 (1344 0 -32 ) (1344 -912 -32 ) (1344 -912 0 ) (1344 0 0 ) 
4 227 379 (1344 -1024 0 ) (1024 -1024 0 ) (1024 -1024 -32 ) (1344 -1024 -32 ) 
4 227 253 (1024 -320 -32 ) (1024 -1024 -32 ) (1024 -1024 0 ) (1024 -320 0 ) 
4 227 245 (1024 -264 -32 ) (1024 -320 -32 ) (1024 -320 0 ) (1024 -264 0 ) 
4 227 243 (1024 0 0 ) (1024 0 -32 ) (1024 -264 -32 ) (1024 -264 0 ) 
4 227 228 (1024 -1024 -32 ) (1024 0 -32 ) (1344 0 -32 ) (1344 -1024 -32 ) 
4 228 383 (2048 -1024 -256 ) (2048 -1024 -32 ) (1024 -1024 -32 ) (1024 -1024 -256 ) 
4 228 280 (1024 -320 -256 ) (1024 -1024 -256 ) (1024 -1024 -32 ) (1024 -320 -32 ) 
4 228 245 (1024 -264 -256 ) (1024 -320 -256 ) (1024 -320 -32 ) (1024 -264 -32 ) 
4 228 243 (1024 0 -32 ) (1024 0 -256 ) (1024 -264 -256 ) (1024 -264 -32 ) 
4 229 749 (0 -1024 528 ) (0 -1024 648 ) (0 0 648 ) (0 0 528 ) 
4 229 393 (800 -1024 648 ) (0 -1024 648 ) (0 -1024 528 ) (800 -1024 528 ) 
4 229 384 (1024 -1024 528 ) (1024 -1024 648 ) (800 -1024 648 ) (800 -1024 528 ) 
4 229 231 (732 -208 528 ) (732 0 528 ) (800 0 528 ) (800 -208 528 ) 
4 229 230 (1024 0 528 ) (1024 -1024 528 ) (800 -1024 528 ) (800 0 528 ) 
4 229 232 (732 -1024 528 ) (0 -1024 528 ) (0 0 528 ) (732 0 528 ) 
4 230 384 (1024 -1024 520 ) (1024 -1024 528 ) (800 -1024 528 ) (800 -1024 520 ) 
4 230 235 (1024 -1024 520 ) (800 -1024 520 ) (800 -264 520 ) (1024 -264 520 ) 
4 230 233 (800 -264 520 ) (800 0 520 ) (1024 0 520 ) (1024 -264 520 ) 
4 230 231 (800 0 520 ) (800 -208 520 ) (800 -208 528 ) (800 0 528 ) 
4 231 236 (732 -208 520 ) (732 0 520 ) (736 0 520 ) (736 -208 520 ) 
4 231 234 (736 0 520 ) (768.405029 0 520 ) (768.405029 -208 520 ) (736 -208 520 ) 
4 231 233 (768.405029 0 520 ) (800 0 520 ) (800 -208 520 ) (768.405029 -208 520 ) 
4 231 232 (732 0 520 ) (732 -208 520 ) (732 -208 528 ) (732 0 528 ) 
4 232 749 (0 -1024 520 ) (0 -1024 528 ) (0 0 528 ) (0 0 520 ) 
4 232 395 (732 -1024 528 ) (0 -1024 528 ) (0 -1024 520 ) (732 -1024 520 ) 
4 232 236 (0 -328 520 ) (0 0 520 ) (732 0 520 ) (732 -328 520 ) 
4 232 237 (732 -1024 520 ) (0 -1024 520 ) (0 -328 520 ) (732 -328 520 ) 
4 233 241 (1024 0 384 ) (1024 -264 384 ) (768.405029 -264 384 ) (768.405029 0 384 ) 
4 233 235 (768.405029 -264 384 ) (1024 -264 384 ) (1024 -264 520 ) (768.405029 -264 520 ) 
4 233 234 (768.405029 0 384 ) (768.405029 -213 384 ) (768.405029 -213 520 ) (768.405029 0 520 ) 
4 234 242 (736 -213 384 ) (736 0 384 ) (768.405029 0 384 ) (768.405029 -213 384 ) 
4 234 236 (736 -213 400 ) (736 -213 520 ) (736 0 520 ) (736 0 400 ) 
4 235 396 (1024 -1024 384 ) (1024 -1024 520 ) (768 -1024 520 ) (768 -1024 384 ) 
4 235 249 (1024 -320 384 ) (1024 -1024 384 ) (768 -1024 384 ) (768 -320 384 ) 
4 235 244 (1024 -264 384 ) (1024 -320 384 ) (768 -320 384 ) (768 -264 384 ) 
4 236 749 (0 -328 520 ) (0 0 520 ) (0 0 400 ) (0 -328 400 ) 
4 236 237 (736 -328 400 ) (736 -328 520 ) (0 -328 520 ) (0 -328 400 ) 
4 237 751 (0 -1024 392 ) (0 -1024 400 ) (0 -328 400 ) (0 -328 392 ) 
4 237 749 (0 -1024 400 ) (0 -1024 520 ) (0 -328 520 ) (0 -328 400 ) 
4 237 399 (452 -1024 520 ) (60 -1024 520 ) (60 -1024 392 ) (452 -1024 392 ) 
4 237 398 (736 -1024 520 ) (452 -1024 520 ) (452 -1024 392 ) (736 -1024 392 ) 
4 237 401 (60 -1024 520 ) (0 -1024 520 ) (0 -1024 392 ) (60 -1024 392 ) 
4 237 239 (60 -328 392 ) (452 -328 392 ) (452 -636 392 ) (60 -636 392 ) 
4 237 238 (452 -328 392 ) (736 -328 392 ) (736 -1024 392 ) (452 -1024 392 ) 
4 237 240 (0 -1024 392 ) (0 -328 392 ) (60 -328 392 ) (60 -1024 392 ) 
4 238 398 (452 -1024 384 ) (736 -1024 384 ) (736 -1024 392 ) (452 -1024 392 ) 
4 238 268 (516 -1024 384 ) (452 -1024 384 ) (452 -640 384 ) (516 -640 384 ) 
4 238 267 (668 -1024 384 ) (516 -1024 384 ) (516 -640 384 ) (668 -640 384 ) 
4 238 265 (672 -1024 384 ) (668 -1024 384 ) (668 -640 384 ) (672 -640 384 ) 
4 238 259 (452 -640 384 ) (452 -636 384 ) (516 -636 384 ) (516 -640 384 ) 
4 238 258 (452 -636 384 ) (452 -320 384 ) (516 -320 384 ) (516 -636 384 ) 
4 238 255 (668 -320 384 ) (672 -320 384 ) (672 -640 384 ) (668 -640 384 ) 
4 238 257 (516 -320 384 ) (668 -320 384 ) (668 -640 384 ) (516 -640 384 ) 
4 238 251 (736 -1024 384 ) (672 -1024 384 ) (672 -320 384 ) (736 -320 384 ) 
4 238 239 (452 -320 392 ) (452 -320 384 ) (452 -636 384 ) (452 -636 392 ) 
4 239 258 (448 -320 384 ) (452 -320 384 ) (452 -636 384 ) (448 -636 384 ) 
4 239 261 (60 -636 384 ) (60 -320 384 ) (448 -320 384 ) (448 -636 384 ) 
4 239 240 (60 -320 392 ) (60 -320 384 ) (60 -636 384 ) (60 -636 392 ) 
4 240 753 (0 -1024 384 ) (0 -1024 392 ) (0 -320 392 ) (0 -320 384 ) 
4 240 401 (0 -1024 392 ) (0 -1024 384 ) (60 -1024 384 ) (60 -1024 392 ) 
4 240 276 (0 -656 384 ) (0 -640 384 ) (60 -640 384 ) (60 -656 384 ) 
4 240 277 (60 -1024 384 ) (0 -1024 384 ) (0 -656 384 ) (60 -656 384 ) 
4 240 261 (0 -640 384 ) (0 -320 384 ) (60 -320 384 ) (60 -640 384 ) 
4 241 244 (768.405029 -264 371.397034 ) (1024 -264 371.397034 ) (1024 -264 384 ) (768.405029 -264 384 ) 
4 241 243 (1024 -264 371.397034 ) (768.405029 -264 371.397034 ) (768.405029 0 371.397034 ) (1024 0 371.397034 ) 
4 241 242 (768.405029 0 371.397034 ) (768.405029 -213 371.397034 ) (768.405029 -213 384 ) (768.405029 0 384 ) 
4 242 243 (736 -213 371.397034 ) (736 0 371.397034 ) (768.405029 0 371.397034 ) (768.405029 -213 371.397034 ) 
4 243 248 (736 -264 -256 ) (736 -264 0 ) (736 0 0 ) (736 0 -256 ) 
4 243 246 (736 -264 0 ) (736 -264 160 ) (736 0 160 ) (736 0 0 ) 
4 243 245 (736 -264 264 ) (736 -264 -256 ) (1024 -264 -256 ) (1024 -264 264 ) 
4 243 244 (768 -264 264 ) (1024 -264 264 ) (1024 -264 371.397034 ) (768 -264 371.397034 ) 
4 244 249 (1024 -320 384 ) (768 -320 384 ) (768 -320 264 ) (1024 -320 264 ) 
4 244 245 (1024 -320 264 ) (768 -320 264 ) (768 -264 264 ) (1024 -264 264 ) 
4 245 280 (736 -320 -32 ) (736 -320 -256 ) (1024 -320 -256 ) (1024 -320 -32 ) 
4 245 253 (736 -320 0 ) (736 -320 -32 ) (1024 -320 -32 ) (1024 -320 0 ) 
4 245 252 (736 -320 256 ) (736 -320 0 ) (1024 -320 0 ) (1024 -320 256 ) 
4 245 250 (736 -320 264 ) (736 -320 256 ) (768 -320 256 ) (768 -320 264 ) 
4 245 249 (768 -320 256 ) (1024 -320 256 ) (1024 -320 264 ) (768 -320 264 ) 
4 245 248 (736 -320 -256 ) (736 -320 0 ) (736 -264 0 ) (736 -264 -256 ) 
4 245 246 (736 -320 0 ) (736 -320 160 ) (736 -264 160 ) (736 -264 0 ) 
4 246 252 (732 -320 0 ) (736 -320 0 ) (736 -320 160 ) (732 -320 160 ) 
4 246 248 (736 0 0 ) (736 -320 0 ) (732 -320 0 ) (732 0 0 ) 
4 246 247 (732 0 0 ) (732 -136 0 ) (732 -136 160 ) (732 0 160 ) 
4 247 756 (0 -136 160 ) (0 0 160 ) (0 0 0 ) (0 -136 0 ) 
4 247 248 (0 -136 0 ) (0 0 0 ) (732 0 0 ) (732 -136 0 ) 
4 248 785 (0 -320 -256 ) (0 -320 -32 ) (0 0 -32 ) (0 0 -256 ) 
4 248 772 (0 -320 -32 ) (0 -320 0 ) (0 0 0 ) (0 0 -32 ) 
4 248 280 (0 -320 -32 ) (0 -320 -256 ) (736 -320 -256 ) (736 -320 -32 ) 
4 248 254 (672 -320 -32 ) (695 -320 -32 ) (695 -320 0 ) (672 -320 0 ) 
4 248 253 (695 -320 -32 ) (736 -320 -32 ) (736 -320 0 ) (695 -320 0 ) 
4 249 411 (1024 -1024 256 ) (1024 -1024 384 ) (768 -1024 384 ) (768 -1024 256 ) 
4 249 252 (768 -320 256 ) (1024 -320 256 ) (1024 -1024 256 ) (768 -1024 256 ) 
4 249 250 (768 -320 264 ) (768 -320 256 ) (768 -1024 256 ) (768 -1024 264 ) 
4 250 412 (736 -1024 264 ) (736 -1024 256 ) (768 -1024 256 ) (768 -1024 264 ) 
4 250 252 (736 -320 256 ) (768 -320 256 ) (768 -1024 256 ) (736 -1024 256 ) 
4 251 413 (736 -1024 384 ) (672 -1024 384 ) (672 -1024 264 ) (736 -1024 264 ) 
4 251 265 (672 -640 264 ) (672 -1024 264 ) (672 -1024 384 ) (672 -640 384 ) 
4 251 255 (672 -320 384 ) (672 -320 264 ) (672 -640 264 ) (672 -640 384 ) 
4 252 415 (1024 -1024 0 ) (1024 -1024 256 ) (704 -1024 256 ) (704 -1024 0 ) 
4 252 253 (1024 -1024 0 ) (704 -1024 0 ) (704 -320 0 ) (1024 -320 0 ) 
4 253 418 (1024 -1024 -32 ) (1024 -1024 0 ) (695 -1024 0 ) (695 -1024 -32 ) 
4 253 280 (695 -320 -32 ) (1024 -320 -32 ) (1024 -1024 -32 ) (695 -1024 -32 ) 
4 253 254 (695 -320 -32 ) (695 -640 -32 ) (695 -640 0 ) (695 -320 0 ) 
4 254 280 (672 -320 -32 ) (695 -320 -32 ) (695 -640 -32 ) (672 -640 -32 ) 
4 255 265 (672 -640 264 ) (672 -640 384 ) (668 -640 384 ) (668 -640 264 ) 
4 255 257 (668 -320 384 ) (668 -320 264 ) (668 -640 264 ) (668 -640 384 ) 
4 256 270 (672 -640 0 ) (672 -640 135.037994 ) (668 -640 135.037994 ) (668 -640 0 ) 
4 256 269 (672 -640 135.037994 ) (672 -640 255.038010 ) (668 -640 255.038010 ) (668 -640 135.037994 ) 
4 256 266 (672 -640 255.038010 ) (672 -640 256 ) (668 -640 256 ) (668 -640 255.038010 ) 
4 256 257 (668 -320 256 ) (668 -320 0 ) (668 -640 0 ) (668 -640 256 ) 
4 257 270 (516 -640 135.037994 ) (516 -640 0 ) (668 -640 0 ) (668 -640 135.037994 ) 
4 257 269 (516 -640 255.038010 ) (516 -640 135.037994 ) (668 -640 135.037994 ) (668 -640 255.038010 ) 
4 257 267 (668 -640 384 ) (516 -640 384 ) (516 -640 255.038010 ) (668 -640 255.038010 ) 
4 257 262 (516 -576 0 ) (516 -384 0 ) (608 -384 0 ) (608 -576 0 ) 
4 257 259 (516 -640 263.038025 ) (516 -640 384 ) (516 -636 384 ) (516 -636 263.038025 ) 
4 257 260 (516 -636 0 ) (516 -640 0 ) (516 -640 255.038010 ) (516 -636 255.038010 ) 
4 257 258 (516 -320 384 ) (516 -320 0 ) (516 -636 0 ) (516 -636 384 ) 
4 258 262 (448 -576 0 ) (448 -384 0 ) (516 -384 0 ) (516 -576 0 ) 
4 258 259 (448 -636 384 ) (448 -636 263.038025 ) (516 -636 263.038025 ) (516 -636 384 ) 
4 258 260 (448 -636 255.038010 ) (448 -636 0 ) (516 -636 0 ) (516 -636 255.038010 ) 
4 258 261 (448 -320 384 ) (448 -320 0 ) (448 -636 0 ) (448 -636 384 ) 
4 259 268 (516 -640 384 ) (448 -640 384 ) (448 -640 263.038025 ) (516 -640 263.038025 ) 
4 259 261 (448 -640 263.038025 ) (448 -640 384 ) (448 -636 384 ) (448 -636 263.038025 ) 
4 260 270 (511.562988 -640 0 ) (516 -640 0 ) (516 -640 135.037994 ) (511.562988 -640 135.037994 ) 
4 260 269 (512 -640 135.037994 ) (516 -640 135.037994 ) (516 -640 255.038010 ) (512 -640 255.038010 ) 
4 260 261 (448 -636 0 ) (448 -640 0 ) (448 -640 255.038010 ) (448 -636 255.038010 ) 
4 261 760 (0 -640 384 ) (0 -320 384 ) (0 -320 0 ) (0 -640 0 ) 
4 261 276 (64 -640 384 ) (0 -640 384 ) (0 -640 20 ) (64 -640 20 ) 
4 261 274 (230 -640 329 ) (230 -640 265 ) (286 -640 265 ) (286 -640 329 ) 
4 261 262 (224 -384 0 ) (448 -384 0 ) (448 -576 0 ) (224 -576 0 ) 
4 261 264 (0 -576 0 ) (0 -384 0 ) (224 -384 0 ) (224 -576 0 ) 
4 262 264 (224 -384 0 ) (224 -384 -8 ) (224 -576 -8 ) (224 -576 0 ) 
4 263 280 (608 -576 -32 ) (224 -576 -32 ) (224 -384 -32 ) (608 -384 -32 ) 
4 263 264 (224 -384 -31.670500 ) (224 -384 -32 ) (224 -576 -32 ) (224 -576 -31.670500 ) 
4 264 778 (0 -384 -32 ) (0 -576 -32 ) (0 -576 0 ) (0 -384 0 ) 
4 264 280 (224 -576 -32 ) (0 -576 -32 ) (0 -384 -32 ) (224 -384 -32 ) 
4 265 413 (672 -1024 384 ) (668 -1024 384 ) (668 -1024 264 ) (672 -1024 264 ) 
4 265 267 (668 -640 384 ) (668 -640 264 ) (668 -1024 264 ) (668 -1024 384 ) 
4 266 416 (668 -1024 256 ) (668 -1024 255.038010 ) (672 -1024 255.038010 ) (672 -1024 256 ) 
4 266 269 (668 -640 255.038010 ) (672 -640 255.038010 ) (672 -1024 255.038010 ) (668 -1024 255.038010 ) 
4 266 267 (668 -640 256 ) (668 -640 255.038010 ) (668 -1024 255.038010 ) (668 -1024 256 ) 
4 267 419 (668 -1024 384 ) (516 -1024 384 ) (516 -1024 255.038010 ) (668 -1024 255.038010 ) 
4 267 269 (516 -640 255.038010 ) (668 -640 255.038010 ) (668 -1024 255.038010 ) (516 -1024 255.038010 ) 
4 267 268 (516 -640 384 ) (516 -640 263.038025 ) (516 -1024 263.038025 ) (516 -1024 384 ) 
4 268 420 (516 -1024 384 ) (448 -1024 384 ) (448 -1024 263.038025 ) (516 -1024 263.038025 ) 
4 268 272 (448 -773 263.038025 ) (448 -853 263.038025 ) (448 -853 384 ) (448 -773 384 ) 
4 269 421 (512 -1024 135.037994 ) (668 -1024 135.037994 ) (668 -1024 255.038010 ) (512 -1024 255.038010 ) 
4 269 416 (668 -1024 135.037994 ) (672 -1024 135.037994 ) (672 -1024 255.038010 ) (668 -1024 255.038010 ) 
4 269 270 (512 -640 135.037994 ) (672 -640 135.037994 ) (672 -1024 135.037994 ) (512 -1024 135.037994 ) 
4 270 422 (668 -1024 135.037994 ) (511.562988 -1024 135.037994 ) (511.562988 -1024 0 ) (668 -1024 0 ) 
4 270 416 (672 -1024 0 ) (672 -1024 135.037994 ) (668 -1024 135.037994 ) (668 -1024 0 ) 
4 271 423 (448 -1024 -0.961800 ) (448 -1024 -32 ) (511 -1024 -32 ) (511 -1024 -0.961800 ) 
4 271 280 (511 -1024 -32 ) (448 -1024 -32 ) (448 -640 -32 ) (511 -640 -32 ) 
4 271 273 (448 -640 -0.961800 ) (448 -640 -32 ) (448 -1024 -32 ) (448 -1024 -0.961800 ) 
4 272 275 (416 -853 224 ) (416 -853 368 ) (416 -773 368 ) (416 -773 224 ) 
4 272 273 (416 -853 0 ) (416 -773 0 ) (448 -773 0 ) (448 -853 0 ) 
4 273 441 (416 -1024 0 ) (416 -1024 -32 ) (448 -1024 -32 ) (448 -1024 0 ) 
4 273 280 (448 -1024 -32 ) (416 -1024 -32 ) (416 -640 -32 ) (448 -640 -32 ) 
4 273 278 (416 -640 0 ) (416 -640 -32 ) (416 -1024 -32 ) (416 -1024 0 ) 
4 274 275 (286 -646 265 ) (286 -646 329 ) (230 -646 329 ) (230 -646 265 ) 
4 275 434 (159 -1024 224 ) (207 -1024 224 ) (207 -1024 332 ) (159 -1024 332 ) 
4 276 761 (0 -656 384 ) (0 -640 384 ) (0 -640 20 ) (0 -656 20 ) 
4 276 277 (64 -656 20 ) (64 -656 384 ) (0 -656 384 ) (0 -656 20 ) 
4 277 762 (0 -1024 0 ) (0 -1024 384 ) (0 -656 384 ) (0 -656 0 ) 
4 277 470 (0 -1024 176 ) (0 -1024 0 ) (64 -1024 0 ) (64 -1024 176 ) 
4 277 469 (0 -1024 184 ) (0 -1024 176 ) (60 -1024 176 ) (60 -1024 184 ) 
4 277 466 (64 -1024 384 ) (0 -1024 384 ) (0 -1024 184 ) (64 -1024 184 ) 
4 277 279 (64 -656 0 ) (64 -1024 0 ) (0 -1024 0 ) (0 -656 0 ) 
4 278 480 (64 -1024 -32 ) (96 -1024 -32 ) (96 -1024 0 ) (64 -1024 0 ) 
4 278 441 (96 -1024 -32 ) (416 -1024 -32 ) (416 -1024 0 ) (96 -1024 0 ) 
4 278 280 (416 -1024 -32 ) (64 -1024 -32 ) (64 -640 -32 ) (416 -640 -32 ) 
4 278 279 (64 -1024 0 ) (64 -656 0 ) (64 -656 -32 ) (64 -1024 -32 ) 
4 279 782 (0 -1024 -32 ) (0 -1024 0 ) (0 -656 0 ) (0 -656 -32 ) 
4 279 481 (0 -1024 0 ) (0 -1024 -32 ) (64 -1024 -32 ) (64 -1024 0 ) 
4 279 280 (64 -1024 -32 ) (0 -1024 -32 ) (0 -656 -32 ) (64 -656 -32 ) 
4 280 785 (0 -1024 -256 ) (0 -1024 -32 ) (0 -320 -32 ) (0 -320 -256 ) 
4 280 484 (96 -1024 -32 ) (0 -1024 -32 ) (0 -1024 -256 ) (96 -1024 -256 ) 
4 280 443 (1024 -1024 -256 ) (1024 -1024 -32 ) (96 -1024 -32 ) (96 -1024 -256 ) 
4 281 282 (1592 -1452 648 ) (1592 -1452 548 ) (2048 -1452 548 ) (2048 -1452 648 ) 
4 281 283 (1592 -1452 548 ) (1592 -1452 648 ) (1592 -1024 648 ) (1592 -1024 548 ) 
4 282 352 (1592 -1544 540 ) (2048 -1544 540 ) (2048 -1544 648 ) (1592 -1544 648 ) 
4 282 346 (1592 -1540 540 ) (1592 -1504 540 ) (1772 -1504 540 ) (1772 -1540 540 ) 
4 282 347 (1772 -1544 540 ) (1592 -1544 540 ) (1592 -1540 540 ) (1772 -1540 540 ) 
4 282 345 (2048 -1544 540 ) (1772 -1544 540 ) (1772 -1504 540 ) (2048 -1504 540 ) 
4 282 318 (1592 -1476 540 ) (1592 -1472 540 ) (1844 -1472 540 ) (1844 -1476 540 ) 
4 282 317 (1592 -1472 540 ) (1592 -1452 540 ) (1776 -1452 540 ) (1776 -1472 540 ) 
4 282 313 (1776 -1452 540 ) (1844 -1452 540 ) (1844 -1472 540 ) (1776 -1472 540 ) 
4 282 320 (1592 -1504 540 ) (1592 -1476 540 ) (1844 -1476 540 ) (1844 -1504 540 ) 
4 282 307 (1844 -1452 540 ) (2048 -1452 540 ) (2048 -1504 540 ) (1844 -1504 540 ) 
4 282 283 (1592 -1452 540 ) (1592 -1544 540 ) (1592 -1544 648 ) (1592 -1452 648 ) 
4 283 385 (1024 -1440 540 ) (1024 -1476 540 ) (1024 -1476 648 ) (1024 -1440 648 ) 
4 283 384 (1024 -1024 648 ) (1024 -1024 540 ) (1024 -1440 540 ) (1024 -1440 648 ) 
4 283 386 (1024 -1476 540 ) (1024 -1544 540 ) (1024 -1544 648 ) (1024 -1476 648 ) 
4 283 352 (1024 -1544 648 ) (1024 -1544 540 ) (1592 -1544 540 ) (1592 -1544 648 ) 
4 283 346 (1024 -1540 540 ) (1024 -1504 540 ) (1592 -1504 540 ) (1592 -1540 540 ) 
4 283 347 (1592 -1544 540 ) (1024 -1544 540 ) (1024 -1540 540 ) (1592 -1540 540 ) 
4 283 318 (1024 -1476 540 ) (1024 -1472 540 ) (1592 -1472 540 ) (1592 -1476 540 ) 
4 283 317 (1024 -1472 540 ) (1024 -1448 540 ) (1592 -1448 540 ) (1592 -1472 540 ) 
4 283 316 (1024 -1448 540 ) (1024 -1440 540 ) (1348 -1440 540 ) (1348 -1448 540 ) 
4 283 315 (1024 -1440 540 ) (1024 -1421 540 ) (1348 -1421 540 ) (1348 -1440 540 ) 
4 283 311 (1344 -1056 540 ) (1348 -1056 540 ) (1348 -1421 540 ) (1344 -1421 540 ) 
4 283 310 (1348 -1056 540 ) (1592 -1056 540 ) (1592 -1411.680054 540 ) (1348 -1411.680054 540 ) 
4 283 312 (1024 -1421 540 ) (1024 -1056 540 ) (1344 -1056 540 ) (1344 -1421 540 ) 
4 283 320 (1024 -1504 540 ) (1024 -1476 540 ) (1592 -1476 540 ) (1592 -1504 540 ) 
4 283 305 (1336 -1024 540 ) (1344 -1024 540 ) (1344 -1056 540 ) (1336 -1056 540 ) 
4 283 306 (1024 -1056 540 ) (1024 -1024 540 ) (1336 -1024 540 ) (1336 -1056 540 ) 
4 283 289 (1344 -1024 540 ) (1592 -1024 540 ) (1592 -1056 540 ) (1344 -1056 540 ) 
4 284 327 (2048 -1056 128 ) (2048 -1056 256 ) (1856 -1056 256 ) (1856 -1056 128 ) 
4 284 321 (2048 -1056 256 ) (2048 -1056 400 ) (1856 -1056 400 ) (1856 -1056 256 ) 
4 284 329 (1856 -1056 0 ) (2048 -1056 0 ) (2048 -1056 128 ) (1856 -1056 128 ) 
4 284 307 (2048 -1056 400 ) (2048 -1056 540 ) (1856 -1056 540 ) (1856 -1056 400 ) 
4 284 285 (1856 -1056 264 ) (1856 -1056 540 ) (1856 -1024 540 ) (1856 -1024 264 ) 
4 284 286 (1856 -1024 0 ) (1856 -1056 0 ) (1856 -1056 256 ) (1856 -1024 256 ) 
4 285 330 (1776 -1056 400 ) (1600 -1056 400 ) (1600 -1056 264 ) (1776 -1056 264 ) 
4 285 323 (1844 -1056 400 ) (1776 -1056 400 ) (1776 -1056 264 ) (1844 -1056 264 ) 
4 285 322 (1856 -1056 264 ) (1856 -1056 400 ) (1844 -1056 400 ) (1844 -1056 264 ) 
4 285 309 (1776 -1056 540 ) (1600 -1056 540 ) (1600 -1056 400 ) (1776 -1056 400 ) 
4 285 308 (1844 -1056 540 ) (1776 -1056 540 ) (1776 -1056 400 ) (1844 -1056 400 ) 
4 285 307 (1856 -1056 400 ) (1856 -1056 540 ) (1844 -1056 540 ) (1844 -1056 400 ) 
4 285 287 (1600 -1024 372 ) (1600 -1024 264 ) (1600 -1048 264 ) (1600 -1048 372 ) 
4 286 335 (1600 -1056 0 ) (1776 -1056 0 ) (1776 -1056 128 ) (1600 -1056 128 ) 
4 286 334 (1776 -1056 128 ) (1776 -1056 256 ) (1600 -1056 256 ) (1600 -1056 128 ) 
4 286 328 (1844 -1056 256 ) (1776 -1056 256 ) (1776 -1056 128 ) (1844 -1056 128 ) 
4 286 327 (1856 -1056 128 ) (1856 -1056 256 ) (1844 -1056 256 ) (1844 -1056 128 ) 
4 286 329 (1776 -1056 0 ) (1856 -1056 0 ) (1856 -1056 128 ) (1776 -1056 128 ) 
4 286 288 (1600 -1024 0 ) (1600 -1048 0 ) (1600 -1048 108 ) (1600 -1024 108 ) 
4 287 290 (1592 -1048 264 ) (1592 -1048 372 ) (1592 -1024 372 ) (1592 -1024 264 ) 
4 288 300 (1592 -1024 0 ) (1592 -1048 0 ) (1592 -1048 108 ) (1592 -1024 108 ) 
4 289 311 (1348 -1056 540 ) (1344 -1056 540 ) (1344 -1056 408 ) (1348 -1056 408 ) 
4 289 310 (1592 -1056 408 ) (1592 -1056 540 ) (1348 -1056 540 ) (1348 -1056 408 ) 
4 289 305 (1344 -1056 408 ) (1344 -1056 540 ) (1344 -1024 540 ) (1344 -1024 408 ) 
4 290 297 (1344 -1056 264 ) (1344 -1024 264 ) (1408 -1024 264 ) (1408 -1056 264 ) 
4 290 295 (1535.060059 -1024 264 ) (1536 -1024 264 ) (1536 -1056 264 ) (1535.060059 -1056 264 ) 
4 290 293 (1408 -1024 264 ) (1535.060059 -1024 264 ) (1535.060059 -1056 264 ) (1408 -1056 264 ) 
4 291 300 (1540 -1024 128 ) (1592 -1024 128 ) (1592 -1056 128 ) (1540 -1056 128 ) 
4 291 292 (1540 -1024 128 ) (1540 -1056 128 ) (1540 -1056 240 ) (1540 -1024 240 ) 
4 292 300 (1536 -1024 128 ) (1540 -1024 128 ) (1540 -1056 128 ) (1536 -1056 128 ) 
4 292 294 (1536 -1056 132 ) (1536 -1056 240 ) (1536 -1024 240 ) (1536 -1024 132 ) 
4 292 296 (1536 -1024 128 ) (1536 -1056 128 ) (1536 -1056 132 ) (1536 -1024 132 ) 
4 293 297 (1408 -1056 136.028580 ) (1408 -1056 264 ) (1408 -1024 264 ) (1408 -1024 136.028580 ) 
4 293 295 (1408 -1056 136.031921 ) (1408 -1024 136.031921 ) (1535.056885 -1024 264 ) (1535.056885 -1056 264 ) 
4 294 296 (1415.910156 -1024 132 ) (1536 -1024 132 ) (1536 -1056 132 ) (1415.910156 -1056 132 ) 
4 294 295 (1415.906372 -1024 132 ) (1415.906372 -1056 132 ) (1536 -1056 255.759506 ) (1536 -1024 255.759506 ) 
4 295 298 (1408 -1056 132 ) (1408 -1056 136.028580 ) (1408 -1024 136.028580 ) (1408 -1024 132 ) 
4 295 296 (1408 -1056 132 ) (1408 -1024 132 ) (1415.910156 -1024 132 ) (1415.910156 -1056 132 ) 
4 296 300 (1411.969849 -1024 128 ) (1536 -1024 128 ) (1536 -1056 128 ) (1411.969849 -1056 128 ) 
4 297 299 (1344 -1056 132 ) (1344 -1024 132 ) (1404 -1024 132 ) (1404 -1056 132 ) 
4 297 298 (1403.998047 -1056 132 ) (1403.998047 -1024 132 ) (1408 -1024 136.031921 ) (1408 -1056 136.031921 ) 
4 298 299 (1404 -1024 132 ) (1408 -1024 132 ) (1408 -1056 132 ) (1404 -1056 132 ) 
4 299 302 (1400 -1024 128 ) (1404 -1024 128 ) (1404 -1056 128 ) (1400 -1056 128 ) 
4 299 304 (1344 -1056 128 ) (1344 -1024 128 ) (1400 -1024 128 ) (1400 -1056 128 ) 
4 300 301 (1408 -1024 0 ) (1408 -1056 0 ) (1408 -1056 124.004089 ) (1408 -1024 124.004089 ) 
4 301 302 (1404 -1056 124 ) (1404 -1056 128 ) (1404 -1024 128 ) (1404 -1024 124 ) 
4 301 303 (1404 -1024 0 ) (1404 -1056 0 ) (1404 -1056 108 ) (1404 -1024 108 ) 
4 302 304 (1400 -1056 124 ) (1400 -1056 128 ) (1400 -1024 128 ) (1400 -1024 124 ) 
4 303 304 (1400 -1024 0 ) (1400 -1056 0 ) (1400 -1056 108 ) (1400 -1024 108 ) 
4 305 312 (1344 -1056 400 ) (1344 -1056 540 ) (1336 -1056 540 ) (1336 -1056 400 ) 
4 305 306 (1336 -1056 400 ) (1336 -1056 540 ) (1336 -1024 540 ) (1336 -1024 400 ) 
4 306 415 (1024 -1024 256 ) (1024 -1024 0 ) (1024 -1056 0 ) (1024 -1056 256 ) 
4 306 411 (1024 -1024 384 ) (1024 -1024 256 ) (1024 -1056 256 ) (1024 -1056 384 ) 
4 306 396 (1024 -1024 520 ) (1024 -1024 384 ) (1024 -1056 384 ) (1024 -1056 520 ) 
4 306 384 (1024 -1024 540 ) (1024 -1024 520 ) (1024 -1056 520 ) (1024 -1056 540 ) 
4 306 379 (1024 -1024 0 ) (1336 -1024 0 ) (1336 -1056 0 ) (1024 -1056 0 ) 
4 306 340 (1024 -1056 0 ) (1336 -1056 0 ) (1336 -1056 400 ) (1024 -1056 400 ) 
4 306 312 (1336 -1056 400 ) (1336 -1056 540 ) (1024 -1056 540 ) (1024 -1056 400 ) 
4 307 345 (2048 -1504 400 ) (2048 -1504 540 ) (1844 -1504 540 ) (1844 -1504 400 ) 
4 307 325 (2048 -1504 400 ) (1844 -1504 400 ) (1844 -1448 400 ) (2048 -1448 400 ) 
4 307 322 (1844 -1448 400 ) (1844 -1056 400 ) (1856 -1056 400 ) (1856 -1448 400 ) 
4 307 321 (1856 -1056 400 ) (2048 -1056 400 ) (2048 -1448 400 ) (1856 -1448 400 ) 
4 307 318 (1844 -1476 528 ) (1844 -1476 540 ) (1844 -1472 540 ) (1844 -1472 528 ) 
4 307 319 (1844 -1472 400 ) (1844 -1476 400 ) (1844 -1476 520 ) (1844 -1472 520 ) 
4 307 314 (1844 -1440 400 ) (1844 -1472 400 ) (1844 -1472 520 ) (1844 -1440 520 ) 
4 307 313 (1844 -1472 528 ) (1844 -1472 540 ) (1844 -1440 540 ) (1844 -1440 528 ) 
4 307 308 (1844 -1056 540 ) (1844 -1056 400 ) (1844 -1411.680054 400 ) (1844 -1411.680054 540 ) 
4 307 320 (1844 -1476 400 ) (1844 -1504 400 ) (1844 -1504 540 ) (1844 -1476 540 ) 
4 308 323 (1776 -1056 400 ) (1844 -1056 400 ) (1844 -1411.680054 400 ) (1776 -1411.680054 400 ) 
4 308 309 (1776 -1056 540 ) (1776 -1056 400 ) (1776 -1411.680054 400 ) (1776 -1411.680054 540 ) 
4 309 330 (1600 -1056 400 ) (1776 -1056 400 ) (1776 -1411.680054 400 ) (1600 -1411.680054 400 ) 
4 310 311 (1348 -1056 540 ) (1348 -1056 408 ) (1348 -1411.680054 408 ) (1348 -1411.680054 540 ) 
4 311 315 (1348 -1421 520 ) (1348 -1421 540 ) (1344 -1421 540 ) (1344 -1421 520 ) 
4 311 312 (1344 -1056 540 ) (1344 -1056 408 ) (1344 -1421 408 ) (1344 -1421 540 ) 
4 312 396 (1024 -1056 520 ) (1024 -1056 400 ) (1024 -1421 400 ) (1024 -1421 520 ) 
4 312 384 (1024 -1421 540 ) (1024 -1056 540 ) (1024 -1056 520 ) (1024 -1421 520 ) 
4 312 339 (1344 -1108 400 ) (1344 -1421 400 ) (1336 -1421 400 ) (1336 -1108 400 ) 
4 312 340 (1024 -1421 400 ) (1024 -1056 400 ) (1336 -1056 400 ) (1336 -1421 400 ) 
4 312 315 (1344 -1421 520 ) (1344 -1421 540 ) (1024 -1421 540 ) (1024 -1421 520 ) 
4 313 318 (1844 -1472 528 ) (1844 -1472 540 ) (1776 -1472 540 ) (1776 -1472 528 ) 
4 313 317 (1776 -1472 528 ) (1776 -1472 540 ) (1776 -1448 540 ) (1776 -1448 528 ) 
4 314 325 (1844 -1448 400 ) (1844 -1472 400 ) (1840 -1472 400 ) (1840 -1448 400 ) 
4 314 324 (1844 -1440 400 ) (1844 -1448 400 ) (1840 -1448 400 ) (1840 -1440 400 ) 
4 314 319 (1840 -1472 400 ) (1844 -1472 400 ) (1844 -1472 520 ) (1840 -1472 520 ) 
4 315 384 (1024 -1440 540 ) (1024 -1421 540 ) (1024 -1421 520 ) (1024 -1440 520 ) 
4 315 316 (1348 -1440 528 ) (1348 -1440 540 ) (1024 -1440 540 ) (1024 -1440 528 ) 
4 316 385 (1024 -1448 540 ) (1024 -1440 540 ) (1024 -1440 528 ) (1024 -1448 528 ) 
4 316 317 (1348 -1448 540 ) (1024 -1448 540 ) (1024 -1448 528 ) (1348 -1448 528 ) 
4 317 385 (1024 -1472 540 ) (1024 -1448 540 ) (1024 -1448 528 ) (1024 -1472 528 ) 
4 317 318 (1776 -1472 528 ) (1776 -1472 540 ) (1024 -1472 540 ) (1024 -1472 528 ) 
4 318 385 (1024 -1476 540 ) (1024 -1472 540 ) (1024 -1472 528 ) (1024 -1476 528 ) 
4 318 320 (1844 -1476 528 ) (1844 -1476 540 ) (1024 -1476 540 ) (1024 -1476 528 ) 
4 319 397 (1024 -1472 520 ) (1024 -1472 400 ) (1024 -1476 400 ) (1024 -1476 520 ) 
4 319 343 (1024 -1476 400 ) (1024 -1472 400 ) (1772 -1472 400 ) (1772 -1476 400 ) 
4 319 342 (1772 -1472 400 ) (1776 -1472 400 ) (1776 -1476 400 ) (1772 -1476 400 ) 
4 319 326 (1776 -1472 400 ) (1840 -1472 400 ) (1840 -1476 400 ) (1776 -1476 400 ) 
4 319 325 (1840 -1472 400 ) (1844 -1472 400 ) (1844 -1476 400 ) (1840 -1476 400 ) 
4 319 320 (1024 -1476 400 ) (1844 -1476 400 ) (1844 -1476 520 ) (1024 -1476 520 ) 
4 320 397 (1024 -1504 400 ) (1024 -1504 520 ) (1024 -1476 520 ) (1024 -1476 400 ) 
4 320 386 (1024 -1504 520 ) (1024 -1504 540 ) (1024 -1476 540 ) (1024 -1476 520 ) 
4 320 346 (1772 -1504 540 ) (1024 -1504 540 ) (1024 -1504 400 ) (1772 -1504 400 ) 
4 320 345 (1844 -1504 540 ) (1772 -1504 540 ) (1772 -1504 400 ) (1844 -1504 400 ) 
4 320 343 (1772 -1504 400 ) (1024 -1504 400 ) (1024 -1476 400 ) (1772 -1476 400 ) 
4 320 342 (1776 -1504 400 ) (1772 -1504 400 ) (1772 -1476 400 ) (1776 -1476 400 ) 
4 320 326 (1840 -1504 400 ) (1776 -1504 400 ) (1776 -1476 400 ) (1840 -1476 400 ) 
4 320 325 (1844 -1504 400 ) (1840 -1504 400 ) (1840 -1476 400 ) (1844 -1476 400 ) 
4 321 327 (1856 -1056 256 ) (2048 -1056 256 ) (2048 -1440 256 ) (1856 -1440 256 ) 
4 321 325 (2048 -1448 264 ) (2048 -1448 400 ) (1856 -1448 400 ) (1856 -1448 264 ) 
4 321 322 (1856 -1448 264 ) (1856 -1448 400 ) (1856 -1056 400 ) (1856 -1056 264 ) 
4 322 325 (1856 -1448 264 ) (1856 -1448 400 ) (1844 -1448 400 ) (1844 -1448 264 ) 
4 322 324 (1844 -1448 264 ) (1844 -1448 400 ) (1844 -1440 400 ) (1844 -1440 264 ) 
4 322 323 (1844 -1411.680054 400 ) (1844 -1056 400 ) (1844 -1056 264 ) (1844 -1411.680054 264 ) 
4 323 330 (1776 -1411.680054 400 ) (1776 -1056 400 ) (1776 -1056 264 ) (1776 -1411.680054 264 ) 
4 324 325 (1844 -1448 264 ) (1844 -1448 400 ) (1840 -1448 400 ) (1840 -1448 264 ) 
4 325 345 (2048 -1504 264 ) (2048 -1504 400 ) (1840 -1504 400 ) (1840 -1504 264 ) 
4 325 326 (1840 -1472 264 ) (1840 -1504 264 ) (1840 -1504 400 ) (1840 -1472 400 ) 
4 326 345 (1840 -1504 400 ) (1776 -1504 400 ) (1776 -1504 264 ) (1840 -1504 264 ) 
4 326 342 (1776 -1504 264 ) (1776 -1504 400 ) (1776 -1472 400 ) (1776 -1472 264 ) 
4 327 328 (1844 -1056 128 ) (1844 -1411.680054 128 ) (1844 -1411.680054 256 ) (1844 -1056 256 ) 
4 327 329 (1844 -1056 128 ) (2048 -1056 128 ) (2048 -1440 128 ) (1844 -1440 128 ) 
4 328 334 (1776 -1411.680054 256 ) (1776 -1056 256 ) (1776 -1056 128 ) (1776 -1411.680054 128 ) 
4 328 329 (1776 -1411.680054 128 ) (1776 -1056 128 ) (1844 -1056 128 ) (1844 -1411.680054 128 ) 
4 329 349 (1880 -1504 0 ) (1928 -1504 0 ) (1928 -1504 108 ) (1880 -1504 108 ) 
4 329 335 (1776 -1412 128 ) (1776 -1056 128 ) (1776 -1056 0 ) (1776 -1412 0 ) 
4 331 332 (1536 -1411.680054 264 ) (1536 -1411.680054 400 ) (1536 -1064 400 ) (1536 -1064 264 ) 
4 332 339 (1344 -1411.680054 400 ) (1344 -1108 400 ) (1344 -1108 256 ) (1344 -1411.680054 256 ) 
4 332 336 (1348 -1064 256 ) (1536 -1064 256 ) (1536 -1411.680054 256 ) (1348 -1411.680054 256 ) 
4 332 338 (1344 -1411.680054 256 ) (1344 -1064 256 ) (1348 -1064 256 ) (1348 -1411.680054 256 ) 
4 332 333 (1344 -1411.680054 400 ) (1344 -1411.680054 256 ) (1348 -1411.680054 256 ) (1348 -1411.680054 400 ) 
4 333 339 (1344 -1421 400 ) (1344 -1411.680054 400 ) (1344 -1411.680054 256 ) (1344 -1421 256 ) 
4 333 338 (1344 -1421 256 ) (1344 -1411.680054 256 ) (1348 -1411.680054 256 ) (1348 -1421 256 ) 
4 334 335 (1600 -1411.680054 128 ) (1600 -1056 128 ) (1776 -1056 128 ) (1776 -1411.680054 128 ) 
4 336 378 (1592 -1064 0 ) (1592 -1411.680054 0 ) (1348 -1411.680054 0 ) (1348 -1064 0 ) 
4 336 337 (1348 -1411.680054 128 ) (1348 -1411.680054 0 ) (1592 -1411.680054 0 ) (1592 -1411.680054 128 ) 
4 336 338 (1348 -1064 256 ) (1348 -1064 0 ) (1348 -1411.680054 0 ) (1348 -1411.680054 256 ) 
4 337 378 (1592 -1411.680054 0 ) (1592 -1448 0 ) (1348 -1448 0 ) (1348 -1411.680054 0 ) 
4 337 344 (1348 -1448 0 ) (1592 -1448 0 ) (1592 -1448 128 ) (1348 -1448 128 ) 
4 337 338 (1348 -1411.680054 0 ) (1348 -1448 0 ) (1348 -1448 128 ) (1348 -1411.680054 128 ) 
4 338 378 (1348 -1448 0 ) (1344 -1448 0 ) (1344 -1064 0 ) (1348 -1064 0 ) 
4 338 344 (1344 -1448 0 ) (1348 -1448 0 ) (1348 -1448 256 ) (1344 -1448 256 ) 
4 338 341 (1344 -1448 0 ) (1344 -1448 256 ) (1344 -1421 256 ) (1344 -1421 0 ) 
4 338 339 (1344 -1421 256 ) (1344 -1108 256 ) (1344 -1108 0 ) (1344 -1421 0 ) 
4 339 379 (1344 -1108 0 ) (1344 -1421 0 ) (1336 -1421 0 ) (1336 -1108 0 ) 
4 339 341 (1336 -1421 0 ) (1344 -1421 0 ) (1344 -1421 256 ) (1336 -1421 256 ) 
4 339 340 (1336 -1421 0 ) (1336 -1421 400 ) (1336 -1108 400 ) (1336 -1108 0 ) 
4 340 415 (1024 -1056 0 ) (1024 -1421 0 ) (1024 -1421 256 ) (1024 -1056 256 ) 
4 340 411 (1024 -1421 256 ) (1024 -1421 384 ) (1024 -1056 384 ) (1024 -1056 256 ) 
4 340 396 (1024 -1421 384 ) (1024 -1421 400 ) (1024 -1056 400 ) (1024 -1056 384 ) 
4 340 379 (1024 -1421 0 ) (1024 -1056 0 ) (1336 -1056 0 ) (1336 -1421 0 ) 
4 340 341 (1024 -1421 0 ) (1336 -1421 0 ) (1336 -1421 256 ) (1024 -1421 256 ) 
4 341 415 (1024 -1421 0 ) (1024 -1448 0 ) (1024 -1448 256 ) (1024 -1421 256 ) 
4 341 379 (1024 -1448 0 ) (1024 -1421 0 ) (1344 -1421 0 ) (1344 -1448 0 ) 
4 341 344 (1024 -1448 0 ) (1344 -1448 0 ) (1344 -1448 256 ) (1024 -1448 256 ) 
4 342 345 (1776 -1504 264 ) (1776 -1504 400 ) (1772 -1504 400 ) (1772 -1504 264 ) 
4 342 343 (1772 -1504 264 ) (1772 -1504 400 ) (1772 -1472 400 ) (1772 -1472 264 ) 
4 343 414 (1024 -1504 264 ) (1024 -1504 384 ) (1024 -1472 384 ) (1024 -1472 264 ) 
4 343 397 (1024 -1504 384 ) (1024 -1504 400 ) (1024 -1472 400 ) (1024 -1472 384 ) 
4 343 346 (1772 -1504 400 ) (1024 -1504 400 ) (1024 -1504 264 ) (1772 -1504 264 ) 
4 344 415 (1024 -1448 0 ) (1024 -1504 0 ) (1024 -1504 256 ) (1024 -1448 256 ) 
4 344 378 (1600 -1504 0 ) (1344 -1504 0 ) (1344 -1448 0 ) (1600 -1448 0 ) 
4 344 379 (1344 -1504 0 ) (1024 -1504 0 ) (1024 -1448 0 ) (1344 -1448 0 ) 
4 345 352 (2048 -1544 264 ) (2048 -1544 540 ) (1772 -1544 540 ) (1772 -1544 264 ) 
4 345 346 (1772 -1504 540 ) (1772 -1504 264 ) (1772 -1540 264 ) (1772 -1540 540 ) 
4 345 347 (1772 -1540 264 ) (1772 -1544 264 ) (1772 -1544 540 ) (1772 -1540 540 ) 
4 346 424 (1024 -1536 264 ) (1024 -1540 264 ) (1024 -1540 384 ) (1024 -1536 384 ) 
4 346 414 (1024 -1504 384 ) (1024 -1504 264 ) (1024 -1536 264 ) (1024 -1536 384 ) 
4 346 397 (1024 -1504 520 ) (1024 -1504 384 ) (1024 -1540 384 ) (1024 -1540 520 ) 
4 346 386 (1024 -1540 540 ) (1024 -1504 540 ) (1024 -1504 520 ) (1024 -1540 520 ) 
4 346 347 (1772 -1540 264 ) (1772 -1540 540 ) (1024 -1540 540 ) (1024 -1540 264 ) 
4 347 429 (1024 -1544 256 ) (1024 -1544 384 ) (1024 -1540 384 ) (1024 -1540 256 ) 
4 347 397 (1024 -1544 384 ) (1024 -1544 520 ) (1024 -1540 520 ) (1024 -1540 384 ) 
4 347 386 (1024 -1544 520 ) (1024 -1544 540 ) (1024 -1540 540 ) (1024 -1540 520 ) 
4 347 353 (1024 -1544 264 ) (1024 -1544 256 ) (1772 -1544 256 ) (1772 -1544 264 ) 
4 347 352 (1024 -1544 540 ) (1024 -1544 264 ) (1772 -1544 264 ) (1772 -1544 540 ) 
4 347 348 (1772 -1544 256 ) (1024 -1544 256 ) (1024 -1540 256 ) (1772 -1540 256 ) 
4 348 429 (1024 -1544 128 ) (1024 -1544 256 ) (1024 -1540 256 ) (1024 -1540 128 ) 
4 348 428 (1024 -1536 255.038010 ) (1024 -1536 128 ) (1024 -1540 128 ) (1024 -1540 255.038010 ) 
4 348 425 (1024 -1540 256 ) (1024 -1536 256 ) (1024 -1536 255.038010 ) (1024 -1540 255.038010 ) 
4 348 370 (1024 -1544 136 ) (1024 -1544 128 ) (1776 -1544 128 ) (1776 -1544 136 ) 
4 348 359 (1024 -1544 160 ) (1024 -1544 136 ) (1776 -1544 136 ) (1776 -1544 160 ) 
4 348 355 (1024 -1544 256 ) (1024 -1544 160 ) (1776 -1544 160 ) (1776 -1544 256 ) 
4 348 351 (1776 -1544 128 ) (1024 -1544 128 ) (1024 -1536 128 ) (1776 -1536 128 ) 
4 349 350 (1880 -1512 0 ) (1928 -1512 0 ) (1928 -1512 108 ) (1880 -1512 108 ) 
4 350 363 (1792 -1544 0 ) (2012 -1544 0 ) (2012 -1544 128 ) (1792 -1544 128 ) 
4 350 360 (2012 -1544 0 ) (2048 -1544 0 ) (2048 -1544 128 ) (2012 -1544 128 ) 
4 351 429 (1024 -1540 0 ) (1024 -1544 0 ) (1024 -1544 128 ) (1024 -1540 128 ) 
4 351 428 (1024 -1536 0 ) (1024 -1540 0 ) (1024 -1540 128 ) (1024 -1536 128 ) 
4 351 370 (1024 -1544 128 ) (1024 -1544 0 ) (1776 -1544 0 ) (1776 -1544 128 ) 
4 352 429 (1024 -1688 264 ) (1024 -1688 384 ) (1024 -1544 384 ) (1024 -1544 264 ) 
4 352 397 (1024 -1688 384 ) (1024 -1688 520 ) (1024 -1544 520 ) (1024 -1544 384 ) 
4 352 386 (1024 -1688 520 ) (1024 -1688 648 ) (1024 -1544 648 ) (1024 -1544 520 ) 
4 352 373 (2048 -1688 264 ) (2048 -1688 543.633972 ) (1772 -1688 543.633972 ) (1772 -1688 264 ) 
4 352 374 (1772 -1688 543.633972 ) (1024 -1688 543.633972 ) (1024 -1688 264 ) (1772 -1688 264 ) 
4 352 372 (2048 -1688 543.633972 ) (2048 -1688 551.633972 ) (1024 -1688 551.633972 ) (1024 -1688 543.633972 ) 
4 352 371 (2048 -1688 551.633972 ) (2048 -1688 648 ) (1024 -1688 648 ) (1024 -1688 551.633972 ) 
4 352 353 (1772 -1688 264 ) (1024 -1688 264 ) (1024 -1544 264 ) (1772 -1544 264 ) 
4 353 429 (1024 -1688 256 ) (1024 -1688 264 ) (1024 -1544 264 ) (1024 -1544 256 ) 
4 353 374 (1772 -1688 264 ) (1024 -1688 264 ) (1024 -1688 256 ) (1772 -1688 256 ) 
4 353 355 (1772 -1688 256 ) (1024 -1688 256 ) (1024 -1544 256 ) (1772 -1544 256 ) 
4 354 357 (2048 -1688 160 ) (1840 -1688 160 ) (1840 -1592 160 ) (2048 -1592 160 ) 
4 354 355 (1792 -1544 160 ) (1792 -1688 160 ) (1792 -1688 248 ) (1792 -1544 248 ) 
4 355 429 (1024 -1688 160 ) (1024 -1688 256 ) (1024 -1544 256 ) (1024 -1544 160 ) 
4 355 375 (1776 -1688 256 ) (1024 -1688 256 ) (1024 -1688 160 ) (1776 -1688 160 ) 
4 355 359 (1792 -1688 160 ) (1024 -1688 160 ) (1024 -1544 160 ) (1792 -1544 160 ) 
4 356 363 (1840 -1592 136 ) (1840 -1544 136 ) (2012 -1544 136 ) (2012 -1592 136 ) 
4 356 360 (2012 -1544 136 ) (2048 -1544 136 ) (2048 -1592 136 ) (2012 -1592 136 ) 
4 356 358 (1840 -1544 136 ) (1840 -1592 136 ) (1840 -1592 156 ) (1840 -1544 156 ) 
4 356 357 (1840 -1592 156 ) (1840 -1592 136 ) (2048 -1592 136 ) (2048 -1592 156 ) 
4 357 363 (2012 -1688 136 ) (1840 -1688 136 ) (1840 -1592 136 ) (2012 -1592 136 ) 
4 357 361 (2048 -1688 136 ) (2012 -1688 136 ) (2012 -1632 136 ) (2048 -1632 136 ) 
4 357 360 (2012 -1632 136 ) (2012 -1592 136 ) (2048 -1592 136 ) (2048 -1632 136 ) 
4 357 358 (1840 -1592 136 ) (1840 -1688 136 ) (1840 -1688 156 ) (1840 -1592 156 ) 
4 358 363 (1840 -1688 136 ) (1792 -1688 136 ) (1792 -1544 136 ) (1840 -1544 136 ) 
4 358 359 (1792 -1544 136 ) (1792 -1688 136 ) (1792 -1688 156 ) (1792 -1544 156 ) 
4 359 429 (1024 -1688 136 ) (1024 -1688 160 ) (1024 -1544 160 ) (1024 -1544 136 ) 
4 359 375 (1776 -1688 160 ) (1024 -1688 160 ) (1024 -1688 136 ) (1776 -1688 136 ) 
4 359 370 (1778 -1688 136 ) (1024 -1688 136 ) (1024 -1544 136 ) (1778 -1544 136 ) 
4 359 367 (1785.461792 -1688 136 ) (1782 -1688 136 ) (1782 -1544 136 ) (1785.461792 -1544 136 ) 
4 359 366 (1788.930054 -1688 136 ) (1785.461792 -1688 136 ) (1785.461792 -1544 136 ) (1788.930054 -1544 136 ) 
4 359 363 (1792 -1688 136 ) (1788.930054 -1688 136 ) (1788.930054 -1544 136 ) (1792 -1544 136 ) 
4 359 368 (1782 -1688 136 ) (1780 -1688 136 ) (1780 -1544 136 ) (1782 -1544 136 ) 
4 360 363 (2012 -1632 136 ) (2012 -1544 136 ) (2012 -1544 0 ) (2012 -1632 0 ) 
4 360 361 (2012 -1632 136 ) (2012 -1632 44 ) (2048 -1632 44 ) (2048 -1632 136 ) 
4 360 362 (2012 -1632 40 ) (2012 -1632 0 ) (2048 -1632 0 ) (2048 -1632 40 ) 
4 361 363 (2012 -1688 44 ) (2012 -1688 136 ) (2012 -1632 136 ) (2012 -1632 44 ) 
4 362 363 (2012 -1688 0 ) (2012 -1688 40 ) (2012 -1632 40 ) (2012 -1632 0 ) 
4 363 366 (1788.930054 -1688 134.001068 ) (1788.930054 -1688 136 ) (1788.930054 -1544 136 ) (1788.930054 -1544 134.001068 ) 
4 363 364 (1788.930054 -1688 0 ) (1788.930054 -1688 130.001022 ) (1788.930054 -1544 130.001022 ) (1788.930054 -1544 0 ) 
4 364 365 (1782 -1544 126.006851 ) (1782 -1688 126.006851 ) (1785.460327 -1688 128 ) (1785.460327 -1544 128 ) 
4 364 368 (1782 -1688 0 ) (1782 -1688 126.006889 ) (1782 -1544 126.006889 ) (1782 -1544 0 ) 
4 365 368 (1782 -1688 126.006889 ) (1782 -1688 130 ) (1782 -1544 130 ) (1782 -1544 126.006889 ) 
4 367 368 (1782 -1688 133.998962 ) (1782 -1688 136 ) (1782 -1544 136 ) (1782 -1544 133.998962 ) 
4 368 369 (1780 -1688 0 ) (1780 -1688 96 ) (1780 -1544 96 ) (1780 -1544 0 ) 
4 369 370 (1778 -1688 0 ) (1778 -1688 96 ) (1778 -1544 96 ) (1778 -1544 0 ) 
4 370 429 (1024 -1544 0 ) (1024 -1688 0 ) (1024 -1688 136 ) (1024 -1544 136 ) 
4 370 375 (1024 -1688 0 ) (1776 -1688 0 ) (1776 -1688 136 ) (1024 -1688 136 ) 
4 371 556 (2048 -2048 551.633972 ) (2048 -2048 648 ) (1024 -2048 648 ) (1024 -2048 551.633972 ) 
4 371 387 (1024 -2048 551.633972 ) (1024 -2048 648 ) (1024 -1692 648 ) (1024 -1692 551.633972 ) 
4 371 386 (1024 -1692 648 ) (1024 -1688 648 ) (1024 -1688 551.633972 ) (1024 -1692 551.633972 ) 
4 371 372 (1024 -1688 551.633972 ) (2048 -1688 551.633972 ) (2048 -1692 551.633972 ) (1024 -1692 551.633972 ) 
4 372 386 (1024 -1692 551.633972 ) (1024 -1688 551.633972 ) (1024 -1688 543.633972 ) (1024 -1692 543.633972 ) 
4 372 373 (1772 -1688 543.633972 ) (2048 -1688 543.633972 ) (2048 -1692 543.633972 ) (1772 -1692 543.633972 ) 
4 372 374 (1024 -1692 543.633972 ) (1024 -1688 543.633972 ) (1772 -1688 543.633972 ) (1772 -1692 543.633972 ) 
4 373 374 (1772 -1696 264 ) (1772 -1696 543.633972 ) (1772 -1688 543.633972 ) (1772 -1688 264 ) 
4 374 429 (1024 -1696 256 ) (1024 -1696 384 ) (1024 -1688 384 ) (1024 -1688 256 ) 
4 374 397 (1024 -1696 384 ) (1024 -1696 520 ) (1024 -1688 520 ) (1024 -1688 384 ) 
4 374 388 (1024 -1696 520 ) (1024 -1696 543.633972 ) (1024 -1692 543.633972 ) (1024 -1692 520 ) 
4 374 386 (1024 -1692 543.633972 ) (1024 -1688 543.633972 ) (1024 -1688 520 ) (1024 -1692 520 ) 
4 374 376 (1452 -1696 543.633972 ) (1292 -1696 543.633972 ) (1292 -1696 256 ) (1452 -1696 256 ) 
4 374 375 (1772 -1696 256 ) (1024 -1696 256 ) (1024 -1688 256 ) (1772 -1688 256 ) 
4 375 429 (1024 -1688 0 ) (1024 -1696 0 ) (1024 -1696 256 ) (1024 -1688 256 ) 
4 375 376 (1292 -1696 0 ) (1452 -1696 0 ) (1452 -1696 256 ) (1292 -1696 256 ) 
4 376 382 (1452 -1728 0 ) (1292 -1728 0 ) (1292 -1696 0 ) (1452 -1696 0 ) 
4 376 377 (1292 -1728 0 ) (1452 -1728 0 ) (1452 -1728 543.633972 ) (1292 -1728 543.633972 ) 
4 377 557 (2048 -2048 0 ) (2048 -2048 543.633972 ) (1024 -2048 543.633972 ) (1024 -2048 0 ) 
4 377 444 (1024 -1792 0 ) (1024 -2048 0 ) (1024 -2048 384 ) (1024 -1792 384 ) 
4 377 432 (1024 -1728 0 ) (1024 -1792 0 ) (1024 -1792 384 ) (1024 -1728 384 ) 
4 377 409 (1024 -2048 384 ) (1024 -2048 468 ) (1024 -1792 468 ) (1024 -1792 384 ) 
4 377 408 (1024 -1792 468 ) (1024 -1728 468 ) (1024 -1728 384 ) (1024 -1792 384 ) 
4 377 403 (1024 -2048 468 ) (1024 -2048 520 ) (1024 -1728 520 ) (1024 -1728 468 ) 
4 377 391 (1024 -2048 520 ) (1024 -2048 543.633972 ) (1024 -1728 543.633972 ) (1024 -1728 520 ) 
4 377 382 (1776 -2048 0 ) (1024 -2048 0 ) (1024 -1728 0 ) (1776 -1728 0 ) 
4 377 380 (2048 -1728 0 ) (2048 -2048 0 ) (1776 -2048 0 ) (1776 -1728 0 ) 
4 378 383 (1600 -1056 -32 ) (1600 -1504 -32 ) (1344 -1504 -32 ) (1344 -1056 -32 ) 
4 378 381 (1344 -1504 -32 ) (1600 -1504 -32 ) (1600 -1504 0 ) (1344 -1504 0 ) 
4 378 379 (1344 -1056 -32 ) (1344 -1504 -32 ) (1344 -1504 0 ) (1344 -1056 0 ) 
4 379 418 (1024 -1024 0 ) (1024 -1024 -32 ) (1024 -1504 -32 ) (1024 -1504 0 ) 
4 379 383 (1024 -1504 -32 ) (1024 -1024 -32 ) (1344 -1024 -32 ) (1344 -1504 -32 ) 
4 379 381 (1024 -1504 -32 ) (1344 -1504 -32 ) (1344 -1504 0 ) (1024 -1504 0 ) 
4 380 557 (2048 -2048 -32 ) (2048 -2048 0 ) (1776 -2048 0 ) (1776 -2048 -32 ) 
4 380 383 (2048 -2048 -32 ) (1776 -2048 -32 ) (1776 -1704 -32 ) (2048 -1704 -32 ) 
4 380 382 (1776 -1704 -32 ) (1776 -2048 -32 ) (1776 -2048 0 ) (1776 -1704 0 ) 
4 381 418 (1024 -1504 -32 ) (1024 -1536 -32 ) (1024 -1536 0 ) (1024 -1504 0 ) 
4 381 383 (1024 -1536 -32 ) (1024 -1504 -32 ) (1776 -1504 -32 ) (1776 -1536 -32 ) 
4 382 557 (1776 -2048 0 ) (1024 -2048 0 ) (1024 -2048 -32 ) (1776 -2048 -32 ) 
4 382 444 (1024 -1792 -32 ) (1024 -2048 -32 ) (1024 -2048 0 ) (1024 -1792 0 ) 
4 382 431 (1024 -1696 -32 ) (1024 -1728 -32 ) (1024 -1728 0 ) (1024 -1696 0 ) 
4 382 432 (1024 -1728 -32 ) (1024 -1792 -32 ) (1024 -1792 0 ) (1024 -1728 0 ) 
4 382 383 (1776 -2048 -32 ) (1024 -2048 -32 ) (1024 -1696 -32 ) (1776 -1696 -32 ) 
4 383 572 (2048 -2048 -256 ) (2048 -2048 -176 ) (1024 -2048 -176 ) (1024 -2048 -256 ) 
4 383 570 (2048 -2048 -176 ) (2048 -2048 -59.923103 ) (1024 -2048 -59.923103 ) (1024 -2048 -176 ) 
4 383 557 (2048 -2048 -59.923103 ) (2048 -2048 -32 ) (1024 -2048 -32 ) (1024 -2048 -59.923103 ) 
4 383 444 (1024 -1792 -256 ) (1024 -2048 -256 ) (1024 -2048 -32 ) (1024 -1792 -32 ) 
4 383 443 (1024 -1024 -32 ) (1024 -1024 -256 ) (1024 -1792 -256 ) (1024 -1792 -32 ) 
4 384 396 (800 -1421 520 ) (800 -1024 520 ) (1024 -1024 520 ) (1024 -1421 520 ) 
4 384 393 (800 -1440 528 ) (800 -1440 648 ) (800 -1024 648 ) (800 -1024 528 ) 
4 384 385 (1024 -1440 648 ) (800 -1440 648 ) (800 -1440 528 ) (1024 -1440 528 ) 
4 385 393 (800 -1476 528 ) (800 -1476 648 ) (800 -1440 648 ) (800 -1440 528 ) 
4 385 386 (1024 -1476 648 ) (800 -1476 648 ) (800 -1476 528 ) (1024 -1476 528 ) 
4 386 397 (800 -1692 520 ) (800 -1476 520 ) (1024 -1476 520 ) (1024 -1692 520 ) 
4 386 394 (800 -1476 520 ) (800 -1692 520 ) (800 -1692 528 ) (800 -1476 528 ) 
4 386 393 (800 -1692 528 ) (800 -1692 648 ) (800 -1476 648 ) (800 -1476 528 ) 
4 386 389 (800 -1692 551.633972 ) (800 -1692 520 ) (864 -1692 520 ) (864 -1692 551.633972 ) 
4 386 388 (864 -1692 520 ) (1024 -1692 520 ) (1024 -1692 543.633972 ) (864 -1692 543.633972 ) 
4 386 387 (1024 -1692 648 ) (800 -1692 648 ) (800 -1692 551.633972 ) (1024 -1692 551.633972 ) 
4 387 579 (1024 -2048 551.633972 ) (1024 -2048 648 ) (800 -2048 648 ) (800 -2048 551.633972 ) 
4 387 393 (800 -2048 551.633972 ) (800 -2048 648 ) (800 -1692 648 ) (800 -1692 551.633972 ) 
4 387 392 (864 -2048 551.633972 ) (800 -2048 551.633972 ) (800 -1728 551.633972 ) (864 -1728 551.633972 ) 
4 387 390 (800 -1728 551.633972 ) (800 -1696 551.633972 ) (864 -1696 551.633972 ) (864 -1728 551.633972 ) 
4 387 389 (800 -1696 551.633972 ) (800 -1692 551.633972 ) (864 -1692 551.633972 ) (864 -1696 551.633972 ) 
4 388 397 (864 -1692 520 ) (1024 -1692 520 ) (1024 -1696 520 ) (864 -1696 520 ) 
4 388 389 (864 -1692 543.633972 ) (864 -1692 520 ) (864 -1696 520 ) (864 -1696 543.633972 ) 
4 389 397 (800 -1696 520 ) (800 -1692 520 ) (864 -1692 520 ) (864 -1696 520 ) 
4 389 394 (800 -1692 520 ) (800 -1696 520 ) (800 -1696 528 ) (800 -1692 528 ) 
4 389 393 (800 -1696 528 ) (800 -1696 551.633972 ) (800 -1692 551.633972 ) (800 -1692 528 ) 
5 389 390 (864 -1696 543.998657 ) (864 -1696 551.633972 ) (800 -1696 551.633972 ) (800 -1696 520 ) (810.669556 -1696 520 ) 
4 390 402 (800 -1728 520 ) (800 -1696 520 ) (810.669556 -1696 520 ) (810.669556 -1728 520 ) 
4 390 394 (800 -1696 520 ) (800 -1728 520 ) (800 -1728 528 ) (800 -1696 528 ) 
4 390 393 (800 -1728 528 ) (800 -1728 551.633972 ) (800 -1696 551.633972 ) (800 -1696 528 ) 
5 390 392 (864 -1728 551.633972 ) (800 -1728 551.633972 ) (800 -1728 520 ) (810.669556 -1728 520 ) (864 -1728 543.998657 ) 
4 391 580 (1024 -2048 520 ) (1024 -2048 543.633972 ) (864 -2048 543.633972 ) (864 -2048 520 ) 
4 391 403 (1024 -2048 520 ) (864 -2048 520 ) (864 -1728 520 ) (1024 -1728 520 ) 
4 391 392 (864 -1728 543.633972 ) (864 -1728 520 ) (864 -2048 520 ) (864 -2048 543.633972 ) 
4 392 582 (814.237976 -2048 551.633972 ) (800 -2048 551.633972 ) (800 -2048 520 ) (814.237976 -2048 520 ) 
4 392 581 (864 -2048 551.633972 ) (814.237976 -2048 551.633972 ) (814.237976 -2048 520 ) (864 -2048 520 ) 
4 392 405 (814.237976 -2048 520 ) (800 -2048 520 ) (800 -1788 520 ) (814.237976 -1788 520 ) 
4 392 404 (800 -1788 520 ) (800 -1728 520 ) (814.237976 -1728 520 ) (814.237976 -1788 520 ) 
4 392 403 (864 -2048 520 ) (814.237976 -2048 520 ) (814.237976 -1728 520 ) (864 -1728 520 ) 
4 392 394 (800 -1728 520 ) (800 -2048 520 ) (800 -2048 528 ) (800 -1728 528 ) 
4 392 393 (800 -2048 528 ) (800 -2048 551.633972 ) (800 -1728 551.633972 ) (800 -1728 528 ) 
4 393 805 (0 -2048 528 ) (0 -2048 648 ) (0 -1024 648 ) (0 -1024 528 ) 
4 393 589 (64 -2048 528 ) (96 -2048 528 ) (96 -2048 648 ) (64 -2048 648 ) 
4 393 590 (0 -2048 648 ) (0 -2048 528 ) (64 -2048 528 ) (64 -2048 648 ) 
4 393 582 (124 -2048 528 ) (800 -2048 528 ) (800 -2048 551.633972 ) (124 -2048 551.633972 ) 
4 393 585 (96 -2048 528 ) (124 -2048 528 ) (124 -2048 551.633972 ) (96 -2048 551.633972 ) 
4 393 579 (800 -2048 551.633972 ) (800 -2048 648 ) (96 -2048 648 ) (96 -2048 551.633972 ) 
4 393 394 (800 -1476 528 ) (800 -2048 528 ) (732 -2048 528 ) (732 -1476 528 ) 
4 393 395 (0 -2048 528 ) (0 -1024 528 ) (732 -1024 528 ) (732 -2048 528 ) 
4 394 582 (732 -2048 520 ) (800 -2048 520 ) (800 -2048 528 ) (732 -2048 528 ) 
4 394 405 (800 -2048 520 ) (732 -2048 520 ) (732 -1788 520 ) (800 -1788 520 ) 
4 394 404 (732 -1788 520 ) (732 -1728 520 ) (800 -1728 520 ) (800 -1788 520 ) 
4 394 402 (732 -1728 520 ) (732 -1696 520 ) (800 -1696 520 ) (800 -1728 520 ) 
4 394 398 (732 -1696 520 ) (732 -1476 520 ) (736 -1476 520 ) (736 -1696 520 ) 
4 394 397 (736 -1476 520 ) (800 -1476 520 ) (800 -1696 520 ) (736 -1696 520 ) 
4 394 395 (732 -1476 520 ) (732 -2048 520 ) (732 -2048 528 ) (732 -1476 528 ) 
4 395 805 (0 -2048 520 ) (0 -2048 528 ) (0 -1024 528 ) (0 -1024 520 ) 
4 395 589 (64 -2048 520 ) (96 -2048 520 ) (96 -2048 528 ) (64 -2048 528 ) 
4 395 590 (0 -2048 528 ) (0 -2048 520 ) (64 -2048 520 ) (64 -2048 528 ) 
4 395 582 (124 -2048 520 ) (732 -2048 520 ) (732 -2048 528 ) (124 -2048 528 ) 
4 395 585 (96 -2048 520 ) (124 -2048 520 ) (124 -2048 528 ) (96 -2048 528 ) 
4 395 405 (732 -2048 520 ) (124 -2048 520 ) (124 -1788 520 ) (732 -1788 520 ) 
4 395 404 (124 -1788 520 ) (124 -1728 520 ) (732 -1728 520 ) (732 -1788 520 ) 
4 395 406 (124 -2048 520 ) (0 -2048 520 ) (0 -1728 520 ) (124 -1728 520 ) 
4 395 402 (0 -1728 520 ) (0 -1696 520 ) (732 -1696 520 ) (732 -1728 520 ) 
4 395 399 (60 -1024 520 ) (452 -1024 520 ) (452 -1540 520 ) (60 -1540 520 ) 
4 395 400 (452 -1540 520 ) (452 -1696 520 ) (60 -1696 520 ) (60 -1540 520 ) 
4 395 398 (452 -1024 520 ) (732 -1024 520 ) (732 -1696 520 ) (452 -1696 520 ) 
4 395 401 (0 -1696 520 ) (0 -1024 520 ) (60 -1024 520 ) (60 -1696 520 ) 
4 396 411 (1024 -1024 384 ) (1024 -1421 384 ) (768 -1421 384 ) (768 -1024 384 ) 
4 397 429 (1024 -1540 384 ) (1024 -1696 384 ) (736 -1696 384 ) (736 -1540 384 ) 
4 397 424 (1024 -1536 384 ) (1024 -1540 384 ) (736 -1540 384 ) (736 -1536 384 ) 
4 397 414 (1024 -1472 384 ) (1024 -1536 384 ) (736 -1536 384 ) (736 -1472 384 ) 
3 397 402 (810.669556 -1696 520 ) (736 -1696 520 ) (736 -1696 486.398773 ) 
4 397 398 (736 -1472 384 ) (736 -1696 384 ) (736 -1696 520 ) (736 -1472 520 ) 
4 398 429 (736 -1696 384 ) (452 -1696 384 ) (452 -1540 384 ) (736 -1540 384 ) 
4 398 427 (452 -1540 384 ) (452 -1536 384 ) (516 -1536 384 ) (516 -1540 384 ) 
4 398 426 (516 -1536 384 ) (668 -1536 384 ) (668 -1540 384 ) (516 -1540 384 ) 
4 398 424 (668 -1536 384 ) (736 -1536 384 ) (736 -1540 384 ) (668 -1540 384 ) 
4 398 420 (452 -1536 384 ) (452 -1024 384 ) (516 -1024 384 ) (516 -1536 384 ) 
4 398 419 (516 -1024 384 ) (668 -1024 384 ) (668 -1536 384 ) (516 -1536 384 ) 
4 398 414 (736 -1472 384 ) (736 -1536 384 ) (668 -1536 384 ) (668 -1472 384 ) 
4 398 413 (668 -1024 384 ) (736 -1024 384 ) (736 -1472 384 ) (668 -1472 384 ) 
4 398 407 (452 -1696 384 ) (508.446686 -1696 384 ) (695.113708 -1696 468 ) (452 -1696 468 ) 
5 398 402 (736 -1696 486.398773 ) (736 -1696 520 ) (452 -1696 520 ) (452 -1696 468 ) (695.113708 -1696 468 ) 
4 398 399 (452 -1540 392 ) (452 -1540 520 ) (452 -1024 520 ) (452 -1024 392 ) 
4 398 400 (452 -1540 384 ) (452 -1696 384 ) (452 -1696 520 ) (452 -1540 520 ) 
4 399 400 (60 -1540 520 ) (60 -1540 392 ) (452 -1540 392 ) (452 -1540 520 ) 
4 399 401 (60 -1540 392 ) (60 -1540 520 ) (60 -1024 520 ) (60 -1024 392 ) 
4 400 475 (64 -1696 384 ) (60 -1696 384 ) (60 -1540 384 ) (64 -1540 384 ) 
4 400 460 (96 -1696 384 ) (64 -1696 384 ) (64 -1540 384 ) (96 -1540 384 ) 
4 400 438 (448 -1696 384 ) (96 -1696 384 ) (96 -1540 384 ) (448 -1540 384 ) 
4 400 429 (452 -1696 384 ) (448 -1696 384 ) (448 -1540 384 ) (452 -1540 384 ) 
4 400 407 (60 -1696 384 ) (452 -1696 384 ) (452 -1696 468 ) (60 -1696 468 ) 
4 400 402 (452 -1696 468 ) (452 -1696 520 ) (60 -1696 520 ) (60 -1696 468 ) 
4 400 401 (60 -1540 384 ) (60 -1696 384 ) (60 -1696 520 ) (60 -1540 520 ) 
4 401 805 (0 -1696 520 ) (0 -1024 520 ) (0 -1024 384 ) (0 -1696 384 ) 
4 401 476 (0 -1540 384 ) (0 -1504 384 ) (60 -1504 384 ) (60 -1540 384 ) 
4 401 477 (60 -1696 384 ) (0 -1696 384 ) (0 -1540 384 ) (60 -1540 384 ) 
4 401 468 (0 -1504 384 ) (0 -1440 384 ) (60 -1440 384 ) (60 -1504 384 ) 
3 401 467 (60 -1435.992065 384 ) (60 -1440 384 ) (57.839752 -1440 384 ) 
5 401 466 (0 -1440 384 ) (0 -1024 384 ) (60 -1024 384 ) (60 -1435.992065 384 ) (57.839752 -1440 384 ) 
4 401 407 (0 -1696 384 ) (60 -1696 384 ) (60 -1696 468 ) (0 -1696 468 ) 
4 401 402 (60 -1696 468 ) (60 -1696 520 ) (0 -1696 520 ) (0 -1696 468 ) 
4 402 805 (0 -1728 520 ) (0 -1696 520 ) (0 -1696 468 ) (0 -1728 468 ) 
4 402 407 (0 -1728 468 ) (0 -1696 468 ) (695.113708 -1696 468 ) (695.113647 -1728 468 ) 
4 402 404 (124 -1728 468 ) (695.113708 -1728 468 ) (810.669556 -1728 520 ) (124 -1728 520 ) 
4 402 406 (0 -1728 468 ) (124 -1728 468 ) (124 -1728 520 ) (0 -1728 520 ) 
4 403 581 (864 -2048 520 ) (814.237976 -2048 520 ) (814.237976 -2048 468 ) (864 -2048 468 ) 
4 403 580 (1024 -2048 468 ) (1024 -2048 520 ) (864 -2048 520 ) (864 -2048 468 ) 
4 403 409 (1024 -2048 468 ) (814.237976 -2048 468 ) (814.237976 -1792 468 ) (1024 -1792 468 ) 
4 403 408 (814.237976 -1792 468 ) (814.237976 -1728 468 ) (1024 -1728 468 ) (1024 -1792 468 ) 
4 403 405 (814.237976 -2048 476 ) (814.237976 -2048 520 ) (814.237976 -1788 520 ) (814.237976 -1788 476 ) 
4 403 404 (814.237976 -1728 520 ) (814.237976 -1728 468 ) (814.237976 -1788 468 ) (814.237976 -1788 520 ) 
4 404 408 (124 -1788 468 ) (124 -1728 468 ) (814.237976 -1728 468 ) (814.237976 -1788 468 ) 
4 404 405 (124 -1788 520 ) (124 -1788 476 ) (814.237976 -1788 476 ) (814.237976 -1788 520 ) 
4 404 406 (124 -1728 520 ) (124 -1728 468 ) (124 -1788 468 ) (124 -1788 520 ) 
4 405 582 (814.237976 -2048 520 ) (124 -2048 520 ) (124 -2048 476 ) (814.237976 -2048 476 ) 
4 405 406 (124 -2048 476 ) (124 -2048 520 ) (124 -1788 520 ) (124 -1788 476 ) 
4 406 805 (0 -2048 468 ) (0 -2048 520 ) (0 -1728 520 ) (0 -1728 468 ) 
4 406 589 (96 -2048 520 ) (64 -2048 520 ) (64 -2048 468 ) (96 -2048 468 ) 
4 406 590 (64 -2048 520 ) (0 -2048 520 ) (0 -2048 468 ) (64 -2048 468 ) 
4 406 585 (124 -2048 520 ) (96 -2048 520 ) (96 -2048 468 ) (124 -2048 468 ) 
4 406 410 (124 -2048 468 ) (0 -2048 468 ) (0 -1792 468 ) (124 -1792 468 ) 
4 406 408 (0 -1792 468 ) (0 -1728 468 ) (124 -1728 468 ) (124 -1792 468 ) 
4 407 805 (0 -1728 468 ) (0 -1696 468 ) (0 -1696 384 ) (0 -1728 384 ) 
4 407 477 (60 -1728 384 ) (0 -1728 384 ) (0 -1696 384 ) (60 -1696 384 ) 
4 407 475 (64 -1728 384 ) (60 -1728 384 ) (60 -1696 384 ) (64 -1696 384 ) 
4 407 461 (96 -1728 384 ) (64 -1728 384 ) (64 -1696 384 ) (96 -1696 384 ) 
4 407 439 (448 -1728 384 ) (96 -1728 384 ) (96 -1696 384 ) (448 -1696 384 ) 
4 407 430 (508.446655 -1728 384 ) (448 -1728 384 ) (448 -1696 384 ) (508.446655 -1696 384 ) 
4 407 408 (0 -1728 384 ) (508.446655 -1728 384 ) (695.113647 -1728 468 ) (0 -1728 468 ) 
4 408 805 (0 -1792 468 ) (0 -1728 468 ) (0 -1728 384 ) (0 -1792 384 ) 
4 408 477 (60 -1792 384 ) (0 -1792 384 ) (0 -1728 384 ) (60 -1728 384 ) 
4 408 475 (64 -1792 384 ) (60 -1792 384 ) (60 -1728 384 ) (64 -1728 384 ) 
4 408 461 (96 -1792 384 ) (64 -1792 384 ) (64 -1728 384 ) (96 -1728 384 ) 
4 408 440 (448 -1792 384 ) (96 -1792 384 ) (96 -1728 384 ) (448 -1728 384 ) 
4 408 432 (1024 -1728 384 ) (1024 -1792 384 ) (448 -1792 384 ) (448 -1728 384 ) 
4 408 409 (810.237976 -1792 384 ) (1024 -1792 384 ) (1024 -1792 468 ) (810.237976 -1792 468 ) 
4 408 410 (0 -1792 384 ) (128 -1792 384 ) (128 -1792 468 ) (0 -1792 468 ) 
4 409 583 (814.237976 -2048 468 ) (810.237976 -2048 468 ) (810.237976 -2048 384 ) (814.237976 -2048 384 ) 
4 409 581 (864 -2048 468 ) (814.237976 -2048 468 ) (814.237976 -2048 384 ) (864 -2048 384 ) 
4 409 580 (1024 -2048 384 ) (1024 -2048 468 ) (864 -2048 468 ) (864 -2048 384 ) 
4 409 444 (1024 -1792 384 ) (1024 -2048 384 ) (810.237976 -2048 384 ) (810.237976 -1792 384 ) 
4 410 805 (0 -2048 384 ) (0 -2048 468 ) (0 -1792 468 ) (0 -1792 384 ) 
4 410 589 (96 -2048 468 ) (64 -2048 468 ) (64 -2048 384 ) (96 -2048 384 ) 
4 410 590 (64 -2048 468 ) (0 -2048 468 ) (0 -2048 384 ) (64 -2048 384 ) 
4 410 583 (128 -2048 468 ) (124 -2048 468 ) (124 -2048 384 ) (128 -2048 384 ) 
4 410 585 (124 -2048 468 ) (96 -2048 468 ) (96 -2048 384 ) (124 -2048 384 ) 
4 410 477 (60 -2048 384 ) (0 -2048 384 ) (0 -1792 384 ) (60 -1792 384 ) 
4 410 475 (64 -2048 384 ) (60 -2048 384 ) (60 -1792 384 ) (64 -1792 384 ) 
4 410 465 (96 -2048 384 ) (64 -2048 384 ) (64 -1992 384 ) (96 -1992 384 ) 
4 410 462 (64 -1992 384 ) (64 -1848 384 ) (96 -1848 384 ) (96 -1992 384 ) 
4 410 461 (64 -1848 384 ) (64 -1792 384 ) (96 -1792 384 ) (96 -1848 384 ) 
4 410 446 (128 -2048 384 ) (96 -2048 384 ) (96 -1792 384 ) (128 -1792 384 ) 
4 411 415 (768 -1024 256 ) (1024 -1024 256 ) (1024 -1421 256 ) (768 -1421 256 ) 
4 411 412 (768 -1024 256 ) (768 -1421 256 ) (768 -1421 264 ) (768 -1024 264 ) 
4 412 415 (736 -1024 256 ) (768 -1024 256 ) (768 -1421 256 ) (736 -1421 256 ) 
4 413 419 (668 -1472 384 ) (668 -1024 384 ) (668 -1024 264 ) (668 -1472 264 ) 
4 413 414 (668 -1472 384 ) (668 -1472 264 ) (736 -1472 264 ) (736 -1472 384 ) 
4 414 424 (1024 -1536 264 ) (1024 -1536 384 ) (668 -1536 384 ) (668 -1536 264 ) 
4 414 419 (668 -1536 264 ) (668 -1536 384 ) (668 -1472 384 ) (668 -1472 264 ) 
4 415 418 (704 -1024 0 ) (1024 -1024 0 ) (1024 -1504 0 ) (704 -1504 0 ) 
4 416 422 (668 -1024 135.037994 ) (668 -1024 0 ) (668 -1504 0 ) (668 -1504 135.037994 ) 
4 416 421 (668 -1024 255.038010 ) (668 -1024 135.037994 ) (668 -1504 135.037994 ) (668 -1504 255.038010 ) 
4 416 419 (668 -1504 256 ) (668 -1024 256 ) (668 -1024 255.038010 ) (668 -1504 255.038010 ) 
4 416 417 (668 -1504 0 ) (672 -1504 0 ) (672 -1504 256 ) (668 -1504 256 ) 
4 417 428 (668 -1536 255.038010 ) (668 -1536 0 ) (672 -1536 0 ) (672 -1536 255.038010 ) 
4 417 425 (672 -1536 256 ) (668 -1536 256 ) (668 -1536 255.038010 ) (672 -1536 255.038010 ) 
4 417 422 (668 -1536 0 ) (668 -1536 135.037994 ) (668 -1504 135.037994 ) (668 -1504 0 ) 
4 417 421 (668 -1536 135.037994 ) (668 -1536 255.038010 ) (668 -1504 255.038010 ) (668 -1504 135.037994 ) 
4 417 419 (668 -1536 255.038010 ) (668 -1536 256 ) (668 -1504 256 ) (668 -1504 255.038010 ) 
4 418 443 (695 -1024 -32 ) (1024 -1024 -32 ) (1024 -1536 -32 ) (695 -1536 -32 ) 
4 419 426 (516 -1536 255.038010 ) (668 -1536 255.038010 ) (668 -1536 384 ) (516 -1536 384 ) 
4 419 421 (668 -1024 255.038010 ) (668 -1536 255.038010 ) (516 -1536 255.038010 ) (516 -1024 255.038010 ) 
4 419 420 (516 -1536 263.038025 ) (516 -1536 384 ) (516 -1024 384 ) (516 -1024 263.038025 ) 
4 420 427 (448 -1536 384 ) (448 -1536 263.038025 ) (516 -1536 263.038025 ) (516 -1536 384 ) 
4 421 428 (512 -1536 135.037994 ) (668 -1536 135.037994 ) (668 -1536 255.038010 ) (512 -1536 255.038010 ) 
4 421 422 (668 -1024 135.037994 ) (668 -1536 135.037994 ) (512 -1536 135.037994 ) (512 -1024 135.037994 ) 
4 422 428 (668 -1536 0 ) (668 -1536 135.037994 ) (511.562988 -1536 135.037994 ) (511.562988 -1536 0 ) 
4 423 443 (448 -1536 -32 ) (448 -1024 -32 ) (511 -1024 -32 ) (511 -1536 -32 ) 
4 423 441 (448 -1024 -32 ) (448 -1536 -32 ) (448 -1536 -0.961800 ) (448 -1024 -0.961800 ) 
4 424 429 (1024 -1540 264 ) (1024 -1540 384 ) (668 -1540 384 ) (668 -1540 264 ) 
4 424 426 (668 -1536 384 ) (668 -1536 264 ) (668 -1540 264 ) (668 -1540 384 ) 
4 425 429 (668 -1540 255.038010 ) (1024 -1540 255.038010 ) (1024 -1540 256 ) (668 -1540 256 ) 
4 425 428 (1024 -1540 255.038010 ) (668 -1540 255.038010 ) (668 -1536 255.038010 ) (1024 -1536 255.038010 ) 
4 425 426 (668 -1536 256 ) (668 -1536 255.038010 ) (668 -1540 255.038010 ) (668 -1540 256 ) 
4 426 429 (516 -1540 255.038010 ) (668 -1540 255.038010 ) (668 -1540 384 ) (516 -1540 384 ) 
4 426 428 (668 -1540 255.038010 ) (516 -1540 255.038010 ) (516 -1536 255.038010 ) (668 -1536 255.038010 ) 
4 426 427 (516 -1536 384 ) (516 -1536 263.038025 ) (516 -1540 263.038025 ) (516 -1540 384 ) 
4 427 438 (448 -1540 263.038025 ) (448 -1540 384 ) (448 -1536 384 ) (448 -1536 263.038025 ) 
4 427 429 (448 -1540 384 ) (448 -1540 263.038025 ) (516 -1540 263.038025 ) (516 -1540 384 ) 
4 428 438 (448 -1540 0 ) (448 -1540 255.038010 ) (448 -1536 255.038010 ) (448 -1536 0 ) 
4 428 429 (448 -1540 255.038010 ) (448 -1540 0 ) (1024 -1540 0 ) (1024 -1540 255.038010 ) 
4 429 438 (448 -1696 0 ) (448 -1696 384 ) (448 -1540 384 ) (448 -1540 0 ) 
3 429 430 (448 -1696 384 ) (448 -1696 356.799072 ) (508.446655 -1696 384 ) 
4 430 439 (448 -1728 356.799072 ) (448 -1728 384 ) (448 -1696 384 ) (448 -1696 356.799072 ) 
3 430 432 (448 -1728 384 ) (448 -1728 356.799072 ) (508.446655 -1728 384 ) 
4 431 443 (448 -1728 -32 ) (448 -1696 -32 ) (1024 -1696 -32 ) (1024 -1728 -32 ) 
4 431 442 (448 -1696 -32 ) (448 -1728 -32 ) (448 -1728 0 ) (448 -1696 0 ) 
4 431 432 (448 -1728 0 ) (448 -1728 -32 ) (1024 -1728 -32 ) (1024 -1728 0 ) 
4 432 445 (448 -1792 -32 ) (810.237976 -1792 -32 ) (810.237976 -1792 24 ) (448 -1792 24 ) 
4 432 444 (810.237976 -1792 -32 ) (1024 -1792 -32 ) (1024 -1792 384 ) (810.237976 -1792 384 ) 
4 432 443 (1024 -1792 -32 ) (448 -1792 -32 ) (448 -1728 -32 ) (1024 -1728 -32 ) 
4 432 442 (448 -1728 -32 ) (448 -1792 -32 ) (448 -1792 0 ) (448 -1728 0 ) 
4 432 440 (448 -1792 0 ) (448 -1792 384 ) (448 -1728 384 ) (448 -1728 0 ) 
4 433 441 (448 -1024 0 ) (448 -1504 0 ) (416 -1504 0 ) (416 -1024 0 ) 
4 433 437 (416 -1024 0 ) (416 -1440 0 ) (416 -1440 136 ) (416 -1024 136 ) 
4 434 435 (159 -1032 224 ) (207 -1032 224 ) (207 -1032 332 ) (159 -1032 332 ) 
4 435 436 (104 -1224 224 ) (104 -1272 224 ) (104 -1272 332 ) (104 -1224 332 ) 
4 436 447 (96 -1224 224 ) (96 -1272 224 ) (96 -1272 332 ) (96 -1224 332 ) 
4 437 459 (96 -1408.331543 0 ) (96 -1440 0 ) (96 -1440 176 ) (96 -1408.331665 176 ) 
4 437 452 (96 -1040 0 ) (96 -1408.331543 0 ) (96 -1408.331665 176 ) (96 -1040 176 ) 
4 437 441 (96 -1440 0 ) (96 -1024 0 ) (416 -1024 0 ) (416 -1440 0 ) 
4 438 460 (96 -1696 384 ) (96 -1536 384 ) (96 -1536 0 ) (96 -1696 0 ) 
4 438 439 (96 -1696 384 ) (96 -1696 198.399399 ) (448 -1696 356.799072 ) (448 -1696 384 ) 
4 439 461 (96 -1728 384 ) (96 -1696 384 ) (96 -1696 198.399399 ) (96 -1728 198.399399 ) 
4 439 440 (96 -1728 384 ) (96 -1728 198.399399 ) (448 -1728 356.799072 ) (448 -1728 384 ) 
4 440 461 (96 -1792 384 ) (96 -1728 384 ) (96 -1728 198.399017 ) (96 -1792 198.398987 ) 
4 440 445 (128 -1792 0 ) (448 -1792 0 ) (448 -1792 24 ) (128 -1792 24 ) 
4 440 446 (96 -1792 384 ) (96 -1792 0 ) (128 -1792 0 ) (128 -1792 384 ) 
4 440 442 (448 -1728 0 ) (448 -1792 0 ) (96 -1792 0 ) (96 -1728 0 ) 
4 441 480 (96 -1024 0 ) (96 -1024 -32 ) (96 -1536 -32 ) (96 -1536 0 ) 
4 441 443 (96 -1536 -32 ) (96 -1024 -32 ) (448 -1024 -32 ) (448 -1536 -32 ) 
4 442 445 (128 -1792 -32 ) (448 -1792 -32 ) (448 -1792 0 ) (128 -1792 0 ) 
4 442 446 (96 -1792 0 ) (96 -1792 -32 ) (128 -1792 -32 ) (128 -1792 0 ) 
4 442 443 (448 -1792 -32 ) (96 -1792 -32 ) (96 -1696 -32 ) (448 -1696 -32 ) 
4 443 484 (96 -1024 -32 ) (96 -1024 -256 ) (96 -1792 -256 ) (96 -1792 -32 ) 
4 443 445 (128 -1792 -256 ) (810.237976 -1792 -256 ) (810.237976 -1792 -32 ) (128 -1792 -32 ) 
4 443 444 (810.237976 -1792 -256 ) (1024 -1792 -256 ) (1024 -1792 -32 ) (810.237976 -1792 -32 ) 
4 443 446 (96 -1792 -32 ) (96 -1792 -256 ) (128 -1792 -256 ) (128 -1792 -32 ) 
4 444 637 (1024 -2048 -256 ) (1024 -2048 -144 ) (810.237976 -2048 -144 ) (810.237976 -2048 -256 ) 
4 444 624 (1024 -2048 -144 ) (1024 -2048 -59.923103 ) (810.237976 -2048 -59.923103 ) (810.237976 -2048 -144 ) 
4 444 583 (814.237976 -2048 384 ) (810.237976 -2048 384 ) (810.237976 -2048 -59.923103 ) (814.237976 -2048 -59.923103 ) 
4 444 581 (864 -2048 384 ) (814.237976 -2048 384 ) (814.237976 -2048 -59.923103 ) (864 -2048 -59.923103 ) 
4 444 580 (1024 -2048 -59.923103 ) (1024 -2048 384 ) (864 -2048 384 ) (864 -2048 -59.923103 ) 
4 444 445 (810.237976 -1792 24 ) (810.237976 -1792 -256 ) (810.237976 -2048 -256 ) (810.237976 -2048 24 ) 
4 445 637 (512 -2048 -256 ) (810.237976 -2048 -256 ) (810.237976 -2048 -144 ) (512 -2048 -144 ) 
4 445 639 (128 -2048 -144 ) (128 -2048 -256 ) (512 -2048 -256 ) (512 -2048 -144 ) 
4 445 624 (512 -2048 -144 ) (810.237976 -2048 -144 ) (810.237976 -2048 -59.923103 ) (512 -2048 -59.923103 ) 
4 445 625 (128 -2048 -59.923103 ) (128 -2048 -144 ) (512 -2048 -144 ) (512 -2048 -59.923103 ) 
4 445 583 (128 -2048 24 ) (128 -2048 -59.923103 ) (810.237976 -2048 -59.923103 ) (810.237976 -2048 24 ) 
4 445 446 (128 -1792 24 ) (128 -1792 -256 ) (128 -2048 -256 ) (128 -2048 24 ) 
4 446 639 (96 -2048 -144 ) (96 -2048 -256 ) (128 -2048 -256 ) (128 -2048 -144 ) 
4 446 625 (96 -2048 -59.923103 ) (96 -2048 -144 ) (128 -2048 -144 ) (128 -2048 -59.923103 ) 
4 446 583 (128 -2048 384 ) (124 -2048 384 ) (124 -2048 -59.923103 ) (128 -2048 -59.923103 ) 
4 446 585 (124 -2048 384 ) (96 -2048 384 ) (96 -2048 -59.923103 ) (124 -2048 -59.923103 ) 
4 446 484 (96 -1792 -32 ) (96 -1792 -256 ) (96 -2048 -256 ) (96 -2048 -32 ) 
4 446 465 (96 -2048 384 ) (96 -1992 384 ) (96 -1992 198.399017 ) (96 -2048 198.398987 ) 
4 446 463 (96 -1848 136 ) (96 -1848 0 ) (96 -1992 0 ) (96 -1992 136 ) 
4 446 462 (96 -1992 384 ) (96 -1848 384 ) (96 -1848 198.404007 ) (96 -1992 198.403992 ) 
4 446 461 (96 -1848 384 ) (96 -1792 384 ) (96 -1792 198.399017 ) (96 -1848 198.398987 ) 
4 447 466 (64 -1403.208252 184 ) (64 -1403.208252 384 ) (64 -1076.943359 384 ) (64 -1076.943359 184 ) 
4 447 455 (76.586319 -1405.223633 184 ) (93.928375 -1408 184 ) (93.928368 -1408 384 ) (76.584274 -1405.223267 384 ) 
4 447 454 (64 -1403.208496 384 ) (64 -1403.208496 184 ) (76.586319 -1405.223633 184 ) (76.584274 -1405.223267 384 ) 
4 447 453 (95.053909 -1408.180298 184 ) (96 -1408.331787 184 ) (96 -1408.331787 384 ) (95.053909 -1408.180298 384 ) 
4 447 451 (94.876030 -1072 184 ) (87.280151 -1073.216309 184 ) (87.279816 -1073.216309 384 ) (94.876038 -1072 384 ) 
4 447 448 (87.280151 -1073.216309 184 ) (64 -1076.943481 184 ) (64 -1076.943481 384 ) (87.279816 -1073.216309 384 ) 
4 448 466 (64 -1076.943359 384 ) (64 -1055.120361 384 ) (64 -1055.120117 184 ) (64 -1076.943359 184 ) 
4 448 451 (87.282570 -1073.216797 384 ) (87.282898 -1073.216797 184 ) (83.299332 -1070.120239 184 ) (83.298996 -1070.120239 384 ) 
4 448 449 (73.646980 -1062.617188 184 ) (64 -1055.118286 184 ) (64 -1055.118652 384 ) (73.655289 -1062.623901 384 ) 
4 449 466 (64 -1055.120361 384 ) (64 -1050.902588 384 ) (64 -1050.905884 184 ) (64 -1055.120117 184 ) 
4 449 450 (65.941414 -1053.267090 184 ) (64 -1050.910278 184 ) (64 -1050.906982 384 ) (65.939323 -1053.261230 384 ) 
4 450 466 (64 -1050.902588 384 ) (64 -1041.948730 384 ) (64 -1041.942261 184 ) (64 -1050.905884 184 ) 
4 452 480 (96 -1040 0 ) (96 -1408.331543 0 ) (64 -1403.208252 0 ) (64 -1040 0 ) 
4 452 471 (64 -1040 0 ) (64 -1403.208252 0 ) (64 -1403.208252 176 ) (64 -1040 176 ) 
4 452 459 (64 -1403.208496 176 ) (64 -1403.208496 0 ) (96 -1408.331787 0 ) (96 -1408.331787 176 ) 
4 453 458 (95.053909 -1423.359985 184 ) (95.053909 -1440 184 ) (95.053909 -1440 384 ) (95.053909 -1423.359985 384 ) 
4 454 466 (64 -1428.570923 384 ) (64 -1403.208252 384 ) (64 -1403.208252 184 ) (64 -1428.575073 184 ) 
4 454 457 (64.973976 -1426.762695 184 ) (68.110069 -1420.944336 184 ) (68.108994 -1420.942139 384 ) (64.967499 -1426.770508 384 ) 
4 454 456 (68.110069 -1420.944336 184 ) (73.279655 -1411.353149 184 ) (73.277199 -1411.353516 384 ) (68.108994 -1420.942139 384 ) 
4 454 455 (73.279655 -1411.353149 184 ) (76.583817 -1405.222900 184 ) (76.581787 -1405.222534 384 ) (73.277199 -1411.353516 384 ) 
4 455 456 (73.276581 -1411.353760 384 ) (73.279015 -1411.353394 184 ) (82.372734 -1409.876709 184 ) (82.367996 -1409.877441 384 ) 
4 456 457 (68.113503 -1420.939575 384 ) (68.114571 -1420.941650 184 ) (72.701866 -1417.381958 184 ) (72.708755 -1417.373657 384 ) 
4 459 480 (96 -1408.331543 0 ) (96 -1440 0 ) (64 -1440 0 ) (64 -1403.208252 0 ) 
4 459 471 (64 -1403.208252 0 ) (64 -1440 0 ) (64 -1440 176 ) (64 -1403.208252 176 ) 
4 460 473 (64 -1540 184 ) (64 -1540 384 ) (64 -1536 384 ) (64 -1536 184 ) 
4 460 474 (64 -1536 0 ) (64 -1540 0 ) (64 -1540 176 ) (64 -1536 176 ) 
4 460 475 (64 -1540 0 ) (64 -1696 0 ) (64 -1696 384 ) (64 -1540 384 ) 
4 460 461 (64 -1696 384 ) (64 -1696 184 ) (96 -1696 198.398987 ) (96 -1696 384 ) 
4 461 475 (64 -1848 184 ) (64 -1848 384 ) (64 -1696 384 ) (64 -1696 184 ) 
4 461 462 (64 -1848 384 ) (64 -1848 184 ) (96 -1848 198.398987 ) (96 -1848 384 ) 
4 462 475 (64 -1992 184.001999 ) (64 -1992 384 ) (64 -1848 384 ) (64 -1848 184.001999 ) 
4 462 465 (64 -1992 384 ) (64 -1992 184.001999 ) (96 -1992 198.403992 ) (96 -1992 384 ) 
4 464 475 (64 -1848 0 ) (64 -1992 0 ) (64 -1992 136 ) (64 -1848 136 ) 
4 465 589 (96 -2048 198.398987 ) (96 -2048 384 ) (64 -2048 384 ) (64 -2048 184 ) 
4 465 475 (64 -2048 184 ) (64 -2048 384 ) (64 -1992 384 ) (64 -1992 184 ) 
4 466 809 (0 -1440 384 ) (0 -1028 384 ) (0 -1028 184 ) (0 -1440 184 ) 
4 466 808 (0 -1028 384 ) (0 -1024 384 ) (0 -1024 184 ) (0 -1028 184 ) 
4 466 469 (0 -1028 184 ) (0 -1024 184 ) (60 -1024 184 ) (60 -1028 184 ) 
4 466 468 (0 -1440 184 ) (57.842018 -1440 184 ) (57.839802 -1440 384 ) (0 -1440 384 ) 
4 466 467 (57.838547 -1440 384 ) (57.840748 -1440 184 ) (60 -1435.993896 184 ) (60 -1435.989868 384 ) 
4 467 468 (57.842018 -1440 184 ) (60 -1440 184 ) (60 -1440 384 ) (57.839802 -1440 384 ) 
4 468 809 (0 -1504 384 ) (0 -1440 384 ) (0 -1440 184 ) (0 -1504 184 ) 
4 468 476 (60 -1504 384 ) (0 -1504 384 ) (0 -1504 184 ) (60 -1504 184 ) 
4 469 808 (0 -1024 184 ) (0 -1024 176 ) (0 -1028 176 ) (0 -1028 184 ) 
4 469 470 (0 -1028 176 ) (0 -1024 176 ) (60 -1024 176 ) (60 -1028 176 ) 
4 470 818 (0 -1024 176 ) (0 -1024 0 ) (0 -1032 0 ) (0 -1032 176 ) 
4 470 481 (0 -1032 0 ) (0 -1024 0 ) (64 -1024 0 ) (64 -1032 0 ) 
4 471 483 (60 -1040 0 ) (64 -1040 0 ) (64 -1440 0 ) (60 -1440 0 ) 
4 471 472 (60 -1040 176 ) (60 -1040 0 ) (60 -1440 0 ) (60 -1440 176 ) 
4 472 822 (0 -1040 0 ) (0 -1504 0 ) (0 -1504 176 ) (0 -1040 176 ) 
4 472 483 (0 -1504 0 ) (0 -1040 0 ) (60 -1040 0 ) (60 -1504 0 ) 
4 472 478 (0 -1504 0 ) (60 -1504 0 ) (60 -1504 176 ) (0 -1504 176 ) 
4 473 476 (60 -1540 184 ) (60 -1540 384 ) (60 -1536 384 ) (60 -1536 184 ) 
4 473 475 (60 -1540 384 ) (60 -1540 184 ) (64 -1540 184 ) (64 -1540 384 ) 
4 474 479 (60 -1536 0 ) (60 -1540 0 ) (60 -1540 176 ) (60 -1536 176 ) 
4 474 475 (60 -1540 176 ) (60 -1540 0 ) (64 -1540 0 ) (64 -1540 176 ) 
4 475 590 (64 -2048 384 ) (60 -2048 384 ) (60 -2048 0 ) (64 -2048 0 ) 
4 475 479 (60 -1540 0 ) (60 -2048 0 ) (60 -2048 176 ) (60 -1540 176 ) 
4 475 477 (60 -2048 176 ) (60 -2048 384 ) (60 -1540 384 ) (60 -1540 176 ) 
4 476 809 (0 -1540 384 ) (0 -1504 384 ) (0 -1504 184 ) (0 -1540 184 ) 
4 476 477 (60 -1540 184 ) (60 -1540 384 ) (0 -1540 384 ) (0 -1540 184 ) 
4 477 812 (0 -2048 176 ) (0 -2048 384 ) (0 -1540 384 ) (0 -1540 176 ) 
4 477 590 (60 -2048 384 ) (0 -2048 384 ) (0 -2048 176 ) (60 -2048 176 ) 
4 477 479 (60 -1540 176 ) (60 -2048 176 ) (0 -2048 176 ) (0 -1540 176 ) 
4 478 822 (0 -1524 176 ) (0 -1504 176 ) (0 -1504 0 ) (0 -1524 0 ) 
4 478 483 (0 -1524 0 ) (0 -1504 0 ) (60 -1504 0 ) (60 -1524 0 ) 
4 479 828 (0 -2048 0 ) (0 -2048 136 ) (0 -1696 136 ) (0 -1696 0 ) 
4 479 827 (0 -1696 136 ) (0 -1536 136 ) (0 -1536 0 ) (0 -1696 0 ) 
4 479 826 (0 -2048 136 ) (0 -2048 176 ) (0 -1536 176 ) (0 -1536 136 ) 
4 479 590 (0 -2048 176 ) (0 -2048 0 ) (60 -2048 0 ) (60 -2048 176 ) 
4 480 484 (64 -1024 -32 ) (96 -1024 -32 ) (96 -1536 -32 ) (64 -1536 -32 ) 
4 480 482 (64 -1032 -32 ) (64 -1040 -32 ) (64 -1040 -10 ) (64 -1032 -10 ) 
4 480 481 (64 -1024 -32 ) (64 -1032 -32 ) (64 -1032 0 ) (64 -1024 0 ) 
4 480 483 (64 -1040 -32 ) (64 -1536 -32 ) (64 -1536 0 ) (64 -1040 0 ) 
4 481 818 (0 -1032 0 ) (0 -1024 0 ) (0 -1024 -32 ) (0 -1032 -32 ) 
4 481 484 (0 -1032 -32 ) (0 -1024 -32 ) (64 -1024 -32 ) (64 -1032 -32 ) 
4 481 482 (0 -1032 -32 ) (64 -1032 -32 ) (64 -1032 -10 ) (0 -1032 -10 ) 
4 482 819 (0 -1032 -10 ) (0 -1032 -32 ) (0 -1040 -32 ) (0 -1040 -10 ) 
4 482 484 (0 -1040 -32 ) (0 -1032 -32 ) (64 -1032 -32 ) (64 -1040 -32 ) 
4 482 483 (0 -1040 -32 ) (64 -1040 -32 ) (64 -1040 -10 ) (0 -1040 -10 ) 
4 483 823 (0 -1536 0 ) (0 -1524 0 ) (0 -1524 -32 ) (0 -1536 -32 ) 
4 483 822 (0 -1524 0 ) (0 -1040 0 ) (0 -1040 -32 ) (0 -1524 -32 ) 
4 483 484 (0 -1536 -32 ) (0 -1040 -32 ) (64 -1040 -32 ) (64 -1536 -32 ) 
4 484 833 (0 -2048 -256 ) (0 -2048 -32 ) (0 -1536 -32 ) (0 -1536 -256 ) 
4 484 823 (0 -1536 -32 ) (0 -1524 -32 ) (0 -1524 -256 ) (0 -1536 -256 ) 
4 484 822 (0 -1524 -32 ) (0 -1040 -32 ) (0 -1040 -256 ) (0 -1524 -256 ) 
4 484 819 (0 -1040 -32 ) (0 -1032 -32 ) (0 -1032 -256 ) (0 -1040 -256 ) 
4 484 818 (0 -1032 -32 ) (0 -1024 -32 ) (0 -1024 -256 ) (0 -1032 -256 ) 
4 484 639 (96 -2048 -256 ) (96 -2048 -144 ) (0 -2048 -144 ) (0 -2048 -256 ) 
4 484 625 (96 -2048 -144 ) (96 -2048 -59.923103 ) (0 -2048 -59.923103 ) (0 -2048 -144 ) 
4 484 591 (96 -2048 -59.923103 ) (96 -2048 -32 ) (0 -2048 -32 ) (0 -2048 -59.923103 ) 
4 485 496 (3072 -2048 648 ) (3072 -2048 548 ) (3072 -2564 548 ) (3072 -2564 648 ) 
4 485 497 (3072 -2564 548 ) (3072 -3072 548 ) (3072 -3072 648 ) (3072 -2564 648 ) 
4 485 492 (3087 -3072 648 ) (3072 -3072 648 ) (3072 -3072 548 ) (3087 -3072 548 ) 
4 485 491 (3088 -3072 648 ) (3087 -3072 648 ) (3087 -3072 548 ) (3088 -3072 548 ) 
4 485 487 (3088 -3072 548 ) (3072 -3072 548 ) (3072 -2564 548 ) (3088 -2564 548 ) 
4 486 518 (3072 -2112 0 ) (3072 -2564 0 ) (3072 -2564 540 ) (3072 -2112 540 ) 
4 486 516 (3072 -2080 0 ) (3072 -2112 0 ) (3072 -2112 540 ) (3072 -2080 540 ) 
4 486 490 (3072 -2564 0 ) (3072 -2144 0 ) (3088 -2144 0 ) (3088 -2564 0 ) 
4 486 489 (3072 -2144 0 ) (3072 -2079 0 ) (3088 -2079 0 ) (3088 -2144 0 ) 
4 486 487 (3072 -2564 0 ) (3088 -2564 0 ) (3088 -2564 540 ) (3072 -2564 540 ) 
4 487 518 (3072 -2564 0 ) (3072 -3072 0 ) (3072 -3072 540 ) (3072 -2564 540 ) 
4 487 497 (3072 -3072 540 ) (3072 -3072 548 ) (3072 -2564 548 ) (3072 -2564 540 ) 
4 487 492 (3087 -3072 548 ) (3072 -3072 548 ) (3072 -3072 0 ) (3087 -3072 0 ) 
4 487 491 (3088 -3072 548 ) (3087 -3072 548 ) (3087 -3072 0 ) (3088 -3072 0 ) 
4 487 490 (3072 -3072 0 ) (3072 -2564 0 ) (3088 -2564 0 ) (3088 -3072 0 ) 
4 488 555 (3072 -2048 -176 ) (3072 -2048 -256 ) (3072 -2079 -256 ) (3072 -2079 -176 ) 
4 488 546 (3072 -2048 -59.923103 ) (3072 -2048 -176 ) (3072 -2079 -176 ) (3072 -2079 -59.923103 ) 
4 488 517 (3072 -2064 -59.923103 ) (3072 -2079 -59.923103 ) (3072 -2079 -32 ) (3072 -2064 -32 ) 
4 488 502 (3072 -2048 -32 ) (3072 -2048 -59.923103 ) (3072 -2064 -59.923103 ) (3072 -2064 -32 ) 
4 488 489 (3072 -2079 -256 ) (3088 -2079 -256 ) (3088 -2079 -32 ) (3072 -2079 -32 ) 
4 489 555 (3072 -2079 -256 ) (3072 -2144 -256 ) (3072 -2144 -176 ) (3072 -2079 -176 ) 
4 489 549 (3072 -2144 -176 ) (3072 -2144 -144 ) (3072 -2112 -144 ) (3072 -2112 -176 ) 
4 489 547 (3072 -2144 -144 ) (3072 -2144 -59.923103 ) (3072 -2112 -59.923103 ) (3072 -2112 -144 ) 
4 489 546 (3072 -2112 -59.923103 ) (3072 -2079 -59.923103 ) (3072 -2079 -176 ) (3072 -2112 -176 ) 
4 489 518 (3072 -2144 -59.923103 ) (3072 -2144 0 ) (3072 -2112 0 ) (3072 -2112 -59.923103 ) 
4 489 516 (3072 -2112 0 ) (3072 -2080 0 ) (3072 -2080 -32 ) (3072 -2112 -32 ) 
4 489 517 (3072 -2079 -32 ) (3072 -2079 -59.923103 ) (3072 -2112 -59.923103 ) (3072 -2112 -32 ) 
4 489 490 (3088 -2144 -144 ) (3088 -2144 0 ) (3072 -2144 0 ) (3072 -2144 -144 ) 
4 490 547 (3072 -3072 -144 ) (3072 -3072 -59.923103 ) (3072 -2144 -59.923103 ) (3072 -2144 -144 ) 
4 490 518 (3072 -3072 -59.923103 ) (3072 -3072 0 ) (3072 -2144 0 ) (3072 -2144 -59.923103 ) 
4 490 492 (3087 -3072 0 ) (3072 -3072 0 ) (3072 -3072 -144 ) (3087 -3072 -144 ) 
4 490 491 (3088 -3072 0 ) (3087 -3072 0 ) (3087 -3072 -144 ) (3088 -3072 -144 ) 
4 491 494 (3087 -3307 -144 ) (3088 -3307 -144 ) (3088 -3307 648 ) (3087 -3307 648 ) 
4 491 493 (3087 -3307 -6 ) (3087 -3307 648 ) (3087 -3074 648 ) (3087 -3074 -6 ) 
4 491 492 (3087 -3072 -144 ) (3087 -3074 -144 ) (3087 -3074 648 ) (3087 -3072 648 ) 
4 492 659 (3072 -3072 -59.923103 ) (3072 -3072 -144 ) (3072 -3074 -144 ) (3072 -3074 -59.923103 ) 
4 492 643 (3072 -3072 -6 ) (3072 -3072 -59.923103 ) (3072 -3074 -59.923103 ) (3072 -3074 -6 ) 
4 492 642 (3072 -3072 -4.025944 ) (3072 -3072 -6 ) (3072 -3074 -6 ) (3072 -3074 -3.628040 ) 
4 492 641 (3072 -3072 41.803528 ) (3072 -3072 -4.025944 ) (3072 -3074 -3.628040 ) (3072 -3074 41.405602 ) 
4 492 640 (3072 -3074 648 ) (3072 -3072 648 ) (3072 -3072 41.803528 ) (3072 -3074 41.405602 ) 
4 492 493 (3087 -3074 -6 ) (3087 -3074 648 ) (3072 -3074 648 ) (3072 -3074 -6 ) 
5 493 644 (3072 -3104 -6 ) (3072 -3307 -6 ) (3072 -3307 -4.946799 ) (3072 -3187.178955 18.890095 ) (3072 -3104 2.340767 ) 
4 493 642 (3072 -3074 -3.628048 ) (3072 -3074 -6 ) (3072 -3104 -6 ) (3072 -3104 2.340767 ) 
3 493 641 (3072 -3074 41.405579 ) (3072 -3074 -3.628048 ) (3072 -3187.178955 18.890095 ) 
4 493 640 (3072 -3307 648 ) (3072 -3074 648 ) (3072 -3074 41.405579 ) (3072 -3307 -4.946799 ) 
4 493 494 (3087 -3307 -6 ) (3087 -3307 648 ) (3072 -3307 648 ) (3072 -3307 -6 ) 
4 494 660 (3072 -3307 -59.923103 ) (3072 -3307 -144 ) (3072 -3312 -144 ) (3072 -3312 -59.923103 ) 
4 494 645 (3072 -3307 -6 ) (3072 -3307 -59.923103 ) (3072 -3312 -59.923103 ) (3072 -3312 -6 ) 
4 494 644 (3072 -3307 -4.946777 ) (3072 -3307 -6 ) (3072 -3312 -6 ) (3072 -3312 -5.941513 ) 
4 494 640 (3072 -3312 648 ) (3072 -3307 648 ) (3072 -3307 -4.946777 ) (3072 -3312 -5.941513 ) 
4 494 495 (3072 -3312 -144 ) (3072 -3308 -144 ) (3088 -3308 -144 ) (3088 -3312 -144 ) 
4 495 671 (3072 -3312 -144 ) (3072 -3308 -144 ) (3072 -3308 -256 ) (3072 -3312 -256 ) 
4 496 497 (2524 -2564 648 ) (2524 -2564 548 ) (3072 -2564 548 ) (3072 -2564 648 ) 
4 496 498 (2524 -2564 548 ) (2524 -2564 648 ) (2524 -2048 648 ) (2524 -2048 548 ) 
4 497 640 (3072 -3072 540 ) (3072 -3072 648 ) (2524 -3072 648 ) (2524 -3072 540 ) 
4 497 524 (2528 -3072 540 ) (2524 -3072 540 ) (2524 -2564 540 ) (2528 -2564 540 ) 
4 497 521 (2560 -3072 540 ) (2528 -3072 540 ) (2528 -2564 540 ) (2560 -2564 540 ) 
4 497 520 (2804 -3072 540 ) (2560 -3072 540 ) (2560 -2564 540 ) (2804 -2564 540 ) 
4 497 518 (3072 -3072 540 ) (2804 -3072 540 ) (2804 -2564 540 ) (3072 -2564 540 ) 
4 497 498 (2524 -2564 540 ) (2524 -3072 540 ) (2524 -3072 648 ) (2524 -2564 648 ) 
4 498 640 (2524 -3072 648 ) (2328 -3072 648 ) (2328 -3072 540 ) (2524 -3072 540 ) 
4 498 522 (2328 -2560 540 ) (2328 -2064 540 ) (2524 -2064 540 ) (2524 -2560 540 ) 
4 498 524 (2524 -3072 540 ) (2328 -3072 540 ) (2328 -2560 540 ) (2524 -2560 540 ) 
4 498 513 (2328 -2064 540 ) (2328 -2048 540 ) (2524 -2048 540 ) (2524 -2064 540 ) 
4 498 499 (2328 -2148 551.633972 ) (2328 -2148 648 ) (2328 -2048 648 ) (2328 -2048 551.633972 ) 
4 498 500 (2328 -2048 540 ) (2328 -2148 540 ) (2328 -2148 543.633972 ) (2328 -2048 543.633972 ) 
4 498 501 (2328 -2148 540 ) (2328 -3072 540 ) (2328 -3072 648 ) (2328 -2148 648 ) 
4 499 538 (2320 -2081 551.633972 ) (2320 -2148 551.633972 ) (2320 -2148 648 ) (2320 -2081 648 ) 
4 499 525 (2320 -2048 648 ) (2320 -2048 551.633972 ) (2320 -2081 551.633972 ) (2320 -2081 648 ) 
4 499 501 (2328 -2148 551.633972 ) (2328 -2148 648 ) (2320 -2148 648 ) (2320 -2148 551.633972 ) 
4 500 542 (2320 -2144 540 ) (2320 -2148 540 ) (2320 -2148 543.633972 ) (2320 -2144 543.633972 ) 
4 500 522 (2320 -2148 540 ) (2320 -2064 540 ) (2328 -2064 540 ) (2328 -2148 540 ) 
4 500 513 (2320 -2064 540 ) (2320 -2048 540 ) (2328 -2048 540 ) (2328 -2064 540 ) 
4 500 501 (2320 -2148 540 ) (2328 -2148 540 ) (2328 -2148 543.633972 ) (2320 -2148 543.633972 ) 
4 501 640 (2328 -3072 648 ) (2320 -3072 648 ) (2320 -3072 540 ) (2328 -3072 540 ) 
4 501 543 (2320 -2516 540 ) (2320 -3072 540 ) (2320 -3072 543.633972 ) (2320 -2516 543.633972 ) 
4 501 542 (2320 -2148 540 ) (2320 -2516 540 ) (2320 -2516 543.633972 ) (2320 -2148 543.633972 ) 
4 501 539 (2320 -3072 543.633972 ) (2320 -3072 551.633972 ) (2320 -2148 551.633972 ) (2320 -2148 543.633972 ) 
4 501 538 (2320 -3072 551.633972 ) (2320 -3072 648 ) (2320 -2148 648 ) (2320 -2148 551.633972 ) 
4 501 522 (2320 -2560 540 ) (2320 -2148 540 ) (2328 -2148 540 ) (2328 -2560 540 ) 
4 501 524 (2328 -3072 540 ) (2320 -3072 540 ) (2320 -2560 540 ) (2328 -2560 540 ) 
4 502 546 (3056 -2048 -59.923103 ) (3072 -2048 -59.923103 ) (3072 -2064 -59.923103 ) (3056 -2064 -59.923103 ) 
4 502 517 (3056 -2064 -32 ) (3056 -2064 -59.923103 ) (3072 -2064 -59.923103 ) (3072 -2064 -32 ) 
4 502 509 (3056 -2048 -59.923103 ) (3056 -2064 -59.923103 ) (3056 -2064 -32 ) (3056 -2048 -32 ) 
4 504 508 (3054 -2048 68.281303 ) (3056 -2048 68.281303 ) (3056 -2064 68.281303 ) (3054 -2064 68.281303 ) 
4 504 505 (3054 -2062 70.281303 ) (3054 -2062 192 ) (3054 -2048 192 ) (3054 -2048 70.281303 ) 
4 504 506 (3054 -2062 68.281303 ) (3054 -2064 68.281303 ) (3054 -2064 192 ) (3054 -2062 192 ) 
4 505 506 (3008 -2062 192 ) (3008 -2062 70.281303 ) (3054 -2062 70.281303 ) (3054 -2062 192 ) 
4 505 507 (3008 -2062 70.281303 ) (3008 -2062 192 ) (3008 -2048 192 ) (3008 -2048 70.281303 ) 
4 506 508 (3054 -2062 68.281303 ) (3054 -2064 68.281303 ) (3008 -2064 68.281303 ) (3008 -2062 68.281303 ) 
4 506 507 (3008 -2062 68.281303 ) (3008 -2064 68.281303 ) (3008 -2064 192 ) (3008 -2062 192 ) 
4 507 508 (2816 -2064 68.281303 ) (2816 -2048 68.281303 ) (3008 -2048 68.281303 ) (3008 -2064 68.281303 ) 
4 509 546 (2816 -2048 -59.923103 ) (3056 -2048 -59.923103 ) (3056 -2064 -59.923103 ) (2816 -2064 -59.923103 ) 
4 509 517 (2816 -2064 -32 ) (2816 -2064 -59.923103 ) (3056 -2064 -59.923103 ) (3056 -2064 -32 ) 
4 509 511 (2816 -2048 -59.923103 ) (2816 -2064 -59.923103 ) (2816 -2064 -32 ) (2816 -2048 -32 ) 
4 510 514 (2800 -2064 540 ) (2560 -2064 540 ) (2560 -2064 0 ) (2800 -2064 0 ) 
4 511 546 (2560 -2048 -59.923103 ) (2816 -2048 -59.923103 ) (2816 -2064 -59.923103 ) (2560 -2064 -59.923103 ) 
4 511 517 (2560 -2064 -32 ) (2560 -2064 -59.923103 ) (2816 -2064 -59.923103 ) (2816 -2064 -32 ) 
4 511 512 (2560 -2048 -59.923103 ) (2560 -2064 -59.923103 ) (2560 -2064 -32 ) (2560 -2048 -32 ) 
4 512 546 (2528 -2048 -59.923103 ) (2560 -2048 -59.923103 ) (2560 -2064 -59.923103 ) (2528 -2064 -59.923103 ) 
4 512 517 (2528 -2064 -32 ) (2528 -2064 -59.923103 ) (2560 -2064 -59.923103 ) (2560 -2064 -32 ) 
4 513 526 (2320 -2048 128 ) (2320 -2048 0 ) (2320 -2064 0 ) (2320 -2064 128 ) 
4 513 523 (2320 -2064 20 ) (2320 -2064 0 ) (2528 -2064 0 ) (2528 -2064 20 ) 
4 513 522 (2528 -2064 540 ) (2320 -2064 540 ) (2320 -2064 20 ) (2528 -2064 20 ) 
4 514 515 (2800 -2080 0 ) (2560 -2080 0 ) (2560 -2079 0 ) (2800 -2079 0 ) 
4 514 516 (2560 -2080 540 ) (2560 -2080 0 ) (2800 -2080 0 ) (2800 -2080 540 ) 
4 515 516 (2560 -2080 0 ) (2560 -2080 -32 ) (2800 -2080 -32 ) (2800 -2080 0 ) 
4 515 517 (2560 -2080 -32 ) (2560 -2079 -32 ) (2800 -2079 -32 ) (2800 -2080 -32 ) 
4 516 519 (2560 -2112 -32 ) (2804 -2112 -32 ) (2804 -2112 540 ) (2560 -2112 540 ) 
4 516 518 (2804 -2112 -32 ) (3072 -2112 -32 ) (3072 -2112 540 ) (2804 -2112 540 ) 
4 516 517 (3072 -2112 -32 ) (2560 -2112 -32 ) (2560 -2080 -32 ) (3072 -2080 -32 ) 
4 517 546 (2528 -2112 -59.923103 ) (2528 -2064 -59.923103 ) (3072 -2064 -59.923103 ) (3072 -2112 -59.923103 ) 
4 517 519 (2560 -2112 -59.923103 ) (2804 -2112 -59.923103 ) (2804 -2112 -32 ) (2560 -2112 -32 ) 
4 517 518 (2804 -2112 -59.923103 ) (3072 -2112 -59.923103 ) (3072 -2112 -32 ) (2804 -2112 -32 ) 
4 518 643 (3072 -3072 -59.923103 ) (3072 -3072 -6 ) (2804 -3072 -6 ) (2804 -3072 -59.923103 ) 
4 518 642 (3072 -3072 -6 ) (3072 -3072 -4.025955 ) (2804 -3072 -4.173389 ) (2804 -3072 -6 ) 
4 518 641 (3072 -3072 -4.025955 ) (3072 -3072 41.803497 ) (2804 -3072 41.810211 ) (2804 -3072 -4.173389 ) 
4 518 640 (3072 -3072 41.803497 ) (3072 -3072 540 ) (2804 -3072 540 ) (2804 -3072 41.810211 ) 
4 518 547 (3072 -3072 -59.923103 ) (2804 -3072 -59.923103 ) (2804 -2112 -59.923103 ) (3072 -2112 -59.923103 ) 
4 518 520 (2804 -3072 -6 ) (2804 -3072 540 ) (2804 -2516 540 ) (2804 -2516 -6 ) 
4 518 519 (2804 -2112 540 ) (2804 -2112 -59.923103 ) (2804 -2516 -59.923103 ) (2804 -2516 540 ) 
4 519 548 (2560 -2112 -59.923103 ) (2804 -2112 -59.923103 ) (2804 -2516 -59.923103 ) (2560 -2516 -59.923103 ) 
4 519 520 (2804 -2516 -6 ) (2804 -2516 540 ) (2560 -2516 540 ) (2560 -2516 -6 ) 
4 520 642 (2560 -3072 -4.307552 ) (2560 -3072 -6 ) (2804 -3072 -6 ) (2804 -3072 -4.173380 ) 
4 520 641 (2560 -3072 41.816345 ) (2560 -3072 -4.307552 ) (2804 -3072 -4.173380 ) (2804 -3072 41.810238 ) 
4 520 640 (2804 -3072 540 ) (2560 -3072 540 ) (2560 -3072 41.816345 ) (2804 -3072 41.810238 ) 
4 520 521 (2560 -2560 -6 ) (2560 -3072 -6 ) (2560 -3072 540 ) (2560 -2560 540 ) 
4 521 642 (2528 -3072 -4.325161 ) (2528 -3072 -6 ) (2560 -3072 -6 ) (2560 -3072 -4.307551 ) 
4 521 641 (2528 -3072 41.817139 ) (2528 -3072 -4.325161 ) (2560 -3072 -4.307551 ) (2560 -3072 41.816341 ) 
4 521 640 (2560 -3072 540 ) (2528 -3072 540 ) (2528 -3072 41.817139 ) (2560 -3072 41.816341 ) 
4 521 524 (2528 -3072 -6 ) (2528 -3072 540 ) (2528 -2560 540 ) (2528 -2560 -6 ) 
4 522 543 (2320 -2560 540 ) (2320 -2516 540 ) (2320 -2516 20 ) (2320 -2560 20 ) 
4 522 542 (2320 -2516 540 ) (2320 -2144 540 ) (2320 -2144 20 ) (2320 -2516 20 ) 
4 522 526 (2320 -2064 128 ) (2320 -2064 20 ) (2320 -2081 20 ) (2320 -2081 128 ) 
4 522 523 (2320 -2516 20 ) (2320 -2064 20 ) (2528 -2064 20 ) (2528 -2516 20 ) 
4 522 524 (2528 -2560 20 ) (2528 -2560 540 ) (2320 -2560 540 ) (2320 -2560 20 ) 
4 523 542 (2320 -2144 0 ) (2320 -2516 0 ) (2320 -2516 20 ) (2320 -2144 20 ) 
4 523 526 (2320 -2064 20 ) (2320 -2064 0 ) (2320 -2081 0 ) (2320 -2081 20 ) 
4 524 642 (2320 -3072 -4.439606 ) (2320 -3072 -6 ) (2528 -3072 -6 ) (2528 -3072 -4.325163 ) 
4 524 641 (2320 -3072 41.822357 ) (2320 -3072 -4.439606 ) (2528 -3072 -4.325163 ) (2528 -3072 41.817146 ) 
4 524 640 (2528 -3072 540 ) (2320 -3072 540 ) (2320 -3072 41.822357 ) (2528 -3072 41.817146 ) 
4 524 545 (2320 -3072 -6 ) (2320 -3072 20 ) (2320 -2560 20 ) (2320 -2560 -6 ) 
4 524 543 (2320 -3072 20 ) (2320 -3072 540 ) (2320 -2560 540 ) (2320 -2560 20 ) 
4 525 556 (2048 -2048 648 ) (2048 -2048 551.633972 ) (2048 -2081 551.633972 ) (2048 -2081 648 ) 
4 525 538 (2320 -2081 551.633972 ) (2320 -2081 648 ) (2048 -2081 648 ) (2048 -2081 551.633972 ) 
4 526 527 (2288 -2048 -1 ) (2288 -2081 -1 ) (2288 -2081 128 ) (2288 -2048 128 ) 
4 528 532 (2240 -2081 141.001938 ) (2240 -2081 543.633972 ) (2240 -2048 543.633972 ) (2240 -2048 141.001953 ) 
4 528 530 (2268.614258 -2048 142.790222 ) (2272.008057 -2048 143.002335 ) (2272.008057 -2081 143.002335 ) (2268.614502 -2081 142.790237 ) 
4 528 529 (2240 -2081 141.001831 ) (2240 -2048 141.001831 ) (2268.614258 -2048 142.790222 ) (2268.614502 -2081 142.790237 ) 
4 529 533 (2240 -2081 132.572815 ) (2240 -2081 134.007172 ) (2240 -2048 134.007095 ) (2240 -2048 132.572891 ) 
4 529 532 (2240 -2081 134.007172 ) (2240 -2081 141.001938 ) (2240 -2048 141.001953 ) (2240 -2048 134.007095 ) 
4 529 531 (2240 -2081 132.573776 ) (2240 -2048 132.573853 ) (2244.006836 -2048 134.004547 ) (2244.006348 -2081 134.004333 ) 
4 529 530 (2257.983643 -2048 138.995316 ) (2268.613770 -2048 142.791046 ) (2268.614014 -2081 142.791061 ) (2257.984863 -2081 138.995712 ) 
4 531 533 (2240 -2081 131.332855 ) (2240 -2081 132.572815 ) (2240 -2048 132.572891 ) (2240 -2048 131.332794 ) 
4 532 557 (2048 -2048 543.633972 ) (2048 -2048 -1 ) (2048 -2081 -1 ) (2048 -2081 543.633972 ) 
4 532 540 (2210 -2081 543.633972 ) (2112 -2081 543.633972 ) (2112 -2081 5.955904 ) (2210 -2081 103.995064 ) 
5 532 541 (2112 -2081 543.633972 ) (2048 -2081 543.633972 ) (2048 -2081 -1 ) (2105.046875 -2081 -1 ) (2112 -2081 5.955904 ) 
4 532 537 (2105.046875 -2081 -1 ) (2048 -2081 -1 ) (2048 -2048 -1 ) (2105.046875 -2048 -1 ) 
4 532 536 (2214.997803 -2048 108.993706 ) (2221.991943 -2048 115.990707 ) (2221.992920 -2081 115.991493 ) (2214.997803 -2081 108.993706 ) 
4 532 535 (2209.803955 -2048 103.797806 ) (2214.997803 -2048 108.993706 ) (2214.997803 -2081 108.993706 ) (2209.803955 -2081 103.797806 ) 
4 532 534 (2105.048340 -2081 -1 ) (2105.048340 -2048 -1 ) (2209.803955 -2048 103.797806 ) (2209.803955 -2081 103.797806 ) 
4 532 533 (2231.986328 -2048 125.988998 ) (2240 -2048 134.005920 ) (2240 -2081 134.005920 ) (2231.986328 -2081 125.988998 ) 
5 534 540 (2112 -2081 -1 ) (2210 -2081 -1 ) (2210 -2081 93.996628 ) (2209.803955 -2081 103.799034 ) (2112 -2081 5.955910 ) 
3 534 541 (2105.046875 -2081 -1 ) (2112 -2081 -1 ) (2112 -2081 5.955910 ) 
4 534 537 (2112 -2081 -1 ) (2105.046875 -2081 -1 ) (2105.046875 -2048 -1 ) (2112 -2048 -1 ) 
4 534 535 (2210 -2048 93.996010 ) (2209.804199 -2048 103.799919 ) (2209.804199 -2081 103.799919 ) (2210 -2081 93.996010 ) 
3 535 540 (2210 -2081 103.995155 ) (2209.803955 -2081 103.799034 ) (2210 -2081 93.995796 ) 
4 535 536 (2213.998291 -2048 105.994644 ) (2214.998047 -2048 108.995224 ) (2214.998047 -2081 108.995224 ) (2213.998047 -2081 105.994308 ) 
4 537 557 (2048 -2048 -1 ) (2048 -2048 -59.923103 ) (2048 -2081 -59.923103 ) (2048 -2081 -1 ) 
4 537 553 (2048 -2081 -59.923103 ) (2048 -2048 -59.923103 ) (2112 -2048 -59.923103 ) (2112 -2081 -59.923103 ) 
4 537 541 (2048 -2081 -59.923103 ) (2112 -2081 -59.923103 ) (2112 -2081 -1 ) (2048 -2081 -1 ) 
4 538 640 (2048 -3072 648 ) (2048 -3072 551.633972 ) (2320 -3072 551.633972 ) (2320 -3072 648 ) 
4 538 568 (2048 -3072 551.633972 ) (2048 -3072 648 ) (2048 -2516 648 ) (2048 -2516 551.633972 ) 
4 538 559 (2048 -2516 648 ) (2048 -2144 648 ) (2048 -2144 551.633972 ) (2048 -2516 551.633972 ) 
4 538 556 (2048 -2144 648 ) (2048 -2081 648 ) (2048 -2081 551.633972 ) (2048 -2144 551.633972 ) 
4 538 539 (2320 -2148 551.633972 ) (2320 -3072 551.633972 ) (2048 -3072 551.633972 ) (2048 -2148 551.633972 ) 
4 539 640 (2048 -3072 551.633972 ) (2048 -3072 543.633972 ) (2320 -3072 543.633972 ) (2320 -3072 551.633972 ) 
4 539 568 (2048 -3072 543.633972 ) (2048 -3072 551.633972 ) (2048 -2516 551.633972 ) (2048 -2516 543.633972 ) 
4 539 562 (2048 -2184 551.633972 ) (2048 -2148 551.633972 ) (2048 -2148 543.633972 ) (2048 -2184 543.633972 ) 
4 539 567 (2048 -2516 551.633972 ) (2048 -2184 551.633972 ) (2048 -2184 543.633972 ) (2048 -2516 543.633972 ) 
4 539 543 (2048 -3072 543.633972 ) (2048 -2516 543.633972 ) (2320 -2516 543.633972 ) (2320 -3072 543.633972 ) 
4 539 542 (2048 -2516 543.633972 ) (2048 -2148 543.633972 ) (2320 -2148 543.633972 ) (2320 -2516 543.633972 ) 
4 540 541 (2112 -2112 -1 ) (2112 -2112 543.633972 ) (2112 -2081 543.633972 ) (2112 -2081 -1 ) 
4 541 557 (2048 -2081 -59.923103 ) (2048 -2112 -59.923103 ) (2048 -2112 543.633972 ) (2048 -2081 543.633972 ) 
4 541 553 (2048 -2112 -59.923103 ) (2048 -2081 -59.923103 ) (2112 -2081 -59.923103 ) (2112 -2112 -59.923103 ) 
4 542 562 (2048 -2148 -59.923103 ) (2048 -2184 -59.923103 ) (2048 -2184 543.633972 ) (2048 -2148 543.633972 ) 
4 542 561 (2048 -2144 -59.923103 ) (2048 -2148 -59.923103 ) (2048 -2148 543.633972 ) (2048 -2144 543.633972 ) 
4 542 567 (2048 -2184 -59.923103 ) (2048 -2516 -59.923103 ) (2048 -2516 543.633972 ) (2048 -2184 543.633972 ) 
4 542 554 (2048 -2516 -59.923103 ) (2048 -2144 -59.923103 ) (2160.205078 -2144 -59.923103 ) (2160.205078 -2516 -59.923103 ) 
4 542 544 (2306.280029 -2516 20 ) (2048 -2516 20 ) (2048 -2516 -6 ) (2246.246338 -2516 -6 ) 
4 542 543 (2320 -2516 20 ) (2320 -2516 543.633972 ) (2048 -2516 543.633972 ) (2048 -2516 20 ) 
4 543 641 (2048 -3072 41.829132 ) (2048 -3072 20 ) (2320 -3072 20 ) (2320 -3072 41.822369 ) 
4 543 640 (2048 -3072 543.633972 ) (2048 -3072 41.829132 ) (2320 -3072 41.822369 ) (2320 -3072 543.633972 ) 
4 543 568 (2048 -3072 20 ) (2048 -3072 543.633972 ) (2048 -2516 543.633972 ) (2048 -2516 20 ) 
4 543 545 (2320 -2560 20 ) (2320 -3072 20 ) (2048 -3072 20 ) (2048 -2560 20 ) 
4 543 544 (2048 -2516 20 ) (2306.280029 -2516 20 ) (2306.280029 -2560 20 ) (2048 -2560 20 ) 
4 544 568 (2048 -2560 -6 ) (2048 -2560 20 ) (2048 -2516 20 ) (2048 -2516 -6 ) 
4 544 545 (2306.280029 -2560 20 ) (2048 -2560 20 ) (2048 -2560 -6 ) (2246.246338 -2560 -6 ) 
4 545 642 (2048 -3072 -4.589212 ) (2048 -3072 -6 ) (2320 -3072 -6 ) (2320 -3072 -4.439608 ) 
4 545 641 (2048 -3072 20 ) (2048 -3072 -4.589212 ) (2320 -3072 -4.439608 ) (2320 -3072 20 ) 
4 545 568 (2048 -3072 -6 ) (2048 -3072 20 ) (2048 -2560 20 ) (2048 -2560 -6 ) 
4 546 555 (2528 -2048 -176 ) (3072 -2048 -176 ) (3072 -2112 -176 ) (2528 -2112 -176 ) 
4 546 550 (2528 -2048 -176 ) (2528 -2112 -176 ) (2528 -2112 -160 ) (2528 -2048 -160 ) 
4 546 549 (2560 -2112 -176 ) (3072 -2112 -176 ) (3072 -2112 -144 ) (2560 -2112 -144 ) 
4 546 548 (2560 -2112 -144 ) (2804 -2112 -144 ) (2804 -2112 -59.923103 ) (2560 -2112 -59.923103 ) 
4 546 547 (2804 -2112 -144 ) (3072 -2112 -144 ) (3072 -2112 -59.923103 ) (2804 -2112 -59.923103 ) 
4 547 659 (3072 -3072 -144 ) (3072 -3072 -59.923103 ) (2804 -3072 -59.923103 ) (2804 -3072 -144 ) 
4 547 549 (2804 -2112 -144 ) (3072 -2112 -144 ) (3072 -2144 -144 ) (2804 -2144 -144 ) 
4 547 548 (2804 -2112 -59.923103 ) (2804 -2112 -144 ) (2804 -2516 -144 ) (2804 -2516 -59.923103 ) 
4 548 549 (2560 -2112 -144 ) (2804 -2112 -144 ) (2804 -2144 -144 ) (2560 -2144 -144 ) 
4 549 555 (3072 -2112 -176 ) (3072 -2144 -176 ) (2560 -2144 -176 ) (2560 -2112 -176 ) 
4 550 555 (2320 -2048 -176 ) (2528 -2048 -176 ) (2528 -2144 -176 ) (2320 -2144 -176 ) 
4 550 551 (2320 -2048 -176 ) (2320 -2081 -176 ) (2320 -2081 -160 ) (2320 -2048 -160 ) 
4 551 555 (2210 -2048 -176 ) (2320 -2048 -176 ) (2320 -2081 -176 ) (2210 -2081 -176 ) 
4 551 552 (2210 -2048 -176 ) (2210 -2081 -176 ) (2210 -2081 -160 ) (2210 -2048 -160 ) 
4 552 555 (2112 -2048 -176 ) (2210 -2048 -176 ) (2210 -2112 -176 ) (2112 -2112 -176 ) 
4 552 553 (2112 -2048 -176 ) (2112 -2112 -176 ) (2112 -2112 -160 ) (2112 -2048 -160 ) 
4 553 570 (2048 -2048 -59.923103 ) (2048 -2048 -176 ) (2048 -2112 -176 ) (2048 -2112 -59.923103 ) 
4 553 555 (2048 -2112 -176 ) (2048 -2048 -176 ) (2112 -2048 -176 ) (2112 -2112 -176 ) 
4 554 573 (2048 -2516 -59.923103 ) (2048 -2144 -59.923103 ) (2048 -2144 -102 ) (2048 -2516 -102 ) 
4 555 572 (2048 -2048 -176 ) (2048 -2048 -256 ) (2048 -2144 -256 ) (2048 -2144 -176 ) 
4 556 579 (1024 -2144 648 ) (1024 -2048 648 ) (1024 -2048 551.633972 ) (1024 -2144 551.633972 ) 
4 556 559 (2048 -2144 551.633972 ) (2048 -2144 648 ) (1024 -2144 648 ) (1024 -2144 551.633972 ) 
4 557 580 (1024 -2048 543.633972 ) (1024 -2048 -59.923103 ) (1024 -2112 -59.923103 ) (1024 -2112 543.633972 ) 
4 557 570 (1024 -2112 -59.923103 ) (1024 -2048 -59.923103 ) (2048 -2048 -59.923103 ) (2048 -2112 -59.923103 ) 
4 557 558 (1292 -2112 -59.923103 ) (1452 -2112 -59.923103 ) (1452 -2112 543.633972 ) (1292 -2112 543.633972 ) 
4 558 571 (1292 -2112 -59.923103 ) (1452 -2112 -59.923103 ) (1452 -2144 -59.923103 ) (1292 -2144 -59.923103 ) 
4 558 565 (1292 -2144 -59.923103 ) (1452 -2144 -59.923103 ) (1452 -2144 543.633972 ) (1292 -2144 543.633972 ) 
4 559 592 (1024 -2516 648 ) (1024 -2144 648 ) (1024 -2144 551.633972 ) (1024 -2516 551.633972 ) 
4 559 568 (2048 -2516 551.633972 ) (2048 -2516 648 ) (1864 -2516 648 ) (1864 -2516 551.633972 ) 
4 559 569 (1864 -2516 648 ) (1024 -2516 648 ) (1024 -2516 551.633972 ) (1864 -2516 551.633972 ) 
4 559 566 (1024 -2184 551.633972 ) (1024 -2148 551.633972 ) (1728 -2148 551.633972 ) (1728 -2184 551.633972 ) 
5 559 563 (1824 -2184 551.633972 ) (1748 -2184 551.633972 ) (1728 -2168 551.633972 ) (1728 -2148 551.633972 ) (1824 -2148 551.633972 ) 
4 559 562 (2048 -2148 551.633972 ) (2048 -2184 551.633972 ) (1824 -2184 551.633972 ) (1824 -2148 551.633972 ) 
3 559 560 (1748 -2184 551.633972 ) (1728 -2184 551.633972 ) (1728 -2168 551.633972 ) 
4 559 567 (2048 -2516 551.633972 ) (1024 -2516 551.633972 ) (1024 -2184 551.633972 ) (2048 -2184 551.633972 ) 
3 560 574 (1748 -2184 -59.923103 ) (1728 -2184 -59.923103 ) (1728 -2168 -59.923103 ) 
4 560 566 (1728 -2184 -59.923103 ) (1728 -2184 551.633972 ) (1728 -2168 551.633972 ) (1728 -2168 -59.923103 ) 
4 560 563 (1748 -2184 551.633972 ) (1748 -2184 544 ) (1728 -2168 544 ) (1728 -2168 551.633972 ) 
4 560 567 (1728 -2184 -59.923103 ) (1748 -2184 -59.923103 ) (1748 -2184 551.633972 ) (1728 -2184 551.633972 ) 
4 561 573 (1824 -2144 -59.923103 ) (2048 -2144 -59.923103 ) (2048 -2148 -59.923103 ) (1824 -2148 -59.923103 ) 
4 561 562 (1824 -2148 -59.923103 ) (2048 -2148 -59.923103 ) (2048 -2148 543.633972 ) (1824 -2148 543.633972 ) 
4 562 573 (2048 -2148 -59.923103 ) (2048 -2184 -59.923103 ) (1824 -2184 -59.923103 ) (1824 -2148 -59.923103 ) 
4 562 564 (1824 -2168 -59.923103 ) (1824 -2184 -59.923103 ) (1824 -2184 544 ) (1824 -2168 544 ) 
4 562 563 (1824 -2148 551.633972 ) (1824 -2148 544 ) (1824 -2184 544 ) (1824 -2184 551.633972 ) 
4 562 567 (1824 -2184 -59.923103 ) (2048 -2184 -59.923103 ) (2048 -2184 551.633972 ) (1824 -2184 551.633972 ) 
4 563 566 (1728 -2168 551.633972 ) (1728 -2148 551.633972 ) (1728 -2148 544 ) (1728 -2168 544 ) 
3 563 564 (1824 -2168 544 ) (1824 -2184 544 ) (1804 -2184 544 ) 
4 563 567 (1824 -2184 544 ) (1824 -2184 551.633972 ) (1748 -2184 551.633972 ) (1748 -2184 544 ) 
3 564 575 (1824 -2184 -59.923103 ) (1804 -2184 -59.923103 ) (1824 -2168 -59.923103 ) 
4 564 567 (1804 -2184 -59.923103 ) (1824 -2184 -59.923103 ) (1824 -2184 544 ) (1804 -2184 544 ) 
4 565 595 (1024 -2144 543.633972 ) (1024 -2144 -59.923103 ) (1024 -2148 -59.923103 ) (1024 -2148 543.633972 ) 
4 565 577 (1024 -2148 -59.923103 ) (1024 -2144 -59.923103 ) (1728 -2144 -59.923103 ) (1728 -2148 -59.923103 ) 
4 565 566 (1024 -2148 -59.923103 ) (1728 -2148 -59.923103 ) (1728 -2148 543.633972 ) (1024 -2148 543.633972 ) 
4 566 596 (1024 -2148 -59.923103 ) (1024 -2155.199707 -59.923103 ) (1024 -2155.199707 551.633972 ) (1024 -2148 551.633972 ) 
4 566 593 (1024 -2155.199707 -59.923103 ) (1024 -2184 -59.923103 ) (1024 -2184 551.633972 ) (1024 -2155.199707 551.633972 ) 
4 566 577 (1024 -2184 -59.923103 ) (1024 -2148 -59.923103 ) (1728 -2148 -59.923103 ) (1728 -2184 -59.923103 ) 
4 566 567 (1024 -2184 -59.923103 ) (1728 -2184 -59.923103 ) (1728 -2184 551.633972 ) (1024 -2184 551.633972 ) 
4 567 600 (1024 -2184 -59.923103 ) (1024 -2516 -59.923103 ) (1024 -2516 551.633972 ) (1024 -2184 551.633972 ) 
4 567 576 (1728 -2184 -59.923103 ) (1824 -2184 -59.923103 ) (1824 -2516 -59.923103 ) (1728 -2516 -59.923103 ) 
4 567 577 (1024 -2516 -59.923103 ) (1024 -2184 -59.923103 ) (1728 -2184 -59.923103 ) (1728 -2516 -59.923103 ) 
4 567 573 (1824 -2184 -59.923103 ) (2048 -2184 -59.923103 ) (2048 -2516 -59.923103 ) (1824 -2516 -59.923103 ) 
4 567 568 (2048 -2516 -6 ) (2048 -2516 551.633972 ) (1864 -2516 551.633972 ) (1864 -2516 -6 ) 
4 567 569 (1024 -2516 -59.923103 ) (1864 -2516 -59.923103 ) (1864 -2516 551.633972 ) (1024 -2516 551.633972 ) 
4 568 673 (2048 -3072 -6 ) (2048 -3072 648 ) (1864 -3072 648 ) (1864 -3072 -6 ) 
4 568 569 (1864 -2516 648 ) (1864 -2516 -6 ) (1864 -3072 -6 ) (1864 -3072 648 ) 
4 569 679 (1408 -3072 648 ) (1024 -3072 648 ) (1024 -3072 -59.923103 ) (1408 -3072 -59.923103 ) 
4 569 674 (1864 -3072 648 ) (1408 -3072 648 ) (1408 -3072 -59.923103 ) (1864 -3072 -59.923103 ) 
4 569 604 (1024 -2560 0 ) (1024 -2544 0 ) (1024 -2544 -59.923103 ) (1024 -2560 -59.923103 ) 
4 569 605 (1024 -3072 -59.923103 ) (1024 -3072 0 ) (1024 -2560 0 ) (1024 -2560 -59.923103 ) 
4 569 603 (1024 -3072 0 ) (1024 -3072 648 ) (1024 -2544 648 ) (1024 -2544 0 ) 
4 569 600 (1024 -2516 551.633972 ) (1024 -2516 -59.923103 ) (1024 -2544 -59.923103 ) (1024 -2544 551.633972 ) 
4 569 592 (1024 -2544 648 ) (1024 -2516 648 ) (1024 -2516 551.633972 ) (1024 -2544 551.633972 ) 
4 569 578 (1864 -3072 -59.923103 ) (1024 -3072 -59.923103 ) (1024 -2516 -59.923103 ) (1864 -2516 -59.923103 ) 
4 570 637 (1024 -2048 -144 ) (1024 -2048 -176 ) (1024 -2112 -176 ) (1024 -2112 -144 ) 
4 570 624 (1024 -2112 -59.923103 ) (1024 -2048 -59.923103 ) (1024 -2048 -144 ) (1024 -2112 -144 ) 
4 570 572 (1024 -2112 -176 ) (1024 -2048 -176 ) (2048 -2048 -176 ) (2048 -2112 -176 ) 
4 570 571 (1292 -2112 -176 ) (1452 -2112 -176 ) (1452 -2112 -59.923103 ) (1292 -2112 -59.923103 ) 
4 571 577 (1452 -2144 -59.923103 ) (1292 -2144 -59.923103 ) (1292 -2144 -144 ) (1452 -2144 -144 ) 
4 571 572 (1452 -2144 -176 ) (1292 -2144 -176 ) (1292 -2112 -176 ) (1452 -2112 -176 ) 
4 572 638 (1024 -2144 -256 ) (1024 -2144 -176 ) (1024 -2112 -176 ) (1024 -2112 -256 ) 
4 572 637 (1024 -2112 -176 ) (1024 -2048 -176 ) (1024 -2048 -256 ) (1024 -2112 -256 ) 
4 573 578 (1824 -2516 -144 ) (1864 -2516 -144 ) (1864 -2516 -59.923103 ) (1824 -2516 -59.923103 ) 
4 573 575 (1824 -2168 -144 ) (1824 -2184 -144 ) (1824 -2184 -59.923103 ) (1824 -2168 -59.923103 ) 
4 573 576 (1824 -2184 -144 ) (1824 -2516 -144 ) (1824 -2516 -59.923103 ) (1824 -2184 -59.923103 ) 
4 574 576 (1728 -2184 -59.923103 ) (1728 -2184 -144 ) (1748 -2184 -144 ) (1748 -2184 -59.923103 ) 
4 574 577 (1728 -2168 -144 ) (1728 -2184 -144 ) (1728 -2184 -59.923103 ) (1728 -2168 -59.923103 ) 
4 575 576 (1804 -2184 -144 ) (1824 -2184 -144 ) (1824 -2184 -59.923103 ) (1804 -2184 -59.923103 ) 
4 576 578 (1728 -2516 -144 ) (1824 -2516 -144 ) (1824 -2516 -59.923103 ) (1728 -2516 -59.923103 ) 
4 576 577 (1728 -2184 -144 ) (1728 -2516 -144 ) (1728 -2516 -59.923103 ) (1728 -2184 -59.923103 ) 
4 577 626 (1024 -2516 -59.923103 ) (1024 -2144 -59.923103 ) (1024 -2144 -144 ) (1024 -2516 -144 ) 
4 577 578 (1024 -2516 -144 ) (1728 -2516 -144 ) (1728 -2516 -59.923103 ) (1024 -2516 -59.923103 ) 
4 578 685 (1408 -3072 -59.923103 ) (1024 -3072 -59.923103 ) (1024 -3072 -144 ) (1408 -3072 -144 ) 
4 578 682 (1864 -3072 -59.923103 ) (1408 -3072 -59.923103 ) (1408 -3072 -144 ) (1864 -3072 -144 ) 
4 578 632 (1024 -2560 -59.923103 ) (1024 -2544 -59.923103 ) (1024 -2544 -144 ) (1024 -2560 -144 ) 
4 578 633 (1024 -3072 -144 ) (1024 -3072 -59.923103 ) (1024 -2560 -59.923103 ) (1024 -2560 -144 ) 
4 578 626 (1024 -2544 -59.923103 ) (1024 -2516 -59.923103 ) (1024 -2516 -144 ) (1024 -2544 -144 ) 
4 579 606 (528 -2144 648 ) (96 -2144 648 ) (96 -2144 551.633972 ) (528 -2144 551.633972 ) 
4 579 592 (1024 -2144 551.633972 ) (1024 -2144 648 ) (528 -2144 648 ) (528 -2144 551.633972 ) 
4 579 589 (96 -2048 648 ) (96 -2048 551.633972 ) (96 -2144 551.633972 ) (96 -2144 648 ) 
4 579 587 (512 -2144 551.633972 ) (96 -2144 551.633972 ) (96 -2112 551.633972 ) (512 -2112 551.633972 ) 
4 579 586 (864 -2144 551.633972 ) (512 -2144 551.633972 ) (512 -2112 551.633972 ) (864 -2112 551.633972 ) 
4 579 582 (124 -2048 551.633972 ) (814.237976 -2048 551.633972 ) (814.237976 -2052 551.633972 ) (124 -2052 551.633972 ) 
4 579 584 (814.237976 -2052 551.633972 ) (814.237976 -2112 551.633972 ) (124 -2112 551.633972 ) (124 -2052 551.633972 ) 
4 579 581 (814.237976 -2048 551.633972 ) (864 -2048 551.633972 ) (864 -2112 551.633972 ) (814.237976 -2112 551.633972 ) 
4 579 585 (96 -2112 551.633972 ) (96 -2048 551.633972 ) (124 -2048 551.633972 ) (124 -2112 551.633972 ) 
4 580 624 (864 -2048 -59.923103 ) (1024 -2048 -59.923103 ) (1024 -2112 -59.923103 ) (864 -2112 -59.923103 ) 
4 580 581 (864 -2048 -59.923103 ) (864 -2112 -59.923103 ) (864 -2112 543.633972 ) (864 -2048 543.633972 ) 
4 581 624 (814.237976 -2048 -59.923103 ) (864 -2048 -59.923103 ) (864 -2112 -59.923103 ) (814.237976 -2112 -59.923103 ) 
4 581 586 (864 -2112 543.998657 ) (864 -2112 551.633972 ) (814.237976 -2112 551.633972 ) (814.237976 -2112 521.605774 ) 
4 581 582 (814.237976 -2052 476 ) (814.237976 -2052 551.633972 ) (814.237976 -2048 551.633972 ) (814.237976 -2048 476 ) 
4 581 583 (814.237976 -2048 -59.923103 ) (814.237976 -2052 -59.923103 ) (814.237976 -2052 468 ) (814.237976 -2048 468 ) 
4 581 584 (814.237976 -2052 -59.923103 ) (814.237976 -2112 -59.923103 ) (814.237976 -2112 551.633972 ) (814.237976 -2052 551.633972 ) 
4 582 585 (124 -2052 476 ) (124 -2052 551.633972 ) (124 -2048 551.633972 ) (124 -2048 476 ) 
4 582 584 (124 -2052 551.633972 ) (124 -2052 476 ) (814.237976 -2052 476 ) (814.237976 -2052 551.633972 ) 
4 583 624 (512 -2048 -59.923103 ) (814.237976 -2048 -59.923103 ) (814.237976 -2052 -59.923103 ) (512 -2052 -59.923103 ) 
4 583 625 (124 -2048 -59.923103 ) (512 -2048 -59.923103 ) (512 -2052 -59.923103 ) (124 -2052 -59.923103 ) 
4 583 584 (124 -2052 468 ) (124 -2052 -59.923103 ) (814.237976 -2052 -59.923103 ) (814.237976 -2052 468 ) 
4 583 585 (124 -2048 -59.923103 ) (124 -2052 -59.923103 ) (124 -2052 468 ) (124 -2048 468 ) 
4 584 624 (814.237976 -2052 -59.923103 ) (814.237976 -2112 -59.923103 ) (512 -2112 -59.923103 ) (512 -2052 -59.923103 ) 
4 584 625 (512 -2112 -59.923103 ) (124 -2112 -59.923103 ) (124 -2052 -59.923103 ) (512 -2052 -59.923103 ) 
4 584 587 (512 -2112 551.633972 ) (124 -2112 551.633972 ) (124 -2112 211 ) (512 -2112 385.598999 ) 
4 584 588 (124 -2112 0 ) (124 -2112 -59.923103 ) (512 -2112 -59.923103 ) (512 -2112 0 ) 
4 584 586 (814.237976 -2112 551.633972 ) (512 -2112 551.633972 ) (512 -2112 385.598999 ) (814.237976 -2112 521.605774 ) 
4 584 585 (124 -2052 -59.923103 ) (124 -2112 -59.923103 ) (124 -2112 551.633972 ) (124 -2052 551.633972 ) 
4 585 625 (96 -2048 -59.923103 ) (124 -2048 -59.923103 ) (124 -2112 -59.923103 ) (96 -2112 -59.923103 ) 
4 585 591 (96 -2048 -32 ) (96 -2048 -59.923103 ) (96 -2112 -59.923103 ) (96 -2112 -32 ) 
4 585 589 (96 -2048 551.633972 ) (96 -2048 198.399017 ) (96 -2112 198.399017 ) (96 -2112 551.633972 ) 
4 585 587 (124 -2112 551.633972 ) (96 -2112 551.633972 ) (96 -2112 198.399414 ) (124 -2112 211 ) 
4 585 588 (96 -2112 0 ) (96 -2112 -59.923103 ) (124 -2112 -59.923103 ) (124 -2112 0 ) 
3 586 607 (512 -2144 392 ) (512 -2144 385.598999 ) (526.224487 -2144 392 ) 
5 586 606 (528 -2144 551.633972 ) (512 -2144 551.633972 ) (512 -2144 392 ) (526.224487 -2144 392 ) (528 -2144 392.798981 ) 
4 586 601 (864 -2144 543.998657 ) (864 -2144 551.633972 ) (528 -2144 551.633972 ) (528 -2144 392.798981 ) 
4 586 587 (512 -2112 551.633972 ) (512 -2112 385.598999 ) (512 -2144 385.598969 ) (512 -2144 551.633972 ) 
3 587 619 (96 -2144 256 ) (96 -2144 198.399414 ) (224.001587 -2144 256 ) 
4 587 616 (96 -2144 264 ) (96 -2144 256 ) (224.001587 -2144 256 ) (241.779404 -2144 264 ) 
5 587 612 (120 -2144 264 ) (241.779404 -2144 264 ) (408 -2144 338.799103 ) (408 -2144 384 ) (120 -2144 384 ) 
3 587 611 (408 -2144 338.799103 ) (508.446655 -2144 384 ) (408 -2144 384 ) 
4 587 614 (96 -2144 384 ) (96 -2144 264 ) (120 -2144 264 ) (120 -2144 384 ) 
4 587 608 (412 -2144 392 ) (116 -2144 392 ) (116 -2144 384 ) (412 -2144 384 ) 
5 587 607 (512 -2144 385.598999 ) (512 -2144 392 ) (412 -2144 392 ) (412 -2144 384 ) (508.446655 -2144 384 ) 
4 587 610 (116 -2144 392 ) (96 -2144 392 ) (96 -2144 384 ) (116 -2144 384 ) 
4 587 606 (512 -2144 392 ) (512 -2144 551.633972 ) (96 -2144 551.633972 ) (96 -2144 392 ) 
4 587 589 (96 -2144 198.399414 ) (96 -2144 551.633972 ) (96 -2112 551.633972 ) (96 -2112 198.399414 ) 
4 588 625 (512 -2144 -59.923103 ) (96 -2144 -59.923103 ) (96 -2112 -59.923103 ) (512 -2112 -59.923103 ) 
4 588 621 (96 -2144 -59.923103 ) (512 -2144 -59.923103 ) (512 -2144 -32 ) (96 -2144 -32 ) 
4 588 591 (96 -2112 -59.923103 ) (96 -2144 -59.923103 ) (96 -2144 -32 ) (96 -2112 -32 ) 
4 589 619 (96 -2144 198.399017 ) (96 -2144 256 ) (64 -2144 256 ) (64 -2144 184 ) 
4 589 616 (96 -2144 256 ) (96 -2144 264 ) (64 -2144 264 ) (64 -2144 256 ) 
4 589 614 (96 -2144 264 ) (96 -2144 384 ) (64 -2144 384 ) (64 -2144 264 ) 
4 589 610 (96 -2144 384 ) (96 -2144 392 ) (64 -2144 392 ) (64 -2144 384 ) 
4 589 606 (96 -2144 392 ) (96 -2144 648 ) (64 -2144 648 ) (64 -2144 392 ) 
4 589 590 (64 -2144 184 ) (64 -2144 648 ) (64 -2048 648 ) (64 -2048 184 ) 
4 590 894 (0 -2048 136 ) (0 -2048 0 ) (0 -2144 0 ) (0 -2144 136 ) 
4 590 893 (0 -2048 176 ) (0 -2048 136 ) (0 -2144 136 ) (0 -2144 176 ) 
4 590 891 (0 -2124 176 ) (0 -2144 176 ) (0 -2144 184 ) (0 -2124 184 ) 
4 590 889 (0 -2048 184 ) (0 -2048 176 ) (0 -2124 176 ) (0 -2124 184 ) 
4 590 886 (0 -2048 264 ) (0 -2048 184 ) (0 -2144 184 ) (0 -2144 264 ) 
4 590 885 (0 -2048 648 ) (0 -2048 264 ) (0 -2144 264 ) (0 -2144 648 ) 
4 590 619 (0 -2144 256 ) (0 -2144 0 ) (64 -2144 0 ) (64 -2144 256 ) 
4 590 616 (0 -2144 264 ) (0 -2144 256 ) (64 -2144 256 ) (64 -2144 264 ) 
4 590 614 (0 -2144 384 ) (0 -2144 264 ) (64 -2144 264 ) (64 -2144 384 ) 
4 590 610 (0 -2144 392 ) (0 -2144 384 ) (64 -2144 384 ) (64 -2144 392 ) 
4 590 606 (64 -2144 648 ) (0 -2144 648 ) (0 -2144 392 ) (64 -2144 392 ) 
4 591 898 (0 -2048 -32 ) (0 -2048 -59.923103 ) (0 -2144 -59.923103 ) (0 -2144 -32 ) 
4 591 625 (0 -2144 -59.923103 ) (0 -2048 -59.923103 ) (96 -2048 -59.923103 ) (96 -2144 -59.923103 ) 
4 591 621 (0 -2144 -59.923103 ) (96 -2144 -59.923103 ) (96 -2144 -32 ) (0 -2144 -32 ) 
4 592 606 (528 -2144 648 ) (528 -2144 551.633972 ) (528 -2544 551.633972 ) (528 -2544 648 ) 
4 592 603 (528 -2544 648 ) (528 -2544 551.633972 ) (1024 -2544 551.633972 ) (1024 -2544 648 ) 
4 592 601 (864 -2544 551.633972 ) (528 -2544 551.633972 ) (528 -2144 551.633972 ) (864 -2144 551.633972 ) 
4 592 599 (864 -2184 551.633972 ) (864 -2148 551.633972 ) (912 -2148 551.633972 ) (912 -2184 551.633972 ) 
6 592 597 (1008 -2148 551.633972 ) (1008 -2168 551.633972 ) (988 -2184 551.633972 ) (931.996948 -2184 551.633972 ) (912 -2168 551.633972 ) (912 -2148 551.633972 ) 
4 592 596 (1024 -2148 551.633972 ) (1024 -2155.199951 551.633972 ) (1008 -2168 551.633972 ) (1008 -2148 551.633972 ) 
3 592 594 (931.996948 -2184 551.633972 ) (912 -2184 551.633972 ) (912 -2168 551.633972 ) 
3 592 593 (1024 -2155.199951 551.633972 ) (1024 -2184 551.633972 ) (988 -2184 551.633972 ) 
4 592 600 (1024 -2544 551.633972 ) (864 -2544 551.633972 ) (864 -2184 551.633972 ) (1024 -2184 551.633972 ) 
3 593 627 (1008 -2184 -59.923103 ) (988 -2184 -59.923103 ) (1008 -2168 -59.923103 ) 
4 593 626 (1024 -2155.199951 -59.923103 ) (1024 -2184 -59.923103 ) (1008 -2184 -59.923103 ) (1008 -2168 -59.923103 ) 
4 593 597 (988 -2184 544 ) (988 -2184 551.633972 ) (1008 -2168 551.633972 ) (1008 -2168 544 ) 
4 593 596 (1008 -2168 551.633972 ) (1024 -2155.199951 551.633972 ) (1024 -2155.199951 -59.923103 ) (1008 -2168 -59.923103 ) 
4 593 600 (988 -2184 -59.923103 ) (1024 -2184 -59.923103 ) (1024 -2184 551.633972 ) (988 -2184 551.633972 ) 
3 594 628 (931.996948 -2184 -59.923103 ) (912 -2184 -59.923103 ) (912 -2168 -59.923103 ) 
4 594 599 (912 -2184 -59.923103 ) (912 -2184 551.633972 ) (912 -2168 551.633972 ) (912 -2168 -59.923103 ) 
4 594 597 (931.994629 -2184 551.633972 ) (931.994629 -2184 544 ) (912 -2168.001953 544 ) (912 -2168.001953 551.633972 ) 
4 594 600 (912 -2184 -59.923103 ) (931.996948 -2184 -59.923103 ) (931.996948 -2184 551.633972 ) (912 -2184 551.633972 ) 
4 595 626 (1008 -2144 -59.923103 ) (1024 -2144 -59.923103 ) (1024 -2148 -59.923103 ) (1008 -2148 -59.923103 ) 
4 595 596 (1008 -2148 543.633972 ) (1008 -2148 -59.923103 ) (1024 -2148 -59.923103 ) (1024 -2148 543.633972 ) 
4 596 626 (1024 -2148 -59.923103 ) (1024 -2155.199951 -59.923103 ) (1008 -2168 -59.923103 ) (1008 -2148 -59.923103 ) 
4 596 597 (1008 -2168 544 ) (1008 -2168 551.633972 ) (1008 -2148 551.633972 ) (1008 -2148 544 ) 
4 597 599 (912 -2168 551.633972 ) (912 -2148 551.633972 ) (912 -2148 544 ) (912 -2168 544 ) 
4 597 600 (988 -2184 544 ) (988 -2184 551.633972 ) (931.996948 -2184 551.633972 ) (931.996948 -2184 544 ) 
4 598 630 (864 -2144 -59.923103 ) (912 -2144 -59.923103 ) (912 -2148 -59.923103 ) (864 -2148 -59.923103 ) 
4 598 601 (864 -2144 543.633972 ) (864 -2144 -59.923103 ) (864 -2148 -59.923103 ) (864 -2148 543.633972 ) 
4 598 599 (864 -2148 543.633972 ) (864 -2148 -59.923103 ) (912 -2148 -59.923103 ) (912 -2148 543.633972 ) 
4 599 630 (912 -2148 -59.923103 ) (912 -2184 -59.923103 ) (864 -2184 -59.923103 ) (864 -2148 -59.923103 ) 
4 599 601 (864 -2184 551.633972 ) (864 -2148 551.633972 ) (864 -2148 -59.923103 ) (864 -2184 -59.923103 ) 
4 599 600 (864 -2184 551.633972 ) (864 -2184 -59.923103 ) (912 -2184 -59.923103 ) (912 -2184 551.633972 ) 
4 600 630 (912 -2544 -59.923103 ) (864 -2544 -59.923103 ) (864 -2184 -59.923103 ) (912 -2184 -59.923103 ) 
4 600 629 (1008 -2544 -59.923103 ) (912 -2544 -59.923103 ) (912 -2184 -59.923103 ) (1008 -2184 -59.923103 ) 
4 600 626 (1024 -2184 -59.923103 ) (1024 -2544 -59.923103 ) (1008 -2544 -59.923103 ) (1008 -2184 -59.923103 ) 
4 600 604 (864 -2544 -59.923103 ) (1024 -2544 -59.923103 ) (1024 -2544 0 ) (864 -2544 0 ) 
4 600 603 (1024 -2544 0 ) (1024 -2544 551.633972 ) (864 -2544 551.633972 ) (864 -2544 0 ) 
4 600 601 (864 -2544 -59.923103 ) (864 -2544 551.633972 ) (864 -2184 551.633972 ) (864 -2184 -59.923103 ) 
4 601 630 (707.775269 -2144 -59.923103 ) (864 -2144 -59.923103 ) (864 -2544 -59.923103 ) (707.775269 -2544 -59.923103 ) 
4 601 618 (528 -2144 256 ) (528 -2144 0.001953 ) (528 -2544 0.002003 ) (528 -2544 256 ) 
4 601 615 (528 -2144 264 ) (528 -2144 256 ) (528 -2544 256 ) (528 -2544 264 ) 
4 601 611 (528 -2144 384 ) (528 -2144 264 ) (528 -2544 264 ) (528 -2544 384 ) 
4 601 607 (528 -2144 392 ) (528 -2144 384 ) (528 -2544 384 ) (528 -2544 392 ) 
4 601 606 (528 -2144 551.633972 ) (528 -2144 392 ) (528 -2544 392 ) (528 -2544 551.633972 ) 
4 601 604 (716.775391 -2544 -59.923103 ) (864 -2544 -59.923103 ) (864 -2544 0 ) (543.427002 -2544 0 ) 
5 601 603 (528 -2544 551.633972 ) (528 -2544 0.001953 ) (528.005859 -2544 0 ) (864 -2544 0 ) (864 -2544 551.633972 ) 
4 602 631 (528 -2144 -59.923103 ) (611.769348 -2144 -59.923103 ) (611.769348 -2544 -59.923103 ) (528 -2544 -59.923103 ) 
4 602 621 (528 -2144 -32 ) (528 -2144 -59.923103 ) (528 -2304 -59.923103 ) (528 -2304 -32 ) 
4 603 689 (640 -3072 648 ) (528 -3072 648 ) (528 -3072 0 ) (640 -3072 0 ) 
4 603 687 (1024 -3072 0 ) (1024 -3072 648 ) (640 -3072 648 ) (640 -3072 0 ) 
4 603 618 (528 -3072 0 ) (528 -3072 256 ) (528 -2544 256 ) (528 -2544 0 ) 
4 603 615 (528 -3072 256 ) (528 -3072 264 ) (528 -2544 264 ) (528 -2544 256 ) 
4 603 611 (528 -3072 264 ) (528 -3072 384 ) (528 -2544 384 ) (528 -2544 264 ) 
4 603 607 (528 -3072 384 ) (528 -3072 392 ) (528 -2544 392 ) (528 -2544 384 ) 
4 603 606 (528 -3072 392 ) (528 -3072 648 ) (528 -2544 648 ) (528 -2544 392 ) 
4 603 604 (543.427002 -2544 0 ) (1024 -2544 0 ) (1024 -2560 0 ) (543.427002 -2560 0 ) 
4 603 605 (528 -3072 0 ) (528 -2560 0 ) (1024 -2560 0 ) (1024 -3072 0 ) 
4 604 632 (1024 -2544 -59.923103 ) (1024 -2560 -59.923103 ) (716.775391 -2560 -59.923103 ) (716.775391 -2544 -59.923103 ) 
4 604 605 (1024 -2560 0 ) (543.427002 -2560 0 ) (716.775391 -2560 -59.923103 ) (1024 -2560 -59.923103 ) 
4 605 689 (640 -3072 0 ) (528 -3072 0 ) (528 -3072 -59.923103 ) (640 -3072 -59.923103 ) 
4 605 687 (1024 -3072 -59.923103 ) (1024 -3072 0 ) (640 -3072 0 ) (640 -3072 -59.923103 ) 
4 605 633 (1024 -2560 -59.923103 ) (1024 -3072 -59.923103 ) (528 -3072 -59.923103 ) (528 -2560 -59.923103 ) 
4 605 622 (528 -2576 -59.923103 ) (528 -3072 -59.923103 ) (528 -3072 0 ) (528 -2576 0 ) 
4 606 922 (0 -3072 392 ) (0 -3072 648 ) (0 -2304 648 ) (0 -2304 392 ) 
4 606 885 (0 -2304 648 ) (0 -2144 648 ) (0 -2144 392 ) (0 -2304 392 ) 
4 606 690 (0 -3072 648 ) (0 -3072 392 ) (128 -3072 392 ) (128 -3072 648 ) 
4 606 689 (128 -3072 392 ) (528 -3072 392 ) (528 -3072 648 ) (128 -3072 648 ) 
4 606 608 (116 -2144 392 ) (412 -2144 392 ) (412 -2364 392 ) (116 -2364 392 ) 
4 606 609 (412 -2500 392 ) (412 -3072 392 ) (116 -3072 392 ) (116 -2500 392 ) 
4 606 607 (412 -2144 392 ) (528 -2144 392 ) (528 -3072 392 ) (412 -3072 392 ) 
4 606 610 (0 -3072 392 ) (0 -2144 392 ) (116 -2144 392 ) (116 -3072 392 ) 
4 607 689 (412 -3072 384 ) (528 -3072 384 ) (528 -3072 392 ) (412 -3072 392 ) 
4 607 611 (412 -2144 384 ) (528 -2144 384 ) (528 -3072 384 ) (412 -3072 384 ) 
4 607 608 (412 -2144 384 ) (412 -2364 384 ) (412 -2364 392 ) (412 -2144 392 ) 
4 607 609 (412 -2500 384 ) (412 -3072 384 ) (412 -3072 392 ) (412 -2500 392 ) 
4 608 612 (120 -2144 384 ) (408 -2144 384 ) (408 -2364 384 ) (120 -2364 384 ) 
4 608 611 (408 -2144 384 ) (412 -2144 384 ) (412 -2364 384 ) (408 -2364 384 ) 
4 608 614 (116 -2144 384 ) (120 -2144 384 ) (120 -2364 384 ) (116 -2364 384 ) 
4 608 610 (116 -2144 384 ) (116 -2364 384 ) (116 -2364 392 ) (116 -2144 392 ) 
4 609 690 (116 -3072 384 ) (128 -3072 384 ) (128 -3072 392 ) (116 -3072 392 ) 
4 609 689 (128 -3072 384 ) (412 -3072 384 ) (412 -3072 392 ) (128 -3072 392 ) 
4 609 613 (408 -3072 384 ) (120 -3072 384 ) (120 -2500 384 ) (408 -2500 384 ) 
4 609 611 (412 -2500 384 ) (412 -3072 384 ) (408 -3072 384 ) (408 -2500 384 ) 
4 609 614 (120 -3072 384 ) (116 -3072 384 ) (116 -2500 384 ) (120 -2500 384 ) 
4 609 610 (116 -2500 384 ) (116 -3072 384 ) (116 -3072 392 ) (116 -2500 392 ) 
4 610 922 (0 -3072 384 ) (0 -3072 392 ) (0 -2304 392 ) (0 -2304 384 ) 
4 610 885 (0 -2304 392 ) (0 -2144 392 ) (0 -2144 384 ) (0 -2304 384 ) 
4 610 690 (0 -3072 392 ) (0 -3072 384 ) (116 -3072 384 ) (116 -3072 392 ) 
4 610 614 (0 -2144 384 ) (116 -2144 384 ) (116 -3072 384 ) (0 -3072 384 ) 
4 611 689 (408 -3072 264 ) (528 -3072 264 ) (528 -3072 384 ) (408 -3072 384 ) 
4 611 616 (408 -2144 264 ) (516 -2144 264 ) (516 -2300 264 ) (408 -2300 264 ) 
4 611 617 (516 -2564 264 ) (516 -3072 264 ) (408 -3072 264 ) (408 -2564 264 ) 
4 611 615 (516 -2144 264 ) (528 -2144 264 ) (528 -3072 264 ) (516 -3072 264 ) 
4 611 612 (408 -2144 264 ) (408 -2368 264 ) (408 -2368 384 ) (408 -2144 384 ) 
4 611 613 (408 -2496 264 ) (408 -3072 264 ) (408 -3072 384 ) (408 -2496 384 ) 
4 612 616 (120 -2144 264 ) (408 -2144 264 ) (408 -2300 264 ) (120 -2300 264 ) 
4 612 614 (120 -2144 264 ) (120 -2368 264 ) (120 -2368 384 ) (120 -2144 384 ) 
4 613 690 (120 -3072 264 ) (128 -3072 264 ) (128 -3072 384 ) (120 -3072 384 ) 
4 613 689 (128 -3072 264 ) (408 -3072 264 ) (408 -3072 384 ) (128 -3072 384 ) 
4 613 617 (408 -2564 264 ) (408 -3072 264 ) (120 -3072 264 ) (120 -2564 264 ) 
4 613 614 (120 -2496 264 ) (120 -3072 264 ) (120 -3072 384 ) (120 -2496 384 ) 
4 614 922 (0 -3072 264 ) (0 -3072 384 ) (0 -2304 384 ) (0 -2304 264 ) 
4 614 885 (0 -2304 384 ) (0 -2144 384 ) (0 -2144 264 ) (0 -2304 264 ) 
4 614 690 (0 -3072 384 ) (0 -3072 264 ) (120 -3072 264 ) (120 -3072 384 ) 
4 614 616 (0 -2300 264 ) (0 -2144 264 ) (120 -2144 264 ) (120 -2300 264 ) 
4 614 617 (0 -3072 264 ) (0 -2564 264 ) (120 -2564 264 ) (120 -3072 264 ) 
4 615 689 (516 -3072 256 ) (528 -3072 256 ) (528 -3072 264 ) (516 -3072 264 ) 
4 615 618 (516 -2144 256 ) (528 -2144 256 ) (528 -3072 256 ) (516 -3072 256 ) 
4 615 616 (516 -2144 256 ) (516 -2300 256 ) (516 -2300 264 ) (516 -2144 264 ) 
4 615 617 (516 -2564 256 ) (516 -3072 256 ) (516 -3072 264 ) (516 -2564 264 ) 
4 616 886 (0 -2300 264 ) (0 -2144 264 ) (0 -2144 256 ) (0 -2300 256 ) 
4 616 619 (0 -2144 256 ) (510.781006 -2144 256 ) (510.781006 -2300 256 ) (0 -2300 256 ) 
4 616 618 (510.781006 -2144 256 ) (516 -2144 256 ) (516 -2300 256 ) (510.781006 -2300 256 ) 
4 617 923 (0 -3072 256 ) (0 -3072 264 ) (0 -2564 264 ) (0 -2564 256 ) 
4 617 690 (0 -3072 264 ) (0 -3072 256 ) (128 -3072 256 ) (128 -3072 264 ) 
4 617 689 (128 -3072 256 ) (516 -3072 256 ) (516 -3072 264 ) (128 -3072 264 ) 
4 617 620 (510.781006 -3072 256 ) (0 -3072 256 ) (0 -2564 256 ) (510.781006 -2564 256 ) 
4 617 618 (516 -2564 256 ) (516 -3072 256 ) (510.781006 -3072 256 ) (510.781006 -2564 256 ) 
4 618 689 (510.781006 -3072 0 ) (528 -3072 0 ) (528 -3072 256 ) (510.781006 -3072 256 ) 
4 618 622 (528 -2576 0 ) (528 -3072 0 ) (510.781006 -3072 0 ) (510.781006 -2576 0 ) 
4 618 619 (510.781006 -2144 0 ) (510.781006 -2304 0 ) (510.781006 -2304 256 ) (510.781006 -2144 256 ) 
4 618 620 (510.781006 -2560 0 ) (510.781006 -3072 0 ) (510.781006 -3072 256 ) (510.781006 -2560 256 ) 
4 619 918 (0 -2144 112 ) (0 -2144 0 ) (0 -2304 0 ) (0 -2304 112 ) 
4 619 916 (0 -2144 176 ) (0 -2144 112 ) (0 -2304 112 ) (0 -2304 176 ) 
4 619 891 (0 -2144 184 ) (0 -2144 176 ) (0 -2304 176 ) (0 -2304 184 ) 
4 619 887 (0 -2304 256 ) (0 -2300 256 ) (0 -2300 184 ) (0 -2304 184 ) 
4 619 886 (0 -2300 256 ) (0 -2144 256 ) (0 -2144 184 ) (0 -2300 184 ) 
4 620 927 (0 -3072 0 ) (0 -3072 137.085999 ) (0 -2560 137.085999 ) (0 -2560 0 ) 
4 620 924 (0 -3072 137.085999 ) (0 -3072 256 ) (0 -2560 256 ) (0 -2560 137.085999 ) 
4 620 690 (0 -3072 256 ) (0 -3072 0 ) (128 -3072 0 ) (128 -3072 256 ) 
4 620 689 (128 -3072 0 ) (510.781006 -3072 0 ) (510.781006 -3072 256 ) (128 -3072 256 ) 
4 620 622 (510.781006 -2576 0 ) (510.781006 -3072 0 ) (128 -3072 0 ) (128 -2576 0 ) 
4 621 920 (0 -2144 -32 ) (0 -2144 -59.923103 ) (0 -2304 -59.923103 ) (0 -2304 -32 ) 
4 621 634 (0 -2304 -59.923103 ) (0 -2144 -59.923103 ) (528 -2144 -59.923103 ) (528 -2304 -59.923103 ) 
4 621 623 (0 -2304 -59.923103 ) (96 -2304 -59.923103 ) (96 -2304 -32 ) (0 -2304 -32 ) 
4 622 689 (128 -3072 -59.923103 ) (528 -3072 -59.923103 ) (528 -3072 0 ) (128 -3072 0 ) 
4 622 635 (528 -2576 -59.923103 ) (528 -3072 -59.923103 ) (128 -3072 -59.923103 ) (128 -2576 -59.923103 ) 
4 623 928 (0 -2560 -32 ) (0 -2304 -32 ) (0 -2304 -59.923103 ) (0 -2560 -59.923103 ) 
4 623 636 (0 -2560 -59.923103 ) (0 -2304 -59.923103 ) (96 -2304 -59.923103 ) (96 -2560 -59.923103 ) 
4 624 637 (512 -2048 -144 ) (1024 -2048 -144 ) (1024 -2112 -144 ) (512 -2112 -144 ) 
4 624 625 (512 -2048 -144 ) (512 -2112 -144 ) (512 -2112 -59.923103 ) (512 -2048 -59.923103 ) 
4 625 945 (0 -2144 -59.923103 ) (0 -2048 -59.923103 ) (0 -2048 -144 ) (0 -2144 -144 ) 
4 625 639 (0 -2144 -144 ) (0 -2048 -144 ) (512 -2048 -144 ) (512 -2144 -144 ) 
4 625 634 (0 -2144 -144 ) (512 -2144 -144 ) (512 -2144 -59.923103 ) (0 -2144 -59.923103 ) 
4 626 632 (1008 -2544 -144 ) (1024 -2544 -144 ) (1024 -2544 -59.923103 ) (1008 -2544 -59.923103 ) 
4 626 629 (1008 -2184 -144 ) (1008 -2544 -144 ) (1008 -2544 -59.923103 ) (1008 -2184 -59.923103 ) 
4 626 627 (1008 -2168 -144 ) (1008 -2184 -144 ) (1008 -2184 -59.923103 ) (1008 -2168 -59.923103 ) 
4 627 629 (988 -2184 -144 ) (1008 -2184 -144 ) (1008 -2184 -59.923103 ) (988 -2184 -59.923103 ) 
4 628 630 (912 -2168 -127.998016 ) (912 -2184 -127.998016 ) (912 -2184 -59.923103 ) (912 -2168 -59.923103 ) 
4 628 629 (912 -2184 -59.923103 ) (912 -2184 -127.998016 ) (931.996887 -2184 -134.663651 ) (931.996948 -2184 -59.923103 ) 
6 629 632 (960.005920 -2544 -144 ) (1008 -2544 -144 ) (1008 -2544 -59.923103 ) (912 -2544 -59.923103 ) (912 -2544 -127.408363 ) (959.758789 -2544 -143.917618 ) 
4 629 630 (912 -2544 -127.998016 ) (912 -2544 -59.923103 ) (912 -2184 -59.923103 ) (912 -2184 -127.998016 ) 
3 630 632 (912 -2544 -127.408363 ) (912 -2544 -59.923103 ) (716.775391 -2544 -59.923103 ) 
4 631 634 (528 -2144 -59.923103 ) (528 -2144 -144 ) (528 -2304 -144 ) (528 -2304 -59.923103 ) 
4 632 633 (959.997070 -2560 -144 ) (1024 -2560 -144 ) (1024 -2560 -59.923103 ) (716.775391 -2560 -59.923103 ) 
4 633 697 (640 -3072 -59.923103 ) (528 -3072 -59.923103 ) (528 -3072 -144 ) (640 -3072 -144 ) 
4 633 695 (1024 -3072 -144 ) (1024 -3072 -59.923103 ) (640 -3072 -59.923103 ) (640 -3072 -144 ) 
4 633 635 (528 -2576 -144 ) (528 -3072 -144 ) (528 -3072 -59.923103 ) (528 -2576 -59.923103 ) 
4 634 946 (0 -2304 -59.923103 ) (0 -2144 -59.923103 ) (0 -2144 -144 ) (0 -2304 -144 ) 
4 634 636 (0 -2304 -144 ) (96 -2304 -144 ) (96 -2304 -59.923103 ) (0 -2304 -59.923103 ) 
4 635 697 (528 -3072 -59.923103 ) (128 -3072 -59.923103 ) (128 -3072 -144 ) (528 -3072 -144 ) 
4 636 946 (0 -2560 -59.923103 ) (0 -2304 -59.923103 ) (0 -2304 -144 ) (0 -2560 -144 ) 
4 637 638 (512 -2112 -176 ) (512 -2112 -256 ) (1024 -2112 -256 ) (1024 -2112 -176 ) 
4 637 639 (512 -2048 -256 ) (512 -2112 -256 ) (512 -2112 -144 ) (512 -2048 -144 ) 
4 638 639 (512 -2112 -256 ) (512 -2144 -256 ) (512 -2144 -176 ) (512 -2112 -176 ) 
4 639 953 (0 -2144 -144 ) (0 -2048 -144 ) (0 -2048 -256 ) (0 -2144 -256 ) 
4 640 676 (2048 -3264 3.633133 ) (2048 -3312 -5.915874 ) (2048 -3312 648 ) (2048 -3264 648 ) 
4 640 675 (2048 -3104 35.463158 ) (2048 -3264 3.633133 ) (2048 -3264 648 ) (2048 -3104 648 ) 
4 640 673 (2048 -3072 648 ) (2048 -3072 41.829163 ) (2048 -3104 35.463158 ) (2048 -3104 648 ) 
4 640 658 (2340.520020 -3312 -5.922815 ) (2048 -3312 -5.915496 ) (2048 -3288 -1.141002 ) (2340.520020 -3288 -1.148323 ) 
4 640 650 (2340.520020 -3217.343506 12.907869 ) (2340.520020 -3288 -1.148323 ) (2336.520020 -3288 -1.148223 ) (2336.520020 -3217.339111 12.908863 ) 
4 640 657 (2048 -3288 -1.141002 ) (2048 -3188.659668 18.621494 ) (2336.520020 -3188.242676 18.697233 ) (2336.520020 -3288 -1.148223 ) 
4 640 644 (3072 -3312 -5.941116 ) (2340.520020 -3312 -5.922815 ) (2340.520020 -3188.236816 18.698284 ) (3072 -3187.179688 18.890305 ) 
4 640 641 (2048 -3188.659668 18.621494 ) (2048 -3072 41.829453 ) (3072 -3072 41.803833 ) (3072 -3187.179688 18.890305 ) 
3 641 675 (2048 -3104 1.777551 ) (2048 -3188.658691 18.621332 ) (2048 -3104 35.463150 ) 
4 641 673 (2048 -3072 41.829163 ) (2048 -3072 -4.589203 ) (2048 -3104 1.777551 ) (2048 -3104 35.463150 ) 
4 641 654 (2336.520020 -3159.156250 12.909132 ) (2336.520020 -3104 1.935206 ) (2340.520020 -3104 1.937406 ) (2340.520020 -3159.160400 12.912185 ) 
4 641 657 (2336.520020 -3188.242676 18.696186 ) (2048 -3188.659668 18.620459 ) (2048 -3104 1.776514 ) (2336.520020 -3104 1.935206 ) 
4 641 644 (3072 -3187.179688 18.889227 ) (2340.520020 -3188.236816 18.697235 ) (2340.520020 -3104 1.937406 ) (3072 -3104 2.339736 ) 
4 641 642 (2048 -3104 1.776514 ) (2048 -3072 -4.590227 ) (3072 -3072 -4.027007 ) (3072 -3104 2.339736 ) 
4 642 673 (2048 -3072 -4.589203 ) (2048 -3072 -6 ) (2048 -3104 -6 ) (2048 -3104 1.777550 ) 
4 642 654 (2340.520020 -3104 1.935796 ) (2336.520020 -3104 1.933596 ) (2336.520020 -3104 -6 ) (2340.520020 -3104 -6 ) 
4 642 657 (2336.520020 -3104 1.933596 ) (2048 -3104 1.774900 ) (2048 -3104 -6 ) (2336.520020 -3104 -6 ) 
4 642 644 (3072 -3104 -6 ) (3072 -3104 2.338133 ) (2340.520020 -3104 1.935796 ) (2340.520020 -3104 -6 ) 
4 642 643 (2804 -3072 -6 ) (3072 -3072 -6 ) (3072 -3074 -6 ) (2804 -3074 -6 ) 
4 643 659 (2804 -3072 -59.923103 ) (3072 -3072 -59.923103 ) (3072 -3074 -59.923103 ) (2804 -3074 -59.923103 ) 
4 644 658 (2340.520020 -3288 -6 ) (2340.520020 -3312 -6 ) (2340.520020 -3312 -5.921875 ) (2340.520020 -3288 -1.147439 ) 
3 644 655 (2340.520020 -3130.851074 -6 ) (2340.520020 -3132.872559 -6 ) (2340.520020 -3134.504395 -3.559311 ) 
4 644 654 (2340.520020 -3104 1.941406 ) (2340.520020 -3104 -6 ) (2340.520020 -3130.851074 -6 ) (2340.520020 -3159.169189 12.918081 ) 
3 644 653 (2340.520020 -3243.601074 -6 ) (2340.520020 -3245.642334 -6 ) (2340.520020 -3241.955566 -3.536704 ) 
4 644 650 (2340.520020 -3245.642334 -6 ) (2340.520020 -3288 -6 ) (2340.520020 -3288 -1.147439 ) (2340.520020 -3217.342041 12.908884 ) 
4 644 648 (2342 -3312 -6 ) (2340.520020 -3312 -6 ) (2340.520020 -3288 -6 ) (2342 -3288 -6 ) 
4 644 647 (2536 -3312 -6 ) (2342 -3312 -6 ) (2342 -3307 -6 ) (2536 -3307 -6 ) 
4 644 646 (2340.520020 -3288 -6 ) (2340.520020 -3104 -6 ) (2342 -3104 -6 ) (2342 -3288 -6 ) 
4 644 645 (3072 -3312 -6 ) (2536 -3312 -6 ) (2536 -3307 -6 ) (3072 -3307 -6 ) 
4 645 660 (3072 -3307 -59.923103 ) (3072 -3312 -59.923103 ) (2536 -3312 -59.923103 ) (2536 -3307 -59.923103 ) 
4 645 647 (2536 -3312 -32 ) (2536 -3312 -6 ) (2536 -3307 -6 ) (2536 -3307 -32 ) 
4 646 661 (2340.520020 -3104 -59.923103 ) (2342 -3104 -59.923103 ) (2342 -3288 -59.923103 ) (2340.520020 -3288 -59.923103 ) 
3 646 656 (2340.520020 -3109.108398 -41.540455 ) (2340.520020 -3112.240479 -57.302021 ) (2340.520020 -3118.021240 -28.210732 ) 
4 646 655 (2340.520020 -3105.421631 -22.988167 ) (2340.520020 -3109.108398 -41.540455 ) (2340.520020 -3132.872559 -6 ) (2340.520020 -3130.851074 -6 ) 
4 646 654 (2340.520020 -3104 -6 ) (2340.520020 -3104 -15.834148 ) (2340.520020 -3105.421631 -22.988167 ) (2340.520020 -3130.851074 -6 ) 
4 646 653 (2340.520020 -3258.453369 -28.235876 ) (2340.520020 -3255.312744 -12.461277 ) (2340.520020 -3245.642334 -6 ) (2340.520020 -3243.601074 -6 ) 
3 646 652 (2340.520020 -3264.240234 -57.301567 ) (2340.520020 -3271.070312 -22.989630 ) (2340.520020 -3255.312744 -12.461277 ) 
4 646 651 (2340.520020 -3263.718506 -59.923103 ) (2340.520020 -3288 -59.923103 ) (2340.520020 -3288 -34.301125 ) (2340.520020 -3271.070312 -22.989630 ) 
3 646 650 (2340.520020 -3288 -34.301125 ) (2340.520020 -3288 -6 ) (2340.520020 -3245.642334 -6 ) 
3 646 649 (2340.520020 -3104 -15.834148 ) (2340.520020 -3104 -59.923103 ) (2340.520020 -3112.761230 -59.923103 ) 
4 646 648 (2342 -3288 -6 ) (2340.520020 -3288 -6 ) (2340.520020 -3288 -32 ) (2342 -3288 -32 ) 
4 647 648 (2342 -3307 -32 ) (2342 -3312 -32 ) (2342 -3312 -6 ) (2342 -3307 -6 ) 
4 648 658 (2340.520020 -3312 -32 ) (2340.520020 -3312 -6 ) (2340.520020 -3288 -6 ) (2340.520020 -3288 -32 ) 
4 649 662 (2336.520020 -3104 -59.923103 ) (2340.520020 -3104 -59.923103 ) (2340.520020 -3112.761230 -59.923103 ) (2336.520020 -3112.760986 -59.923103 ) 
4 649 656 (2336.520020 -3109.108154 -41.541306 ) (2336.520020 -3112.240234 -57.302681 ) (2340.520020 -3112.240234 -57.303295 ) (2340.520020 -3109.107910 -41.541237 ) 
4 649 655 (2336.520020 -3105.421387 -22.988514 ) (2336.520020 -3109.108154 -41.541306 ) (2340.520020 -3109.107910 -41.541237 ) (2340.520020 -3105.421143 -22.988380 ) 
4 649 654 (2336.520020 -3104 -15.835938 ) (2336.520020 -3105.421387 -22.988514 ) (2340.520020 -3105.421143 -22.988380 ) (2340.520020 -3104 -15.836426 ) 
3 649 657 (2336.520020 -3104 -15.835449 ) (2336.520020 -3104 -59.923103 ) (2336.520020 -3112.760986 -59.923103 ) 
4 650 658 (2340.520020 -3288 -32 ) (2340.520020 -3288 -1.148438 ) (2336.520020 -3288 -1.148337 ) (2336.520020 -3288 -32 ) 
4 650 653 (2336.520020 -3255.313232 -12.464793 ) (2336.520020 -3241.976074 -3.553478 ) (2340.520020 -3241.957275 -3.539039 ) (2340.520020 -3255.312988 -12.462825 ) 
4 650 652 (2336.520020 -3271.069092 -22.992207 ) (2336.520020 -3255.313232 -12.464793 ) (2340.520020 -3255.312988 -12.462825 ) (2340.520020 -3271.070068 -22.990959 ) 
4 650 651 (2340.520020 -3288 -34.302788 ) (2336.520020 -3288 -34.304688 ) (2336.520020 -3271.069092 -22.992207 ) (2340.520020 -3271.070068 -22.990959 ) 
3 650 657 (2336.520020 -3288 -34.303009 ) (2336.520020 -3288 -1.148438 ) (2336.520020 -3217.340088 12.908382 ) 
4 651 669 (2340.520020 -3263.718506 -59.923103 ) (2340.520020 -3276.132568 -59.923103 ) (2336.520020 -3276.131348 -59.923103 ) (2336.520020 -3263.717773 -59.923103 ) 
4 651 668 (2340.520020 -3276.132568 -59.923103 ) (2340.520020 -3288 -59.923103 ) (2336.520020 -3288 -59.923103 ) (2336.520020 -3276.131348 -59.923103 ) 
4 651 652 (2336.520020 -3264.239990 -57.300945 ) (2336.520020 -3271.069824 -22.989073 ) (2340.520020 -3271.070801 -22.987831 ) (2340.520020 -3264.240479 -57.302197 ) 
4 651 657 (2336.520020 -3263.717773 -59.923103 ) (2336.520020 -3288 -59.923103 ) (2336.520020 -3288 -34.303009 ) (2336.520020 -3271.069336 -22.990837 ) 
4 652 653 (2336.520020 -3258.449463 -28.215948 ) (2336.520020 -3255.312988 -12.462240 ) (2340.520020 -3255.312744 -12.460234 ) (2340.520020 -3258.453613 -28.236120 ) 
3 652 657 (2336.520020 -3264.239746 -57.300312 ) (2336.520020 -3271.069336 -22.990837 ) (2336.520020 -3255.312988 -12.463198 ) 
3 653 657 (2336.520020 -3258.449219 -28.215239 ) (2336.520020 -3255.312988 -12.463198 ) (2336.520020 -3241.974854 -3.551348 ) 
4 654 655 (2336.520020 -3134.509277 -3.552332 ) (2336.520020 -3105.419922 -22.985346 ) (2340.520020 -3105.419922 -22.985088 ) (2340.520020 -3134.509033 -3.552206 ) 
4 654 657 (2336.520020 -3104 1.941406 ) (2336.520020 -3104 -15.835449 ) (2336.520020 -3105.421387 -22.988430 ) (2336.520020 -3159.167236 12.916502 ) 
4 655 656 (2336.520020 -3109.107666 -41.544182 ) (2340.520020 -3109.107666 -41.543556 ) (2340.520020 -3118.020752 -28.213142 ) (2336.520020 -3118.020752 -28.213694 ) 
3 655 657 (2336.520020 -3105.421387 -22.988430 ) (2336.520020 -3109.108154 -41.541264 ) (2336.520020 -3134.504395 -3.559456 ) 
3 656 657 (2336.520020 -3109.108154 -41.541264 ) (2336.520020 -3112.240234 -57.302673 ) (2336.520020 -3118.021240 -28.211136 ) 
4 657 677 (2048 -3264 -59.923103 ) (2048 -3288 -59.923103 ) (2048 -3288 -22.603500 ) (2048 -3264 -22.603500 ) 
4 657 676 (2048 -3288 -22.603500 ) (2048 -3288 -1.141376 ) (2048 -3264 3.633123 ) (2048 -3264 -22.603500 ) 
5 657 675 (2048 -3104 -59.923103 ) (2048 -3264 -59.923103 ) (2048 -3264 3.633123 ) (2048 -3188.658691 18.621332 ) (2048 -3104 1.777550 ) 
4 657 670 (2048 -3288 -59.923103 ) (2048 -3104 -59.923103 ) (2336.520020 -3104 -59.923103 ) (2336.520020 -3288 -59.923103 ) 
4 657 658 (2336.520020 -3288 -32 ) (2336.520020 -3288 -1.148337 ) (2048 -3288 -1.141114 ) (2048 -3288 -32 ) 
4 658 678 (2048 -3312 -32 ) (2048 -3312 -22.603500 ) (2048 -3288 -22.603500 ) (2048 -3288 -32 ) 
4 658 676 (2048 -3312 -22.603500 ) (2048 -3312 -5.915874 ) (2048 -3288 -1.141376 ) (2048 -3288 -22.603500 ) 
4 660 671 (3072 -3312 -144 ) (2536 -3312 -144 ) (2536 -3308 -144 ) (3072 -3308 -144 ) 
3 661 669 (2340.520020 -3276.132568 -59.923103 ) (2340.520020 -3263.718750 -59.923103 ) (2340.520020 -3258.450439 -86.390030 ) 
4 661 668 (2340.520020 -3288 -80.299576 ) (2340.520020 -3288 -59.923103 ) (2340.520020 -3276.132568 -59.923103 ) (2340.520020 -3241.977539 -111.046646 ) 
3 661 667 (2340.520020 -3288 -113.453949 ) (2340.520020 -3288 -80.299576 ) (2340.520020 -3217.326660 -127.515663 ) 
4 661 666 (2340.520020 -3241.997314 -144 ) (2340.520020 -3288 -144 ) (2340.520020 -3288 -113.453949 ) (2340.520020 -3188.237305 -133.303497 ) 
3 661 665 (2340.520020 -3183.831787 -144 ) (2340.520020 -3241.997314 -144 ) (2340.520020 -3159.160156 -127.518066 ) 
3 661 664 (2340.520020 -3156.531738 -144 ) (2340.520020 -3183.831787 -144 ) (2340.520020 -3134.502686 -111.045708 ) 
3 661 663 (2340.520020 -3129.468994 -144 ) (2340.520020 -3156.531738 -144 ) (2340.520020 -3118.020508 -86.389404 ) 
4 661 662 (2340.520020 -3104 -59.923103 ) (2340.520020 -3104 -144 ) (2340.520020 -3129.468994 -144 ) (2340.520020 -3112.761230 -59.923103 ) 
4 662 663 (2336.520020 -3118.021484 -86.394836 ) (2336.520020 -3129.468506 -144 ) (2340.520020 -3129.469238 -144 ) (2340.520020 -3118.020996 -86.390030 ) 
4 662 670 (2336.520020 -3104 -59.923103 ) (2336.520020 -3104 -144 ) (2336.520020 -3129.468750 -144 ) (2336.520020 -3112.760986 -59.923103 ) 
4 663 664 (2340.520020 -3156.530273 -144 ) (2340.520020 -3134.500000 -111.044121 ) (2336.520020 -3134.500488 -111.049393 ) (2336.520020 -3156.527100 -144 ) 
3 663 670 (2336.520020 -3129.468750 -144 ) (2336.520020 -3156.528809 -144 ) (2336.520020 -3118.021484 -86.395035 ) 
4 664 665 (2336.520020 -3159.146973 -127.516479 ) (2336.520020 -3183.821289 -144 ) (2340.520020 -3183.827637 -144 ) (2340.520020 -3159.154785 -127.516968 ) 
3 664 670 (2336.520020 -3156.528809 -144 ) (2336.520020 -3183.824219 -144 ) (2336.520020 -3134.503662 -111.051460 ) 
4 665 666 (2336.520020 -3188.236572 -133.303680 ) (2336.520020 -3241.995605 -144 ) (2340.520020 -3242 -144 ) (2340.520020 -3188.239014 -133.303146 ) 
3 665 670 (2336.520020 -3183.824219 -144 ) (2336.520020 -3241.992432 -144 ) (2336.520020 -3159.151367 -127.517288 ) 
4 666 667 (2336.520020 -3217.326172 -127.515907 ) (2336.520020 -3288 -113.454117 ) (2340.520020 -3288 -113.454102 ) (2340.520020 -3217.326172 -127.515884 ) 
4 666 670 (2336.520020 -3241.992432 -144 ) (2336.520020 -3288 -144 ) (2336.520020 -3288 -113.453949 ) (2336.520020 -3188.234863 -133.303986 ) 
4 667 668 (2336.520020 -3241.977295 -111.045135 ) (2336.520020 -3288 -80.297958 ) (2340.520020 -3288 -80.296875 ) (2340.520020 -3241.979980 -111.043091 ) 
3 667 670 (2336.520020 -3288 -113.453949 ) (2336.520020 -3288 -80.299576 ) (2336.520020 -3217.326416 -127.515701 ) 
4 668 669 (2340.520020 -3276.135010 -59.923103 ) (2340.520020 -3258.449463 -86.393776 ) (2336.520020 -3258.449219 -86.391190 ) (2336.520020 -3276.132324 -59.923103 ) 
4 668 670 (2336.520020 -3288 -80.299576 ) (2336.520020 -3288 -59.923103 ) (2336.520020 -3276.131348 -59.923103 ) (2336.520020 -3241.974854 -111.048325 ) 
3 669 670 (2336.520020 -3276.131348 -59.923103 ) (2336.520020 -3263.718018 -59.923103 ) (2336.520020 -3258.449707 -86.388741 ) 
4 670 683 (2048 -3264 -144 ) (2048 -3288 -144 ) (2048 -3288 -59.923103 ) (2048 -3264 -59.923103 ) 
4 670 681 (2048 -3104 -144 ) (2048 -3264 -144 ) (2048 -3264 -59.923103 ) (2048 -3104 -59.923103 ) 
4 671 672 (2536 -3308 -256 ) (2536 -3312 -256 ) (2536 -3312 -163.395004 ) (2536 -3308 -163.395004 ) 
4 672 684 (2048 -3308 -256 ) (2048 -3312 -256 ) (2048 -3312 -163.395004 ) (2048 -3308 -163.395004 ) 
4 673 675 (2048 -3104 648 ) (1864 -3104 648 ) (1864 -3104 -6 ) (2048 -3104 -6 ) 
4 673 674 (1864 -3104 -6 ) (1864 -3104 648 ) (1864 -3072 648 ) (1864 -3072 -6 ) 
4 674 682 (1408 -3072 -59.923103 ) (1864 -3072 -59.923103 ) (1864 -3104 -59.923103 ) (1408 -3104 -59.923103 ) 
4 674 679 (1408 -3072 -59.923103 ) (1408 -3104 -59.923103 ) (1408 -3104 648 ) (1408 -3072 648 ) 
4 674 675 (1864 -3104 648 ) (1408 -3104 648 ) (1408 -3104 -59.923103 ) (1864 -3104 -59.923103 ) 
4 675 681 (2048 -3104 -59.923103 ) (2048 -3264 -59.923103 ) (1864 -3264 -59.923103 ) (1864 -3104 -59.923103 ) 
4 675 682 (1864 -3264 -59.923103 ) (1408 -3264 -59.923103 ) (1408 -3104 -59.923103 ) (1864 -3104 -59.923103 ) 
4 675 679 (1408 -3104 -59.923103 ) (1408 -3264 -59.923103 ) (1408 -3264 648 ) (1408 -3104 648 ) 
4 675 677 (1472 -3264 -59.923103 ) (2048 -3264 -59.923103 ) (2048 -3264 -22.603500 ) (1472 -3264 -22.603500 ) 
4 675 676 (2048 -3264 648 ) (1408 -3264 648 ) (1408 -3264 -22.603500 ) (2048 -3264 -22.603500 ) 
4 676 680 (1408 -3312 -22.603500 ) (1408 -3312 648 ) (1408 -3288 648 ) (1408 -3288 -22.603500 ) 
4 676 679 (1408 -3288 648 ) (1408 -3264 648 ) (1408 -3264 -22.603500 ) (1408 -3288 -22.603500 ) 
4 676 678 (2048 -3312 -22.603500 ) (1472 -3312 -22.603500 ) (1472 -3288 -22.603500 ) (2048 -3288 -22.603500 ) 
4 676 677 (1472 -3264 -22.603500 ) (2048 -3264 -22.603500 ) (2048 -3288 -22.603500 ) (1472 -3288 -22.603500 ) 
4 677 683 (2048 -3264 -59.923103 ) (2048 -3288 -59.923103 ) (1472 -3288 -59.923103 ) (1472 -3264 -59.923103 ) 
4 677 678 (2048 -3288 -22.603500 ) (1472 -3288 -22.603500 ) (1472 -3288 -32 ) (2048 -3288 -32 ) 
4 679 687 (1024 -3072 648 ) (1024 -3072 -59.923103 ) (1024 -3288 -59.923103 ) (1024 -3288 648 ) 
4 679 685 (1024 -3288 -59.923103 ) (1024 -3072 -59.923103 ) (1408 -3072 -59.923103 ) (1408 -3288 -59.923103 ) 
4 679 680 (1408 -3288 -32 ) (1408 -3288 648 ) (1024 -3288 648 ) (1024 -3288 -32 ) 
4 680 688 (1024 -3312 -32 ) (1024 -3312 648 ) (1024 -3288 648 ) (1024 -3288 -32 ) 
4 681 683 (1864 -3264 -144 ) (2048 -3264 -144 ) (2048 -3264 -59.923103 ) (1864 -3264 -59.923103 ) 
4 681 682 (1864 -3104 -144 ) (1864 -3264 -144 ) (1864 -3264 -59.923103 ) (1864 -3104 -59.923103 ) 
4 682 685 (1408 -3264 -59.923103 ) (1408 -3072 -59.923103 ) (1408 -3072 -144 ) (1408 -3264 -144 ) 
4 682 683 (1472 -3264 -144 ) (1864 -3264 -144 ) (1864 -3264 -59.923103 ) (1472 -3264 -59.923103 ) 
4 684 686 (1408 -3308 -256 ) (1408 -3312 -256 ) (1408 -3312 -163.395004 ) (1408 -3308 -163.395004 ) 
4 685 695 (1024 -3072 -59.923103 ) (1024 -3072 -144 ) (1024 -3288 -144 ) (1024 -3288 -59.923103 ) 
4 686 696 (1024 -3308 -256 ) (1024 -3312 -256 ) (1024 -3312 -163.395004 ) (1024 -3308 -163.395004 ) 
4 687 695 (1024 -3072 -59.923103 ) (1024 -3288 -59.923103 ) (640 -3288 -59.923103 ) (640 -3072 -59.923103 ) 
4 687 692 (640 -3288 -22.603500 ) (640 -3288 648 ) (640 -3264 648 ) (640 -3264 -22.603500 ) 
4 687 691 (640 -3104 -59.923103 ) (640 -3264 -59.923103 ) (640 -3264 648 ) (640 -3104 648 ) 
4 687 689 (640 -3072 -59.923103 ) (640 -3104 -59.923103 ) (640 -3104 648 ) (640 -3072 648 ) 
4 687 688 (1024 -3288 648 ) (640 -3288 648 ) (640 -3288 -32 ) (1024 -3288 -32 ) 
4 688 692 (640 -3312 -22.603500 ) (640 -3312 648 ) (640 -3288 648 ) (640 -3288 -22.603500 ) 
4 689 697 (128 -3072 -59.923103 ) (640 -3072 -59.923103 ) (640 -3104 -59.923103 ) (128 -3104 -59.923103 ) 
4 689 691 (128 -3104 -59.923103 ) (640 -3104 -59.923103 ) (640 -3104 648 ) (128 -3104 648 ) 
4 689 690 (128 -3104 0 ) (128 -3104 648 ) (128 -3072 648 ) (128 -3072 0 ) 
4 690 971 (0 -3072 224 ) (0 -3072 0 ) (0 -3104 0 ) (0 -3104 224 ) 
4 690 963 (0 -3072 264 ) (0 -3072 224 ) (0 -3104 224 ) (0 -3104 264 ) 
4 690 958 (0 -3072 648 ) (0 -3072 264 ) (0 -3104 264 ) (0 -3104 648 ) 
4 690 691 (128 -3104 0 ) (128 -3104 648 ) (0 -3104 648 ) (0 -3104 0 ) 
4 691 974 (0 -3104 -59.923103 ) (0 -3264 -59.923103 ) (0 -3264 0 ) (0 -3104 0 ) 
4 691 971 (0 -3264 0 ) (0 -3264 224 ) (0 -3104 224 ) (0 -3104 0 ) 
4 691 963 (0 -3264 224 ) (0 -3264 264 ) (0 -3104 264 ) (0 -3104 224 ) 
4 691 958 (0 -3264 264 ) (0 -3264 648 ) (0 -3104 648 ) (0 -3104 264 ) 
4 691 698 (0 -3264 -59.923103 ) (0 -3104 -59.923103 ) (128 -3104 -59.923103 ) (128 -3264 -59.923103 ) 
4 691 697 (128 -3104 -59.923103 ) (640 -3104 -59.923103 ) (640 -3264 -59.923103 ) (128 -3264 -59.923103 ) 
4 691 693 (0 -3264 -59.923103 ) (576 -3264 -59.923103 ) (576 -3264 -22.603500 ) (0 -3264 -22.603500 ) 
4 691 692 (640 -3264 -22.603500 ) (640 -3264 648 ) (0 -3264 648 ) (0 -3264 -22.603500 ) 
4 692 975 (0 -3312 -22.603500 ) (0 -3312 0 ) (0 -3288 0 ) (0 -3288 -22.603500 ) 
4 692 974 (0 -3288 0 ) (0 -3264 0 ) (0 -3264 -22.603500 ) (0 -3288 -22.603500 ) 
4 692 973 (0 -3312 0 ) (0 -3312 224 ) (0 -3305 224 ) (0 -3305 0 ) 
4 692 971 (0 -3305 224 ) (0 -3264 224 ) (0 -3264 0 ) (0 -3305 0 ) 
4 692 963 (0 -3312 224 ) (0 -3312 264 ) (0 -3264 264 ) (0 -3264 224 ) 
4 692 958 (0 -3312 264 ) (0 -3312 648 ) (0 -3264 648 ) (0 -3264 264 ) 
4 692 694 (576 -3312 -22.603500 ) (0 -3312 -22.603500 ) (0 -3288 -22.603500 ) (576 -3288 -22.603500 ) 
4 692 693 (0 -3264 -22.603500 ) (576 -3264 -22.603500 ) (576 -3288 -22.603500 ) (0 -3288 -22.603500 ) 
4 693 974 (0 -3264 -59.923103 ) (0 -3288 -59.923103 ) (0 -3288 -22.603500 ) (0 -3264 -22.603500 ) 
4 693 699 (0 -3288 -59.923103 ) (0 -3264 -59.923103 ) (576 -3264 -59.923103 ) (576 -3288 -59.923103 ) 
4 693 694 (576 -3288 -32 ) (576 -3288 -22.603500 ) (0 -3288 -22.603500 ) (0 -3288 -32 ) 
4 694 975 (0 -3312 -32 ) (0 -3312 -22.603500 ) (0 -3288 -22.603500 ) (0 -3288 -32 ) 
4 695 697 (640 -3264 -59.923103 ) (640 -3072 -59.923103 ) (640 -3072 -144 ) (640 -3264 -144 ) 
4 696 700 (640 -3308 -256 ) (640 -3312 -256 ) (640 -3312 -163.395004 ) (640 -3308 -163.395004 ) 
4 697 699 (128 -3264 -144 ) (576 -3264 -144 ) (576 -3264 -59.923103 ) (128 -3264 -59.923103 ) 
4 697 698 (128 -3104 -144 ) (128 -3264 -144 ) (128 -3264 -59.923103 ) (128 -3104 -59.923103 ) 
4 698 980 (0 -3264 -59.923103 ) (0 -3104 -59.923103 ) (0 -3104 -144 ) (0 -3264 -144 ) 
4 698 699 (0 -3264 -144 ) (128 -3264 -144 ) (128 -3264 -59.923103 ) (0 -3264 -59.923103 ) 
4 699 980 (0 -3288 -59.923103 ) (0 -3264 -59.923103 ) (0 -3264 -144 ) (0 -3288 -144 ) 
4 700 981 (0 -3312 -256 ) (0 -3312 -163.395004 ) (0 -3308 -163.395004 ) (0 -3308 -256 ) 
4 701 718 (-160 544 648 ) (-160 550 648 ) (-160 550 160 ) (-160 544 160 ) 
4 701 710 (-160 544 160 ) (-160 550 160 ) (-152 550 160 ) (-152 544 160 ) 
4 701 705 (-152 550 160 ) (0 550 160 ) (0 544 160 ) (-152 544 160 ) 
4 701 703 (0 544 256 ) (0 544 392 ) (-128 544 392 ) (-128 544 256 ) 
4 701 704 (-160 544 160 ) (-128 544 160 ) (-128 544 392 ) (-160 544 392 ) 
4 701 702 (0 544 400 ) (0 544 648 ) (-160 544 648 ) (-160 544 400 ) 
4 702 749 (0 0 400 ) (0 0 648 ) (-160 0 648 ) (-160 0 400 ) 
4 702 719 (-160 0 400 ) (-160 0 648 ) (-160 544 648 ) (-160 544 400 ) 
4 703 704 (-128 536 256 ) (-128 536 392 ) (-128 544 392 ) (-128 544 256 ) 
4 705 713 (0 550 0 ) (0 544 0 ) (-152 544 0 ) (-152 550 0 ) 
4 705 710 (-152 550 0 ) (-152 544 0 ) (-152 544 160 ) (-152 550 160 ) 
4 706 711 (-152 440 0 ) (-152 392 0 ) (-152 392 108 ) (-152 440 108 ) 
4 707 756 (0 0 0 ) (0 0 160 ) (-128 0 160 ) (-128 0 0 ) 
4 707 715 (0 176 0 ) (0 0 0 ) (-128 0 0 ) (-128 176 0 ) 
4 707 714 (0 240 0 ) (0 176 0 ) (-128 176 0 ) (-128 240 0 ) 
4 707 709 (-128 0 108 ) (-128 0 160 ) (-128 224 160 ) (-128 224 108 ) 
4 707 708 (-128 240 160 ) (-128 240 0 ) (-128 224 0 ) (-128 224 160 ) 
4 708 714 (-152 224 0 ) (-152 240 0 ) (-128 240 0 ) (-128 224 0 ) 
4 708 709 (-152 224 160 ) (-152 224 108 ) (-128 224 108 ) (-128 224 160 ) 
4 709 757 (-128 0 160 ) (-152 0 160 ) (-152 0 108 ) (-128 0 108 ) 
4 710 718 (-160 544 160 ) (-160 550 160 ) (-160 550 0 ) (-160 544 0 ) 
4 710 713 (-160 544 0 ) (-160 550 0 ) (-152 550 0 ) (-152 544 0 ) 
4 711 724 (-160 440 108 ) (-160 440 0 ) (-160 392 0 ) (-160 392 108 ) 
4 712 724 (-160 168 108 ) (-160 168 0 ) (-160 120 0 ) (-160 120 108 ) 
4 713 721 (-160 512 0 ) (-160 544 0 ) (-160 544 -32 ) (-160 512 -32 ) 
4 713 718 (-160 544 0 ) (-160 550 0 ) (-160 550 -32 ) (-160 544 -32 ) 
4 713 717 (-160 512 -32 ) (-160 550 -32 ) (0 550 -32 ) (0 512 -32 ) 
4 714 715 (-152 176 -32 ) (0 176 -32 ) (0 176 0 ) (-152 176 0 ) 
4 714 717 (-160 176 -32 ) (-160 240 -32 ) (0 240 -32 ) (0 176 -32 ) 
4 715 772 (0 0 -32 ) (0 0 0 ) (-152 0 0 ) (-152 0 -32 ) 
4 715 716 (-152 112 -32 ) (-152 0 -32 ) (-152 0 0 ) (-152 112 0 ) 
4 715 717 (0 0 -32 ) (-152 0 -32 ) (-152 176 -32 ) (0 176 -32 ) 
4 716 773 (-152 0 0 ) (-160 0 0 ) (-160 0 -32 ) (-152 0 -32 ) 
4 716 717 (-152 0 -32 ) (-160 0 -32 ) (-160 112 -32 ) (-152 112 -32 ) 
4 717 785 (0 0 -256 ) (0 0 -32 ) (-160 0 -32 ) (-160 0 -256 ) 
4 717 726 (-160 0 -256 ) (-160 0 -32 ) (-160 512 -32 ) (-160 512 -256 ) 
4 717 721 (-160 512 -32 ) (-160 544 -32 ) (-160 544 -256 ) (-160 512 -256 ) 
4 717 718 (-160 544 -32 ) (-160 550 -32 ) (-160 550 -256 ) (-160 544 -256 ) 
4 718 734 (-480 550 -256 ) (-480 544 -256 ) (-480 544 0 ) (-480 550 0 ) 
4 718 730 (-480 544 0 ) (-480 544 160 ) (-480 550 160 ) (-480 550 0 ) 
4 718 729 (-480 544 160 ) (-480 544 392 ) (-480 550 392 ) (-480 550 160 ) 
4 718 727 (-480 544 392 ) (-480 544 648 ) (-480 550 648 ) (-480 550 392 ) 
4 718 723 (-480 544 0 ) (-480 544 -256 ) (-448 544 -256 ) (-448 544 0 ) 
4 718 722 (-448 544 -256 ) (-192 544 -256 ) (-192 544 -24 ) (-448 544 -24 ) 
4 718 721 (-192 544 -256 ) (-160 544 -256 ) (-160 544 0 ) (-192 544 0 ) 
4 718 719 (-480 544 648 ) (-480 544 400 ) (-160 544 400 ) (-160 544 648 ) 
4 719 749 (-160 0 400 ) (-160 0 648 ) (-480 0 648 ) (-480 0 400 ) 
4 719 728 (-480 0 400 ) (-480 0 648 ) (-480 544 648 ) (-480 544 400 ) 
4 719 720 (-168 504 400 ) (-168 0 400 ) (-472 0 400 ) (-472 504 400 ) 
4 720 750 (-168 0 400 ) (-472 0 400 ) (-472 0 392 ) (-168 0 392 ) 
4 720 724 (-168 504 392 ) (-168 0 392 ) (-472 0 392 ) (-472 504 392 ) 
4 721 726 (-160 512 -256 ) (-160 512 -32 ) (-192 512 -32 ) (-192 512 -256 ) 
4 721 722 (-192 512 -256 ) (-192 512 -24 ) (-192 544 -24 ) (-192 544 -256 ) 
4 722 726 (-448 512 -32 ) (-448 512 -256 ) (-192 512 -256 ) (-192 512 -32 ) 
4 722 725 (-416 512 -32 ) (-232 512 -32 ) (-232 512 -24 ) (-416 512 -24 ) 
4 722 723 (-448 512 -256 ) (-448 512 -24 ) (-448 544 -24 ) (-448 544 -256 ) 
4 723 734 (-480 512 -256 ) (-480 512 0 ) (-480 544 0 ) (-480 544 -256 ) 
4 723 726 (-480 512 -32 ) (-480 512 -256 ) (-448 512 -256 ) (-448 512 -32 ) 
4 724 759 (-160 0 0 ) (-160 0 384 ) (-480 0 384 ) (-480 0 0 ) 
4 724 752 (-160 0 384 ) (-160 0 392 ) (-480 0 392 ) (-480 0 384 ) 
4 724 732 (-480 168 108 ) (-480 168 0 ) (-480 120 0 ) (-480 120 108 ) 
4 724 731 (-480 440 108 ) (-480 440 0 ) (-480 392 0 ) (-480 392 108 ) 
4 724 725 (-416 512 0 ) (-232 512 0 ) (-232 0 0 ) (-416 0 0 ) 
4 725 775 (-232 0 0 ) (-416 0 0 ) (-416 0 -32 ) (-232 0 -32 ) 
4 725 726 (-416 512 -32 ) (-232 512 -32 ) (-232 0 -32 ) (-416 0 -32 ) 
4 726 785 (-160 0 -256 ) (-160 0 -32 ) (-480 0 -32 ) (-480 0 -256 ) 
4 726 735 (-480 0 -256 ) (-480 0 -32 ) (-480 512 -32 ) (-480 512 -256 ) 
4 727 737 (-1024 550 392 ) (-1024 544 392 ) (-1024 544 648 ) (-1024 550 648 ) 
4 727 729 (-480 550 392 ) (-480 544 392 ) (-1024 544 392 ) (-1024 550 392 ) 
4 727 728 (-480 544 400 ) (-480 544 648 ) (-1024 544 648 ) (-1024 544 400 ) 
4 728 749 (-480 0 400 ) (-480 0 648 ) (-1024 0 648 ) (-1024 0 400 ) 
4 728 740 (-1024 0 400 ) (-1024 0 648 ) (-1024 536 648 ) (-1024 536 400 ) 
4 728 738 (-1024 536 648 ) (-1024 544 648 ) (-1024 544 400 ) (-1024 536 400 ) 
4 729 739 (-1024 544 160 ) (-1024 536 160 ) (-1024 536 392 ) (-1024 544 392 ) 
4 729 737 (-1024 550 160 ) (-1024 544 160 ) (-1024 544 392 ) (-1024 550 392 ) 
4 729 733 (-488 536 160 ) (-1024 536 160 ) (-1024 550 160 ) (-488 550 160 ) 
4 729 730 (-480 550 160 ) (-480 536 160 ) (-488 536 160 ) (-488 550 160 ) 
4 730 734 (-480 550 0 ) (-480 512 0 ) (-488 512 0 ) (-488 550 0 ) 
4 730 733 (-488 550 0 ) (-488 512 0 ) (-488 512 160 ) (-488 550 160 ) 
4 731 733 (-488 440 0 ) (-488 392 0 ) (-488 392 108 ) (-488 440 108 ) 
4 732 733 (-488 168 0 ) (-488 120 0 ) (-488 120 108 ) (-488 168 108 ) 
4 733 765 (-488 0 160 ) (-1024 0 160 ) (-1024 0 0 ) (-488 0 0 ) 
4 733 741 (-1024 536 0 ) (-1024 0 0 ) (-1024 0 160 ) (-1024 536 160 ) 
4 733 739 (-1024 544 0 ) (-1024 536 0 ) (-1024 536 160 ) (-1024 544 160 ) 
4 733 737 (-1024 550 0 ) (-1024 544 0 ) (-1024 544 160 ) (-1024 550 160 ) 
4 733 734 (-524 550 0 ) (-488 550 0 ) (-488 512 0 ) (-524 512 0 ) 
4 733 736 (-1024 0 0 ) (-1024 550 0 ) (-524 550 0 ) (-524 0 0 ) 
4 734 735 (-524 512 -32 ) (-524 512 -256 ) (-480 512 -256 ) (-480 512 -32 ) 
4 734 736 (-524 550 0 ) (-524 550 -256 ) (-524 512 -256 ) (-524 512 0 ) 
4 735 785 (-480 0 -256 ) (-480 0 -32 ) (-524 0 -32 ) (-524 0 -256 ) 
4 735 736 (-524 512 -256 ) (-524 0 -256 ) (-524 0 -32 ) (-524 512 -32 ) 
4 736 785 (-1024 0 -32 ) (-1024 0 -256 ) (-524 0 -256 ) (-524 0 -32 ) 
4 736 776 (-524 0 0 ) (-1024 0 0 ) (-1024 0 -32 ) (-524 0 -32 ) 
4 736 741 (-1024 536 -256 ) (-1024 0 -256 ) (-1024 0 0 ) (-1024 536 0 ) 
4 736 739 (-1024 544 -256 ) (-1024 536 -256 ) (-1024 536 0 ) (-1024 544 0 ) 
4 736 737 (-1024 550 -256 ) (-1024 544 -256 ) (-1024 544 0 ) (-1024 550 0 ) 
4 737 745 (-1376 544 1767.060059 ) (-1376 550 1767.060059 ) (-1376 550 -256 ) (-1376 544 -256 ) 
4 737 738 (-1024 544 400 ) (-1024 544 1767.060059 ) (-1376 544 1767.060059 ) (-1376 544 400 ) 
4 737 739 (-1376 544 -256 ) (-1024 544 -256 ) (-1024 544 392 ) (-1376 544 392 ) 
4 738 745 (-1376 536 1767.060059 ) (-1376 544 1767.060059 ) (-1376 544 400 ) (-1376 536 400 ) 
4 738 740 (-1024 536 400 ) (-1024 536 1767.060059 ) (-1376 536 1767.060059 ) (-1376 536 400 ) 
4 739 745 (-1376 544 392 ) (-1376 544 -256 ) (-1376 536 -256 ) (-1376 536 392 ) 
4 739 744 (-1376 536 -256 ) (-1184 536 -256 ) (-1184 536 160 ) (-1376 536 160 ) 
4 739 742 (-1184 536 -256 ) (-1152 536 -256 ) (-1152 536 160 ) (-1184 536 160 ) 
4 739 741 (-1152 536 -256 ) (-1024 536 -256 ) (-1024 536 160 ) (-1152 536 160 ) 
4 740 786 (-1024 0 400 ) (-1024 0 1767.060059 ) (-1376 0 1767.060059 ) (-1376 0 400 ) 
4 740 746 (-1376 0 400 ) (-1376 0 1767.060059 ) (-1376 32 1767.060059 ) (-1376 32 400 ) 
4 740 745 (-1376 32 1767.060059 ) (-1376 536 1767.060059 ) (-1376 536 400 ) (-1376 32 400 ) 
4 741 804 (-1024 0 -256 ) (-1024 0 -32 ) (-1152 0 -32 ) (-1152 0 -256 ) 
4 741 801 (-1024 0 -32 ) (-1024 0 0 ) (-1088 0 0 ) (-1088 0 -32 ) 
4 741 803 (-1088 0 0 ) (-1152 0 0 ) (-1152 0 -32 ) (-1088 0 -32 ) 
4 741 793 (-1024 0 0 ) (-1024 0 160 ) (-1152 0 160 ) (-1152 0 0 ) 
4 741 743 (-1152 32 -256 ) (-1152 0 -256 ) (-1152 0 0 ) (-1152 32 0 ) 
4 741 742 (-1152 536 160 ) (-1152 536 -256 ) (-1152 32 -256 ) (-1152 32 160 ) 
4 742 744 (-1184 536 160 ) (-1184 536 -256 ) (-1184 32 -256 ) (-1184 32 160 ) 
4 742 743 (-1184 32 0 ) (-1184 32 -256 ) (-1152 32 -256 ) (-1152 32 0 ) 
4 743 804 (-1184 0 -32 ) (-1184 0 -256 ) (-1152 0 -256 ) (-1152 0 -32 ) 
4 743 803 (-1184 0 0 ) (-1184 0 -32 ) (-1152 0 -32 ) (-1152 0 0 ) 
4 743 744 (-1184 32 0 ) (-1184 32 -256 ) (-1184 0 -256 ) (-1184 0 0 ) 
4 744 804 (-1376 0 -32 ) (-1376 0 -256 ) (-1184 0 -256 ) (-1184 0 -32 ) 
4 744 803 (-1376 0 0 ) (-1376 0 -32 ) (-1184 0 -32 ) (-1184 0 0 ) 
4 744 794 (-1372 0 0 ) (-1184 0 0 ) (-1184 0 160 ) (-1372 0 160 ) 
4 744 797 (-1376 0 160 ) (-1376 0 0 ) (-1372 0 0 ) (-1372 0 160 ) 
4 744 747 (-1376 0 -256 ) (-1376 0 160 ) (-1376 32 160 ) (-1376 32 -256 ) 
4 744 745 (-1376 32 160 ) (-1376 536 160 ) (-1376 536 -256 ) (-1376 32 -256 ) 
4 745 746 (-1473 32 1767.060059 ) (-1473 32 264 ) (-1376 32 264 ) (-1376 32 1767.060059 ) 
4 745 747 (-1473 32 255 ) (-1473 32 -256 ) (-1376 32 -256 ) (-1376 32 255 ) 
4 745 748 (-1473 550 1767.060059 ) (-1473 550 -256 ) (-1473 32 -256 ) (-1473 32 1767.060059 ) 
4 746 798 (-1376 0 264 ) (-1376 0 392 ) (-1473 0 392 ) (-1473 0 264 ) 
4 746 788 (-1376 0 392 ) (-1376 0 1767.060059 ) (-1473 0 1767.060059 ) (-1473 0 392 ) 
4 746 748 (-1473 0 264 ) (-1473 0 1767.060059 ) (-1473 32 1767.060059 ) (-1473 32 264 ) 
4 747 804 (-1376 0 -256 ) (-1376 0 -32 ) (-1473 0 -32 ) (-1473 0 -256 ) 
4 747 803 (-1376 0 -32 ) (-1376 0 0 ) (-1473 0 0 ) (-1473 0 -32 ) 
4 747 799 (-1376 0 0 ) (-1376 0 255 ) (-1473 0 255 ) (-1473 0 0 ) 
4 747 748 (-1473 32 -256 ) (-1473 0 -256 ) (-1473 0 255 ) (-1473 32 255 ) 
4 748 879 (-2048 550 -256 ) (-2048 0 -256 ) (-2048 0 1767.060059 ) (-2048 550 1767.060059 ) 
4 748 804 (-2048 0 -32 ) (-2048 0 -256 ) (-1473 0 -256 ) (-1473 0 -32 ) 
4 748 803 (-2048 0 0 ) (-2048 0 -32 ) (-1473 0 -32 ) (-1473 0 0 ) 
4 748 800 (-2048 0 392 ) (-2048 0 0 ) (-1473 0 0 ) (-1473 0 392 ) 
4 748 788 (-1473 0 1767.060059 ) (-2048 0 1767.060059 ) (-2048 0 392 ) (-1473 0 392 ) 
4 749 845 (-800 -1024 648 ) (-840 -1024 648 ) (-840 -1024 400 ) (-800 -1024 400 ) 
4 749 847 (-840 -1024 648 ) (-1024 -1024 648 ) (-1024 -1024 400 ) (-840 -1024 400 ) 
4 749 806 (-444 -1024 648 ) (-800 -1024 648 ) (-800 -1024 400 ) (-444 -1024 400 ) 
4 749 805 (0 -1024 400 ) (0 -1024 648 ) (-444 -1024 648 ) (-444 -1024 400 ) 
4 749 786 (-1024 -328 648 ) (-1024 0 648 ) (-1024 0 400 ) (-1024 -328 400 ) 
4 749 787 (-1024 -1024 400 ) (-1024 -1024 648 ) (-1024 -328 648 ) (-1024 -328 400 ) 
4 749 750 (-472 0 400 ) (-168 0 400 ) (-168 -328 400 ) (-472 -328 400 ) 
4 749 751 (-1024 -1024 400 ) (-1024 -328 400 ) (0 -328 400 ) (0 -1024 400 ) 
4 750 754 (-444 -328 392 ) (-472 -328 392 ) (-472 -320 392 ) (-444 -320 392 ) 
4 750 753 (-168 -320 392 ) (-168 -328 392 ) (-444 -328 392 ) (-444 -320 392 ) 
4 750 752 (-472 0 392 ) (-168 0 392 ) (-168 -320 392 ) (-472 -320 392 ) 
4 750 751 (-472 -328 392 ) (-168 -328 392 ) (-168 -328 400 ) (-472 -328 400 ) 
4 751 845 (-800 -1024 400 ) (-840 -1024 400 ) (-840 -1024 392 ) (-800 -1024 392 ) 
4 751 847 (-840 -1024 400 ) (-1024 -1024 400 ) (-1024 -1024 392 ) (-840 -1024 392 ) 
4 751 806 (-444 -1024 400 ) (-800 -1024 400 ) (-800 -1024 392 ) (-444 -1024 392 ) 
4 751 805 (0 -1024 392 ) (0 -1024 400 ) (-444 -1024 400 ) (-444 -1024 392 ) 
4 751 787 (-1024 -1024 392 ) (-1024 -1024 400 ) (-1024 -328 400 ) (-1024 -328 392 ) 
4 751 754 (-840 -632 392 ) (-840 -328 392 ) (-444 -328 392 ) (-444 -632 392 ) 
4 751 753 (0 -1024 392 ) (-444 -1024 392 ) (-444 -328 392 ) (0 -328 392 ) 
4 751 755 (-840 -1024 392 ) (-1024 -1024 392 ) (-1024 -328 392 ) (-840 -328 392 ) 
4 752 759 (-480 0 384 ) (-160 0 384 ) (-160 -320 384 ) (-480 -320 384 ) 
4 752 754 (-480 -320 384 ) (-444 -320 384 ) (-444 -320 392 ) (-480 -320 392 ) 
4 752 753 (-444 -320 384 ) (-160 -320 384 ) (-160 -320 392 ) (-444 -320 392 ) 
4 753 805 (0 -1024 384 ) (0 -1024 392 ) (-444 -1024 392 ) (-444 -1024 384 ) 
4 753 761 (0 -640 384 ) (0 -656 384 ) (-444 -656 384 ) (-444 -640 384 ) 
4 753 760 (-444 -320 384 ) (0 -320 384 ) (0 -640 384 ) (-444 -640 384 ) 
4 753 762 (0 -656 384 ) (0 -1024 384 ) (-444 -1024 384 ) (-444 -656 384 ) 
4 753 754 (-444 -320 392 ) (-444 -320 384 ) (-444 -632 384 ) (-444 -632 392 ) 
4 754 764 (-840 -320 384 ) (-480 -320 384 ) (-480 -632 384 ) (-840 -632 384 ) 
4 754 763 (-480 -320 384 ) (-448 -320 384 ) (-448 -632 384 ) (-480 -632 384 ) 
4 754 760 (-448 -320 384 ) (-444 -320 384 ) (-444 -632 384 ) (-448 -632 384 ) 
4 754 755 (-840 -320 392 ) (-840 -320 384 ) (-840 -632 384 ) (-840 -632 392 ) 
4 755 847 (-840 -1024 392 ) (-1024 -1024 392 ) (-1024 -1024 384 ) (-840 -1024 384 ) 
4 755 789 (-1024 -1024 384 ) (-1024 -1024 392 ) (-1024 -320 392 ) (-1024 -320 384 ) 
4 755 771 (-1024 -1024 384 ) (-1024 -640 384 ) (-840 -640 384 ) (-840 -1024 384 ) 
4 755 764 (-1024 -640 384 ) (-1024 -320 384 ) (-840 -320 384 ) (-840 -640 384 ) 
4 756 772 (-128 0 0 ) (0 0 0 ) (0 -136 0 ) (-128 -136 0 ) 
4 756 757 (-128 -136 108 ) (-128 -136 160 ) (-128 0 160 ) (-128 0 108 ) 
4 758 773 (-152 -88 0 ) (-152 -96 0 ) (-160 -96 0 ) (-160 -88 0 ) 
4 758 759 (-160 -88 0 ) (-160 -136 0 ) (-160 -136 108 ) (-160 -88 108 ) 
4 759 775 (-416 0 0 ) (-232 0 0 ) (-232 -320 0 ) (-416 -320 0 ) 
4 759 766 (-480 -88 0 ) (-480 -136 0 ) (-480 -136 108 ) (-480 -88 108 ) 
4 759 763 (-480 -320 384 ) (-480 -320 0 ) (-448 -320 0 ) (-448 -320 384 ) 
4 759 760 (-448 -320 0 ) (-160 -320 0 ) (-160 -320 384 ) (-448 -320 384 ) 
4 760 778 (-448 -576 0 ) (-448 -384 0 ) (0 -384 0 ) (0 -576 0 ) 
4 760 777 (-448 -384 0 ) (-448 -320 0 ) (-232 -320 0 ) (-232 -384 0 ) 
4 760 763 (-448 -320 384 ) (-448 -320 0 ) (-448 -640 0 ) (-448 -640 384 ) 
4 760 761 (-448 -640 384 ) (-448 -640 20 ) (0 -640 20 ) (0 -640 384 ) 
4 761 762 (-448 -656 384 ) (-448 -656 20 ) (0 -656 20 ) (0 -656 384 ) 
4 762 820 (-192 -1024 176 ) (-448 -1024 176 ) (-448 -1024 0 ) (-192 -1024 0 ) 
4 762 818 (0 -1024 0 ) (0 -1024 176 ) (-192 -1024 176 ) (-192 -1024 0 ) 
4 762 808 (0 -1024 176 ) (0 -1024 384 ) (-196 -1024 384 ) (-196 -1024 176 ) 
4 762 810 (-196 -1024 384 ) (-448 -1024 384 ) (-448 -1024 176 ) (-196 -1024 176 ) 
4 762 782 (0 -1024 0 ) (-448 -1024 0 ) (-448 -656 0 ) (0 -656 0 ) 
4 763 778 (-480 -576 0 ) (-480 -384 0 ) (-448 -384 0 ) (-448 -576 0 ) 
4 763 777 (-480 -384 0 ) (-480 -320 0 ) (-448 -320 0 ) (-448 -384 0 ) 
4 763 768 (-480 -320 0 ) (-480 -640 0 ) (-480 -640 160 ) (-480 -320 160 ) 
4 763 764 (-480 -640 160 ) (-480 -640 384 ) (-480 -320 384 ) (-480 -320 160 ) 
4 764 791 (-1024 -320 255 ) (-1024 -320 160 ) (-1024 -640 160 ) (-1024 -640 255 ) 
4 764 790 (-1024 -320 264 ) (-1024 -320 255 ) (-1024 -640 255 ) (-1024 -640 264 ) 
4 764 789 (-1024 -640 384 ) (-1024 -320 384 ) (-1024 -320 264 ) (-1024 -640 264 ) 
4 764 771 (-832 -640 384 ) (-1024 -640 384 ) (-1024 -640 160 ) (-832 -640 160 ) 
4 764 769 (-666 -640 329 ) (-666 -640 265 ) (-610 -640 265 ) (-610 -640 329 ) 
4 764 768 (-480 -640 160 ) (-1024 -640 160 ) (-1024 -320 160 ) (-480 -320 160 ) 
4 765 793 (-1024 0 160 ) (-1024 0 0 ) (-1024 -88 0 ) (-1024 -88 160 ) 
4 765 776 (-1024 -88 0 ) (-1024 0 0 ) (-524 0 0 ) (-524 -88 0 ) 
4 765 767 (-1024 -88 0 ) (-488 -88 0 ) (-488 -88 160 ) (-1024 -88 160 ) 
4 766 767 (-488 -88 108 ) (-488 -88 0 ) (-488 -136 0 ) (-488 -136 108 ) 
4 767 793 (-1024 -88 0 ) (-1024 -136 0 ) (-1024 -136 160 ) (-1024 -88 160 ) 
4 767 776 (-1024 -136 0 ) (-1024 -88 0 ) (-524 -88 0 ) (-524 -136 0 ) 
4 768 795 (-1024 -320 0 ) (-1024 -640 0 ) (-1024 -640 160 ) (-1024 -320 160 ) 
4 768 781 (-1024 -640 0 ) (-1024 -576 0 ) (-832 -576 0 ) (-832 -640 0 ) 
4 768 779 (-832 -384 0 ) (-704 -384 0 ) (-704 -576 0 ) (-832 -576 0 ) 
4 768 778 (-704 -384 0 ) (-480 -384 0 ) (-480 -576 0 ) (-704 -576 0 ) 
4 768 780 (-1024 -576 0 ) (-1024 -384 0 ) (-832 -384 0 ) (-832 -576 0 ) 
4 768 777 (-1024 -384 0 ) (-1024 -320 0 ) (-480 -320 0 ) (-480 -384 0 ) 
4 768 771 (-1024 -640 0 ) (-832 -640 0 ) (-832 -640 160 ) (-1024 -640 160 ) 
4 769 770 (-610 -646 265 ) (-610 -646 329 ) (-666 -646 329 ) (-666 -646 265 ) 
4 770 783 (-480 -1024 0 ) (-800 -1024 0 ) (-800 -646 0 ) (-480 -646 0 ) 
4 771 861 (-1024 -1024 152 ) (-1024 -1024 0 ) (-896 -1024 0 ) (-896 -1024 152 ) 
4 771 859 (-896 -1024 0 ) (-832 -1024 0 ) (-832 -1024 152 ) (-896 -1024 152 ) 
4 771 849 (-832 -1024 384 ) (-1024 -1024 384 ) (-1024 -1024 152 ) (-832 -1024 152 ) 
4 771 795 (-1024 -1024 0 ) (-1024 -1024 160 ) (-1024 -640 160 ) (-1024 -640 0 ) 
4 771 791 (-1024 -1024 160 ) (-1024 -1024 255 ) (-1024 -640 255 ) (-1024 -640 160 ) 
4 771 790 (-1024 -1024 255 ) (-1024 -1024 264 ) (-1024 -640 264 ) (-1024 -640 255 ) 
4 771 789 (-1024 -1024 264 ) (-1024 -1024 384 ) (-1024 -640 384 ) (-1024 -640 264 ) 
4 771 784 (-896 -1024 0 ) (-1024 -1024 0 ) (-1024 -640 0 ) (-896 -640 0 ) 
4 772 785 (-152 0 -32 ) (0 0 -32 ) (0 -320 -32 ) (-152 -320 -32 ) 
4 772 773 (-152 0 -32 ) (-152 -96 -32 ) (-152 -96 0 ) (-152 0 0 ) 
4 772 774 (-152 -160 -32 ) (-152 -320 -32 ) (-152 -320 0 ) (-152 -160 0 ) 
4 773 785 (-160 0 -32 ) (-152 0 -32 ) (-152 -96 -32 ) (-160 -96 -32 ) 
4 774 785 (-152 -160 -32 ) (-152 -320 -32 ) (-160 -320 -32 ) (-160 -160 -32 ) 
4 775 785 (-416 0 -32 ) (-232 0 -32 ) (-232 -320 -32 ) (-416 -320 -32 ) 
4 775 777 (-416 -320 -32 ) (-232 -320 -32 ) (-232 -320 0 ) (-416 -320 0 ) 
4 776 801 (-1024 -320 0 ) (-1024 0 0 ) (-1024 0 -32 ) (-1024 -320 -32 ) 
4 776 785 (-1024 -320 -32 ) (-1024 0 -32 ) (-524 0 -32 ) (-524 -320 -32 ) 
4 776 777 (-1024 -320 -32 ) (-524 -320 -32 ) (-524 -320 0 ) (-1024 -320 0 ) 
4 777 801 (-1024 -384 0 ) (-1024 -320 0 ) (-1024 -320 -32 ) (-1024 -384 -32 ) 
4 777 785 (-1024 -384 -32 ) (-1024 -320 -32 ) (-232 -320 -32 ) (-232 -384 -32 ) 
4 777 779 (-704 -384 -8 ) (-704 -384 0 ) (-832 -384 0 ) (-832 -384 -8 ) 
4 777 778 (-704 -384 -32 ) (-232 -384 -32 ) (-232 -384 0 ) (-704 -384 0 ) 
4 777 780 (-1024 -384 -32 ) (-832 -384 -32 ) (-832 -384 0 ) (-1024 -384 0 ) 
4 778 785 (-704 -384 -32 ) (0 -384 -32 ) (0 -576 -32 ) (-704 -576 -32 ) 
4 778 779 (-704 -384 0 ) (-704 -384 -8 ) (-704 -576 -8 ) (-704 -576 0 ) 
4 779 780 (-832 -384 0 ) (-832 -384 -8 ) (-832 -576 -8 ) (-832 -576 0 ) 
4 780 801 (-1024 -576 0 ) (-1024 -384 0 ) (-1024 -384 -32 ) (-1024 -576 -32 ) 
4 780 785 (-1024 -576 -32 ) (-1024 -384 -32 ) (-832 -384 -32 ) (-832 -576 -32 ) 
4 780 781 (-1024 -576 -32 ) (-832 -576 -32 ) (-832 -576 0 ) (-1024 -576 0 ) 
4 781 801 (-1024 -640 0 ) (-1024 -576 0 ) (-1024 -576 -32 ) (-1024 -640 -32 ) 
4 781 785 (-1024 -640 -32 ) (-1024 -576 -32 ) (-832 -576 -32 ) (-832 -640 -32 ) 
4 781 784 (-896 -640 -8 ) (-896 -640 0 ) (-1024 -640 0 ) (-1024 -640 -8 ) 
4 782 821 (-192 -1024 0 ) (-448 -1024 0 ) (-448 -1024 -32 ) (-192 -1024 -32 ) 
4 782 818 (0 -1024 -32 ) (0 -1024 0 ) (-192 -1024 0 ) (-192 -1024 -32 ) 
4 782 785 (0 -656 -32 ) (0 -1024 -32 ) (-448 -1024 -32 ) (-448 -656 -32 ) 
4 782 783 (-448 -656 -32 ) (-448 -1024 -32 ) (-448 -1024 0 ) (-448 -656 0 ) 
4 783 857 (-800 -1024 0 ) (-812 -1024 0 ) (-812 -1024 -32 ) (-800 -1024 -32 ) 
4 783 821 (-448 -1024 0 ) (-800 -1024 0 ) (-800 -1024 -32 ) (-448 -1024 -32 ) 
4 783 785 (-812 -640 -32 ) (-448 -640 -32 ) (-448 -1024 -32 ) (-812 -1024 -32 ) 
4 784 861 (-896 -1024 0 ) (-1024 -1024 0 ) (-1024 -1024 -8 ) (-896 -1024 -8 ) 
4 784 802 (-1024 -1024 -8 ) (-1024 -1024 0 ) (-1024 -640 0 ) (-1024 -640 -8 ) 
4 785 863 (-1024 -1024 -64 ) (-1024 -1024 -256 ) (-800 -1024 -256 ) (-800 -1024 -64 ) 
4 785 862 (-896 -1024 -32 ) (-1024 -1024 -32 ) (-1024 -1024 -64 ) (-896 -1024 -64 ) 
4 785 860 (-832 -1024 -32 ) (-896 -1024 -32 ) (-896 -1024 -64 ) (-832 -1024 -64 ) 
4 785 858 (-812 -1024 -32 ) (-832 -1024 -32 ) (-832 -1024 -64 ) (-812 -1024 -64 ) 
4 785 857 (-800 -1024 -32 ) (-812 -1024 -32 ) (-812 -1024 -64 ) (-800 -1024 -64 ) 
4 785 821 (-192 -1024 -32 ) (-800 -1024 -32 ) (-800 -1024 -256 ) (-192 -1024 -256 ) 
4 785 818 (0 -1024 -256 ) (0 -1024 -32 ) (-192 -1024 -32 ) (-192 -1024 -256 ) 
4 785 804 (-1024 -1024 -256 ) (-1024 -1024 -32 ) (-1024 0 -32 ) (-1024 0 -256 ) 
4 786 787 (-1376 -328 1767.060059 ) (-1376 -328 400 ) (-1024 -328 400 ) (-1024 -328 1767.060059 ) 
4 786 788 (-1376 -328 400 ) (-1376 -328 1767.060059 ) (-1376 0 1767.060059 ) (-1376 0 400 ) 
4 787 865 (-1376 -1024 392 ) (-1148 -1024 392 ) (-1148 -1024 1767.060059 ) (-1376 -1024 1767.060059 ) 
4 787 864 (-1148 -1024 392 ) (-1024 -1024 392 ) (-1024 -1024 1767.060059 ) (-1148 -1024 1767.060059 ) 
4 787 789 (-1024 -328 392 ) (-1024 -1024 392 ) (-1376 -1024 392 ) (-1376 -328 392 ) 
4 787 788 (-1376 -328 392 ) (-1376 -1024 392 ) (-1376 -1024 1767.060059 ) (-1376 -328 1767.060059 ) 
4 788 881 (-2048 -1024 392 ) (-2048 -1024 1767.060059 ) (-2048 0 1767.060059 ) (-2048 0 392 ) 
4 788 865 (-1473 -1024 392 ) (-1376 -1024 392 ) (-1376 -1024 1767.060059 ) (-1473 -1024 1767.060059 ) 
4 788 867 (-2048 -1024 1767.060059 ) (-2048 -1024 392 ) (-1473 -1024 392 ) (-1473 -1024 1767.060059 ) 
4 788 798 (-1473 0 392 ) (-1376 0 392 ) (-1376 -1024 392 ) (-1473 -1024 392 ) 
4 788 800 (-2048 0 392 ) (-1473 0 392 ) (-1473 -1024 392 ) (-2048 -1024 392 ) 
4 789 865 (-1148 -1024 392 ) (-1376 -1024 392 ) (-1376 -1024 264 ) (-1148 -1024 264 ) 
4 789 864 (-1024 -1024 264 ) (-1024 -1024 392 ) (-1148 -1024 392 ) (-1148 -1024 264 ) 
4 789 798 (-1376 -1024 264 ) (-1376 -1024 392 ) (-1376 -320 392 ) (-1376 -320 264 ) 
4 789 790 (-1148 -320 264 ) (-1024 -320 264 ) (-1024 -1024 264 ) (-1148 -1024 264 ) 
4 790 864 (-1024 -1024 255 ) (-1024 -1024 264 ) (-1148 -1024 264 ) (-1148 -1024 255 ) 
4 790 791 (-1024 -1024 255 ) (-1148 -1024 255 ) (-1148 -320 255 ) (-1024 -320 255 ) 
4 791 869 (-1151.500000 -1024 255 ) (-1152 -1024 255 ) (-1152 -1024 160 ) (-1151.500000 -1024 160 ) 
4 791 868 (-1024 -1024 160 ) (-1024 -1024 255 ) (-1151.500000 -1024 255 ) (-1151.500000 -1024 160 ) 
4 791 795 (-1152 -320 160 ) (-1024 -320 160 ) (-1024 -1024 160 ) (-1152 -1024 160 ) 
4 792 875 (-1184 -1024 255 ) (-1376 -1024 255 ) (-1376 -1024 160 ) (-1184 -1024 160 ) 
4 792 799 (-1376 -1024 160 ) (-1376 -1024 255 ) (-1376 -320 255 ) (-1376 -320 160 ) 
4 792 796 (-1372 -320 160 ) (-1184 -320 160 ) (-1184 -1024 160 ) (-1372 -1024 160 ) 
4 792 797 (-1376 -1024 160 ) (-1376 -320 160 ) (-1372 -320 160 ) (-1372 -1024 160 ) 
4 793 801 (-1088 0 0 ) (-1024 0 0 ) (-1024 -136 0 ) (-1088 -136 0 ) 
4 793 803 (-1152 0 0 ) (-1088 0 0 ) (-1088 -136 0 ) (-1152 -136 0 ) 
4 794 803 (-1372 -136 0 ) (-1372 0 0 ) (-1184 0 0 ) (-1184 -136 0 ) 
4 794 797 (-1372 0 0 ) (-1372 -136 0 ) (-1372 -136 160 ) (-1372 0 160 ) 
4 795 869 (-1152 -1024 0 ) (-1151.500000 -1024 0 ) (-1151.500000 -1024 160 ) (-1152 -1024 160 ) 
4 795 868 (-1151.500000 -1024 0 ) (-1024 -1024 0 ) (-1024 -1024 160 ) (-1151.500000 -1024 160 ) 
4 795 802 (-1024 -1024 0 ) (-1088 -1024 0 ) (-1088 -640 0 ) (-1024 -640 0 ) 
4 795 801 (-1088 -640 0 ) (-1088 -320 0 ) (-1024 -320 0 ) (-1024 -640 0 ) 
4 795 803 (-1088 -1024 0 ) (-1152 -1024 0 ) (-1152 -320 0 ) (-1088 -320 0 ) 
4 796 875 (-1372 -1024 0 ) (-1184 -1024 0 ) (-1184 -1024 160 ) (-1372 -1024 160 ) 
4 796 803 (-1184 -1024 0 ) (-1372 -1024 0 ) (-1372 -320 0 ) (-1184 -320 0 ) 
4 796 797 (-1372 -320 0 ) (-1372 -1024 0 ) (-1372 -1024 160 ) (-1372 -320 160 ) 
4 797 875 (-1376 -1024 0 ) (-1372 -1024 0 ) (-1372 -1024 160 ) (-1376 -1024 160 ) 
4 797 803 (-1372 -1024 0 ) (-1376 -1024 0 ) (-1376 0 0 ) (-1372 0 0 ) 
4 797 799 (-1376 0 0 ) (-1376 -1024 0 ) (-1376 -1024 160 ) (-1376 0 160 ) 
4 798 865 (-1376 -1024 264 ) (-1376 -1024 392 ) (-1473 -1024 392 ) (-1473 -1024 264 ) 
4 798 800 (-1473 -1024 264 ) (-1473 -1024 392 ) (-1473 0 392 ) (-1473 0 264 ) 
4 799 875 (-1473 -1024 0 ) (-1376 -1024 0 ) (-1376 -1024 255 ) (-1473 -1024 255 ) 
4 799 803 (-1376 -1024 0 ) (-1473 -1024 0 ) (-1473 0 0 ) (-1376 0 0 ) 
4 799 800 (-1473 0 0 ) (-1473 -1024 0 ) (-1473 -1024 255 ) (-1473 0 255 ) 
4 800 881 (-2048 -1024 0 ) (-2048 -1024 392 ) (-2048 0 392 ) (-2048 0 0 ) 
4 800 875 (-2048 -1024 255 ) (-2048 -1024 0 ) (-1473 -1024 0 ) (-1473 -1024 255 ) 
4 800 867 (-2048 -1024 392 ) (-2048 -1024 255 ) (-1473 -1024 255 ) (-1473 -1024 392 ) 
4 800 803 (-1473 -1024 0 ) (-2048 -1024 0 ) (-2048 0 0 ) (-1473 0 0 ) 
4 801 804 (-1088 0 -32 ) (-1024 0 -32 ) (-1024 -640 -32 ) (-1088 -640 -32 ) 
4 801 802 (-1088 -640 0 ) (-1088 -640 -8 ) (-1024 -640 -8 ) (-1024 -640 0 ) 
4 801 803 (-1088 0 -32 ) (-1088 -640 -32 ) (-1088 -640 0 ) (-1088 0 0 ) 
4 802 876 (-1024 -1024 -8 ) (-1024 -1024 0 ) (-1088 -1024 0 ) (-1088 -1024 -8 ) 
4 802 803 (-1088 -1024 -8 ) (-1088 -1024 0 ) (-1088 -640 0 ) (-1088 -640 -8 ) 
4 803 881 (-2048 -1024 -32 ) (-2048 -1024 0 ) (-2048 0 0 ) (-2048 0 -32 ) 
4 803 877 (-2048 -1024 0 ) (-2048 -1024 -32 ) (-1088 -1024 -32 ) (-1088 -1024 0 ) 
4 803 804 (-2048 0 -32 ) (-1088 0 -32 ) (-1088 -1024 -32 ) (-2048 -1024 -32 ) 
4 804 881 (-2048 -1024 -256 ) (-2048 -1024 -32 ) (-2048 0 -32 ) (-2048 0 -256 ) 
4 804 878 (-2048 -1024 -32 ) (-2048 -1024 -256 ) (-1024 -1024 -256 ) (-1024 -1024 -32 ) 
4 805 885 (0 -2048 384 ) (0 -2048 648 ) (-444 -2048 648 ) (-444 -2048 384 ) 
4 805 813 (-92 -2048 384 ) (-116 -2048 384 ) (-116 -1540 384 ) (-92 -1540 384 ) 
4 805 812 (0 -1540 384 ) (0 -2048 384 ) (-92 -2048 384 ) (-92 -1540 384 ) 
4 805 814 (-116 -2048 384 ) (-444 -2048 384 ) (-444 -1540 384 ) (-116 -1540 384 ) 
4 805 809 (0 -1028 384 ) (0 -1540 384 ) (-196 -1540 384 ) (-196 -1028 384 ) 
4 805 808 (-196 -1024 384 ) (0 -1024 384 ) (0 -1028 384 ) (-196 -1028 384 ) 
4 805 810 (-444 -1024 384 ) (-196 -1024 384 ) (-196 -1540 384 ) (-444 -1540 384 ) 
4 805 806 (-444 -1044 392 ) (-444 -1044 648 ) (-444 -1024 648 ) (-444 -1024 392 ) 
4 805 807 (-444 -1044 384 ) (-444 -2048 384 ) (-444 -2048 648 ) (-444 -1044 648 ) 
4 806 845 (-800 -1044 648 ) (-800 -1024 648 ) (-800 -1024 392 ) (-800 -1044 392 ) 
4 806 807 (-444 -1044 392 ) (-444 -1044 648 ) (-800 -1044 648 ) (-800 -1044 392 ) 
4 807 885 (-444 -2048 648 ) (-800 -2048 648 ) (-800 -2048 384 ) (-444 -2048 384 ) 
4 807 846 (-800 -2048 384 ) (-800 -2048 648 ) (-800 -1044 648 ) (-800 -1044 384 ) 
4 807 816 (-800 -2048 384 ) (-800 -1044 384 ) (-792 -1044 384 ) (-792 -2048 384 ) 
4 807 815 (-792 -1044 384 ) (-480 -1044 384 ) (-480 -2048 384 ) (-792 -2048 384 ) 
4 807 814 (-444 -1540 384 ) (-444 -2048 384 ) (-480 -2048 384 ) (-480 -1540 384 ) 
4 807 811 (-480 -1044 384 ) (-448 -1044 384 ) (-448 -1540 384 ) (-480 -1540 384 ) 
4 807 810 (-448 -1044 384 ) (-444 -1044 384 ) (-444 -1540 384 ) (-448 -1540 384 ) 
4 808 820 (-196 -1024 176 ) (-192 -1024 176 ) (-192 -1028 176 ) (-196 -1028 176 ) 
4 808 818 (-192 -1024 176 ) (0 -1024 176 ) (0 -1028 176 ) (-192 -1028 176 ) 
4 808 809 (-196 -1028 384 ) (-196 -1028 184 ) (0 -1028 184 ) (0 -1028 384 ) 
4 808 810 (-196 -1024 176 ) (-196 -1028 176 ) (-196 -1028 384 ) (-196 -1024 384 ) 
4 809 813 (-92 -1540 384 ) (-116 -1540 384 ) (-116 -1540 184 ) (-92 -1540 184 ) 
4 809 812 (0 -1540 184 ) (0 -1540 384 ) (-92 -1540 384 ) (-92 -1540 184 ) 
4 809 814 (-116 -1540 384 ) (-196 -1540 384 ) (-196 -1540 184 ) (-116 -1540 184 ) 
4 809 810 (-196 -1540 184 ) (-196 -1540 384 ) (-196 -1028 384 ) (-196 -1028 184 ) 
4 810 834 (-196 -1536 176 ) (-196 -1540 176 ) (-448 -1540 176 ) (-448 -1536 176 ) 
4 810 825 (-196 -1040 176 ) (-196 -1536 176 ) (-448 -1536 176 ) (-448 -1040 176 ) 
4 810 820 (-448 -1024 176 ) (-196 -1024 176 ) (-196 -1040 176 ) (-448 -1040 176 ) 
4 810 814 (-448 -1540 176 ) (-196 -1540 176 ) (-196 -1540 384 ) (-448 -1540 384 ) 
4 810 811 (-448 -1040 176 ) (-448 -1540 176 ) (-448 -1540 384 ) (-448 -1040 384 ) 
4 811 834 (-480 -1540 176 ) (-480 -1536 176 ) (-448 -1536 176 ) (-448 -1540 176 ) 
4 811 825 (-480 -1536 176 ) (-480 -1040 176 ) (-448 -1040 176 ) (-448 -1536 176 ) 
4 811 815 (-480 -1040 176 ) (-480 -1540 176 ) (-480 -1540 384 ) (-480 -1040 384 ) 
4 811 814 (-480 -1540 384 ) (-480 -1540 176 ) (-448 -1540 176 ) (-448 -1540 384 ) 
4 812 889 (0 -2048 176 ) (0 -2048 184 ) (-92 -2048 184 ) (-92 -2048 176 ) 
4 812 886 (0 -2048 184 ) (0 -2048 264 ) (-92 -2048 264 ) (-92 -2048 184 ) 
4 812 885 (0 -2048 264 ) (0 -2048 384 ) (-92 -2048 384 ) (-92 -2048 264 ) 
4 812 826 (0 -2048 176 ) (-92 -2048 176 ) (-92 -1540 176 ) (0 -1540 176 ) 
4 812 813 (-92 -1540 384 ) (-92 -1540 184 ) (-92 -2048 184 ) (-92 -2048 384 ) 
4 813 886 (-116 -2048 264 ) (-116 -2048 184 ) (-92 -2048 184 ) (-92 -2048 264 ) 
4 813 885 (-92 -2048 384 ) (-116 -2048 384 ) (-116 -2048 264 ) (-92 -2048 264 ) 
4 813 814 (-116 -1540 384 ) (-116 -1540 184 ) (-116 -2048 184 ) (-116 -2048 384 ) 
4 814 890 (-480 -2048 184 ) (-480 -2048 176 ) (-116 -2048 176 ) (-116 -2048 184 ) 
4 814 886 (-480 -2048 264 ) (-480 -2048 184 ) (-116 -2048 184 ) (-116 -2048 264 ) 
4 814 885 (-116 -2048 384 ) (-480 -2048 384 ) (-480 -2048 264 ) (-116 -2048 264 ) 
4 814 834 (-116 -2048 176 ) (-480 -2048 176 ) (-480 -1540 176 ) (-116 -1540 176 ) 
4 814 815 (-480 -1540 176 ) (-480 -2048 176 ) (-480 -2048 384 ) (-480 -1540 384 ) 
4 815 890 (-792 -2048 184 ) (-792 -2048 176 ) (-480 -2048 176 ) (-480 -2048 184 ) 
4 815 886 (-792 -2048 264 ) (-792 -2048 184 ) (-480 -2048 184 ) (-480 -2048 264 ) 
4 815 885 (-480 -2048 384 ) (-792 -2048 384 ) (-792 -2048 264 ) (-480 -2048 264 ) 
4 815 840 (-703 -2034.160034 176 ) (-703 -2031.040039 176 ) (-700 -2031.040039 176 ) (-700 -2034.160034 176 ) 
4 815 839 (-703 -2031.040039 176 ) (-703 -1536 176 ) (-700 -1536 176 ) (-700 -2031.040039 176 ) 
4 815 842 (-700 -2048 176 ) (-703 -2048 176 ) (-703 -2034.160034 176 ) (-700 -2034.160034 176 ) 
4 815 843 (-703 -2048 176 ) (-792 -2048 176 ) (-792 -1536 176 ) (-703 -1536 176 ) 
4 815 836 (-700 -2033.119995 176 ) (-700 -2032.079956 176 ) (-510 -2032.079956 176 ) (-510 -2033.119995 176 ) 
4 815 835 (-700 -2032.079956 176 ) (-700 -1536 176 ) (-510 -1536 176 ) (-510 -2032.079956 176 ) 
4 815 838 (-510 -2048 176 ) (-700 -2048 176 ) (-700 -2033.119995 176 ) (-510 -2033.119995 176 ) 
4 815 834 (-480 -2048 176 ) (-510 -2048 176 ) (-510 -1536 176 ) (-480 -1536 176 ) 
4 815 825 (-792 -1536 176 ) (-792 -1040 176 ) (-480 -1040 176 ) (-480 -1536 176 ) 
4 815 817 (-792 -1040 176 ) (-792 -2048 176 ) (-792 -2048 248 ) (-792 -1040 248 ) 
4 815 816 (-792 -2048 264 ) (-792 -2048 384 ) (-792 -1040 384 ) (-792 -1040 264 ) 
4 816 885 (-792 -2048 384 ) (-800 -2048 384 ) (-800 -2048 264 ) (-792 -2048 264 ) 
4 816 848 (-800 -2048 264 ) (-800 -2048 384 ) (-800 -1040 384 ) (-800 -1040 264 ) 
4 817 890 (-800 -2048 184 ) (-800 -2048 176 ) (-792 -2048 176 ) (-792 -2048 184 ) 
4 817 888 (-800 -2048 248 ) (-800 -2048 184 ) (-792 -2048 184 ) (-792 -2048 248 ) 
4 817 843 (-792 -2048 176 ) (-800 -2048 176 ) (-800 -1536 176 ) (-792 -1536 176 ) 
4 817 825 (-800 -1536 176 ) (-800 -1040 176 ) (-792 -1040 176 ) (-792 -1536 176 ) 
4 818 821 (-192 -1024 0 ) (-192 -1024 -256 ) (-192 -1032 -256 ) (-192 -1032 0 ) 
4 818 820 (-192 -1032 176 ) (-192 -1024 176 ) (-192 -1024 0 ) (-192 -1032 0 ) 
4 818 819 (-192 -1032 -10 ) (-192 -1032 -256 ) (0 -1032 -256 ) (0 -1032 -10 ) 
4 819 824 (-184 -1040 -10 ) (-192 -1040 -10 ) (-192 -1040 -256 ) (-184 -1040 -256 ) 
4 819 822 (0 -1040 -256 ) (0 -1040 -10 ) (-184 -1040 -10 ) (-184 -1040 -256 ) 
4 819 821 (-192 -1040 -256 ) (-192 -1040 -10 ) (-192 -1032 -10 ) (-192 -1032 -256 ) 
4 820 825 (-192 -1040 176 ) (-448 -1040 176 ) (-448 -1040 0 ) (-192 -1040 0 ) 
4 820 821 (-192 -1024 0 ) (-192 -1040 0 ) (-448 -1040 0 ) (-448 -1024 0 ) 
4 821 863 (-800 -1040 -256 ) (-800 -1040 -64 ) (-800 -1024 -64 ) (-800 -1024 -256 ) 
4 821 857 (-800 -1040 -64 ) (-800 -1040 0 ) (-800 -1024 0 ) (-800 -1024 -64 ) 
4 821 825 (-800 -1040 0 ) (-800 -1040 -256 ) (-192 -1040 -256 ) (-192 -1040 0 ) 
4 822 824 (-184 -1040 -10 ) (-184 -1040 -256 ) (-184 -1524 -256 ) (-184 -1524 -10 ) 
4 822 823 (-184 -1524 0 ) (-184 -1524 -256 ) (0 -1524 -256 ) (0 -1524 0 ) 
4 823 844 (-184 -1536 0 ) (-184 -1536 -256 ) (-108 -1536 -256 ) (-108 -1536 0 ) 
4 823 833 (-108 -1536 -256 ) (0 -1536 -256 ) (0 -1536 -32 ) (-108 -1536 -32 ) 
4 823 831 (-108 -1536 -4 ) (-108 -1536 -32 ) (-104 -1536 -32 ) (-104 -1536 -4 ) 
4 823 830 (-104 -1536 -4 ) (-104 -1536 -32 ) (-96 -1536 -32 ) (-96 -1536 -4 ) 
4 823 824 (-184 -1524 -256 ) (-184 -1536 -256 ) (-184 -1536 -10 ) (-184 -1524 -10 ) 
4 824 844 (-192 -1536 -10 ) (-192 -1536 -256 ) (-184 -1536 -256 ) (-184 -1536 -10 ) 
4 824 825 (-192 -1040 -10 ) (-192 -1040 -256 ) (-192 -1536 -256 ) (-192 -1536 -10 ) 
4 825 863 (-800 -1536 -256 ) (-800 -1536 -64 ) (-800 -1040 -64 ) (-800 -1040 -256 ) 
4 825 857 (-800 -1144 0 ) (-800 -1040 0 ) (-800 -1040 -64 ) (-800 -1144 -64 ) 
4 825 844 (-800 -1536 0 ) (-800 -1536 -256 ) (-192 -1536 -256 ) (-192 -1536 0 ) 
4 825 839 (-700 -1536 176 ) (-703 -1536 176 ) (-703 -1536 0 ) (-700 -1536 0 ) 
4 825 843 (-703 -1536 176 ) (-800 -1536 176 ) (-800 -1536 0 ) (-703 -1536 0 ) 
4 825 835 (-510 -1536 176 ) (-700 -1536 176 ) (-700 -1536 0 ) (-510 -1536 0 ) 
4 825 834 (-192 -1536 176 ) (-510 -1536 176 ) (-510 -1536 0 ) (-192 -1536 0 ) 
4 826 893 (0 -2048 136 ) (0 -2048 176 ) (-96 -2048 176 ) (-96 -2048 136 ) 
4 826 828 (0 -1696 136 ) (0 -2048 136 ) (-96 -2048 136 ) (-96 -1696 136 ) 
4 826 827 (-96 -1536 136 ) (0 -1536 136 ) (0 -1696 136 ) (-96 -1696 136 ) 
4 827 828 (-96 -1696 136 ) (-96 -1696 0 ) (0 -1696 0 ) (0 -1696 136 ) 
4 828 894 (0 -2048 0 ) (0 -2048 136 ) (-96 -2048 136 ) (-96 -2048 0 ) 
4 828 829 (-96 -2048 0 ) (-96 -2048 136 ) (-96 -1968 136 ) (-96 -1968 0 ) 
4 829 895 (-96 -2048 136 ) (-108 -2048 136 ) (-108 -2048 0 ) (-96 -2048 0 ) 
4 829 834 (-108 -1968 0 ) (-108 -2048 0 ) (-108 -2048 136 ) (-108 -1968 136 ) 
4 829 832 (-108 -2048 0 ) (-108 -1968 0 ) (-104 -1968 0 ) (-104 -2048 0 ) 
4 830 833 (-104 -1536 -32 ) (-96 -1536 -32 ) (-96 -1696 -32 ) (-104 -1696 -32 ) 
4 830 831 (-104 -1536 -32 ) (-104 -1696 -32 ) (-104 -1696 -4 ) (-104 -1536 -4 ) 
4 831 844 (-108 -1536 -4 ) (-108 -1536 -32 ) (-108 -1968 -32 ) (-108 -1968 -4 ) 
4 831 833 (-108 -1968 -32 ) (-108 -1536 -32 ) (-104 -1536 -32 ) (-104 -1968 -32 ) 
4 831 832 (-108 -1968 -32 ) (-104 -1968 -32 ) (-104 -1968 -4 ) (-108 -1968 -4 ) 
4 832 896 (-108 -2048 0 ) (-108 -2048 -32 ) (-104 -2048 -32 ) (-104 -2048 0 ) 
4 832 844 (-108 -1968 -32 ) (-108 -2048 -32 ) (-108 -2048 0 ) (-108 -1968 0 ) 
4 832 833 (-104 -2048 -32 ) (-108 -2048 -32 ) (-108 -1968 -32 ) (-104 -1968 -32 ) 
4 833 953 (0 -2048 -256 ) (0 -2048 -144 ) (-108 -2048 -144 ) (-108 -2048 -256 ) 
4 833 945 (0 -2048 -144 ) (0 -2048 -59.923103 ) (-108 -2048 -59.923103 ) (-108 -2048 -144 ) 
4 833 898 (0 -2048 -59.923103 ) (0 -2048 -32 ) (-108 -2048 -32 ) (-108 -2048 -59.923103 ) 
4 833 844 (-108 -1536 -32 ) (-108 -1536 -256 ) (-108 -2048 -256 ) (-108 -2048 -32 ) 
4 834 899 (-108 -2048 0 ) (-108 -2048 176 ) (-510 -2048 176 ) (-510 -2048 0 ) 
4 834 844 (-510 -1536 0 ) (-108 -1536 0 ) (-108 -2048 0 ) (-510 -2048 0 ) 
4 834 837 (-510 -2032.079956 0 ) (-510 -2033.119995 0 ) (-510 -2033.119995 79 ) (-510 -2032.079956 79 ) 
4 834 836 (-510 -2033.119995 79 ) (-510 -2033.119995 176 ) (-510 -2032.079956 176 ) (-510 -2032.079956 79 ) 
4 834 835 (-510 -1536 176 ) (-510 -1536 0 ) (-510 -2032.079956 0 ) (-510 -2032.079956 176 ) 
4 834 838 (-510 -2033.119995 0 ) (-510 -2048 0 ) (-510 -2048 176 ) (-510 -2033.119995 176 ) 
4 835 844 (-700 -1536 0 ) (-510 -1536 0 ) (-510 -2032.079956 0 ) (-700 -2032.079956 0 ) 
4 835 841 (-700 -2031.040039 0 ) (-700 -2032.079956 0 ) (-700 -2032.079956 78.666656 ) (-700 -2031.040039 78 ) 
4 835 840 (-700 -2032.079956 78.666656 ) (-700 -2032.079956 176 ) (-700 -2031.040039 176 ) (-700 -2031.040039 78 ) 
4 835 839 (-700 -1536 176 ) (-700 -1536 0 ) (-700 -2031.040039 0 ) (-700 -2031.040039 176 ) 
4 835 837 (-700 -2032.079956 79 ) (-700 -2032.079956 0 ) (-510 -2032.079956 0 ) (-510 -2032.079956 79 ) 
4 835 836 (-700 -2032.079956 176 ) (-700 -2032.079956 79 ) (-510 -2032.079956 79 ) (-510 -2032.079956 176 ) 
3 836 841 (-700 -2033.119995 79 ) (-700 -2033.119995 79.333351 ) (-700 -2032.599976 79 ) 
5 836 840 (-700 -2033.119995 79.333351 ) (-700 -2033.119995 176 ) (-700 -2032.079956 176 ) (-700 -2032.079956 79 ) (-700 -2032.599976 79 ) 
4 836 838 (-700 -2033.119995 176 ) (-700 -2033.119995 79 ) (-510 -2033.119995 79 ) (-510 -2033.119995 176 ) 
4 836 837 (-510 -2033.119995 79 ) (-700 -2033.119995 79 ) (-700 -2032.079956 79 ) (-510 -2032.079956 79 ) 
4 837 844 (-510 -2032.079956 0 ) (-510 -2033.119995 0 ) (-700 -2033.119995 0 ) (-700 -2032.079956 0 ) 
5 837 841 (-700 -2032.079956 0 ) (-700 -2033.119995 0 ) (-700 -2033.119995 79 ) (-700 -2032.599976 79 ) (-700 -2032.079956 78.666649 ) 
3 837 840 (-700 -2032.599976 79 ) (-700 -2032.079956 79 ) (-700 -2032.079956 78.666649 ) 
4 837 838 (-700 -2033.119995 79 ) (-700 -2033.119995 0 ) (-510 -2033.119995 0 ) (-510 -2033.119995 79 ) 
4 838 899 (-510 -2048 176 ) (-700 -2048 176 ) (-700 -2048 0 ) (-510 -2048 0 ) 
4 838 844 (-510 -2033.119995 0 ) (-510 -2048 0 ) (-700 -2048 0 ) (-700 -2033.119995 0 ) 
4 838 841 (-700 -2033.119995 0 ) (-700 -2034.160034 0 ) (-700 -2034.160034 80 ) (-700 -2033.119995 79.333351 ) 
4 838 840 (-700 -2034.160034 80 ) (-700 -2034.160034 176 ) (-700 -2033.119995 176 ) (-700 -2033.119995 79.333351 ) 
4 838 842 (-700 -2034.160034 0 ) (-700 -2048 0 ) (-700 -2048 176 ) (-700 -2034.160034 176 ) 
4 839 844 (-703 -1536 0 ) (-700 -1536 0 ) (-700 -2031.040039 0 ) (-703 -2031.040039 0 ) 
4 839 841 (-703 -2031.040039 78 ) (-703 -2031.040039 0 ) (-700 -2031.040039 0 ) (-700 -2031.040039 78 ) 
4 839 840 (-703 -2031.040039 176 ) (-703 -2031.040039 78 ) (-700 -2031.040039 78 ) (-700 -2031.040039 176 ) 
4 839 843 (-703 -1536 176 ) (-703 -1536 0 ) (-703 -2031.040039 0 ) (-703 -2031.040039 176 ) 
4 840 843 (-703 -2034.160034 80 ) (-703 -2034.160034 176 ) (-703 -2031.040039 176 ) (-703 -2031.040039 78 ) 
4 840 842 (-703 -2034.160034 176 ) (-703 -2034.160034 80 ) (-700 -2034.160034 80 ) (-700 -2034.160034 176 ) 
4 840 841 (-700 -2034.160034 80 ) (-703 -2034.160034 80 ) (-703 -2031.040039 78 ) (-700 -2031.040039 78 ) 
4 841 844 (-700 -2031.040039 0 ) (-700 -2034.160034 0 ) (-703 -2034.160034 0 ) (-703 -2031.040039 0 ) 
4 841 843 (-703 -2031.040039 0 ) (-703 -2034.160034 0 ) (-703 -2034.160034 80 ) (-703 -2031.040039 78 ) 
4 841 842 (-703 -2034.160034 80 ) (-703 -2034.160034 0 ) (-700 -2034.160034 0 ) (-700 -2034.160034 80 ) 
4 842 899 (-700 -2048 176 ) (-703 -2048 176 ) (-703 -2048 0 ) (-700 -2048 0 ) 
4 842 844 (-700 -2034.160034 0 ) (-700 -2048 0 ) (-703 -2048 0 ) (-703 -2034.160034 0 ) 
4 842 843 (-703 -2034.160034 0 ) (-703 -2048 0 ) (-703 -2048 176 ) (-703 -2034.160034 176 ) 
4 843 902 (-764 -2048 176 ) (-800 -2048 176 ) (-800 -2048 82.606514 ) (-764 -2048 82.608505 ) 
4 843 901 (-800 -2048 82.606514 ) (-800 -2048 25.516632 ) (-764 -2048 25.515806 ) (-764 -2048 82.608505 ) 
4 843 900 (-800 -2048 25.516632 ) (-800 -2048 0 ) (-764 -2048 0 ) (-764 -2048 25.515806 ) 
4 843 899 (-703 -2048 176 ) (-764 -2048 176 ) (-764 -2048 0 ) (-703 -2048 0 ) 
4 843 844 (-800 -2048 0 ) (-800 -1536 0 ) (-703 -1536 0 ) (-703 -2048 0 ) 
4 844 953 (-108 -2048 -256 ) (-108 -2048 -144 ) (-800 -2048 -144 ) (-800 -2048 -256 ) 
4 844 945 (-108 -2048 -144 ) (-108 -2048 -59.923103 ) (-800 -2048 -59.923103 ) (-800 -2048 -144 ) 
4 844 900 (-764 -2048 0 ) (-800 -2048 0 ) (-800 -2048 -59.923103 ) (-764 -2048 -59.923103 ) 
4 844 899 (-108 -2048 -59.923103 ) (-108 -2048 0 ) (-764 -2048 0 ) (-764 -2048 -59.923103 ) 
4 844 863 (-800 -2048 -256 ) (-800 -2048 -64 ) (-800 -1536 -64 ) (-800 -1536 -256 ) 
4 845 846 (-840 -1044 648 ) (-840 -1044 392 ) (-800 -1044 392 ) (-800 -1044 648 ) 
4 845 847 (-840 -1044 392 ) (-840 -1044 648 ) (-840 -1024 648 ) (-840 -1024 392 ) 
4 846 931 (-817.620972 -2048 648 ) (-818.620972 -2048 648 ) (-818.620972 -2048 384 ) (-817.620972 -2048 384 ) 
4 846 930 (-800 -2048 384 ) (-800 -2048 648 ) (-817.620972 -2048 648 ) (-817.620972 -2048 384 ) 
4 846 933 (-818.620972 -2048 648 ) (-840 -2048 648 ) (-840 -2048 384 ) (-818.620972 -2048 384 ) 
4 846 852 (-817.620972 -2048 384 ) (-818.620972 -2048 384 ) (-818.620972 -1044 384 ) (-817.620972 -1044 384 ) 
4 846 850 (-808 -2048 384 ) (-817.620972 -2048 384 ) (-817.620972 -1044 384 ) (-808 -1044 384 ) 
4 846 854 (-818.620972 -2048 384 ) (-840 -2048 384 ) (-840 -1044 384 ) (-818.620972 -1044 384 ) 
4 846 848 (-800 -1044 384 ) (-800 -2048 384 ) (-808 -2048 384 ) (-808 -1044 384 ) 
4 846 847 (-840 -1044 384 ) (-840 -2048 384 ) (-840 -2048 648 ) (-840 -1044 648 ) 
4 847 933 (-840 -2048 648 ) (-1024 -2048 648 ) (-1024 -2048 384 ) (-840 -2048 384 ) 
4 847 864 (-1024 -1024 648 ) (-1024 -1024 384 ) (-1024 -2048 384 ) (-1024 -2048 648 ) 
4 847 854 (-840 -1036 384 ) (-840 -2048 384 ) (-1024 -2048 384 ) (-1024 -1036 384 ) 
4 847 849 (-1024 -1024 384 ) (-840 -1024 384 ) (-840 -1036 384 ) (-1024 -1036 384 ) 
4 848 930 (-800 -2048 264 ) (-800 -2048 384 ) (-808 -2048 384 ) (-808 -2048 264 ) 
4 848 850 (-808 -2048 264 ) (-808 -2048 384 ) (-808 -1036 384 ) (-808 -1036 264 ) 
4 849 868 (-1024 -1024 255 ) (-1024 -1024 152 ) (-1024 -1036 152 ) (-1024 -1036 255 ) 
4 849 864 (-1024 -1024 384 ) (-1024 -1024 255 ) (-1024 -1036 255 ) (-1024 -1036 384 ) 
4 849 861 (-1024 -1036 152 ) (-1024 -1024 152 ) (-896 -1024 152 ) (-896 -1036 152 ) 
4 849 859 (-896 -1024 152 ) (-832 -1024 152 ) (-832 -1036 152 ) (-896 -1036 152 ) 
4 849 855 (-840 -1036 152 ) (-832 -1036 152 ) (-832 -1036 248 ) (-840 -1036 248 ) 
4 849 856 (-1024 -1036 152 ) (-840 -1036 152 ) (-840 -1036 264 ) (-1024 -1036 264 ) 
4 849 854 (-832 -1036 264 ) (-832 -1036 384 ) (-1024 -1036 384 ) (-1024 -1036 264 ) 
4 850 930 (-808 -2048 384 ) (-817.620972 -2048 384 ) (-817.620972 -2048 264 ) (-808 -2048 264 ) 
4 850 853 (-817.620972 -1042.199951 264 ) (-817.620972 -2048 264 ) (-817.620972 -2048 343 ) (-817.620972 -1042.199951 343 ) 
4 850 852 (-817.620972 -2048 343 ) (-817.620972 -2048 384 ) (-817.620972 -1042.199951 384 ) (-817.620972 -1042.199951 343 ) 
4 850 851 (-817.620972 -1036 384 ) (-817.620972 -1036 264 ) (-817.620972 -1042.199951 264 ) (-817.620972 -1042.199951 384 ) 
4 851 853 (-818.620972 -1042.199951 343 ) (-818.620972 -1042.199951 264 ) (-817.620972 -1042.199951 264 ) (-817.620972 -1042.199951 343 ) 
4 851 852 (-818.620972 -1042.199951 384 ) (-818.620972 -1042.199951 343 ) (-817.620972 -1042.199951 343 ) (-817.620972 -1042.199951 384 ) 
4 851 854 (-818.620972 -1036 384 ) (-818.620972 -1036 264 ) (-818.620972 -1042.199951 264 ) (-818.620972 -1042.199951 384 ) 
4 852 931 (-817.620972 -2048 384 ) (-818.620972 -2048 384 ) (-818.620972 -2048 343 ) (-817.620972 -2048 343 ) 
4 852 854 (-818.620972 -2048 343 ) (-818.620972 -2048 384 ) (-818.620972 -1042.199951 384 ) (-818.620972 -1042.199951 343 ) 
4 852 853 (-818.620972 -2048 343 ) (-818.620972 -1042.199951 343 ) (-817.620972 -1042.199951 343 ) (-817.620972 -2048 343 ) 
4 853 932 (-818.620972 -2048 343 ) (-818.620972 -2048 264 ) (-817.620972 -2048 264 ) (-817.620972 -2048 343 ) 
4 853 854 (-818.620972 -1042.199951 264 ) (-818.620972 -2048 264 ) (-818.620972 -2048 343 ) (-818.620972 -1042.199951 343 ) 
4 854 933 (-818.620972 -2048 384 ) (-1024 -2048 384 ) (-1024 -2048 264 ) (-818.620972 -2048 264 ) 
4 854 864 (-1024 -2048 264 ) (-1024 -2048 384 ) (-1024 -1036 384 ) (-1024 -1036 264 ) 
4 854 856 (-1024 -2048 264 ) (-1024 -1036 264 ) (-840 -1036 264 ) (-840 -2048 264 ) 
4 855 937 (-840 -2048 152 ) (-832 -2048 152 ) (-832 -2048 224 ) (-840 -2048 224 ) 
4 855 934 (-832 -2048 224 ) (-832 -2048 248 ) (-840 -2048 248 ) (-840 -2048 224 ) 
4 855 859 (-840 -1036 152 ) (-832 -1036 152 ) (-832 -2048 152 ) (-840 -2048 152 ) 
4 855 856 (-840 -1036 248 ) (-840 -1036 152 ) (-840 -2048 152 ) (-840 -2048 248 ) 
4 856 937 (-1024 -2048 224 ) (-1024 -2048 152 ) (-840 -2048 152 ) (-840 -2048 224 ) 
4 856 935 (-1024 -2048 264 ) (-1024 -2048 224 ) (-840 -2048 224 ) (-840 -2048 264 ) 
4 856 868 (-1024 -1036 152 ) (-1024 -2048 152 ) (-1024 -2048 255 ) (-1024 -1036 255 ) 
4 856 864 (-1024 -2048 255 ) (-1024 -2048 264 ) (-1024 -1036 264 ) (-1024 -1036 255 ) 
4 856 861 (-1024 -2048 152 ) (-1024 -1036 152 ) (-896 -1036 152 ) (-896 -2048 152 ) 
4 856 859 (-896 -1036 152 ) (-840 -1036 152 ) (-840 -2048 152 ) (-896 -2048 152 ) 
4 857 863 (-812 -1024 -64 ) (-800 -1024 -64 ) (-800 -1144 -64 ) (-812 -1144 -64 ) 
4 857 858 (-812 -1024 -64 ) (-812 -1144 -64 ) (-812 -1144 -32 ) (-812 -1024 -32 ) 
4 858 863 (-832 -1024 -64 ) (-812 -1024 -64 ) (-812 -1144 -64 ) (-832 -1144 -64 ) 
4 858 860 (-832 -1024 -64 ) (-832 -1144 -64 ) (-832 -1144 -32 ) (-832 -1024 -32 ) 
4 859 938 (-832 -2048 152 ) (-896 -2048 152 ) (-896 -2048 0 ) (-832 -2048 0 ) 
4 859 861 (-896 -2048 0 ) (-896 -2048 152 ) (-896 -1024 152 ) (-896 -1024 0 ) 
4 860 952 (-896 -2048 -59.923103 ) (-896 -2048 -64 ) (-832 -2048 -64 ) (-832 -2048 -59.923103 ) 
4 860 942 (-896 -2048 -32 ) (-896 -2048 -59.923103 ) (-832 -2048 -59.923103 ) (-832 -2048 -32 ) 
4 860 863 (-896 -1024 -64 ) (-832 -1024 -64 ) (-832 -2048 -64 ) (-896 -2048 -64 ) 
4 860 862 (-896 -1024 -64 ) (-896 -2048 -64 ) (-896 -2048 -32 ) (-896 -1024 -32 ) 
4 861 943 (-896 -2048 152 ) (-1024 -2048 152 ) (-1024 -2048 -8 ) (-896 -2048 -8 ) 
4 861 876 (-1024 -1024 0 ) (-1024 -1024 -8 ) (-1024 -2048 -8 ) (-1024 -2048 0 ) 
4 861 868 (-1024 -1024 152 ) (-1024 -1024 0 ) (-1024 -2048 0 ) (-1024 -2048 152 ) 
4 862 952 (-1024 -2048 -59.923103 ) (-1024 -2048 -64 ) (-896 -2048 -64 ) (-896 -2048 -59.923103 ) 
4 862 944 (-1024 -2048 -32 ) (-1024 -2048 -59.923103 ) (-896 -2048 -59.923103 ) (-896 -2048 -32 ) 
4 862 878 (-1024 -1024 -32 ) (-1024 -1024 -64 ) (-1024 -2048 -64 ) (-1024 -2048 -32 ) 
4 862 863 (-1024 -1024 -64 ) (-896 -1024 -64 ) (-896 -2048 -64 ) (-1024 -2048 -64 ) 
4 863 953 (-800 -2048 -256 ) (-800 -2048 -144 ) (-824 -2048 -144 ) (-824 -2048 -256 ) 
4 863 954 (-824 -2048 -144 ) (-1024 -2048 -144 ) (-1024 -2048 -256 ) (-824 -2048 -256 ) 
4 863 949 (-812 -2048 -64 ) (-832 -2048 -64 ) (-832 -2048 -144 ) (-812 -2048 -144 ) 
4 863 947 (-800 -2048 -144 ) (-800 -2048 -64 ) (-812 -2048 -64 ) (-812 -2048 -144 ) 
4 863 952 (-832 -2048 -64 ) (-1024 -2048 -64 ) (-1024 -2048 -144 ) (-832 -2048 -144 ) 
4 863 878 (-1024 -1024 -64 ) (-1024 -1024 -256 ) (-1024 -2048 -256 ) (-1024 -2048 -64 ) 
4 864 955 (-1024 -2048 255 ) (-1024 -2048 1767.060059 ) (-1088 -2048 1767.060059 ) (-1088 -2048 255 ) 
4 864 956 (-1088 -2048 1767.060059 ) (-1148 -2048 1767.060059 ) (-1148 -2048 255 ) (-1088 -2048 255 ) 
4 864 868 (-1148 -1024 255 ) (-1024 -1024 255 ) (-1024 -2048 255 ) (-1148 -2048 255 ) 
4 864 865 (-1148 -1168 264 ) (-1148 -1168 1767.060059 ) (-1148 -1024 1767.060059 ) (-1148 -1024 264 ) 
4 864 866 (-1148 -1168 255 ) (-1148 -2048 255 ) (-1148 -2048 1767.060059 ) (-1148 -1168 1767.060059 ) 
4 865 866 (-1473 -1168 1767.060059 ) (-1473 -1168 264 ) (-1148 -1168 264 ) (-1148 -1168 1767.060059 ) 
4 865 867 (-1473 -1168 264 ) (-1473 -1168 1767.060059 ) (-1473 -1024 1767.060059 ) (-1473 -1024 264 ) 
4 866 956 (-1148 -2048 1767.060059 ) (-1473 -2048 1767.060059 ) (-1473 -2048 255 ) (-1148 -2048 255 ) 
4 866 874 (-1151.500000 -2048 255 ) (-1184 -2048 255 ) (-1184 -1168 255 ) (-1151.500000 -1168 255 ) 
4 866 868 (-1148 -1168 255 ) (-1148 -2048 255 ) (-1151.500000 -2048 255 ) (-1151.500000 -1168 255 ) 
4 866 875 (-1184 -2048 255 ) (-1473 -2048 255 ) (-1473 -1168 255 ) (-1184 -1168 255 ) 
4 866 867 (-1473 -1168 255 ) (-1473 -2048 255 ) (-1473 -2048 1767.060059 ) (-1473 -1168 1767.060059 ) 
4 867 956 (-1473 -2048 1767.060059 ) (-2048 -2048 1767.060059 ) (-2048 -2048 255 ) (-1473 -2048 255 ) 
4 867 882 (-2048 -2048 255 ) (-2048 -2048 1767.060059 ) (-2048 -1024 1767.060059 ) (-2048 -1024 255 ) 
4 867 875 (-2048 -2048 255 ) (-2048 -1024 255 ) (-1473 -1024 255 ) (-1473 -2048 255 ) 
4 868 955 (-1024 -2048 0 ) (-1024 -2048 255 ) (-1088 -2048 255 ) (-1088 -2048 0 ) 
4 868 956 (-1088 -2048 255 ) (-1151.500000 -2048 255 ) (-1151.500000 -2048 0 ) (-1088 -2048 0 ) 
4 868 876 (-1024 -2048 0 ) (-1088 -2048 0 ) (-1088 -1024 0 ) (-1024 -1024 0 ) 
4 868 877 (-1088 -2048 0 ) (-1151.500000 -2048 0 ) (-1151.500000 -1024 0 ) (-1088 -1024 0 ) 
4 868 871 (-1151.500000 -1168 104 ) (-1151.500000 -1168 168.421005 ) (-1151.500000 -1152 168.421005 ) (-1151.500000 -1152 104 ) 
4 868 870 (-1151.500000 -1144 168.421005 ) (-1151.500000 -1144 104 ) (-1151.500000 -1152 104 ) (-1151.500000 -1152 168.421005 ) 
4 868 869 (-1151.500000 -1024 0 ) (-1151.500000 -1144 0 ) (-1151.500000 -1144 255 ) (-1151.500000 -1024 255 ) 
4 868 874 (-1151.500000 -1168 0 ) (-1151.500000 -2048 0 ) (-1151.500000 -2048 255 ) (-1151.500000 -1168 255 ) 
4 869 877 (-1152 -1024 0 ) (-1151.500000 -1024 0 ) (-1151.500000 -1144 0 ) (-1152 -1144 0 ) 
4 869 870 (-1151.500000 -1144 104 ) (-1151.500000 -1144 168.421005 ) (-1152 -1144 168.421005 ) (-1152 -1144 104 ) 
4 870 871 (-1152 -1152 104 ) (-1151.500000 -1152 104 ) (-1151.500000 -1152 168.421005 ) (-1152 -1152 168.421005 ) 
4 871 872 (-1183.500000 -1152 168.421005 ) (-1183.500000 -1152 104 ) (-1183.500000 -1168 104 ) (-1183.500000 -1168 168.421005 ) 
4 871 874 (-1183.500000 -1168 104 ) (-1151.500000 -1168 104 ) (-1151.500000 -1168 168.421005 ) (-1183.500000 -1168 168.421005 ) 
4 872 873 (-1183.500000 -1168 104 ) (-1184 -1168 104 ) (-1184 -1152 104 ) (-1183.500000 -1152 104 ) 
4 872 875 (-1184 -1168 104 ) (-1184 -1168 255 ) (-1184 -1152 255 ) (-1184 -1152 104 ) 
4 872 874 (-1184 -1168 255 ) (-1184 -1168 104 ) (-1183.500000 -1168 104 ) (-1183.500000 -1168 255 ) 
4 873 877 (-1184 -1168 0 ) (-1184 -1152 0 ) (-1183.500000 -1152 0 ) (-1183.500000 -1168 0 ) 
4 873 874 (-1184 -1168 104 ) (-1184 -1168 0 ) (-1183.500000 -1168 0 ) (-1183.500000 -1168 104 ) 
4 873 875 (-1184 -1152 0 ) (-1184 -1168 0 ) (-1184 -1168 104 ) (-1184 -1152 104 ) 
4 874 956 (-1151.500000 -2048 255 ) (-1184 -2048 255 ) (-1184 -2048 0 ) (-1151.500000 -2048 0 ) 
4 874 877 (-1151.500000 -2048 0 ) (-1184 -2048 0 ) (-1184 -1168 0 ) (-1151.500000 -1168 0 ) 
4 874 875 (-1184 -1168 0 ) (-1184 -2048 0 ) (-1184 -2048 255 ) (-1184 -1168 255 ) 
4 875 956 (-1184 -2048 255 ) (-2048 -2048 255 ) (-2048 -2048 0 ) (-1184 -2048 0 ) 
4 875 882 (-2048 -2048 0 ) (-2048 -2048 255 ) (-2048 -1024 255 ) (-2048 -1024 0 ) 
4 875 877 (-1184 -2048 0 ) (-2048 -2048 0 ) (-2048 -1024 0 ) (-1184 -1024 0 ) 
4 876 955 (-1024 -2048 -8 ) (-1024 -2048 0 ) (-1088 -2048 0 ) (-1088 -2048 -8 ) 
4 876 877 (-1088 -2048 -8 ) (-1088 -2048 0 ) (-1088 -1024 0 ) (-1088 -1024 -8 ) 
4 877 956 (-1088 -2048 0 ) (-2048 -2048 0 ) (-2048 -2048 -32 ) (-1088 -2048 -32 ) 
4 877 882 (-2048 -2048 -32 ) (-2048 -2048 0 ) (-2048 -1024 0 ) (-2048 -1024 -32 ) 
4 877 878 (-2048 -2048 -32 ) (-2048 -1024 -32 ) (-1088 -1024 -32 ) (-1088 -2048 -32 ) 
4 878 957 (-1024 -2048 -256 ) (-1024 -2048 -32 ) (-2048 -2048 -32 ) (-2048 -2048 -256 ) 
4 878 882 (-2048 -2048 -256 ) (-2048 -2048 -32 ) (-2048 -1024 -32 ) (-2048 -1024 -256 ) 
4 879 881 (-2048 0 -256 ) (-2048 0 1767.060059 ) (-3072 0 1767.060059 ) (-3072 0 -256 ) 
4 879 880 (-3072 550 -256 ) (-3072 0 -256 ) (-3072 0 1767.060059 ) (-3072 550 1767.060059 ) 
4 880 883 (-3072 0 -256 ) (-3072 0 1767.060059 ) (-3494 0 1767.060059 ) (-3494 0 -256 ) 
4 881 883 (-3072 0 1767.060059 ) (-3072 0 -256 ) (-3072 -1024 -256 ) (-3072 -1024 1767.060059 ) 
4 881 882 (-2048 -1024 -256 ) (-2048 -1024 1767.060059 ) (-3072 -1024 1767.060059 ) (-3072 -1024 -256 ) 
4 882 989 (-2048 -2048 -256 ) (-2048 -2048 1767.060059 ) (-3072 -2048 1767.060059 ) (-3072 -2048 -256 ) 
4 882 884 (-3072 -2048 -256 ) (-3072 -2048 1767.060059 ) (-3072 -1024 1767.060059 ) (-3072 -1024 -256 ) 
4 883 884 (-3072 -1024 -256 ) (-3072 -1024 1767.060059 ) (-3494 -1024 1767.060059 ) (-3494 -1024 -256 ) 
4 884 990 (-3072 -2048 -256 ) (-3072 -2048 1767.060059 ) (-3494 -2048 1767.060059 ) (-3494 -2048 -256 ) 
4 885 930 (-800 -2048 648 ) (-800 -2048 264 ) (-800 -2304 264 ) (-800 -2304 648 ) 
4 885 922 (-800 -2304 648 ) (-800 -2304 264 ) (0 -2304 264 ) (0 -2304 648 ) 
4 885 886 (-792 -2300 264 ) (-792 -2048 264 ) (0 -2048 264 ) (0 -2300 264 ) 
4 886 892 (-792 -2300 184 ) (-792 -2148 184 ) (-92 -2148 184 ) (-92 -2300 184 ) 
4 886 891 (-92 -2124 184 ) (0 -2124 184 ) (0 -2300 184 ) (-92 -2300 184 ) 
4 886 889 (-92 -2048 184 ) (0 -2048 184 ) (0 -2124 184 ) (-92 -2124 184 ) 
4 886 890 (-792 -2124 184 ) (-792 -2048 184 ) (-116 -2048 184 ) (-116 -2124 184 ) 
4 886 888 (-792 -2048 184 ) (-792 -2300 184 ) (-792 -2300 248 ) (-792 -2048 248 ) 
4 886 887 (-792 -2300 256 ) (-792 -2300 184 ) (0 -2300 184 ) (0 -2300 256 ) 
4 887 892 (-92 -2304 184 ) (-792 -2304 184 ) (-792 -2300 184 ) (-92 -2300 184 ) 
4 887 891 (0 -2304 184 ) (-92 -2304 184 ) (-92 -2300 184 ) (0 -2300 184 ) 
4 887 888 (-792 -2300 184 ) (-792 -2304 184 ) (-792 -2304 248 ) (-792 -2300 248 ) 
4 888 936 (-800 -2160 184 ) (-800 -2288 184 ) (-800 -2288 224 ) (-800 -2160 224 ) 
4 888 892 (-792 -2304 184 ) (-800 -2304 184 ) (-800 -2148 184 ) (-792 -2148 184 ) 
4 888 890 (-800 -2124 184 ) (-800 -2048 184 ) (-792 -2048 184 ) (-792 -2124 184 ) 
4 889 893 (-92 -2048 176 ) (0 -2048 176 ) (0 -2124 176 ) (-92 -2124 176 ) 
4 889 891 (-92 -2124 176 ) (0 -2124 176 ) (0 -2124 184 ) (-92 -2124 184 ) 
4 890 903 (-800 -2124 176 ) (-800 -2078.679932 176 ) (-764 -2078.680176 176 ) (-764 -2124 176 ) 
4 890 902 (-800 -2078.679932 176 ) (-800 -2048 176 ) (-764 -2048 176 ) (-764 -2078.680176 176 ) 
4 890 899 (-764 -2048 176 ) (-116 -2048 176 ) (-116 -2124 176 ) (-764 -2124 176 ) 
4 891 916 (0 -2304 176 ) (-92 -2304 176 ) (-92 -2144 176 ) (0 -2144 176 ) 
4 891 893 (-92 -2144 176 ) (-92 -2124 176 ) (0 -2124 176 ) (0 -2144 176 ) 
4 891 892 (-92 -2148 176 ) (-92 -2304 176 ) (-92 -2304 184 ) (-92 -2148 184 ) 
4 892 936 (-800 -2160 176 ) (-800 -2288 176 ) (-800 -2288 184 ) (-800 -2160 184 ) 
4 892 917 (-643.543030 -2304 176 ) (-800 -2304 176 ) (-800 -2148 176 ) (-643.543030 -2148 176 ) 
4 892 916 (-92 -2304 176 ) (-643.543030 -2304 176 ) (-643.543030 -2148 176 ) (-92 -2148 176 ) 
4 893 916 (0 -2144 176 ) (-96 -2144 176 ) (-96 -2144 136 ) (0 -2144 136 ) 
4 893 894 (0 -2144 136 ) (-96 -2144 136 ) (-96 -2048 136 ) (0 -2048 136 ) 
4 894 918 (0 -2144 0 ) (0 -2144 112 ) (-96 -2144 112 ) (-96 -2144 0 ) 
4 894 916 (0 -2144 112 ) (0 -2144 136 ) (-96 -2144 136 ) (-96 -2144 112 ) 
4 894 895 (-96 -2112 136 ) (-96 -2048 136 ) (-96 -2048 0 ) (-96 -2112 0 ) 
4 895 899 (-108 -2112 136 ) (-108 -2048 136 ) (-108 -2048 0 ) (-108 -2112 0 ) 
4 895 896 (-108 -2112 0 ) (-108 -2048 0 ) (-104 -2048 0 ) (-104 -2112 0 ) 
4 896 899 (-108 -2112 0 ) (-108 -2048 0 ) (-108 -2048 -32 ) (-108 -2112 -32 ) 
4 896 897 (-108 -2112 -32 ) (-104 -2112 -32 ) (-104 -2112 -4 ) (-108 -2112 -4 ) 
4 896 898 (-108 -2112 -32 ) (-108 -2048 -32 ) (-104 -2048 -32 ) (-104 -2112 -32 ) 
4 897 915 (-108 -2144 -32 ) (-108 -2144 -4 ) (-108 -2132 -4 ) (-108 -2132 -32 ) 
4 897 899 (-108 -2132 -4 ) (-108 -2112 -4 ) (-108 -2112 -32 ) (-108 -2132 -32 ) 
4 897 898 (-104 -2144 -32 ) (-108 -2144 -32 ) (-108 -2112 -32 ) (-104 -2112 -32 ) 
4 898 945 (-108 -2048 -59.923103 ) (0 -2048 -59.923103 ) (0 -2144 -59.923103 ) (-108 -2144 -59.923103 ) 
4 898 920 (-108 -2144 -32 ) (-108 -2144 -59.923103 ) (0 -2144 -59.923103 ) (0 -2144 -32 ) 
4 898 915 (-108 -2132 -59.923103 ) (-108 -2144 -59.923103 ) (-108 -2144 -32 ) (-108 -2132 -32 ) 
4 898 899 (-108 -2048 -59.923103 ) (-108 -2132 -59.923103 ) (-108 -2132 -32 ) (-108 -2048 -32 ) 
4 899 945 (-764 -2048 -59.923103 ) (-108 -2048 -59.923103 ) (-108 -2132 -59.923103 ) (-764 -2132 -59.923103 ) 
4 899 915 (-108 -2132 -59.923103 ) (-108 -2132 -4 ) (-764 -2132 -4 ) (-764 -2132 -59.923103 ) 
3 899 911 (-764 -2127.998779 4 ) (-764 -2129.153076 3.689714 ) (-764 -2129.996338 4.534449 ) 
3 899 910 (-764 -2129.153076 3.689714 ) (-764 -2130.722168 3.267683 ) (-764 -2131.460449 6.001357 ) 
3 899 909 (-764 -2132 2.924007 ) (-764 -2132 8 ) (-764 -2130.722168 3.267683 ) 
3 899 908 (-764 -2132 8 ) (-764 -2132 9.458878 ) (-764 -2131.460205 10 ) 
3 899 907 (-764 -2132 9.458878 ) (-764 -2132 10.927296 ) (-764 -2130 11.463863 ) 
3 899 906 (-764 -2132 10.927296 ) (-764 -2132 13.073238 ) (-764 -2128 12 ) 
3 899 905 (-764 -2132 13.073238 ) (-764 -2132 17.490465 ) (-764 -2125.997803 11.462241 ) 
3 899 904 (-764 -2132 17.490465 ) (-764 -2132 37.595619 ) (-764 -2124.540039 9.998005 ) 
4 899 903 (-764 -2132 37.595619 ) (-764 -2132 176 ) (-764 -2078.680176 176 ) (-764 -2124 8.001251 ) 
4 899 902 (-764 -2078.680176 176 ) (-764 -2048 176 ) (-764 -2048 82.608505 ) (-764 -2124.542969 5.989105 ) 
3 899 901 (-764 -2048 82.608505 ) (-764 -2048 25.515808 ) (-764 -2125.990234 4.540359 ) 
4 899 900 (-764 -2048 -59.923103 ) (-764 -2132 -59.923103 ) (-764 -2132 2.924007 ) (-764 -2048 25.515808 ) 
4 900 945 (-800 -2132 -59.923103 ) (-800 -2048 -59.923103 ) (-764 -2048 -59.923103 ) (-764 -2132 -59.923103 ) 
4 900 914 (-800 -2132 2.924835 ) (-800 -2132 -4 ) (-798.909058 -2132 -4 ) (-798.909058 -2132 2.924810 ) 
4 900 915 (-800 -2132 -4 ) (-800 -2132 -59.923103 ) (-764 -2132 -59.923103 ) (-764 -2132 -4 ) 
4 900 911 (-764 -2129.152832 3.689564 ) (-764 -2127.998535 4 ) (-800 -2128 4 ) (-800 -2129.152100 3.690562 ) 
4 900 910 (-764 -2130.722168 3.267504 ) (-764 -2129.152832 3.689564 ) (-800 -2129.152100 3.690562 ) (-800 -2130.722412 3.268228 ) 
4 900 909 (-800 -2132 2.924615 ) (-764 -2132 2.923828 ) (-764 -2130.722168 3.267504 ) (-800 -2130.722412 3.268228 ) 
4 900 901 (-764 -2125.990479 4.540121 ) (-764 -2048 25.515635 ) (-800 -2048 25.516434 ) (-800 -2125.986572 4.541922 ) 
4 901 902 (-764 -2124.544189 5.985099 ) (-764 -2048 82.605713 ) (-800 -2048 82.603798 ) (-800 -2124.544189 5.983055 ) 
4 902 903 (-764 -2124 8.001143 ) (-764 -2078.680420 176 ) (-800 -2078.680176 176 ) (-800 -2124 8.001038 ) 
4 903 914 (-800 -2132 112 ) (-800 -2132 37.595535 ) (-798.909058 -2132 37.595539 ) (-798.909058 -2132 112 ) 
4 903 912 (-798.909058 -2132 176 ) (-800 -2132 176 ) (-800 -2132 112 ) (-798.909058 -2132 112 ) 
4 903 904 (-764 -2124.539551 9.997618 ) (-764 -2132 37.596626 ) (-800 -2132 37.596569 ) (-800 -2124.539307 9.996862 ) 
4 904 914 (-800 -2132 37.595535 ) (-800 -2132 17.489788 ) (-798.909058 -2132 17.489809 ) (-798.909058 -2132 37.595539 ) 
4 904 905 (-764 -2125.997803 11.462221 ) (-764 -2132 17.490368 ) (-800 -2132 17.489580 ) (-800 -2126 11.462975 ) 
4 905 914 (-800 -2132 17.489788 ) (-800 -2132 13.073569 ) (-798.909058 -2132 13.073559 ) (-798.909058 -2132 17.489809 ) 
4 905 906 (-764 -2128.002441 12 ) (-764 -2132 13.072470 ) (-800 -2132 13.072751 ) (-800 -2128.001953 12 ) 
4 906 914 (-800 -2132 13.073569 ) (-800 -2132 10.927309 ) (-798.909058 -2132 10.927309 ) (-798.909058 -2132 13.073559 ) 
4 906 907 (-764 -2130.001465 11.461911 ) (-764 -2132 10.925883 ) (-800 -2132 10.925883 ) (-800 -2130.001221 11.461949 ) 
4 907 914 (-800 -2132 10.927309 ) (-800 -2132 9.458881 ) (-798.909058 -2132 9.458881 ) (-798.909058 -2132 10.927309 ) 
4 907 908 (-764 -2131.460205 10 ) (-764 -2132 9.458612 ) (-800 -2132 9.458611 ) (-800 -2131.460693 10 ) 
4 908 914 (-800 -2132 9.458881 ) (-800 -2132 8 ) (-798.909058 -2132 8 ) (-798.909058 -2132 9.458881 ) 
4 909 914 (-800 -2132 8 ) (-800 -2132 2.924835 ) (-798.909058 -2132 2.924810 ) (-798.909058 -2132 8 ) 
4 909 910 (-764 -2130.722656 3.267585 ) (-800 -2130.722900 3.268319 ) (-800 -2131.461670 6.004406 ) (-764 -2131.461182 6.002128 ) 
4 910 911 (-764 -2129.993652 4.533766 ) (-764 -2129.151855 3.690006 ) (-800 -2129.151123 3.690984 ) (-800 -2129.991943 4.533608 ) 
4 912 914 (-800 -2132 112 ) (-798.909058 -2132 112 ) (-798.909058 -2136 112 ) (-800 -2136 112 ) 
4 912 913 (-798.909058 -2136 144 ) (-798.909058 -2136 176 ) (-800 -2136 176 ) (-800 -2136 144 ) 
4 913 917 (-798.909058 -2144 176 ) (-800 -2144 176 ) (-800 -2144 144 ) (-798.909058 -2144 144 ) 
4 914 921 (-800 -2144 0 ) (-800 -2144 -4 ) (-798.909058 -2144 -4 ) (-798.909058 -2144 0 ) 
4 914 919 (-800 -2144 112 ) (-800 -2144 0 ) (-798.909058 -2144 0 ) (-798.909058 -2144 112 ) 
4 914 915 (-800 -2132 -4 ) (-798.909058 -2132 -4 ) (-798.909058 -2144 -4 ) (-800 -2144 -4 ) 
4 915 945 (-800 -2144 -59.923103 ) (-800 -2132 -59.923103 ) (-108 -2132 -59.923103 ) (-108 -2144 -59.923103 ) 
4 915 920 (-576 -2144 -59.923103 ) (-108 -2144 -59.923103 ) (-108 -2144 -32 ) (-576 -2144 -32 ) 
4 915 921 (-800 -2144 -4 ) (-800 -2144 -59.923103 ) (-576 -2144 -59.923103 ) (-576 -2144 -4 ) 
4 916 918 (0 -2304 112 ) (-444.432068 -2304 112 ) (-444.432068 -2144 112 ) (0 -2144 112 ) 
4 916 917 (-643.546875 -2304 176 ) (-643.546875 -2144 176 ) (-543.991211 -2144 144 ) (-543.991211 -2304 144 ) 
4 917 936 (-800 -2288 176 ) (-800 -2160 176 ) (-800 -2160 152 ) (-800 -2288 152 ) 
4 919 926 (-800 -2304 112 ) (-800 -2304 0 ) (-576 -2304 0 ) (-576 -2304 112 ) 
4 919 921 (-576 -2304 0 ) (-800 -2304 0 ) (-800 -2144 0 ) (-576 -2144 0 ) 
4 920 946 (-576 -2144 -59.923103 ) (0 -2144 -59.923103 ) (0 -2304 -59.923103 ) (-576 -2304 -59.923103 ) 
4 920 928 (-576 -2304 -59.923103 ) (0 -2304 -59.923103 ) (0 -2304 -32 ) (-576 -2304 -32 ) 
4 920 921 (-576 -2304 -59.923103 ) (-576 -2304 -32 ) (-576 -2144 -32 ) (-576 -2144 -59.923103 ) 
4 921 946 (-800 -2304 -59.923103 ) (-800 -2144 -59.923103 ) (-576 -2144 -59.923103 ) (-576 -2304 -59.923103 ) 
4 921 929 (-800 -2304 0 ) (-800 -2304 -59.923103 ) (-576 -2304 -59.923103 ) (-576 -2304 0 ) 
4 922 958 (0 -3072 264 ) (0 -3072 648 ) (-800 -3072 648 ) (-800 -3072 264 ) 
4 922 930 (-800 -3072 264 ) (-800 -3072 648 ) (-800 -2304 648 ) (-800 -2304 264 ) 
4 922 923 (0 -3072 264 ) (-792 -3072 264 ) (-792 -2564 264 ) (0 -2564 264 ) 
4 923 963 (0 -3072 256 ) (0 -3072 264 ) (-792 -3072 264 ) (-792 -3072 256 ) 
4 923 924 (-792 -3072 256 ) (-792 -2564 256 ) (0 -2564 256 ) (0 -3072 256 ) 
4 924 971 (0 -3072 137.085999 ) (0 -3072 224 ) (-792 -3072 224 ) (-792 -3072 137.085999 ) 
4 924 963 (0 -3072 224 ) (0 -3072 256 ) (-792 -3072 256 ) (-792 -3072 224 ) 
4 924 927 (0 -2560 137.085999 ) (0 -3072 137.085999 ) (-792 -3072 137.085999 ) (-792 -2560 137.085999 ) 
4 924 925 (-792 -2560 137.085999 ) (-792 -3072 137.085999 ) (-792 -3072 248 ) (-792 -2560 248 ) 
4 925 971 (-800 -3072 224 ) (-800 -3072 137.085999 ) (-792 -3072 137.085999 ) (-792 -3072 224 ) 
4 925 964 (-800 -3072 248 ) (-800 -3072 224 ) (-792 -3072 224 ) (-792 -3072 248 ) 
4 925 927 (-800 -3072 137.085999 ) (-800 -2560 137.085999 ) (-792 -2560 137.085999 ) (-792 -3072 137.085999 ) 
4 926 929 (-800 -2560 0 ) (-800 -2304 0 ) (-576 -2304 0 ) (-576 -2560 0 ) 
4 926 927 (-800 -2560 0 ) (-576 -2560 0 ) (-576 -2560 137.085999 ) (-800 -2560 137.085999 ) 
4 927 971 (0 -3072 0 ) (0 -3072 137.085999 ) (-800 -3072 137.085999 ) (-800 -3072 0 ) 
4 928 946 (-576 -2304 -59.923103 ) (0 -2304 -59.923103 ) (0 -2560 -59.923103 ) (-576 -2560 -59.923103 ) 
4 928 929 (-576 -2560 -59.923103 ) (-576 -2560 -32 ) (-576 -2304 -32 ) (-576 -2304 -59.923103 ) 
4 929 946 (-800 -2560 -59.923103 ) (-800 -2304 -59.923103 ) (-576 -2304 -59.923103 ) (-576 -2560 -59.923103 ) 
4 929 940 (-800 -2432 -59.923103 ) (-800 -2560 -59.923103 ) (-800 -2560 0 ) (-800 -2432 0 ) 
4 930 958 (-817.620972 -3072 264 ) (-800 -3072 264 ) (-800 -3072 648 ) (-817.620972 -3072 648 ) 
4 930 932 (-817.620972 -2048 264 ) (-817.620972 -3072 264 ) (-817.620972 -3072 343 ) (-817.620972 -2048 343 ) 
4 930 931 (-817.620972 -3072 343 ) (-817.620972 -3072 648 ) (-817.620972 -2048 648 ) (-817.620972 -2048 343 ) 
4 931 959 (-817.620972 -3072 343 ) (-817.620972 -3072 648 ) (-818.620972 -3072 648 ) (-818.620972 -3072 343 ) 
4 931 933 (-818.620972 -3072 343 ) (-818.620972 -3072 648 ) (-818.620972 -2048 648 ) (-818.620972 -2048 343 ) 
4 931 932 (-818.620972 -3072 343 ) (-818.620972 -2048 343 ) (-817.620972 -2048 343 ) (-817.620972 -3072 343 ) 
4 932 960 (-818.620972 -3072 264 ) (-817.620972 -3072 264 ) (-817.620972 -3072 343 ) (-818.620972 -3072 343 ) 
4 932 933 (-818.620972 -2048 264 ) (-818.620972 -3072 264 ) (-818.620972 -3072 343 ) (-818.620972 -2048 343 ) 
4 933 962 (-1024 -3072 648 ) (-1024 -3072 264 ) (-818.620972 -3072 264 ) (-818.620972 -3072 648 ) 
4 933 955 (-1024 -2048 648 ) (-1024 -2048 264 ) (-1024 -3072 264 ) (-1024 -3072 648 ) 
4 933 935 (-1024 -3072 264 ) (-1024 -2048 264 ) (-840 -2048 264 ) (-840 -3072 264 ) 
4 934 967 (-840 -3072 224 ) (-832 -3072 224 ) (-832 -3072 248 ) (-840 -3072 248 ) 
4 934 937 (-840 -2048 224 ) (-832 -2048 224 ) (-832 -3072 224 ) (-840 -3072 224 ) 
4 934 935 (-840 -2048 224 ) (-840 -3072 224 ) (-840 -3072 248 ) (-840 -2048 248 ) 
4 935 970 (-1024 -3072 264 ) (-1024 -3072 224 ) (-840 -3072 224 ) (-840 -3072 264 ) 
4 935 955 (-1024 -2048 264 ) (-1024 -2048 224 ) (-1024 -3072 224 ) (-1024 -3072 264 ) 
4 935 937 (-1024 -2048 224 ) (-840 -2048 224 ) (-840 -3072 224 ) (-1024 -3072 224 ) 
4 936 937 (-832 -2160 152 ) (-832 -2288 152 ) (-832 -2288 224 ) (-832 -2160 224 ) 
4 937 972 (-1024 -3072 224 ) (-1024 -3072 152 ) (-832 -3072 152 ) (-832 -3072 224 ) 
4 937 955 (-1024 -2048 224 ) (-1024 -2048 152 ) (-1024 -3072 152 ) (-1024 -3072 224 ) 
4 937 943 (-1024 -3072 152 ) (-1024 -2048 152 ) (-896 -2048 152 ) (-896 -3072 152 ) 
4 937 939 (-832 -2432 152 ) (-832 -3072 152 ) (-896 -3072 152 ) (-896 -2432 152 ) 
4 937 938 (-896 -2048 152 ) (-832 -2048 152 ) (-832 -2432 152 ) (-896 -2432 152 ) 
4 938 943 (-896 -2432 152 ) (-896 -2048 152 ) (-896 -2048 0 ) (-896 -2432 0 ) 
4 938 939 (-896 -2432 152 ) (-896 -2432 0 ) (-832 -2432 0 ) (-832 -2432 152 ) 
4 939 972 (-832 -3072 152 ) (-896 -3072 152 ) (-896 -3072 0 ) (-832 -3072 0 ) 
4 939 943 (-896 -3072 0 ) (-896 -3072 152 ) (-896 -2432 152 ) (-896 -2432 0 ) 
4 940 950 (-812 -2910.780029 -59.923103 ) (-812 -2432 -59.923103 ) (-800 -2432 -59.923103 ) (-800 -2910.780029 -59.923103 ) 
4 940 941 (-812 -2432 -59.923103 ) (-812 -2910.780029 -59.923103 ) (-812 -2910.780029 -32 ) (-812 -2432 -32 ) 
4 941 976 (-832 -3072 -59.923103 ) (-812 -3072 -59.923103 ) (-812 -3072 -32 ) (-832 -3072 -32 ) 
4 941 951 (-812 -3072 -59.923103 ) (-832 -3072 -59.923103 ) (-832 -2432 -59.923103 ) (-812 -2432 -59.923103 ) 
4 941 942 (-832 -2432 -59.923103 ) (-832 -3072 -59.923103 ) (-832 -3072 -32 ) (-832 -2432 -32 ) 
4 942 976 (-896 -3072 -59.923103 ) (-832 -3072 -59.923103 ) (-832 -3072 -32 ) (-896 -3072 -32 ) 
4 942 952 (-832 -3072 -59.923103 ) (-896 -3072 -59.923103 ) (-896 -2048 -59.923103 ) (-832 -2048 -59.923103 ) 
4 942 944 (-896 -2048 -59.923103 ) (-896 -3072 -59.923103 ) (-896 -3072 -32 ) (-896 -2048 -32 ) 
4 943 978 (-1024 -3072 0 ) (-1024 -3072 -8 ) (-896 -3072 -8 ) (-896 -3072 0 ) 
4 943 972 (-1024 -3072 152 ) (-1024 -3072 0 ) (-896 -3072 0 ) (-896 -3072 152 ) 
4 943 955 (-1024 -2048 152 ) (-1024 -2048 -8 ) (-1024 -3072 -8 ) (-1024 -3072 152 ) 
4 944 979 (-1024 -3072 -32 ) (-1024 -3072 -59.923103 ) (-896 -3072 -59.923103 ) (-896 -3072 -32 ) 
4 944 957 (-1024 -2048 -32 ) (-1024 -2048 -59.923103 ) (-1024 -3072 -59.923103 ) (-1024 -3072 -32 ) 
4 944 952 (-896 -3072 -59.923103 ) (-1024 -3072 -59.923103 ) (-1024 -2048 -59.923103 ) (-896 -2048 -59.923103 ) 
4 945 953 (-800 -2048 -144 ) (0 -2048 -144 ) (0 -2144 -144 ) (-800 -2144 -144 ) 
4 945 947 (-800 -2048 -144 ) (-800 -2144 -144 ) (-800 -2144 -64 ) (-800 -2048 -64 ) 
4 945 946 (-800 -2144 -59.923103 ) (-800 -2144 -144 ) (0 -2144 -144 ) (0 -2144 -59.923103 ) 
4 946 950 (-800 -2432 -144 ) (-800 -2560 -144 ) (-800 -2560 -59.923103 ) (-800 -2432 -59.923103 ) 
4 946 948 (-800 -2144 -144 ) (-800 -2432 -144 ) (-800 -2432 -64 ) (-800 -2144 -64 ) 
4 947 953 (-812 -2048 -144 ) (-800 -2048 -144 ) (-800 -2144 -144 ) (-812 -2144 -144 ) 
4 947 949 (-812 -2048 -144 ) (-812 -2144 -144 ) (-812 -2144 -64 ) (-812 -2048 -64 ) 
4 947 948 (-800 -2144 -144 ) (-800 -2144 -64 ) (-812 -2144 -64 ) (-812 -2144 -144 ) 
4 948 950 (-812 -2432 -144 ) (-800 -2432 -144 ) (-800 -2432 -64 ) (-812 -2432 -64 ) 
4 948 949 (-812 -2144 -144 ) (-812 -2432 -144 ) (-812 -2432 -64 ) (-812 -2144 -64 ) 
4 949 953 (-824 -2048 -144 ) (-812 -2048 -144 ) (-812 -2144 -144 ) (-824 -2144 -144 ) 
4 949 954 (-832 -2048 -144 ) (-824 -2048 -144 ) (-824 -2432 -144 ) (-832 -2432 -144 ) 
4 949 951 (-832 -2432 -64 ) (-832 -2432 -144 ) (-812 -2432 -144 ) (-812 -2432 -64 ) 
4 949 952 (-832 -2048 -144 ) (-832 -2432 -144 ) (-832 -2432 -64 ) (-832 -2048 -64 ) 
4 950 951 (-812 -2432 -59.923103 ) (-812 -2432 -144 ) (-812 -2910.780029 -144 ) (-812 -2910.780029 -59.923103 ) 
4 951 982 (-812 -3072 -59.923103 ) (-824 -3072 -59.923103 ) (-824 -3072 -144 ) (-812 -3072 -144 ) 
4 951 985 (-824 -3072 -59.923103 ) (-832 -3072 -59.923103 ) (-832 -3072 -144 ) (-824 -3072 -144 ) 
4 951 954 (-824 -3072 -144 ) (-832 -3072 -144 ) (-832 -2432 -144 ) (-824 -2432 -144 ) 
4 951 952 (-832 -2432 -144 ) (-832 -3072 -144 ) (-832 -3072 -59.923103 ) (-832 -2432 -59.923103 ) 
4 952 985 (-832 -3072 -59.923103 ) (-1024 -3072 -59.923103 ) (-1024 -3072 -144 ) (-832 -3072 -144 ) 
4 952 957 (-1024 -2048 -59.923103 ) (-1024 -2048 -144 ) (-1024 -3072 -144 ) (-1024 -3072 -59.923103 ) 
4 952 954 (-1024 -3072 -144 ) (-1024 -2048 -144 ) (-832 -2048 -144 ) (-832 -3072 -144 ) 
4 953 954 (-824 -2048 -256 ) (-824 -2144 -256 ) (-824 -2144 -144 ) (-824 -2048 -144 ) 
4 954 985 (-824 -3072 -144 ) (-1024 -3072 -144 ) (-1024 -3072 -256 ) (-824 -3072 -256 ) 
4 954 957 (-1024 -2048 -144 ) (-1024 -2048 -256 ) (-1024 -3072 -256 ) (-1024 -3072 -144 ) 
4 955 986 (-1024 -3072 -8 ) (-1024 -3072 1767.060059 ) (-1088 -3072 1767.060059 ) (-1088 -3072 -8 ) 
4 955 956 (-1088 -3072 -8 ) (-1088 -3072 1767.060059 ) (-1088 -2048 1767.060059 ) (-1088 -2048 -8 ) 
4 956 989 (-2048 -2048 1767.060059 ) (-2048 -2048 -32 ) (-2048 -3072 -32 ) (-2048 -3072 1767.060059 ) 
4 956 988 (-1088 -3072 1767.060059 ) (-2048 -3072 1767.060059 ) (-2048 -3072 -32 ) (-1088 -3072 -32 ) 
4 956 957 (-2048 -2048 -32 ) (-1088 -2048 -32 ) (-1088 -3072 -32 ) (-2048 -3072 -32 ) 
4 957 989 (-2048 -2048 -32 ) (-2048 -2048 -256 ) (-2048 -3072 -256 ) (-2048 -3072 -32 ) 
4 957 987 (-1024 -3072 -256 ) (-1024 -3072 -32 ) (-1088 -3072 -32 ) (-1088 -3072 -256 ) 
4 957 988 (-1088 -3072 -32 ) (-2048 -3072 -32 ) (-2048 -3072 -256 ) (-1088 -3072 -256 ) 
4 958 968 (-808 -3304 264 ) (-808 -3312 264 ) (-817.620972 -3312 264 ) (-817.620972 -3304 264 ) 
4 958 966 (-800 -3312 264 ) (-808 -3312 264 ) (-808 -3116 264 ) (-800 -3116 264 ) 
4 958 965 (-792 -3116 264 ) (-792 -3312 264 ) (-800 -3312 264 ) (-800 -3116 264 ) 
4 958 963 (-792 -3072 264 ) (0 -3072 264 ) (0 -3312 264 ) (-792 -3312 264 ) 
4 958 960 (-817.620972 -3072 264 ) (-817.620972 -3304 264 ) (-817.620972 -3304 343 ) (-817.620972 -3072 343 ) 
4 958 959 (-817.620972 -3304 343 ) (-817.620972 -3304 648 ) (-817.620972 -3072 648 ) (-817.620972 -3072 343 ) 
4 958 961 (-817.620972 -3304 264 ) (-817.620972 -3312 264 ) (-817.620972 -3312 648 ) (-817.620972 -3304 648 ) 
4 959 961 (-818.620972 -3304 648 ) (-818.620972 -3304 343 ) (-817.620972 -3304 343 ) (-817.620972 -3304 648 ) 
4 959 962 (-818.620972 -3304 343 ) (-818.620972 -3304 648 ) (-818.620972 -3072 648 ) (-818.620972 -3072 343 ) 
4 959 960 (-817.620972 -3304 343 ) (-818.620972 -3304 343 ) (-818.620972 -3072 343 ) (-817.620972 -3072 343 ) 
4 960 961 (-818.620972 -3304 343 ) (-818.620972 -3304 264 ) (-817.620972 -3304 264 ) (-817.620972 -3304 343 ) 
4 960 962 (-818.620972 -3072 264 ) (-818.620972 -3304 264 ) (-818.620972 -3304 343 ) (-818.620972 -3072 343 ) 
4 961 968 (-817.620972 -3304 264 ) (-817.620972 -3312 264 ) (-818.620972 -3312 264 ) (-818.620972 -3304 264 ) 
4 961 962 (-818.620972 -3304 264 ) (-818.620972 -3312 264 ) (-818.620972 -3312 648 ) (-818.620972 -3304 648 ) 
4 962 986 (-1024 -3312 648 ) (-1024 -3072 648 ) (-1024 -3072 264 ) (-1024 -3312 264 ) 
4 962 970 (-1024 -3312 264 ) (-1024 -3072 264 ) (-840 -3072 264 ) (-840 -3312 264 ) 
4 962 969 (-832 -3312 264 ) (-840 -3312 264 ) (-840 -3304 264 ) (-832 -3304 264 ) 
4 962 968 (-818.620972 -3304 264 ) (-818.620972 -3312 264 ) (-832 -3312 264 ) (-832 -3304 264 ) 
4 963 973 (0 -3305 224 ) (0 -3312 224 ) (-792 -3312 224 ) (-792 -3305 224 ) 
4 963 971 (-792 -3072 224 ) (0 -3072 224 ) (0 -3305 224 ) (-792 -3305 224 ) 
4 963 965 (-792 -3116 224 ) (-792 -3312 224 ) (-792 -3312 264 ) (-792 -3116 264 ) 
4 963 964 (-792 -3072 224 ) (-792 -3116 224 ) (-792 -3116 248 ) (-792 -3072 248 ) 
4 964 971 (-800 -3072 224 ) (-792 -3072 224 ) (-792 -3116 224 ) (-800 -3116 224 ) 
4 964 965 (-800 -3116 224 ) (-792 -3116 224 ) (-792 -3116 248 ) (-800 -3116 248 ) 
4 965 973 (-792 -3305 224 ) (-792 -3312 224 ) (-800 -3312 224 ) (-800 -3305 224 ) 
4 965 971 (-792 -3116 224 ) (-792 -3305 224 ) (-800 -3305 224 ) (-800 -3116 224 ) 
4 965 966 (-800 -3116 264 ) (-800 -3116 252 ) (-800 -3312 252 ) (-800 -3312 264 ) 
4 966 968 (-808 -3312 264 ) (-808 -3304 264 ) (-808 -3304 252 ) (-808 -3312 252 ) 
4 967 972 (-840 -3072 224 ) (-832 -3072 224 ) (-832 -3304 224 ) (-840 -3304 224 ) 
4 967 970 (-840 -3072 224 ) (-840 -3304 224 ) (-840 -3304 248 ) (-840 -3072 248 ) 
4 967 969 (-840 -3304 248 ) (-840 -3304 224 ) (-832 -3304 224 ) (-832 -3304 248 ) 
4 968 969 (-832 -3304 264 ) (-832 -3304 252 ) (-832 -3312 252 ) (-832 -3312 264 ) 
4 969 973 (-840 -3312 224 ) (-840 -3305 224 ) (-832 -3305 224 ) (-832 -3312 224 ) 
4 969 972 (-840 -3305 224 ) (-840 -3304 224 ) (-832 -3304 224 ) (-832 -3305 224 ) 
4 969 970 (-840 -3304 224 ) (-840 -3312 224 ) (-840 -3312 264 ) (-840 -3304 264 ) 
4 970 986 (-1024 -3312 264 ) (-1024 -3072 264 ) (-1024 -3072 224 ) (-1024 -3312 224 ) 
4 970 973 (-1024 -3312 224 ) (-1024 -3305 224 ) (-840 -3305 224 ) (-840 -3312 224 ) 
4 970 972 (-1024 -3305 224 ) (-1024 -3072 224 ) (-840 -3072 224 ) (-840 -3305 224 ) 
4 971 975 (0 -3288 0 ) (0 -3305 0 ) (-792 -3305 0 ) (-792 -3288 0 ) 
4 971 974 (0 -3104 0 ) (0 -3288 0 ) (-792 -3288 0 ) (-792 -3104 0 ) 
4 971 973 (-800 -3305 0 ) (0 -3305 0 ) (0 -3305 224 ) (-800 -3305 224 ) 
4 972 986 (-1024 -3305 224 ) (-1024 -3072 224 ) (-1024 -3072 0 ) (-1024 -3305 0 ) 
4 972 978 (-1024 -3305 0 ) (-1024 -3072 0 ) (-896 -3072 0 ) (-896 -3305 0 ) 
4 972 973 (-1024 -3305 0 ) (-832 -3305 0 ) (-832 -3305 224 ) (-1024 -3305 224 ) 
4 973 986 (-1024 -3312 224 ) (-1024 -3305 224 ) (-1024 -3305 0 ) (-1024 -3312 0 ) 
4 973 978 (-1024 -3312 0 ) (-1024 -3305 0 ) (-896 -3305 0 ) (-896 -3312 0 ) 
4 973 977 (-812 -3310 0 ) (-812 -3312 0 ) (-896 -3312 0 ) (-896 -3310 0 ) 
4 973 975 (-792 -3305 0 ) (0 -3305 0 ) (0 -3312 0 ) (-792 -3312 0 ) 
4 974 980 (0 -3104 -59.923103 ) (0 -3288 -59.923103 ) (-792 -3288 -59.923103 ) (-792 -3104 -59.923103 ) 
4 974 975 (-792 -3288 0 ) (-792 -3288 -32 ) (0 -3288 -32 ) (0 -3288 0 ) 
4 976 982 (-824 -3072 -59.923103 ) (-812 -3072 -59.923103 ) (-812 -3310 -59.923103 ) (-824 -3310 -59.923103 ) 
4 976 985 (-896 -3072 -59.923103 ) (-824 -3072 -59.923103 ) (-824 -3310 -59.923103 ) (-896 -3310 -59.923103 ) 
4 976 979 (-896 -3072 -59.923103 ) (-896 -3310 -59.923103 ) (-896 -3310 -32 ) (-896 -3072 -32 ) 
4 976 977 (-896 -3310 -32 ) (-896 -3310 -59.923103 ) (-812 -3310 -59.923103 ) (-812 -3310 -32 ) 
4 977 982 (-812 -3310 -59.923103 ) (-812 -3312 -59.923103 ) (-824 -3312 -59.923103 ) (-824 -3310 -59.923103 ) 
4 977 985 (-824 -3312 -59.923103 ) (-896 -3312 -59.923103 ) (-896 -3310 -59.923103 ) (-824 -3310 -59.923103 ) 
4 977 978 (-896 -3312 -8 ) (-896 -3312 0 ) (-896 -3310 0 ) (-896 -3310 -8 ) 
4 977 979 (-896 -3310 -59.923103 ) (-896 -3312 -59.923103 ) (-896 -3312 -32 ) (-896 -3310 -32 ) 
4 978 986 (-1024 -3312 0 ) (-1024 -3072 0 ) (-1024 -3072 -8 ) (-1024 -3312 -8 ) 
4 979 987 (-1024 -3072 -32 ) (-1024 -3072 -59.923103 ) (-1024 -3312 -59.923103 ) (-1024 -3312 -32 ) 
4 979 985 (-1024 -3312 -59.923103 ) (-1024 -3072 -59.923103 ) (-896 -3072 -59.923103 ) (-896 -3312 -59.923103 ) 
4 981 983 (-792 -3308 -256 ) (-792 -3312 -256 ) (-792 -3312 -188.725998 ) (-792 -3308 -188.725998 ) 
4 982 984 (-824 -3312 -144 ) (-824 -3308 -144 ) (-812 -3308 -144 ) (-812 -3312 -144 ) 
4 982 985 (-824 -3312 -144 ) (-824 -3312 -59.923103 ) (-824 -3072 -59.923103 ) (-824 -3072 -144 ) 
4 983 984 (-812 -3308 -256 ) (-812 -3312 -256 ) (-812 -3312 -188.725998 ) (-812 -3308 -188.725998 ) 
4 984 985 (-824 -3308 -256 ) (-824 -3312 -256 ) (-824 -3312 -144 ) (-824 -3308 -144 ) 
4 985 987 (-1024 -3312 -256 ) (-1024 -3312 -59.923103 ) (-1024 -3072 -59.923103 ) (-1024 -3072 -256 ) 
4 986 988 (-1088 -3312 -8 ) (-1088 -3312 1767.060059 ) (-1088 -3072 1767.060059 ) (-1088 -3072 -8 ) 
4 987 988 (-1088 -3072 -256 ) (-1088 -3312 -256 ) (-1088 -3312 -32 ) (-1088 -3072 -32 ) 
4 988 991 (-2048 -3312 1767.060059 ) (-2048 -3072 1767.060059 ) (-2048 -3072 -256 ) (-2048 -3312 -256 ) 
4 989 991 (-2048 -3072 -256 ) (-2048 -3072 1767.060059 ) (-3072 -3072 1767.060059 ) (-3072 -3072 -256 ) 
4 989 990 (-3072 -2048 1767.060059 ) (-3072 -2048 -256 ) (-3072 -3072 -256 ) (-3072 -3072 1767.060059 ) 
4 990 992 (-3072 -3072 -256 ) (-3072 -3072 1767.060059 ) (-3494 -3072 1767.060059 ) (-3494 -3072 -256 ) 
4 991 992 (-3072 -3072 1767.060059 ) (-3072 -3072 -256 ) (-3072 -3312 -256 ) (-3072 -3312 1767.060059 ) 
