


materialPath: D:\Juegos\Steam\steamapps\common\GarrysMod\garrysmod\materials
Loading d:\juegos\steam\steamapps\common\garrysmod\garrysmod\addons\vjguardfixim_maps_src\maps\src\cets_under_tram.vmf
Patching WVT material: maps/cets_under_tram/concrete/blendconcreterock001a_wvt_patch
fixing up env_cubemap materials on brush sides...
ProcessBlock_Thread: 0...1...2...3...4...5...6...7...8...9...10 (0)
**** leaked ****
Entity path_track (-577.00 -880.01 84.00) leaked!

FindPortalSide: Couldn't find a good match for which brush to assign to a portal near (3072.0 2560.0 32.0)
Leaf 0 contents: 
Leaf 1 contents: CONTENTS_SOLID 
viscontents (node 0 contents ^ node 1 contents): CONTENTS_SOLID 
This means that none of the brushes in leaf 0 or 1 that touches the portal has CONTENTS_SOLID 
Check for a huge brush enclosing the coordinates above that has contents CONTENTS_SOLID 
Candidate brush IDs: 


FindPortalSide: Couldn't find a good match for which brush to assign to a portal near (2560.0 3072.0 32.0)
Leaf 0 contents: 
Leaf 1 contents: CONTENTS_SOLID 
viscontents (node 0 contents ^ node 1 contents): CONTENTS_SOLID 
This means that none of the brushes in leaf 0 or 1 that touches the portal has CONTENTS_SOLID 
Check for a huge brush enclosing the coordinates above that has contents CONTENTS_SOLID 
Candidate brush IDs: 


FindPortalSide: Couldn't find a good match for which brush to assign to a portal near (1536.0 2048.0 72.0)
Leaf 0 contents: CONTENTS_SOLID 
Leaf 1 contents: 
viscontents (node 0 contents ^ node 1 contents): CONTENTS_SOLID 
This means that none of the brushes in leaf 0 or 1 that touches the portal has CONTENTS_SOLID 
Check for a huge brush enclosing the coordinates above that has contents CONTENTS_SOLID 
Candidate brush IDs: 


FindPortalSide: Couldn't find a good match for which brush to assign to a portal near (1536.0 2048.0 -8.0)
Leaf 0 contents: CONTENTS_SOLID 
Leaf 1 contents: 
viscontents (node 0 contents ^ node 1 contents): CONTENTS_SOLID 
This means that none of the brushes in leaf 0 or 1 that touches the portal has CONTENTS_SOLID 
Check for a huge brush enclosing the coordinates above that has contents CONTENTS_SOLID 
Candidate brush IDs: 


FindPortalSide: Couldn't find a good match for which brush to assign to a portal near (1536.0 3072.0 32.0)
Leaf 0 contents: 
Leaf 1 contents: CONTENTS_SOLID 
viscontents (node 0 contents ^ node 1 contents): CONTENTS_SOLID 
This means that none of the brushes in leaf 0 or 1 that touches the portal has CONTENTS_SOLID 
Check for a huge brush enclosing the coordinates above that has contents CONTENTS_SOLID 
Candidate brush IDs: 


FindPortalSide: Couldn't find a good match for which brush to assign to a portal near (2048.0 1536.0 72.0)
Leaf 0 contents: CONTENTS_SOLID 
Leaf 1 contents: 
viscontents (node 0 contents ^ node 1 contents): CONTENTS_SOLID 
This means that none of the brushes in leaf 0 or 1 that touches the portal has CONTENTS_SOLID 
Check for a huge brush enclosing the coordinates above that has contents CONTENTS_SOLID 
Candidate brush IDs: 


FindPortalSide: Couldn't find a good match for which brush to assign to a portal near (2048.0 1536.0 -8.0)
Leaf 0 contents: CONTENTS_SOLID 
Leaf 1 contents: 
viscontents (node 0 contents ^ node 1 contents): CONTENTS_SOLID 
This means that none of the brushes in leaf 0 or 1 that touches the portal has CONTENTS_SOLID 
Check for a huge brush enclosing the coordinates above that has contents CONTENTS_SOLID 
Candidate brush IDs: 


FindPortalSide: Couldn't find a good match for which brush to assign to a portal near (3072.0 1536.0 32.0)
Leaf 0 contents: 
Leaf 1 contents: CONTENTS_SOLID 
viscontents (node 0 contents ^ node 1 contents): CONTENTS_SOLID 
This means that none of the brushes in leaf 0 or 1 that touches the portal has CONTENTS_SOLID 
Check for a huge brush enclosing the coordinates above that has contents CONTENTS_SOLID 
Candidate brush IDs: 

*** Suppressing further FindPortalSide errors.... ***
Processing areas...done (0)
Building Faces...done (0)
FixTjuncs...
PruneNodes...
WriteBSP...
done (0)
Creating default LDR cubemaps for env_cubemap using skybox materials:
   skybox/sky_day01_01*.vmt
 ! Run buildcubemaps in the engine to get the correct cube maps.
*** Error: Skybox vtf files for skybox/sky_day01_01 weren't compiled with the same size texture and/or same flags!
Can't load skybox file skybox/sky_day01_01 to build the default cubemap!
Finding displacement neighbors...
Finding lightmap sample positions...
Displacement Alpha : 0...1...2...3...4...5...6...7...8...9...10
Building Physics collision data...
done (0) (1925 bytes)
Placing detail props : 0...1...2...3...4...5...6...7...8...9...10
Compacting texture/material tables...
Reduced 33 texinfos to 5
Reduced 4 texdatas to 2 (203 bytes to 83)
Writing d:\juegos\steam\steamapps\common\garrysmod\garrysmod\addons\vjguardfixim_maps_src\maps\src\cets_under_tram.bsp
1 second elapsed



16 threads
reading d:\juegos\steam\steamapps\common\garrysmod\garrysmod\addons\vjguardfixim_maps_src\maps\src\cets_under_tram.bsp
reading d:\juegos\steam\steamapps\common\garrysmod\garrysmod\addons\vjguardfixim_maps_src\maps\src\cets_under_tram.prt
LoadPortals: couldn't read d:\juegos\steam\steamapps\common\garrysmod\garrysmod\addons\vjguardfixim_maps_src\maps\src\cets_under_tram.prt



materialPath: D:\Juegos\Steam\steamapps\common\GarrysMod\garrysmod\materials
Loading d:\juegos\steam\steamapps\common\garrysmod\garrysmod\addons\vjguardfixim_maps_src\maps\src\cets_under_tram.vmf
Patching WVT material: maps/cets_under_tram/concrete/blendconcreterock001a_wvt_patch
fixing up env_cubemap materials on brush sides...
ProcessBlock_Thread: 0...1...2...3...4...5...6...7...8...9...10 (0)
ProcessBlock_Thread: 0...1...2...3...4...5...6...7...8...9...10 (0)
Processing areas...done (0)
Building Faces...done (0)
FixTjuncs...
PruneNodes...
WriteBSP...
done (0)
writing d:\juegos\steam\steamapps\common\garrysmod\garrysmod\addons\vjguardfixim_maps_src\maps\src\cets_under_tram.prt...
Building visibility clusters...
done (0)
Creating default LDR cubemaps for env_cubemap using skybox materials:
   skybox/sky_day01_01*.vmt
 ! Run buildcubemaps in the engine to get the correct cube maps.
*** Error: Skybox vtf files for skybox/sky_day01_01 weren't compiled with the same size texture and/or same flags!
Can't load skybox file skybox/sky_day01_01 to build the default cubemap!
Finding displacement neighbors...
Finding lightmap sample positions...
Displacement Alpha : 0...1...2...3...4...5...6...7...8...9...10
Building Physics collision data...
done (0) (4042 bytes)
Placing detail props : 0...1...2...3...4...5...6...7...8...9...10
Compacting texture/material tables...
Reduced 43 texinfos to 3
Reduced 5 texdatas to 3 (221 bytes to 101)
Writing d:\juegos\steam\steamapps\common\garrysmod\garrysmod\addons\vjguardfixim_maps_src\maps\src\cets_under_tram.bsp
0 seconds elapsed



16 threads
reading d:\juegos\steam\steamapps\common\garrysmod\garrysmod\addons\vjguardfixim_maps_src\maps\src\cets_under_tram.bsp
reading d:\juegos\steam\steamapps\common\garrysmod\garrysmod\addons\vjguardfixim_maps_src\maps\src\cets_under_tram.prt
  16 portalclusters
  24 numportals
BasePortalVis:       0...1...2...3...4...5...6...7...8...9...10 (0)
Optimized: 0 visible clusters (0.00%)
Total clusters visible: 256
Average clusters visible: 16
Building PAS...
Average clusters audible: 16
visdatasize:196  compressed from 256
writing d:\juegos\steam\steamapps\common\garrysmod\garrysmod\addons\vjguardfixim_maps_src\maps\src\cets_under_tram.bsp
0 seconds elapsed



[Reading texlights from 'lights.rad']
[51 texlights parsed from 'lights.rad']
Loading d:\juegos\steam\steamapps\common\garrysmod\garrysmod\addons\vjguardfixim_maps_src\maps\src\cets_under_tram.bsp
BuildFacelights:     0...1...2...3...4...5...6...7...8...9...10 (0)
BuildStaticPropPatchlights: 0...1...2...3...4...5...6...7...8...9...10 (0)
BuildVisLeafs:       0...1...2...3...4...5...6...7...8...9...10 (0)
transfers 5101, max 178
static prop patch transfers 0
GatherLight:         0...1...2...3...4...5...6...7...8...9...10 (0)
Build Patch/Sample Hash Table(s).....Done<0.0033 sec>
FinalLightFace:      0...1...2...3...4...5...6...7...8...9...10 (0)
FinalLightFace Done
0 of 0 (0% of) surface lights went in leaf ambient cubes.
ThreadComputeLeafAmbient: 0...1...2...3...4...5...6...7...8...9...10 (0)
Writing leaf ambient...done
Ready to Finish

Object names       Objects/Maxobjs  Memory / Maxmem  Fullness 
------------       ---------------  ---------------  -------- 
models                   2/4096           96/196608   ( 0.0%) 
brushes                  9/65535         108/786420   ( 0.0%) 
brushsides              55/655350        440/5242800  ( 0.0%) 
planes                  92/65536        1840/1310720  ( 0.1%) 
vertexes               181/65536        2172/786432   ( 0.3%) 
nodes                   94/65536        3008/2097152  ( 0.1%) 
texinfos                 3/16384         216/1179648  ( 0.0%) 
texdata                  3/8192           96/262144   ( 0.0%) 
dispinfos                0/0               0/0        ( 0.0%) 
disp_verts               0/0               0/0        ( 0.0%) 
disp_tris                0/0               0/0        ( 0.0%) 
disp_multiblend          0/0               0/0        ( 0.0%) 
disp_lmsamples           0/0               0/0        ( 0.0%) 
faces                  132/65536        7392/3670016  ( 0.2%) 
hdr faces                0/65536           0/3670016  ( 0.0%) 
origfaces                6/65536         336/3670016  ( 0.0%) 
leaves                  97/65536        3104/2097152  ( 0.1%) 
leaffaces              132/65536         264/131072   ( 0.2%) 
leafbrushes             90/65536         180/131072   ( 0.1%) 
areas                    2/1024           16/8192     ( 0.2%) 
surfedges              552/512000       2208/2048000  ( 0.1%) 
edges                  317/256000       1268/1024000  ( 0.1%) 
LDR worldlights          0/8192            0/720896   ( 0.0%) 
HDR worldlights          0/8192            0/720896   ( 0.0%) 
leafwaterdata            0/32768           0/393216   ( 0.0%) 
waterstrips              0/32768           0/327680   ( 0.0%) 
waterverts               0/65536           0/786432   ( 0.0%) 
waterindices             0/65536           0/131072   ( 0.0%) 
cubemapsamples           0/1024            0/16384    ( 0.0%) 
overlays                 0/8192            0/2883584  ( 0.0%) 
LDR lightdata         [variable]     1094512/0        ( 0.0%) 
HDR lightdata         [variable]           0/0        ( 0.0%) 
visdata               [variable]         196/16777216 ( 0.0%) 
entdata               [variable]        2048/4194304  ( 0.0%) 
LDR ambient table       97/65536         388/262144   ( 0.1%) 
HDR ambient table       97/65536         388/262144   ( 0.1%) 
LDR leaf ambient        28/65536         784/1835008  ( 0.0%) 
HDR leaf ambient        97/65536        2716/1835008  ( 0.1%) 
occluders                0/0               0/0        ( 0.0%) 
occluder polygons        0/0               0/0        ( 0.0%) 
occluder vert ind        0/0               0/0        ( 0.0%) 
detail props          [variable]          12/0        ( 0.0%) 
static props          [variable]          12/0        ( 0.0%) 
static prop count        0/16384           0/0        ( 0.0%) 
pakfile               [variable]       50951/0        ( 0.0%) 
physics               [variable]        4042/4194304  ( 0.1%) 
physics terrain       [variable]           2/1048576  ( 0.0%) 

Level flags = 0

Total triangle count: 264
Writing d:\juegos\steam\steamapps\common\garrysmod\garrysmod\addons\vjguardfixim_maps_src\maps\src\cets_under_tram.bsp
0 seconds elapsed




materialPath: D:\Juegos\Steam\steamapps\common\GarrysMod\garrysmod\materials
Loading d:\juegos\steam\steamapps\common\garrysmod\garrysmod\addons\vjguardfixim_maps_src\maps\src\cets_under_tram.vmf
Patching WVT material: maps/cets_under_tram/concrete/blendconcreterock001a_wvt_patch
fixing up env_cubemap materials on brush sides...
ProcessBlock_Thread: 0...1...2...3...4...5...6...7...8...9...10 (0)
ProcessBlock_Thread: 0...1...2...3...4...5...6...7...8...9...10 (0)
Processing areas...done (0)
Building Faces...done (0)
FixTjuncs...
PruneNodes...
WriteBSP...
done (0)
writing d:\juegos\steam\steamapps\common\garrysmod\garrysmod\addons\vjguardfixim_maps_src\maps\src\cets_under_tram.prt...
Building visibility clusters...
done (0)
Creating default LDR cubemaps for env_cubemap using skybox materials:
   skybox/sky_day01_01*.vmt
 ! Run buildcubemaps in the engine to get the correct cube maps.
*** Error: Skybox vtf files for skybox/sky_day01_01 weren't compiled with the same size texture and/or same flags!
Can't load skybox file skybox/sky_day01_01 to build the default cubemap!
Finding displacement neighbors...
Finding lightmap sample positions...
Displacement Alpha : 0...1...2...3...4...5...6...7...8...9...10
Building Physics collision data...
done (0) (4042 bytes)
Placing detail props : 0...1...2...3...4...5...6...7...8...9...10
Compacting texture/material tables...
Reduced 43 texinfos to 3
Reduced 5 texdatas to 3 (221 bytes to 101)
Writing d:\juegos\steam\steamapps\common\garrysmod\garrysmod\addons\vjguardfixim_maps_src\maps\src\cets_under_tram.bsp
0 seconds elapsed



16 threads
reading d:\juegos\steam\steamapps\common\garrysmod\garrysmod\addons\vjguardfixim_maps_src\maps\src\cets_under_tram.bsp
reading d:\juegos\steam\steamapps\common\garrysmod\garrysmod\addons\vjguardfixim_maps_src\maps\src\cets_under_tram.prt
  16 portalclusters
  24 numportals
BasePortalVis:       0...1...2...3...4...5...6...7...8...9...10 (0)
Optimized: 0 visible clusters (0.00%)
Total clusters visible: 256
Average clusters visible: 16
Building PAS...
Average clusters audible: 16
visdatasize:196  compressed from 256
writing d:\juegos\steam\steamapps\common\garrysmod\garrysmod\addons\vjguardfixim_maps_src\maps\src\cets_under_tram.bsp
0 seconds elapsed



[Reading texlights from 'lights.rad']
[51 texlights parsed from 'lights.rad']
Loading d:\juegos\steam\steamapps\common\garrysmod\garrysmod\addons\vjguardfixim_maps_src\maps\src\cets_under_tram.bsp
BuildFacelights:     0...1...2...3...4...5...6...7...8...9...10 (0)
BuildStaticPropPatchlights: 0...1...2...3...4...5...6...7...8...9...10 (0)
BuildVisLeafs:       0...1...2...3...4...5...6...7...8...9...10 (0)
transfers 5101, max 178
static prop patch transfers 0
GatherLight:         0...1...2...3...4...5...6...7...8...9...10 (0)
Build Patch/Sample Hash Table(s).....Done<0.0033 sec>
FinalLightFace:      0...1...2...3...4...5...6...7...8...9...10 (0)
FinalLightFace Done
0 of 0 (0% of) surface lights went in leaf ambient cubes.
ThreadComputeLeafAmbient: 0...1...2...3...4...5...6...7...8...9...10 (0)
Writing leaf ambient...done
Ready to Finish

Object names       Objects/Maxobjs  Memory / Maxmem  Fullness 
------------       ---------------  ---------------  -------- 
models                   2/4096           96/196608   ( 0.0%) 
brushes                  9/65535         108/786420   ( 0.0%) 
brushsides              55/655350        440/5242800  ( 0.0%) 
planes                  92/65536        1840/1310720  ( 0.1%) 
vertexes               181/65536        2172/786432   ( 0.3%) 
nodes                   94/65536        3008/2097152  ( 0.1%) 
texinfos                 3/16384         216/1179648  ( 0.0%) 
texdata                  3/8192           96/262144   ( 0.0%) 
dispinfos                0/0               0/0        ( 0.0%) 
disp_verts               0/0               0/0        ( 0.0%) 
disp_tris                0/0               0/0        ( 0.0%) 
disp_multiblend          0/0               0/0        ( 0.0%) 
disp_lmsamples           0/0               0/0        ( 0.0%) 
faces                  132/65536        7392/3670016  ( 0.2%) 
hdr faces                0/65536           0/3670016  ( 0.0%) 
origfaces                6/65536         336/3670016  ( 0.0%) 
leaves                  97/65536        3104/2097152  ( 0.1%) 
leaffaces              132/65536         264/131072   ( 0.2%) 
leafbrushes             90/65536         180/131072   ( 0.1%) 
areas                    2/1024           16/8192     ( 0.2%) 
surfedges              552/512000       2208/2048000  ( 0.1%) 
edges                  317/256000       1268/1024000  ( 0.1%) 
LDR worldlights          0/8192            0/720896   ( 0.0%) 
HDR worldlights          0/8192            0/720896   ( 0.0%) 
leafwaterdata            0/32768           0/393216   ( 0.0%) 
waterstrips              0/32768           0/327680   ( 0.0%) 
waterverts               0/65536           0/786432   ( 0.0%) 
waterindices             0/65536           0/131072   ( 0.0%) 
cubemapsamples           0/1024            0/16384    ( 0.0%) 
overlays                 0/8192            0/2883584  ( 0.0%) 
LDR lightdata         [variable]     1094512/0        ( 0.0%) 
HDR lightdata         [variable]           0/0        ( 0.0%) 
visdata               [variable]         196/16777216 ( 0.0%) 
entdata               [variable]        2069/4194304  ( 0.0%) 
LDR ambient table       97/65536         388/262144   ( 0.1%) 
HDR ambient table       97/65536         388/262144   ( 0.1%) 
LDR leaf ambient        28/65536         784/1835008  ( 0.0%) 
HDR leaf ambient        97/65536        2716/1835008  ( 0.1%) 
occluders                0/0               0/0        ( 0.0%) 
occluder polygons        0/0               0/0        ( 0.0%) 
occluder vert ind        0/0               0/0        ( 0.0%) 
detail props          [variable]          12/0        ( 0.0%) 
static props          [variable]          12/0        ( 0.0%) 
static prop count        0/16384           0/0        ( 0.0%) 
pakfile               [variable]       50951/0        ( 0.0%) 
physics               [variable]        4042/4194304  ( 0.1%) 
physics terrain       [variable]           2/1048576  ( 0.0%) 

Level flags = 0

Total triangle count: 264
Writing d:\juegos\steam\steamapps\common\garrysmod\garrysmod\addons\vjguardfixim_maps_src\maps\src\cets_under_tram.bsp
0 seconds elapsed




materialPath: D:\Juegos\Steam\steamapps\common\GarrysMod\garrysmod\materials
Loading d:\juegos\steam\steamapps\common\garrysmod\garrysmod\addons\vjguardfixim_maps_src\maps\src\cets_under_tram.vmf
Patching WVT material: maps/cets_under_tram/concrete/blendconcreterock001a_wvt_patch
fixing up env_cubemap materials on brush sides...
ProcessBlock_Thread: 0...1...2...3...4...5...6...7...8...9...10 (0)
ProcessBlock_Thread: 0...1...2...3...4...5...6...7...8...9...10 (0)
Processing areas...done (0)
Building Faces...done (0)
FixTjuncs...
PruneNodes...
WriteBSP...
done (0)
writing d:\juegos\steam\steamapps\common\garrysmod\garrysmod\addons\vjguardfixim_maps_src\maps\src\cets_under_tram.prt...
Building visibility clusters...
done (0)
Creating default LDR cubemaps for env_cubemap using skybox materials:
   skybox/sky_day01_01*.vmt
 ! Run buildcubemaps in the engine to get the correct cube maps.
*** Error: Skybox vtf files for skybox/sky_day01_01 weren't compiled with the same size texture and/or same flags!
Can't load skybox file skybox/sky_day01_01 to build the default cubemap!
Finding displacement neighbors...
Finding lightmap sample positions...
Displacement Alpha : 0...1...2...3...4...5...6...7...8...9...10
Building Physics collision data...
done (0) (4042 bytes)
Placing detail props : 0...1...2...3...4...5...6...7...8...9...10
Compacting texture/material tables...
Reduced 43 texinfos to 3
Reduced 5 texdatas to 3 (221 bytes to 101)
Writing d:\juegos\steam\steamapps\common\garrysmod\garrysmod\addons\vjguardfixim_maps_src\maps\src\cets_under_tram.bsp
0 seconds elapsed



16 threads
reading d:\juegos\steam\steamapps\common\garrysmod\garrysmod\addons\vjguardfixim_maps_src\maps\src\cets_under_tram.bsp
reading d:\juegos\steam\steamapps\common\garrysmod\garrysmod\addons\vjguardfixim_maps_src\maps\src\cets_under_tram.prt
  16 portalclusters
  24 numportals
BasePortalVis:       0...1...2...3...4...5...6...7...8...9...10 (0)
Optimized: 0 visible clusters (0.00%)
Total clusters visible: 256
Average clusters visible: 16
Building PAS...
Average clusters audible: 16
visdatasize:196  compressed from 256
writing d:\juegos\steam\steamapps\common\garrysmod\garrysmod\addons\vjguardfixim_maps_src\maps\src\cets_under_tram.bsp
0 seconds elapsed



[Reading texlights from 'lights.rad']
[51 texlights parsed from 'lights.rad']
Loading d:\juegos\steam\steamapps\common\garrysmod\garrysmod\addons\vjguardfixim_maps_src\maps\src\cets_under_tram.bsp
BuildFacelights:     0...1...2...3...4...5...6...7...8...9...10 (0)
BuildStaticPropPatchlights: 0...1...2...3...4...5...6...7...8...9...10 (0)
BuildVisLeafs:       0...1...2...3...4...5...6...7...8...9...10 (0)
transfers 5101, max 178
static prop patch transfers 0
GatherLight:         0...1...2...3...4...5...6...7...8...9...10 (0)
Build Patch/Sample Hash Table(s).....Done<0.0033 sec>
FinalLightFace:      0...1...2...3...4...5...6...7...8...9...10 (0)
FinalLightFace Done
0 of 0 (0% of) surface lights went in leaf ambient cubes.
ThreadComputeLeafAmbient: 0...1...2...3...4...5...6...7...8...9...10 (0)
Writing leaf ambient...done
Ready to Finish

Object names       Objects/Maxobjs  Memory / Maxmem  Fullness 
------------       ---------------  ---------------  -------- 
models                   2/4096           96/196608   ( 0.0%) 
brushes                  9/65535         108/786420   ( 0.0%) 
brushsides              55/655350        440/5242800  ( 0.0%) 
planes                  92/65536        1840/1310720  ( 0.1%) 
vertexes               181/65536        2172/786432   ( 0.3%) 
nodes                   94/65536        3008/2097152  ( 0.1%) 
texinfos                 3/16384         216/1179648  ( 0.0%) 
texdata                  3/8192           96/262144   ( 0.0%) 
dispinfos                0/0               0/0        ( 0.0%) 
disp_verts               0/0               0/0        ( 0.0%) 
disp_tris                0/0               0/0        ( 0.0%) 
disp_multiblend          0/0               0/0        ( 0.0%) 
disp_lmsamples           0/0               0/0        ( 0.0%) 
faces                  132/65536        7392/3670016  ( 0.2%) 
hdr faces                0/65536           0/3670016  ( 0.0%) 
origfaces                6/65536         336/3670016  ( 0.0%) 
leaves                  97/65536        3104/2097152  ( 0.1%) 
leaffaces              132/65536         264/131072   ( 0.2%) 
leafbrushes             90/65536         180/131072   ( 0.1%) 
areas                    2/1024           16/8192     ( 0.2%) 
surfedges              552/512000       2208/2048000  ( 0.1%) 
edges                  317/256000       1268/1024000  ( 0.1%) 
LDR worldlights          0/8192            0/720896   ( 0.0%) 
HDR worldlights          0/8192            0/720896   ( 0.0%) 
leafwaterdata            0/32768           0/393216   ( 0.0%) 
waterstrips              0/32768           0/327680   ( 0.0%) 
waterverts               0/65536           0/786432   ( 0.0%) 
waterindices             0/65536           0/131072   ( 0.0%) 
cubemapsamples           0/1024            0/16384    ( 0.0%) 
overlays                 0/8192            0/2883584  ( 0.0%) 
LDR lightdata         [variable]     1094512/0        ( 0.0%) 
HDR lightdata         [variable]           0/0        ( 0.0%) 
visdata               [variable]         196/16777216 ( 0.0%) 
entdata               [variable]        2071/4194304  ( 0.0%) 
LDR ambient table       97/65536         388/262144   ( 0.1%) 
HDR ambient table       97/65536         388/262144   ( 0.1%) 
LDR leaf ambient        28/65536         784/1835008  ( 0.0%) 
HDR leaf ambient        97/65536        2716/1835008  ( 0.1%) 
occluders                0/0               0/0        ( 0.0%) 
occluder polygons        0/0               0/0        ( 0.0%) 
occluder vert ind        0/0               0/0        ( 0.0%) 
detail props          [variable]          12/0        ( 0.0%) 
static props          [variable]          12/0        ( 0.0%) 
static prop count        0/16384           0/0        ( 0.0%) 
pakfile               [variable]       50951/0        ( 0.0%) 
physics               [variable]        4042/4194304  ( 0.1%) 
physics terrain       [variable]           2/1048576  ( 0.0%) 

Level flags = 0

Total triangle count: 264
Writing d:\juegos\steam\steamapps\common\garrysmod\garrysmod\addons\vjguardfixim_maps_src\maps\src\cets_under_tram.bsp
0 seconds elapsed




materialPath: D:\Juegos\Steam\steamapps\common\GarrysMod\garrysmod\materials
Loading d:\juegos\steam\steamapps\common\garrysmod\garrysmod\addons\vjguardfixim_maps_src\maps\src\cets_under_tram.vmf
Patching WVT material: maps/cets_under_tram/concrete/blendconcreterock001a_wvt_patch
fixing up env_cubemap materials on brush sides...
ProcessBlock_Thread: 0...1...2...3...4...5...6...7...8...9...10 (0)
ProcessBlock_Thread: 0...1...2...3...4...5...6...7...8...9...10 (0)
Processing areas...done (0)
Building Faces...done (0)
FixTjuncs...
PruneNodes...
WriteBSP...
done (0)
writing d:\juegos\steam\steamapps\common\garrysmod\garrysmod\addons\vjguardfixim_maps_src\maps\src\cets_under_tram.prt...
Building visibility clusters...
done (0)
Creating default LDR cubemaps for env_cubemap using skybox materials:
   skybox/sky_day01_01*.vmt
 ! Run buildcubemaps in the engine to get the correct cube maps.
*** Error: Skybox vtf files for skybox/sky_day01_01 weren't compiled with the same size texture and/or same flags!
Can't load skybox file skybox/sky_day01_01 to build the default cubemap!
Finding displacement neighbors...
Finding lightmap sample positions...
Displacement Alpha : 0...1...2...3...4...5...6...7...8...9...10
Building Physics collision data...
done (0) (4042 bytes)
Placing detail props : 0...1...2...3...4...5...6...7...8...9...10
Compacting texture/material tables...
Reduced 43 texinfos to 3
Reduced 5 texdatas to 3 (221 bytes to 101)
Writing d:\juegos\steam\steamapps\common\garrysmod\garrysmod\addons\vjguardfixim_maps_src\maps\src\cets_under_tram.bsp
0 seconds elapsed



16 threads
reading d:\juegos\steam\steamapps\common\garrysmod\garrysmod\addons\vjguardfixim_maps_src\maps\src\cets_under_tram.bsp
reading d:\juegos\steam\steamapps\common\garrysmod\garrysmod\addons\vjguardfixim_maps_src\maps\src\cets_under_tram.prt
  16 portalclusters
  24 numportals
BasePortalVis:       0...1...2...3...4...5...6...7...8...9...10 (0)
Optimized: 0 visible clusters (0.00%)
Total clusters visible: 256
Average clusters visible: 16
Building PAS...
Average clusters audible: 16
visdatasize:196  compressed from 256
writing d:\juegos\steam\steamapps\common\garrysmod\garrysmod\addons\vjguardfixim_maps_src\maps\src\cets_under_tram.bsp
0 seconds elapsed



[Reading texlights from 'lights.rad']
[51 texlights parsed from 'lights.rad']
Loading d:\juegos\steam\steamapps\common\garrysmod\garrysmod\addons\vjguardfixim_maps_src\maps\src\cets_under_tram.bsp
BuildFacelights:     0...1...2...3...4...5...6...7...8...9...10 (0)
BuildStaticPropPatchlights: 0...1...2...3...4...5...6...7...8...9...10 (0)
BuildVisLeafs:       0...1...2...3...4...5...6...7...8...9...10 (0)
transfers 5101, max 178
static prop patch transfers 0
GatherLight:         0...1...2...3...4...5...6...7...8...9...10 (0)
Build Patch/Sample Hash Table(s).....Done<0.0033 sec>
FinalLightFace:      0...1...2...3...4...5...6...7...8...9...10 (0)
FinalLightFace Done
0 of 0 (0% of) surface lights went in leaf ambient cubes.
ThreadComputeLeafAmbient: 0...1...2...3...4...5...6...7...8...9...10 (0)
Writing leaf ambient...done
Ready to Finish

Object names       Objects/Maxobjs  Memory / Maxmem  Fullness 
------------       ---------------  ---------------  -------- 
models                   2/4096           96/196608   ( 0.0%) 
brushes                  9/65535         108/786420   ( 0.0%) 
brushsides              55/655350        440/5242800  ( 0.0%) 
planes                  92/65536        1840/1310720  ( 0.1%) 
vertexes               181/65536        2172/786432   ( 0.3%) 
nodes                   94/65536        3008/2097152  ( 0.1%) 
texinfos                 3/16384         216/1179648  ( 0.0%) 
texdata                  3/8192           96/262144   ( 0.0%) 
dispinfos                0/0               0/0        ( 0.0%) 
disp_verts               0/0               0/0        ( 0.0%) 
disp_tris                0/0               0/0        ( 0.0%) 
disp_multiblend          0/0               0/0        ( 0.0%) 
disp_lmsamples           0/0               0/0        ( 0.0%) 
faces                  132/65536        7392/3670016  ( 0.2%) 
hdr faces                0/65536           0/3670016  ( 0.0%) 
origfaces                6/65536         336/3670016  ( 0.0%) 
leaves                  97/65536        3104/2097152  ( 0.1%) 
leaffaces              132/65536         264/131072   ( 0.2%) 
leafbrushes             90/65536         180/131072   ( 0.1%) 
areas                    2/1024           16/8192     ( 0.2%) 
surfedges              552/512000       2208/2048000  ( 0.1%) 
edges                  317/256000       1268/1024000  ( 0.1%) 
LDR worldlights          0/8192            0/720896   ( 0.0%) 
HDR worldlights          0/8192            0/720896   ( 0.0%) 
leafwaterdata            0/32768           0/393216   ( 0.0%) 
waterstrips              0/32768           0/327680   ( 0.0%) 
waterverts               0/65536           0/786432   ( 0.0%) 
waterindices             0/65536           0/131072   ( 0.0%) 
cubemapsamples           0/1024            0/16384    ( 0.0%) 
overlays                 0/8192            0/2883584  ( 0.0%) 
LDR lightdata         [variable]     1094512/0        ( 0.0%) 
HDR lightdata         [variable]           0/0        ( 0.0%) 
visdata               [variable]         196/16777216 ( 0.0%) 
entdata               [variable]        2065/4194304  ( 0.0%) 
LDR ambient table       97/65536         388/262144   ( 0.1%) 
HDR ambient table       97/65536         388/262144   ( 0.1%) 
LDR leaf ambient        28/65536         784/1835008  ( 0.0%) 
HDR leaf ambient        97/65536        2716/1835008  ( 0.1%) 
occluders                0/0               0/0        ( 0.0%) 
occluder polygons        0/0               0/0        ( 0.0%) 
occluder vert ind        0/0               0/0        ( 0.0%) 
detail props          [variable]          12/0        ( 0.0%) 
static props          [variable]          12/0        ( 0.0%) 
static prop count        0/16384           0/0        ( 0.0%) 
pakfile               [variable]       50951/0        ( 0.0%) 
physics               [variable]        4042/4194304  ( 0.1%) 
physics terrain       [variable]           2/1048576  ( 0.0%) 

Level flags = 0

Total triangle count: 264
Writing d:\juegos\steam\steamapps\common\garrysmod\garrysmod\addons\vjguardfixim_maps_src\maps\src\cets_under_tram.bsp
0 seconds elapsed




materialPath: D:\Juegos\Steam\steamapps\common\GarrysMod\garrysmod\materials
Loading d:\juegos\steam\steamapps\common\garrysmod\garrysmod\addons\vjguardfixim_maps_src\maps\src\cets_under_tram.vmf
Patching WVT material: maps/cets_under_tram/concrete/blendconcreterock001a_wvt_patch
fixing up env_cubemap materials on brush sides...
ProcessBlock_Thread: 0...1...2...3...4...5...6...7...8...9...10 (0)
ProcessBlock_Thread: 0...1...2...3...4...5...6...7...8...9...10 (0)
Processing areas...done (0)
Building Faces...done (0)
FixTjuncs...
PruneNodes...
WriteBSP...
done (0)
writing d:\juegos\steam\steamapps\common\garrysmod\garrysmod\addons\vjguardfixim_maps_src\maps\src\cets_under_tram.prt...
Building visibility clusters...
done (0)
Creating default LDR cubemaps for env_cubemap using skybox materials:
   skybox/sky_day01_01*.vmt
 ! Run buildcubemaps in the engine to get the correct cube maps.
*** Error: Skybox vtf files for skybox/sky_day01_01 weren't compiled with the same size texture and/or same flags!
Can't load skybox file skybox/sky_day01_01 to build the default cubemap!
Finding displacement neighbors...
Finding lightmap sample positions...
Displacement Alpha : 0...1...2...3...4...5...6...7...8...9...10
Building Physics collision data...
done (0) (3978 bytes)
Placing detail props : 0...1...2...3...4...5...6...7...8...9...10
Compacting texture/material tables...
Reduced 42 texinfos to 3
Reduced 4 texdatas to 3 (132 bytes to 101)
Writing d:\juegos\steam\steamapps\common\garrysmod\garrysmod\addons\vjguardfixim_maps_src\maps\src\cets_under_tram.bsp
0 seconds elapsed



16 threads
reading d:\juegos\steam\steamapps\common\garrysmod\garrysmod\addons\vjguardfixim_maps_src\maps\src\cets_under_tram.bsp
reading d:\juegos\steam\steamapps\common\garrysmod\garrysmod\addons\vjguardfixim_maps_src\maps\src\cets_under_tram.prt
  16 portalclusters
  24 numportals
BasePortalVis:       0...1...2...3...4...5...6...7...8...9...10 (0)
Optimized: 0 visible clusters (0.00%)
Total clusters visible: 256
Average clusters visible: 16
Building PAS...
Average clusters audible: 16
visdatasize:196  compressed from 256
writing d:\juegos\steam\steamapps\common\garrysmod\garrysmod\addons\vjguardfixim_maps_src\maps\src\cets_under_tram.bsp
0 seconds elapsed



[Reading texlights from 'lights.rad']
[51 texlights parsed from 'lights.rad']
Loading d:\juegos\steam\steamapps\common\garrysmod\garrysmod\addons\vjguardfixim_maps_src\maps\src\cets_under_tram.bsp
BuildFacelights:     0...1...2...3...4...5...6...7...8...9...10 (0)
BuildStaticPropPatchlights: 0...1...2...3...4...5...6...7...8...9...10 (0)
BuildVisLeafs:       0...1...2...3...4...5...6...7...8...9...10 (0)
transfers 5101, max 178
static prop patch transfers 0
GatherLight:         0...1...2...3...4...5...6...7...8...9...10 (0)
Build Patch/Sample Hash Table(s).....Done<0.0033 sec>
FinalLightFace:      0...1...2...3...4...5...6...7...8...9...10 (0)
FinalLightFace Done
0 of 0 (0% of) surface lights went in leaf ambient cubes.
ThreadComputeLeafAmbient: 0...1...2...3...4...5...6...7...8...9...10 (0)
Writing leaf ambient...done
Ready to Finish

Object names       Objects/Maxobjs  Memory / Maxmem  Fullness 
------------       ---------------  ---------------  -------- 
models                   2/4096           96/196608   ( 0.0%) 
brushes                  9/65535         108/786420   ( 0.0%) 
brushsides              54/655350        432/5242800  ( 0.0%) 
planes                  94/65536        1880/1310720  ( 0.1%) 
vertexes               183/65536        2196/786432   ( 0.3%) 
nodes                   94/65536        3008/2097152  ( 0.1%) 
texinfos                 3/16384         216/1179648  ( 0.0%) 
texdata                  3/8192           96/262144   ( 0.0%) 
dispinfos                0/0               0/0        ( 0.0%) 
disp_verts               0/0               0/0        ( 0.0%) 
disp_tris                0/0               0/0        ( 0.0%) 
disp_multiblend          0/0               0/0        ( 0.0%) 
disp_lmsamples           0/0               0/0        ( 0.0%) 
faces                  132/65536        7392/3670016  ( 0.2%) 
hdr faces                0/65536           0/3670016  ( 0.0%) 
origfaces                6/65536         336/3670016  ( 0.0%) 
leaves                  97/65536        3104/2097152  ( 0.1%) 
leaffaces              132/65536         264/131072   ( 0.2%) 
leafbrushes             90/65536         180/131072   ( 0.1%) 
areas                    2/1024           16/8192     ( 0.2%) 
surfedges              552/512000       2208/2048000  ( 0.1%) 
edges                  317/256000       1268/1024000  ( 0.1%) 
LDR worldlights          0/8192            0/720896   ( 0.0%) 
HDR worldlights          0/8192            0/720896   ( 0.0%) 
leafwaterdata            0/32768           0/393216   ( 0.0%) 
waterstrips              0/32768           0/327680   ( 0.0%) 
waterverts               0/65536           0/786432   ( 0.0%) 
waterindices             0/65536           0/131072   ( 0.0%) 
cubemapsamples           0/1024            0/16384    ( 0.0%) 
overlays                 0/8192            0/2883584  ( 0.0%) 
LDR lightdata         [variable]     1094512/0        ( 0.0%) 
HDR lightdata         [variable]           0/0        ( 0.0%) 
visdata               [variable]         196/16777216 ( 0.0%) 
entdata               [variable]        2270/4194304  ( 0.1%) 
LDR ambient table       97/65536         388/262144   ( 0.1%) 
HDR ambient table       97/65536         388/262144   ( 0.1%) 
LDR leaf ambient        28/65536         784/1835008  ( 0.0%) 
HDR leaf ambient        97/65536        2716/1835008  ( 0.1%) 
occluders                0/0               0/0        ( 0.0%) 
occluder polygons        0/0               0/0        ( 0.0%) 
occluder vert ind        0/0               0/0        ( 0.0%) 
detail props          [variable]          12/0        ( 0.0%) 
static props          [variable]          12/0        ( 0.0%) 
static prop count        0/16384           0/0        ( 0.0%) 
pakfile               [variable]       25646/0        ( 0.0%) 
physics               [variable]        3978/4194304  ( 0.1%) 
physics terrain       [variable]           2/1048576  ( 0.0%) 

Level flags = 0

Total triangle count: 264
Writing d:\juegos\steam\steamapps\common\garrysmod\garrysmod\addons\vjguardfixim_maps_src\maps\src\cets_under_tram.bsp
0 seconds elapsed




materialPath: D:\Juegos\Steam\steamapps\common\GarrysMod\garrysmod\materials
Loading d:\juegos\steam\steamapps\common\garrysmod\garrysmod\addons\vjguardfixim_maps_src\maps\src\cets_under_tram.vmf
Patching WVT material: maps/cets_under_tram/concrete/blendconcreterock001a_wvt_patch
fixing up env_cubemap materials on brush sides...
ProcessBlock_Thread: 0...1...2...3...4...5...6...7...8...9...10 (0)
ProcessBlock_Thread: 0...1...2...3...4...5...6...7...8...9...10 (0)
Processing areas...done (0)
Building Faces...done (0)
FixTjuncs...
PruneNodes...
WriteBSP...
done (0)
writing d:\juegos\steam\steamapps\common\garrysmod\garrysmod\addons\vjguardfixim_maps_src\maps\src\cets_under_tram.prt...
Building visibility clusters...
done (0)
Creating default LDR cubemaps for env_cubemap using skybox materials:
   skybox/sky_day01_01*.vmt
 ! Run buildcubemaps in the engine to get the correct cube maps.
*** Error: Skybox vtf files for skybox/sky_day01_01 weren't compiled with the same size texture and/or same flags!
Can't load skybox file skybox/sky_day01_01 to build the default cubemap!
Finding displacement neighbors...
Finding lightmap sample positions...
Displacement Alpha : 0...1...2...3...4...5...6...7...8...9...10
Building Physics collision data...
done (0) (3978 bytes)
Placing detail props : 0...1...2...3...4...5...6...7...8...9...10
Compacting texture/material tables...
Reduced 42 texinfos to 3
Reduced 4 texdatas to 3 (132 bytes to 101)
Writing d:\juegos\steam\steamapps\common\garrysmod\garrysmod\addons\vjguardfixim_maps_src\maps\src\cets_under_tram.bsp
0 seconds elapsed



16 threads
reading d:\juegos\steam\steamapps\common\garrysmod\garrysmod\addons\vjguardfixim_maps_src\maps\src\cets_under_tram.bsp
reading d:\juegos\steam\steamapps\common\garrysmod\garrysmod\addons\vjguardfixim_maps_src\maps\src\cets_under_tram.prt
  16 portalclusters
  24 numportals
BasePortalVis:       0...1...2...3...4...5...6...7...8...9...10 (0)
Optimized: 0 visible clusters (0.00%)
Total clusters visible: 256
Average clusters visible: 16
Building PAS...
Average clusters audible: 16
visdatasize:196  compressed from 256
writing d:\juegos\steam\steamapps\common\garrysmod\garrysmod\addons\vjguardfixim_maps_src\maps\src\cets_under_tram.bsp
0 seconds elapsed



[Reading texlights from 'lights.rad']
[51 texlights parsed from 'lights.rad']
Loading d:\juegos\steam\steamapps\common\garrysmod\garrysmod\addons\vjguardfixim_maps_src\maps\src\cets_under_tram.bsp
BuildFacelights:     0...1...2...3...4...5...6...7...8...9...10 (0)
BuildStaticPropPatchlights: 0...1...2...3...4...5...6...7...8...9...10 (0)
BuildVisLeafs:       0...1...2...3...4...5...6...7...8...9...10 (0)
transfers 5101, max 178
static prop patch transfers 0
GatherLight:         0...1...2...3...4...5...6...7...8...9...10 (0)
Build Patch/Sample Hash Table(s).....Done<0.0034 sec>
FinalLightFace:      0...1...2...3...4...5...6...7...8...9...10 (0)
FinalLightFace Done
0 of 0 (0% of) surface lights went in leaf ambient cubes.
ThreadComputeLeafAmbient: 0...1...2...3...4...5...6...7...8...9...10 (0)
Writing leaf ambient...done
Ready to Finish

Object names       Objects/Maxobjs  Memory / Maxmem  Fullness 
------------       ---------------  ---------------  -------- 
models                   2/4096           96/196608   ( 0.0%) 
brushes                  9/65535         108/786420   ( 0.0%) 
brushsides              54/655350        432/5242800  ( 0.0%) 
planes                  94/65536        1880/1310720  ( 0.1%) 
vertexes               183/65536        2196/786432   ( 0.3%) 
nodes                   94/65536        3008/2097152  ( 0.1%) 
texinfos                 3/16384         216/1179648  ( 0.0%) 
texdata                  3/8192           96/262144   ( 0.0%) 
dispinfos                0/0               0/0        ( 0.0%) 
disp_verts               0/0               0/0        ( 0.0%) 
disp_tris                0/0               0/0        ( 0.0%) 
disp_multiblend          0/0               0/0        ( 0.0%) 
disp_lmsamples           0/0               0/0        ( 0.0%) 
faces                  132/65536        7392/3670016  ( 0.2%) 
hdr faces                0/65536           0/3670016  ( 0.0%) 
origfaces                6/65536         336/3670016  ( 0.0%) 
leaves                  97/65536        3104/2097152  ( 0.1%) 
leaffaces              132/65536         264/131072   ( 0.2%) 
leafbrushes             90/65536         180/131072   ( 0.1%) 
areas                    2/1024           16/8192     ( 0.2%) 
surfedges              552/512000       2208/2048000  ( 0.1%) 
edges                  317/256000       1268/1024000  ( 0.1%) 
LDR worldlights          0/8192            0/720896   ( 0.0%) 
HDR worldlights          0/8192            0/720896   ( 0.0%) 
leafwaterdata            0/32768           0/393216   ( 0.0%) 
waterstrips              0/32768           0/327680   ( 0.0%) 
waterverts               0/65536           0/786432   ( 0.0%) 
waterindices             0/65536           0/131072   ( 0.0%) 
cubemapsamples           0/1024            0/16384    ( 0.0%) 
overlays                 0/8192            0/2883584  ( 0.0%) 
LDR lightdata         [variable]     1094512/0        ( 0.0%) 
HDR lightdata         [variable]           0/0        ( 0.0%) 
visdata               [variable]         196/16777216 ( 0.0%) 
entdata               [variable]        2271/4194304  ( 0.1%) 
LDR ambient table       97/65536         388/262144   ( 0.1%) 
HDR ambient table       97/65536         388/262144   ( 0.1%) 
LDR leaf ambient        28/65536         784/1835008  ( 0.0%) 
HDR leaf ambient        97/65536        2716/1835008  ( 0.1%) 
occluders                0/0               0/0        ( 0.0%) 
occluder polygons        0/0               0/0        ( 0.0%) 
occluder vert ind        0/0               0/0        ( 0.0%) 
detail props          [variable]          12/0        ( 0.0%) 
static props          [variable]          12/0        ( 0.0%) 
static prop count        0/16384           0/0        ( 0.0%) 
pakfile               [variable]       25646/0        ( 0.0%) 
physics               [variable]        3978/4194304  ( 0.1%) 
physics terrain       [variable]           2/1048576  ( 0.0%) 

Level flags = 0

Total triangle count: 264
Writing d:\juegos\steam\steamapps\common\garrysmod\garrysmod\addons\vjguardfixim_maps_src\maps\src\cets_under_tram.bsp
0 seconds elapsed




materialPath: D:\Juegos\Steam\steamapps\common\GarrysMod\garrysmod\materials
Loading d:\juegos\steam\steamapps\common\garrysmod\garrysmod\addons\vjguardfixim_maps_src\maps\src\cets_under_tram.vmf
Patching WVT material: maps/cets_under_tram/concrete/blendconcreterock001a_wvt_patch
fixing up env_cubemap materials on brush sides...
ProcessBlock_Thread: 0...1...2...3...4...5...6...7...8...9...10 (0)
ProcessBlock_Thread: 0...1...2...3...4...5...6...7...8...9...10 (0)
Processing areas...done (0)
Building Faces...done (0)
FixTjuncs...
PruneNodes...
WriteBSP...
done (0)
writing d:\juegos\steam\steamapps\common\garrysmod\garrysmod\addons\vjguardfixim_maps_src\maps\src\cets_under_tram.prt...
Building visibility clusters...
done (0)
Creating default LDR cubemaps for env_cubemap using skybox materials:
   skybox/sky_day01_01*.vmt
 ! Run buildcubemaps in the engine to get the correct cube maps.
*** Error: Skybox vtf files for skybox/sky_day01_01 weren't compiled with the same size texture and/or same flags!
Can't load skybox file skybox/sky_day01_01 to build the default cubemap!
Finding displacement neighbors...
Finding lightmap sample positions...
Displacement Alpha : 0...1...2...3...4...5...6...7...8...9...10
Building Physics collision data...
done (0) (3978 bytes)
Placing detail props : 0...1...2...3...4...5...6...7...8...9...10
Compacting texture/material tables...
Reduced 42 texinfos to 3
Reduced 4 texdatas to 3 (132 bytes to 101)
Writing d:\juegos\steam\steamapps\common\garrysmod\garrysmod\addons\vjguardfixim_maps_src\maps\src\cets_under_tram.bsp
0 seconds elapsed



16 threads
reading d:\juegos\steam\steamapps\common\garrysmod\garrysmod\addons\vjguardfixim_maps_src\maps\src\cets_under_tram.bsp
reading d:\juegos\steam\steamapps\common\garrysmod\garrysmod\addons\vjguardfixim_maps_src\maps\src\cets_under_tram.prt
  16 portalclusters
  24 numportals
BasePortalVis:       0...1...2...3...4...5...6...7...8...9...10 (0)
Optimized: 0 visible clusters (0.00%)
Total clusters visible: 256
Average clusters visible: 16
Building PAS...
Average clusters audible: 16
visdatasize:196  compressed from 256
writing d:\juegos\steam\steamapps\common\garrysmod\garrysmod\addons\vjguardfixim_maps_src\maps\src\cets_under_tram.bsp
0 seconds elapsed



[Reading texlights from 'lights.rad']
[51 texlights parsed from 'lights.rad']
Loading d:\juegos\steam\steamapps\common\garrysmod\garrysmod\addons\vjguardfixim_maps_src\maps\src\cets_under_tram.bsp
BuildFacelights:     0...1...2...3...4...5...6...7...8...9...10 (0)
BuildStaticPropPatchlights: 0...1...2...3...4...5...6...7...8...9...10 (0)
BuildVisLeafs:       0...1...2...3...4...5...6...7...8...9...10 (0)
transfers 5101, max 178
static prop patch transfers 0
GatherLight:         0...1...2...3...4...5...6...7...8...9...10 (0)
Build Patch/Sample Hash Table(s).....Done<0.0033 sec>
FinalLightFace:      0...1...2...3...4...5...6...7...8...9...10 (0)
FinalLightFace Done
0 of 0 (0% of) surface lights went in leaf ambient cubes.
ThreadComputeLeafAmbient: 0...1...2...3...4...5...6...7...8...9...10 (0)
Writing leaf ambient...done
Ready to Finish

Object names       Objects/Maxobjs  Memory / Maxmem  Fullness 
------------       ---------------  ---------------  -------- 
models                   2/4096           96/196608   ( 0.0%) 
brushes                  9/65535         108/786420   ( 0.0%) 
brushsides              54/655350        432/5242800  ( 0.0%) 
planes                  94/65536        1880/1310720  ( 0.1%) 
vertexes               183/65536        2196/786432   ( 0.3%) 
nodes                   94/65536        3008/2097152  ( 0.1%) 
texinfos                 3/16384         216/1179648  ( 0.0%) 
texdata                  3/8192           96/262144   ( 0.0%) 
dispinfos                0/0               0/0        ( 0.0%) 
disp_verts               0/0               0/0        ( 0.0%) 
disp_tris                0/0               0/0        ( 0.0%) 
disp_multiblend          0/0               0/0        ( 0.0%) 
disp_lmsamples           0/0               0/0        ( 0.0%) 
faces                  132/65536        7392/3670016  ( 0.2%) 
hdr faces                0/65536           0/3670016  ( 0.0%) 
origfaces                6/65536         336/3670016  ( 0.0%) 
leaves                  97/65536        3104/2097152  ( 0.1%) 
leaffaces              132/65536         264/131072   ( 0.2%) 
leafbrushes             90/65536         180/131072   ( 0.1%) 
areas                    2/1024           16/8192     ( 0.2%) 
surfedges              552/512000       2208/2048000  ( 0.1%) 
edges                  317/256000       1268/1024000  ( 0.1%) 
LDR worldlights          0/8192            0/720896   ( 0.0%) 
HDR worldlights          0/8192            0/720896   ( 0.0%) 
leafwaterdata            0/32768           0/393216   ( 0.0%) 
waterstrips              0/32768           0/327680   ( 0.0%) 
waterverts               0/65536           0/786432   ( 0.0%) 
waterindices             0/65536           0/131072   ( 0.0%) 
cubemapsamples           0/1024            0/16384    ( 0.0%) 
overlays                 0/8192            0/2883584  ( 0.0%) 
LDR lightdata         [variable]     1094512/0        ( 0.0%) 
HDR lightdata         [variable]           0/0        ( 0.0%) 
visdata               [variable]         196/16777216 ( 0.0%) 
entdata               [variable]        3013/4194304  ( 0.1%) 
LDR ambient table       97/65536         388/262144   ( 0.1%) 
HDR ambient table       97/65536         388/262144   ( 0.1%) 
LDR leaf ambient        28/65536         784/1835008  ( 0.0%) 
HDR leaf ambient        97/65536        2716/1835008  ( 0.1%) 
occluders                0/0               0/0        ( 0.0%) 
occluder polygons        0/0               0/0        ( 0.0%) 
occluder vert ind        0/0               0/0        ( 0.0%) 
detail props          [variable]          12/0        ( 0.0%) 
static props          [variable]          12/0        ( 0.0%) 
static prop count        0/16384           0/0        ( 0.0%) 
pakfile               [variable]       25646/0        ( 0.0%) 
physics               [variable]        3978/4194304  ( 0.1%) 
physics terrain       [variable]           2/1048576  ( 0.0%) 

Level flags = 0

Total triangle count: 264
Writing d:\juegos\steam\steamapps\common\garrysmod\garrysmod\addons\vjguardfixim_maps_src\maps\src\cets_under_tram.bsp
0 seconds elapsed




materialPath: D:\Juegos\Steam\steamapps\common\GarrysMod\garrysmod\materials
Loading d:\juegos\steam\steamapps\common\garrysmod\garrysmod\addons\vjguardfixim_maps_src\maps\src\cets_under_tram.vmf
Patching WVT material: maps/cets_under_tram/concrete/blendconcreterock001a_wvt_patch
fixing up env_cubemap materials on brush sides...
ProcessBlock_Thread: 0...1...2...3...4...5...6...7...8...9...10 (0)
ProcessBlock_Thread: 0...1...2...3...4...5...6...7...8...9...10 (0)
Processing areas...done (0)
Building Faces...done (0)
FixTjuncs...
PruneNodes...
WriteBSP...
done (0)
writing d:\juegos\steam\steamapps\common\garrysmod\garrysmod\addons\vjguardfixim_maps_src\maps\src\cets_under_tram.prt...
Building visibility clusters...
done (0)
Creating default LDR cubemaps for env_cubemap using skybox materials:
   skybox/sky_day01_01*.vmt
 ! Run buildcubemaps in the engine to get the correct cube maps.
*** Error: Skybox vtf files for skybox/sky_day01_01 weren't compiled with the same size texture and/or same flags!
Can't load skybox file skybox/sky_day01_01 to build the default cubemap!
Finding displacement neighbors...
Finding lightmap sample positions...
Displacement Alpha : 0...1...2...3...4...5...6...7...8...9...10
Building Physics collision data...
done (0) (3978 bytes)
Placing detail props : 0...1...2...3...4...5...6...7...8...9...10
Compacting texture/material tables...
Reduced 42 texinfos to 3
Reduced 4 texdatas to 3 (132 bytes to 101)
Writing d:\juegos\steam\steamapps\common\garrysmod\garrysmod\addons\vjguardfixim_maps_src\maps\src\cets_under_tram.bsp
0 seconds elapsed



16 threads
reading d:\juegos\steam\steamapps\common\garrysmod\garrysmod\addons\vjguardfixim_maps_src\maps\src\cets_under_tram.bsp
reading d:\juegos\steam\steamapps\common\garrysmod\garrysmod\addons\vjguardfixim_maps_src\maps\src\cets_under_tram.prt
  16 portalclusters
  24 numportals
BasePortalVis:       0...1...2...3...4...5...6...7...8...9...10 (0)
Optimized: 0 visible clusters (0.00%)
Total clusters visible: 256
Average clusters visible: 16
Building PAS...
Average clusters audible: 16
visdatasize:196  compressed from 256
writing d:\juegos\steam\steamapps\common\garrysmod\garrysmod\addons\vjguardfixim_maps_src\maps\src\cets_under_tram.bsp
0 seconds elapsed



[Reading texlights from 'lights.rad']
[51 texlights parsed from 'lights.rad']
Loading d:\juegos\steam\steamapps\common\garrysmod\garrysmod\addons\vjguardfixim_maps_src\maps\src\cets_under_tram.bsp
BuildFacelights:     0...1...2...3...4...5...6...7...8...9...10 (0)
BuildStaticPropPatchlights: 0...1...2...3...4...5...6...7...8...9...10 (0)
BuildVisLeafs:       0...1...2...3...4...5...6...7...8...9...10 (0)
transfers 5101, max 178
static prop patch transfers 0
GatherLight:         0...1...2...3...4...5...6...7...8...9...10 (0)
Build Patch/Sample Hash Table(s).....Done<0.0033 sec>
FinalLightFace:      0...1...2...3...4...5...6...7...8...9...10 (0)
FinalLightFace Done
0 of 0 (0% of) surface lights went in leaf ambient cubes.
ThreadComputeLeafAmbient: 0...1...2...3...4...5...6...7...8...9...10 (0)
Writing leaf ambient...done
Ready to Finish

Object names       Objects/Maxobjs  Memory / Maxmem  Fullness 
------------       ---------------  ---------------  -------- 
models                   2/4096           96/196608   ( 0.0%) 
brushes                  9/65535         108/786420   ( 0.0%) 
brushsides              54/655350        432/5242800  ( 0.0%) 
planes                  94/65536        1880/1310720  ( 0.1%) 
vertexes               183/65536        2196/786432   ( 0.3%) 
nodes                   94/65536        3008/2097152  ( 0.1%) 
texinfos                 3/16384         216/1179648  ( 0.0%) 
texdata                  3/8192           96/262144   ( 0.0%) 
dispinfos                0/0               0/0        ( 0.0%) 
disp_verts               0/0               0/0        ( 0.0%) 
disp_tris                0/0               0/0        ( 0.0%) 
disp_multiblend          0/0               0/0        ( 0.0%) 
disp_lmsamples           0/0               0/0        ( 0.0%) 
faces                  132/65536        7392/3670016  ( 0.2%) 
hdr faces                0/65536           0/3670016  ( 0.0%) 
origfaces                6/65536         336/3670016  ( 0.0%) 
leaves                  97/65536        3104/2097152  ( 0.1%) 
leaffaces              132/65536         264/131072   ( 0.2%) 
leafbrushes             90/65536         180/131072   ( 0.1%) 
areas                    2/1024           16/8192     ( 0.2%) 
surfedges              552/512000       2208/2048000  ( 0.1%) 
edges                  317/256000       1268/1024000  ( 0.1%) 
LDR worldlights          0/8192            0/720896   ( 0.0%) 
HDR worldlights          0/8192            0/720896   ( 0.0%) 
leafwaterdata            0/32768           0/393216   ( 0.0%) 
waterstrips              0/32768           0/327680   ( 0.0%) 
waterverts               0/65536           0/786432   ( 0.0%) 
waterindices             0/65536           0/131072   ( 0.0%) 
cubemapsamples           0/1024            0/16384    ( 0.0%) 
overlays                 0/8192            0/2883584  ( 0.0%) 
LDR lightdata         [variable]     1094512/0        ( 0.0%) 
HDR lightdata         [variable]           0/0        ( 0.0%) 
visdata               [variable]         196/16777216 ( 0.0%) 
entdata               [variable]        3008/4194304  ( 0.1%) 
LDR ambient table       97/65536         388/262144   ( 0.1%) 
HDR ambient table       97/65536         388/262144   ( 0.1%) 
LDR leaf ambient        28/65536         784/1835008  ( 0.0%) 
HDR leaf ambient        97/65536        2716/1835008  ( 0.1%) 
occluders                0/0               0/0        ( 0.0%) 
occluder polygons        0/0               0/0        ( 0.0%) 
occluder vert ind        0/0               0/0        ( 0.0%) 
detail props          [variable]          12/0        ( 0.0%) 
static props          [variable]          12/0        ( 0.0%) 
static prop count        0/16384           0/0        ( 0.0%) 
pakfile               [variable]       25646/0        ( 0.0%) 
physics               [variable]        3978/4194304  ( 0.1%) 
physics terrain       [variable]           2/1048576  ( 0.0%) 

Level flags = 0

Total triangle count: 264
Writing d:\juegos\steam\steamapps\common\garrysmod\garrysmod\addons\vjguardfixim_maps_src\maps\src\cets_under_tram.bsp
0 seconds elapsed




materialPath: D:\Juegos\Steam\steamapps\common\GarrysMod\garrysmod\materials
Loading d:\juegos\steam\steamapps\common\garrysmod\garrysmod\addons\vjguardfixim_maps_src\maps\src\cets_under_tram.vmf
Patching WVT material: maps/cets_under_tram/concrete/blendconcreterock001a_wvt_patch
fixing up env_cubemap materials on brush sides...
ProcessBlock_Thread: 0...1...2...3...4...5...6...7...8...9...10 (0)
ProcessBlock_Thread: 0...1...2...3...4...5...6...7...8...9...10 (0)
Processing areas...done (0)
Building Faces...done (0)
FixTjuncs...
PruneNodes...
WriteBSP...
done (0)
writing d:\juegos\steam\steamapps\common\garrysmod\garrysmod\addons\vjguardfixim_maps_src\maps\src\cets_under_tram.prt...
Building visibility clusters...
done (0)
Creating default LDR cubemaps for env_cubemap using skybox materials:
   skybox/sky_day01_01*.vmt
 ! Run buildcubemaps in the engine to get the correct cube maps.
*** Error: Skybox vtf files for skybox/sky_day01_01 weren't compiled with the same size texture and/or same flags!
Can't load skybox file skybox/sky_day01_01 to build the default cubemap!
Finding displacement neighbors...
Finding lightmap sample positions...
Displacement Alpha : 0...1...2...3...4...5...6...7...8...9...10
Building Physics collision data...
done (0) (3978 bytes)
Placing detail props : 0...1...2...3...4...5...6...7...8...9...10
Compacting texture/material tables...
Reduced 42 texinfos to 3
Reduced 4 texdatas to 3 (132 bytes to 101)
Writing d:\juegos\steam\steamapps\common\garrysmod\garrysmod\addons\vjguardfixim_maps_src\maps\src\cets_under_tram.bsp
0 seconds elapsed



16 threads
reading d:\juegos\steam\steamapps\common\garrysmod\garrysmod\addons\vjguardfixim_maps_src\maps\src\cets_under_tram.bsp
reading d:\juegos\steam\steamapps\common\garrysmod\garrysmod\addons\vjguardfixim_maps_src\maps\src\cets_under_tram.prt
  16 portalclusters
  24 numportals
BasePortalVis:       0...1...2...3...4...5...6...7...8...9...10 (0)
Optimized: 0 visible clusters (0.00%)
Total clusters visible: 256
Average clusters visible: 16
Building PAS...
Average clusters audible: 16
visdatasize:196  compressed from 256
writing d:\juegos\steam\steamapps\common\garrysmod\garrysmod\addons\vjguardfixim_maps_src\maps\src\cets_under_tram.bsp
0 seconds elapsed



[Reading texlights from 'lights.rad']
[51 texlights parsed from 'lights.rad']
Loading d:\juegos\steam\steamapps\common\garrysmod\garrysmod\addons\vjguardfixim_maps_src\maps\src\cets_under_tram.bsp
BuildFacelights:     0...1...2...3...4...5...6...7...8...9...10 (0)
BuildStaticPropPatchlights: 0...1...2...3...4...5...6...7...8...9...10 (0)
BuildVisLeafs:       0...1...2...3...4...5...6...7...8...9...10 (0)
transfers 5101, max 178
static prop patch transfers 0
GatherLight:         0...1...2...3...4...5...6...7...8...9...10 (0)
Build Patch/Sample Hash Table(s).....Done<0.0033 sec>
FinalLightFace:      0...1...2...3...4...5...6...7...8...9...10 (0)
FinalLightFace Done
0 of 0 (0% of) surface lights went in leaf ambient cubes.
ThreadComputeLeafAmbient: 0...1...2...3...4...5...6...7...8...9...10 (0)
Writing leaf ambient...done
Ready to Finish

Object names       Objects/Maxobjs  Memory / Maxmem  Fullness 
------------       ---------------  ---------------  -------- 
models                   2/4096           96/196608   ( 0.0%) 
brushes                  9/65535         108/786420   ( 0.0%) 
brushsides              54/655350        432/5242800  ( 0.0%) 
planes                  94/65536        1880/1310720  ( 0.1%) 
vertexes               183/65536        2196/786432   ( 0.3%) 
nodes                   94/65536        3008/2097152  ( 0.1%) 
texinfos                 3/16384         216/1179648  ( 0.0%) 
texdata                  3/8192           96/262144   ( 0.0%) 
dispinfos                0/0               0/0        ( 0.0%) 
disp_verts               0/0               0/0        ( 0.0%) 
disp_tris                0/0               0/0        ( 0.0%) 
disp_multiblend          0/0               0/0        ( 0.0%) 
disp_lmsamples           0/0               0/0        ( 0.0%) 
faces                  132/65536        7392/3670016  ( 0.2%) 
hdr faces                0/65536           0/3670016  ( 0.0%) 
origfaces                6/65536         336/3670016  ( 0.0%) 
leaves                  97/65536        3104/2097152  ( 0.1%) 
leaffaces              132/65536         264/131072   ( 0.2%) 
leafbrushes             90/65536         180/131072   ( 0.1%) 
areas                    2/1024           16/8192     ( 0.2%) 
surfedges              552/512000       2208/2048000  ( 0.1%) 
edges                  317/256000       1268/1024000  ( 0.1%) 
LDR worldlights          0/8192            0/720896   ( 0.0%) 
HDR worldlights          0/8192            0/720896   ( 0.0%) 
leafwaterdata            0/32768           0/393216   ( 0.0%) 
waterstrips              0/32768           0/327680   ( 0.0%) 
waterverts               0/65536           0/786432   ( 0.0%) 
waterindices             0/65536           0/131072   ( 0.0%) 
cubemapsamples           0/1024            0/16384    ( 0.0%) 
overlays                 0/8192            0/2883584  ( 0.0%) 
LDR lightdata         [variable]     1094512/0        ( 0.0%) 
HDR lightdata         [variable]           0/0        ( 0.0%) 
visdata               [variable]         196/16777216 ( 0.0%) 
entdata               [variable]        3008/4194304  ( 0.1%) 
LDR ambient table       97/65536         388/262144   ( 0.1%) 
HDR ambient table       97/65536         388/262144   ( 0.1%) 
LDR leaf ambient        28/65536         784/1835008  ( 0.0%) 
HDR leaf ambient        97/65536        2716/1835008  ( 0.1%) 
occluders                0/0               0/0        ( 0.0%) 
occluder polygons        0/0               0/0        ( 0.0%) 
occluder vert ind        0/0               0/0        ( 0.0%) 
detail props          [variable]          12/0        ( 0.0%) 
static props          [variable]          12/0        ( 0.0%) 
static prop count        0/16384           0/0        ( 0.0%) 
pakfile               [variable]       25646/0        ( 0.0%) 
physics               [variable]        3978/4194304  ( 0.1%) 
physics terrain       [variable]           2/1048576  ( 0.0%) 

Level flags = 0

Total triangle count: 264
Writing d:\juegos\steam\steamapps\common\garrysmod\garrysmod\addons\vjguardfixim_maps_src\maps\src\cets_under_tram.bsp
0 seconds elapsed




materialPath: D:\Juegos\Steam\steamapps\common\GarrysMod\garrysmod\materials
Loading d:\juegos\steam\steamapps\common\garrysmod\garrysmod\addons\vjguardfixim_maps_src\maps\src\cets_under_tram.vmf
Patching WVT material: maps/cets_under_tram/concrete/blendconcreterock001a_wvt_patch
fixing up env_cubemap materials on brush sides...
ProcessBlock_Thread: 0...1...2...3...4...5...6...7...8...9...10 (0)
ProcessBlock_Thread: 0...1...2...3...4...5...6...7...8...9...10 (0)
Processing areas...done (0)
Building Faces...done (0)
FixTjuncs...
PruneNodes...
WriteBSP...
done (0)
writing d:\juegos\steam\steamapps\common\garrysmod\garrysmod\addons\vjguardfixim_maps_src\maps\src\cets_under_tram.prt...
Building visibility clusters...
done (0)
Creating default LDR cubemaps for env_cubemap using skybox materials:
   skybox/sky_day01_01*.vmt
 ! Run buildcubemaps in the engine to get the correct cube maps.
*** Error: Skybox vtf files for skybox/sky_day01_01 weren't compiled with the same size texture and/or same flags!
Can't load skybox file skybox/sky_day01_01 to build the default cubemap!
Finding displacement neighbors...
Finding lightmap sample positions...
Displacement Alpha : 0...1...2...3...4...5...6...7...8...9...10
Building Physics collision data...
done (0) (3978 bytes)
Placing detail props : 0...1...2...3...4...5...6...7...8...9...10
Compacting texture/material tables...
Reduced 42 texinfos to 3
Reduced 4 texdatas to 3 (132 bytes to 101)
Writing d:\juegos\steam\steamapps\common\garrysmod\garrysmod\addons\vjguardfixim_maps_src\maps\src\cets_under_tram.bsp
0 seconds elapsed



16 threads
reading d:\juegos\steam\steamapps\common\garrysmod\garrysmod\addons\vjguardfixim_maps_src\maps\src\cets_under_tram.bsp
reading d:\juegos\steam\steamapps\common\garrysmod\garrysmod\addons\vjguardfixim_maps_src\maps\src\cets_under_tram.prt
  16 portalclusters
  24 numportals
BasePortalVis:       0...1...2...3...4...5...6...7...8...9...10 (0)
Optimized: 0 visible clusters (0.00%)
Total clusters visible: 256
Average clusters visible: 16
Building PAS...
Average clusters audible: 16
visdatasize:196  compressed from 256
writing d:\juegos\steam\steamapps\common\garrysmod\garrysmod\addons\vjguardfixim_maps_src\maps\src\cets_under_tram.bsp
0 seconds elapsed



[Reading texlights from 'lights.rad']
[51 texlights parsed from 'lights.rad']
Loading d:\juegos\steam\steamapps\common\garrysmod\garrysmod\addons\vjguardfixim_maps_src\maps\src\cets_under_tram.bsp
BuildFacelights:     0...1...2...3...4...5...6...7...8...9...10 (0)
BuildStaticPropPatchlights: 0...1...2...3...4...5...6...7...8...9...10 (0)
BuildVisLeafs:       0...1...2...3...4...5...6...7...8...9...10 (0)
transfers 5101, max 178
static prop patch transfers 0
GatherLight:         0...1...2...3...4...5...6...7...8...9...10 (0)
Build Patch/Sample Hash Table(s).....Done<0.0034 sec>
FinalLightFace:      0...1...2...3...4...5...6...7...8...9...10 (0)
FinalLightFace Done
0 of 0 (0% of) surface lights went in leaf ambient cubes.
ThreadComputeLeafAmbient: 0...1...2...3...4...5...6...7...8...9...10 (0)
Writing leaf ambient...done
Ready to Finish

Object names       Objects/Maxobjs  Memory / Maxmem  Fullness 
------------       ---------------  ---------------  -------- 
models                   2/4096           96/196608   ( 0.0%) 
brushes                  9/65535         108/786420   ( 0.0%) 
brushsides              54/655350        432/5242800  ( 0.0%) 
planes                  98/65536        1960/1310720  ( 0.1%) 
vertexes               183/65536        2196/786432   ( 0.3%) 
nodes                   93/65536        2976/2097152  ( 0.1%) 
texinfos                 3/16384         216/1179648  ( 0.0%) 
texdata                  3/8192           96/262144   ( 0.0%) 
dispinfos                0/0               0/0        ( 0.0%) 
disp_verts               0/0               0/0        ( 0.0%) 
disp_tris                0/0               0/0        ( 0.0%) 
disp_multiblend          0/0               0/0        ( 0.0%) 
disp_lmsamples           0/0               0/0        ( 0.0%) 
faces                  132/65536        7392/3670016  ( 0.2%) 
hdr faces                0/65536           0/3670016  ( 0.0%) 
origfaces                6/65536         336/3670016  ( 0.0%) 
leaves                  96/65536        3072/2097152  ( 0.1%) 
leaffaces              132/65536         264/131072   ( 0.2%) 
leafbrushes             90/65536         180/131072   ( 0.1%) 
areas                    2/1024           16/8192     ( 0.2%) 
surfedges              552/512000       2208/2048000  ( 0.1%) 
edges                  317/256000       1268/1024000  ( 0.1%) 
LDR worldlights          0/8192            0/720896   ( 0.0%) 
HDR worldlights          0/8192            0/720896   ( 0.0%) 
leafwaterdata            0/32768           0/393216   ( 0.0%) 
waterstrips              0/32768           0/327680   ( 0.0%) 
waterverts               0/65536           0/786432   ( 0.0%) 
waterindices             0/65536           0/131072   ( 0.0%) 
cubemapsamples           0/1024            0/16384    ( 0.0%) 
overlays                 0/8192            0/2883584  ( 0.0%) 
LDR lightdata         [variable]     1094512/0        ( 0.0%) 
HDR lightdata         [variable]           0/0        ( 0.0%) 
visdata               [variable]         196/16777216 ( 0.0%) 
entdata               [variable]        3002/4194304  ( 0.1%) 
LDR ambient table       96/65536         384/262144   ( 0.1%) 
HDR ambient table       96/65536         384/262144   ( 0.1%) 
LDR leaf ambient        27/65536         756/1835008  ( 0.0%) 
HDR leaf ambient        96/65536        2688/1835008  ( 0.1%) 
occluders                0/0               0/0        ( 0.0%) 
occluder polygons        0/0               0/0        ( 0.0%) 
occluder vert ind        0/0               0/0        ( 0.0%) 
detail props          [variable]          12/0        ( 0.0%) 
static props          [variable]          12/0        ( 0.0%) 
static prop count        0/16384           0/0        ( 0.0%) 
pakfile               [variable]       25646/0        ( 0.0%) 
physics               [variable]        3978/4194304  ( 0.1%) 
physics terrain       [variable]           2/1048576  ( 0.0%) 

Level flags = 0

Total triangle count: 264
Writing d:\juegos\steam\steamapps\common\garrysmod\garrysmod\addons\vjguardfixim_maps_src\maps\src\cets_under_tram.bsp
0 seconds elapsed




materialPath: D:\Juegos\Steam\steamapps\common\GarrysMod\garrysmod\materials
Loading d:\juegos\steam\steamapps\common\garrysmod\garrysmod\addons\vjguardfixim_maps_src\maps\src\cets_under_tram.vmf
Patching WVT material: maps/cets_under_tram/concrete/blendconcreterock001a_wvt_patch
fixing up env_cubemap materials on brush sides...
ProcessBlock_Thread: 0...1...2...3...4...5...6...7...8...9...10 (0)
ProcessBlock_Thread: 0...1...2...3...4...5...6...7...8...9...10 (0)
Processing areas...done (0)
Building Faces...done (0)
FixTjuncs...
PruneNodes...
WriteBSP...
done (0)
writing d:\juegos\steam\steamapps\common\garrysmod\garrysmod\addons\vjguardfixim_maps_src\maps\src\cets_under_tram.prt...
Building visibility clusters...
done (0)
Creating default LDR cubemaps for env_cubemap using skybox materials:
   skybox/sky_day01_01*.vmt
 ! Run buildcubemaps in the engine to get the correct cube maps.
*** Error: Skybox vtf files for skybox/sky_day01_01 weren't compiled with the same size texture and/or same flags!
Can't load skybox file skybox/sky_day01_01 to build the default cubemap!
Finding displacement neighbors...
Finding lightmap sample positions...
Displacement Alpha : 0...1...2...3...4...5...6...7...8...9...10
Building Physics collision data...
done (0) (3978 bytes)
Placing detail props : 0...1...2...3...4...5...6...7...8...9...10
Compacting texture/material tables...
Reduced 42 texinfos to 3
Reduced 4 texdatas to 3 (132 bytes to 101)
Writing d:\juegos\steam\steamapps\common\garrysmod\garrysmod\addons\vjguardfixim_maps_src\maps\src\cets_under_tram.bsp
0 seconds elapsed



16 threads
reading d:\juegos\steam\steamapps\common\garrysmod\garrysmod\addons\vjguardfixim_maps_src\maps\src\cets_under_tram.bsp
reading d:\juegos\steam\steamapps\common\garrysmod\garrysmod\addons\vjguardfixim_maps_src\maps\src\cets_under_tram.prt
  16 portalclusters
  24 numportals
BasePortalVis:       0...1...2...3...4...5...6...7...8...9...10 (0)
Optimized: 0 visible clusters (0.00%)
Total clusters visible: 256
Average clusters visible: 16
Building PAS...
Average clusters audible: 16
visdatasize:196  compressed from 256
writing d:\juegos\steam\steamapps\common\garrysmod\garrysmod\addons\vjguardfixim_maps_src\maps\src\cets_under_tram.bsp
0 seconds elapsed



[Reading texlights from 'lights.rad']
[51 texlights parsed from 'lights.rad']
Loading d:\juegos\steam\steamapps\common\garrysmod\garrysmod\addons\vjguardfixim_maps_src\maps\src\cets_under_tram.bsp
BuildFacelights:     0...1...2...3...4...5...6...7...8...9...10 (0)
BuildStaticPropPatchlights: 0...1...2...3...4...5...6...7...8...9...10 (0)
BuildVisLeafs:       0...1...2...3...4...5...6...7...8...9...10 (0)
transfers 5101, max 178
static prop patch transfers 0
GatherLight:         0...1...2...3...4...5...6...7...8...9...10 (0)
Build Patch/Sample Hash Table(s).....Done<0.0033 sec>
FinalLightFace:      0...1...2...3...4...5...6...7...8...9...10 (0)
FinalLightFace Done
0 of 0 (0% of) surface lights went in leaf ambient cubes.
ThreadComputeLeafAmbient: 0...1...2...3...4...5...6...7...8...9...10 (0)
Writing leaf ambient...done
Ready to Finish

Object names       Objects/Maxobjs  Memory / Maxmem  Fullness 
------------       ---------------  ---------------  -------- 
models                   2/4096           96/196608   ( 0.0%) 
brushes                  9/65535         108/786420   ( 0.0%) 
brushsides              54/655350        432/5242800  ( 0.0%) 
planes                  98/65536        1960/1310720  ( 0.1%) 
vertexes               183/65536        2196/786432   ( 0.3%) 
nodes                   93/65536        2976/2097152  ( 0.1%) 
texinfos                 3/16384         216/1179648  ( 0.0%) 
texdata                  3/8192           96/262144   ( 0.0%) 
dispinfos                0/0               0/0        ( 0.0%) 
disp_verts               0/0               0/0        ( 0.0%) 
disp_tris                0/0               0/0        ( 0.0%) 
disp_multiblend          0/0               0/0        ( 0.0%) 
disp_lmsamples           0/0               0/0        ( 0.0%) 
faces                  132/65536        7392/3670016  ( 0.2%) 
hdr faces                0/65536           0/3670016  ( 0.0%) 
origfaces                6/65536         336/3670016  ( 0.0%) 
leaves                  96/65536        3072/2097152  ( 0.1%) 
leaffaces              132/65536         264/131072   ( 0.2%) 
leafbrushes             90/65536         180/131072   ( 0.1%) 
areas                    2/1024           16/8192     ( 0.2%) 
surfedges              552/512000       2208/2048000  ( 0.1%) 
edges                  317/256000       1268/1024000  ( 0.1%) 
LDR worldlights          0/8192            0/720896   ( 0.0%) 
HDR worldlights          0/8192            0/720896   ( 0.0%) 
leafwaterdata            0/32768           0/393216   ( 0.0%) 
waterstrips              0/32768           0/327680   ( 0.0%) 
waterverts               0/65536           0/786432   ( 0.0%) 
waterindices             0/65536           0/131072   ( 0.0%) 
cubemapsamples           0/1024            0/16384    ( 0.0%) 
overlays                 0/8192            0/2883584  ( 0.0%) 
LDR lightdata         [variable]     1094512/0        ( 0.0%) 
HDR lightdata         [variable]           0/0        ( 0.0%) 
visdata               [variable]         196/16777216 ( 0.0%) 
entdata               [variable]        3008/4194304  ( 0.1%) 
LDR ambient table       96/65536         384/262144   ( 0.1%) 
HDR ambient table       96/65536         384/262144   ( 0.1%) 
LDR leaf ambient        27/65536         756/1835008  ( 0.0%) 
HDR leaf ambient        96/65536        2688/1835008  ( 0.1%) 
occluders                0/0               0/0        ( 0.0%) 
occluder polygons        0/0               0/0        ( 0.0%) 
occluder vert ind        0/0               0/0        ( 0.0%) 
detail props          [variable]          12/0        ( 0.0%) 
static props          [variable]          12/0        ( 0.0%) 
static prop count        0/16384           0/0        ( 0.0%) 
pakfile               [variable]       25646/0        ( 0.0%) 
physics               [variable]        3978/4194304  ( 0.1%) 
physics terrain       [variable]           2/1048576  ( 0.0%) 

Level flags = 0

Total triangle count: 264
Writing d:\juegos\steam\steamapps\common\garrysmod\garrysmod\addons\vjguardfixim_maps_src\maps\src\cets_under_tram.bsp
0 seconds elapsed




materialPath: D:\Juegos\Steam\steamapps\common\GarrysMod\garrysmod\materials
Loading d:\juegos\steam\steamapps\common\garrysmod\garrysmod\addons\vjguardfixim_maps_src\maps\src\cets_under_tram.vmf
Patching WVT material: maps/cets_under_tram/concrete/blendconcreterock001a_wvt_patch
fixing up env_cubemap materials on brush sides...
ProcessBlock_Thread: 0...1...2...3...4...5...6...7...8...9...10 (0)
ProcessBlock_Thread: 0...1...2...3...4...5...6...7...8...9...10 (0)
Processing areas...done (0)
Building Faces...done (0)
FixTjuncs...
PruneNodes...
WriteBSP...
done (0)
writing d:\juegos\steam\steamapps\common\garrysmod\garrysmod\addons\vjguardfixim_maps_src\maps\src\cets_under_tram.prt...
Building visibility clusters...
done (0)
Creating default LDR cubemaps for env_cubemap using skybox materials:
   skybox/sky_day01_01*.vmt
 ! Run buildcubemaps in the engine to get the correct cube maps.
*** Error: Skybox vtf files for skybox/sky_day01_01 weren't compiled with the same size texture and/or same flags!
Can't load skybox file skybox/sky_day01_01 to build the default cubemap!
Finding displacement neighbors...
Finding lightmap sample positions...
Displacement Alpha : 0...1...2...3...4...5...6...7...8...9...10
Building Physics collision data...
done (0) (3978 bytes)
Placing detail props : 0...1...2...3...4...5...6...7...8...9...10
Compacting texture/material tables...
Reduced 42 texinfos to 3
Reduced 4 texdatas to 3 (132 bytes to 101)
Writing d:\juegos\steam\steamapps\common\garrysmod\garrysmod\addons\vjguardfixim_maps_src\maps\src\cets_under_tram.bsp
0 seconds elapsed



16 threads
reading d:\juegos\steam\steamapps\common\garrysmod\garrysmod\addons\vjguardfixim_maps_src\maps\src\cets_under_tram.bsp
reading d:\juegos\steam\steamapps\common\garrysmod\garrysmod\addons\vjguardfixim_maps_src\maps\src\cets_under_tram.prt
  16 portalclusters
  24 numportals
BasePortalVis:       0...1...2...3...4...5...6...7...8...9...10 (0)
Optimized: 0 visible clusters (0.00%)
Total clusters visible: 256
Average clusters visible: 16
Building PAS...
Average clusters audible: 16
visdatasize:196  compressed from 256
writing d:\juegos\steam\steamapps\common\garrysmod\garrysmod\addons\vjguardfixim_maps_src\maps\src\cets_under_tram.bsp
0 seconds elapsed



[Reading texlights from 'lights.rad']
[51 texlights parsed from 'lights.rad']
Loading d:\juegos\steam\steamapps\common\garrysmod\garrysmod\addons\vjguardfixim_maps_src\maps\src\cets_under_tram.bsp
BuildFacelights:     0...1...2...3...4...5...6...7...8...9...10 (0)
BuildStaticPropPatchlights: 0...1...2...3...4...5...6...7...8...9...10 (0)
BuildVisLeafs:       0...1...2...3...4...5...6...7...8...9...10 (0)
transfers 5101, max 178
static prop patch transfers 0
GatherLight:         0...1...2...3...4...5...6...7...8...9...10 (0)
Build Patch/Sample Hash Table(s).....Done<0.0033 sec>
FinalLightFace:      0...1...2...3...4...5...6...7...8...9...10 (0)
FinalLightFace Done
0 of 0 (0% of) surface lights went in leaf ambient cubes.
ThreadComputeLeafAmbient: 0...1...2...3...4...5...6...7...8...9...10 (0)
Writing leaf ambient...done
Ready to Finish

Object names       Objects/Maxobjs  Memory / Maxmem  Fullness 
------------       ---------------  ---------------  -------- 
models                   2/4096           96/196608   ( 0.0%) 
brushes                  9/65535         108/786420   ( 0.0%) 
brushsides              54/655350        432/5242800  ( 0.0%) 
planes                  98/65536        1960/1310720  ( 0.1%) 
vertexes               183/65536        2196/786432   ( 0.3%) 
nodes                   93/65536        2976/2097152  ( 0.1%) 
texinfos                 3/16384         216/1179648  ( 0.0%) 
texdata                  3/8192           96/262144   ( 0.0%) 
dispinfos                0/0               0/0        ( 0.0%) 
disp_verts               0/0               0/0        ( 0.0%) 
disp_tris                0/0               0/0        ( 0.0%) 
disp_multiblend          0/0               0/0        ( 0.0%) 
disp_lmsamples           0/0               0/0        ( 0.0%) 
faces                  132/65536        7392/3670016  ( 0.2%) 
hdr faces                0/65536           0/3670016  ( 0.0%) 
origfaces                6/65536         336/3670016  ( 0.0%) 
leaves                  96/65536        3072/2097152  ( 0.1%) 
leaffaces              132/65536         264/131072   ( 0.2%) 
leafbrushes             90/65536         180/131072   ( 0.1%) 
areas                    2/1024           16/8192     ( 0.2%) 
surfedges              552/512000       2208/2048000  ( 0.1%) 
edges                  317/256000       1268/1024000  ( 0.1%) 
LDR worldlights          0/8192            0/720896   ( 0.0%) 
HDR worldlights          0/8192            0/720896   ( 0.0%) 
leafwaterdata            0/32768           0/393216   ( 0.0%) 
waterstrips              0/32768           0/327680   ( 0.0%) 
waterverts               0/65536           0/786432   ( 0.0%) 
waterindices             0/65536           0/131072   ( 0.0%) 
cubemapsamples           0/1024            0/16384    ( 0.0%) 
overlays                 0/8192            0/2883584  ( 0.0%) 
LDR lightdata         [variable]     1094512/0        ( 0.0%) 
HDR lightdata         [variable]           0/0        ( 0.0%) 
visdata               [variable]         196/16777216 ( 0.0%) 
entdata               [variable]        3006/4194304  ( 0.1%) 
LDR ambient table       96/65536         384/262144   ( 0.1%) 
HDR ambient table       96/65536         384/262144   ( 0.1%) 
LDR leaf ambient        27/65536         756/1835008  ( 0.0%) 
HDR leaf ambient        96/65536        2688/1835008  ( 0.1%) 
occluders                0/0               0/0        ( 0.0%) 
occluder polygons        0/0               0/0        ( 0.0%) 
occluder vert ind        0/0               0/0        ( 0.0%) 
detail props          [variable]          12/0        ( 0.0%) 
static props          [variable]          12/0        ( 0.0%) 
static prop count        0/16384           0/0        ( 0.0%) 
pakfile               [variable]       25646/0        ( 0.0%) 
physics               [variable]        3978/4194304  ( 0.1%) 
physics terrain       [variable]           2/1048576  ( 0.0%) 

Level flags = 0

Total triangle count: 264
Writing d:\juegos\steam\steamapps\common\garrysmod\garrysmod\addons\vjguardfixim_maps_src\maps\src\cets_under_tram.bsp
0 seconds elapsed




materialPath: D:\Juegos\Steam\steamapps\common\GarrysMod\garrysmod\materials
Loading d:\juegos\steam\steamapps\common\garrysmod\garrysmod\addons\vjguardfixim_maps_src\maps\src\cets_under_tram.vmf
Patching WVT material: maps/cets_under_tram/concrete/blendconcreterock001a_wvt_patch
fixing up env_cubemap materials on brush sides...
ProcessBlock_Thread: 0...1...2...3...4...5...6...7...8...9...10 (0)
ProcessBlock_Thread: 0...1...2...3...4...5...6...7...8...9...10 (0)
Processing areas...done (0)
Building Faces...done (0)
FixTjuncs...
PruneNodes...
WriteBSP...
done (0)
writing d:\juegos\steam\steamapps\common\garrysmod\garrysmod\addons\vjguardfixim_maps_src\maps\src\cets_under_tram.prt...
Building visibility clusters...
done (0)
Creating default LDR cubemaps for env_cubemap using skybox materials:
   skybox/sky_day01_01*.vmt
 ! Run buildcubemaps in the engine to get the correct cube maps.
*** Error: Skybox vtf files for skybox/sky_day01_01 weren't compiled with the same size texture and/or same flags!
Can't load skybox file skybox/sky_day01_01 to build the default cubemap!
Finding displacement neighbors...
Finding lightmap sample positions...
Displacement Alpha : 0...1...2...3...4...5...6...7...8...9...10
Building Physics collision data...
done (0) (3804 bytes)
Placing detail props : 0...1...2...3...4...5...6...7...8...9...10
Compacting texture/material tables...
Reduced 40 texinfos to 9
Reduced 5 texdatas to 4 (158 bytes to 127)
Writing d:\juegos\steam\steamapps\common\garrysmod\garrysmod\addons\vjguardfixim_maps_src\maps\src\cets_under_tram.bsp
0 seconds elapsed



16 threads
reading d:\juegos\steam\steamapps\common\garrysmod\garrysmod\addons\vjguardfixim_maps_src\maps\src\cets_under_tram.bsp
reading d:\juegos\steam\steamapps\common\garrysmod\garrysmod\addons\vjguardfixim_maps_src\maps\src\cets_under_tram.prt
  16 portalclusters
  24 numportals
BasePortalVis:       0...1...2...3...4...5...6...7...8...9...10 (0)
Optimized: 0 visible clusters (0.00%)
Total clusters visible: 256
Average clusters visible: 16
Building PAS...
Average clusters audible: 16
visdatasize:196  compressed from 256
writing d:\juegos\steam\steamapps\common\garrysmod\garrysmod\addons\vjguardfixim_maps_src\maps\src\cets_under_tram.bsp
0 seconds elapsed



[Reading texlights from 'lights.rad']
[51 texlights parsed from 'lights.rad']
Loading d:\juegos\steam\steamapps\common\garrysmod\garrysmod\addons\vjguardfixim_maps_src\maps\src\cets_under_tram.bsp
BuildFacelights:     0...1...2...3...4...5...6...7...8...9...10 (0)
BuildStaticPropPatchlights: 0...1...2...3...4...5...6...7...8...9...10 (0)
BuildVisLeafs:       0...1...2...3...4...5...6...7...8...9...10 (0)
transfers 5852, max 223
static prop patch transfers 0
GatherLight:         0...1...2...3...4...5...6...7...8...9...10 (0)
Build Patch/Sample Hash Table(s).....Done<0.0033 sec>
FinalLightFace:      0...1...2...3...4...5...6...7...8...9...10 (0)
FinalLightFace Done
0 of 0 (0% of) surface lights went in leaf ambient cubes.
ThreadComputeLeafAmbient: 0...1...2...3...4...5...6...7...8...9...10 (0)
Writing leaf ambient...done
Ready to Finish

Object names       Objects/Maxobjs  Memory / Maxmem  Fullness 
------------       ---------------  ---------------  -------- 
models                   3/4096          144/196608   ( 0.1%) 
brushes                  9/65535         108/786420   ( 0.0%) 
brushsides              54/655350        432/5242800  ( 0.0%) 
planes                  82/65536        1640/1310720  ( 0.1%) 
vertexes               183/65536        2196/786432   ( 0.3%) 
nodes                   95/65536        3040/2097152  ( 0.1%) 
texinfos                 9/16384         648/1179648  ( 0.1%) 
texdata                  4/8192          128/262144   ( 0.0%) 
dispinfos                0/0               0/0        ( 0.0%) 
disp_verts               0/0               0/0        ( 0.0%) 
disp_tris                0/0               0/0        ( 0.0%) 
disp_multiblend          0/0               0/0        ( 0.0%) 
disp_lmsamples           0/0               0/0        ( 0.0%) 
faces                  138/65536        7728/3670016  ( 0.2%) 
hdr faces                0/65536           0/3670016  ( 0.0%) 
origfaces               12/65536         672/3670016  ( 0.0%) 
leaves                  99/65536        3168/2097152  ( 0.2%) 
leaffaces              138/65536         276/131072   ( 0.2%) 
leafbrushes             90/65536         180/131072   ( 0.1%) 
areas                    2/1024           16/8192     ( 0.2%) 
surfedges              600/512000       2400/2048000  ( 0.1%) 
edges                  341/256000       1364/1024000  ( 0.1%) 
LDR worldlights          0/8192            0/720896   ( 0.0%) 
HDR worldlights          0/8192            0/720896   ( 0.0%) 
leafwaterdata            0/32768           0/393216   ( 0.0%) 
waterstrips              0/32768           0/327680   ( 0.0%) 
waterverts               0/65536           0/786432   ( 0.0%) 
waterindices             0/65536           0/131072   ( 0.0%) 
cubemapsamples           0/1024            0/16384    ( 0.0%) 
overlays                 0/8192            0/2883584  ( 0.0%) 
LDR lightdata         [variable]     1094512/0        ( 0.0%) 
HDR lightdata         [variable]           0/0        ( 0.0%) 
visdata               [variable]         196/16777216 ( 0.0%) 
entdata               [variable]        3099/4194304  ( 0.1%) 
LDR ambient table       99/65536         396/262144   ( 0.2%) 
HDR ambient table       99/65536         396/262144   ( 0.2%) 
LDR leaf ambient        29/65536         812/1835008  ( 0.0%) 
HDR leaf ambient        99/65536        2772/1835008  ( 0.2%) 
occluders                0/0               0/0        ( 0.0%) 
occluder polygons        0/0               0/0        ( 0.0%) 
occluder vert ind        0/0               0/0        ( 0.0%) 
detail props          [variable]          12/0        ( 0.0%) 
static props          [variable]          12/0        ( 0.0%) 
static prop count        0/16384           0/0        ( 0.0%) 
pakfile               [variable]       25646/0        ( 0.0%) 
physics               [variable]        3804/4194304  ( 0.1%) 
physics terrain       [variable]           2/1048576  ( 0.0%) 

Level flags = 0

Total triangle count: 276
Writing d:\juegos\steam\steamapps\common\garrysmod\garrysmod\addons\vjguardfixim_maps_src\maps\src\cets_under_tram.bsp
0 seconds elapsed




materialPath: D:\Juegos\Steam\steamapps\common\GarrysMod\garrysmod\materials
Loading d:\juegos\steam\steamapps\common\garrysmod\garrysmod\addons\vjguardfixim_maps_src\maps\src\cets_under_tram.vmf
Patching WVT material: maps/cets_under_tram/concrete/blendconcreterock001a_wvt_patch
fixing up env_cubemap materials on brush sides...
ProcessBlock_Thread: 0...1...2...3...4...5...6...7...8...9...10 (0)
ProcessBlock_Thread: 0...1...2...3...4...5...6...7...8...9...10 (0)
Processing areas...done (0)
Building Faces...done (0)
FixTjuncs...
PruneNodes...
WriteBSP...
done (0)
writing d:\juegos\steam\steamapps\common\garrysmod\garrysmod\addons\vjguardfixim_maps_src\maps\src\cets_under_tram.prt...
Building visibility clusters...
done (0)
Creating default LDR cubemaps for env_cubemap using skybox materials:
   skybox/sky_day01_01*.vmt
 ! Run buildcubemaps in the engine to get the correct cube maps.
*** Error: Skybox vtf files for skybox/sky_day01_01 weren't compiled with the same size texture and/or same flags!
Can't load skybox file skybox/sky_day01_01 to build the default cubemap!
Finding displacement neighbors...
Finding lightmap sample positions...
Displacement Alpha : 0...1...2...3...4...5...6...7...8...9...10
Building Physics collision data...
done (0) (3804 bytes)
Placing detail props : 0...1...2...3...4...5...6...7...8...9...10
Compacting texture/material tables...
Reduced 40 texinfos to 9
Reduced 5 texdatas to 4 (158 bytes to 127)
Writing d:\juegos\steam\steamapps\common\garrysmod\garrysmod\addons\vjguardfixim_maps_src\maps\src\cets_under_tram.bsp
0 seconds elapsed



16 threads
reading d:\juegos\steam\steamapps\common\garrysmod\garrysmod\addons\vjguardfixim_maps_src\maps\src\cets_under_tram.bsp
reading d:\juegos\steam\steamapps\common\garrysmod\garrysmod\addons\vjguardfixim_maps_src\maps\src\cets_under_tram.prt
  16 portalclusters
  24 numportals
BasePortalVis:       0...1...2...3...4...5...6...7...8...9...10 (0)
Optimized: 0 visible clusters (0.00%)
Total clusters visible: 256
Average clusters visible: 16
Building PAS...
Average clusters audible: 16
visdatasize:196  compressed from 256
writing d:\juegos\steam\steamapps\common\garrysmod\garrysmod\addons\vjguardfixim_maps_src\maps\src\cets_under_tram.bsp
0 seconds elapsed



[Reading texlights from 'lights.rad']
[51 texlights parsed from 'lights.rad']
Loading d:\juegos\steam\steamapps\common\garrysmod\garrysmod\addons\vjguardfixim_maps_src\maps\src\cets_under_tram.bsp
BuildFacelights:     0...1...2...3...4...5...6...7...8...9...10 (0)
BuildStaticPropPatchlights: 0...1...2...3...4...5...6...7...8...9...10 (0)
BuildVisLeafs:       0...1...2...3...4...5...6...7...8...9...10 (0)
transfers 5852, max 223
static prop patch transfers 0
GatherLight:         0...1...2...3...4...5...6...7...8...9...10 (0)
Build Patch/Sample Hash Table(s).....Done<0.0034 sec>
FinalLightFace:      0...1...2...3...4...5...6...7...8...9...10 (0)
FinalLightFace Done
0 of 0 (0% of) surface lights went in leaf ambient cubes.
ThreadComputeLeafAmbient: 0...1...2...3...4...5...6...7...8...9...10 (0)
Writing leaf ambient...done
Ready to Finish

Object names       Objects/Maxobjs  Memory / Maxmem  Fullness 
------------       ---------------  ---------------  -------- 
models                   3/4096          144/196608   ( 0.1%) 
brushes                  9/65535         108/786420   ( 0.0%) 
brushsides              54/655350        432/5242800  ( 0.0%) 
planes                  82/65536        1640/1310720  ( 0.1%) 
vertexes               183/65536        2196/786432   ( 0.3%) 
nodes                   95/65536        3040/2097152  ( 0.1%) 
texinfos                 9/16384         648/1179648  ( 0.1%) 
texdata                  4/8192          128/262144   ( 0.0%) 
dispinfos                0/0               0/0        ( 0.0%) 
disp_verts               0/0               0/0        ( 0.0%) 
disp_tris                0/0               0/0        ( 0.0%) 
disp_multiblend          0/0               0/0        ( 0.0%) 
disp_lmsamples           0/0               0/0        ( 0.0%) 
faces                  138/65536        7728/3670016  ( 0.2%) 
hdr faces                0/65536           0/3670016  ( 0.0%) 
origfaces               12/65536         672/3670016  ( 0.0%) 
leaves                  99/65536        3168/2097152  ( 0.2%) 
leaffaces              138/65536         276/131072   ( 0.2%) 
leafbrushes             90/65536         180/131072   ( 0.1%) 
areas                    2/1024           16/8192     ( 0.2%) 
surfedges              600/512000       2400/2048000  ( 0.1%) 
edges                  341/256000       1364/1024000  ( 0.1%) 
LDR worldlights          0/8192            0/720896   ( 0.0%) 
HDR worldlights          0/8192            0/720896   ( 0.0%) 
leafwaterdata            0/32768           0/393216   ( 0.0%) 
waterstrips              0/32768           0/327680   ( 0.0%) 
waterverts               0/65536           0/786432   ( 0.0%) 
waterindices             0/65536           0/131072   ( 0.0%) 
cubemapsamples           0/1024            0/16384    ( 0.0%) 
overlays                 0/8192            0/2883584  ( 0.0%) 
LDR lightdata         [variable]     1094512/0        ( 0.0%) 
HDR lightdata         [variable]           0/0        ( 0.0%) 
visdata               [variable]         196/16777216 ( 0.0%) 
entdata               [variable]        3105/4194304  ( 0.1%) 
LDR ambient table       99/65536         396/262144   ( 0.2%) 
HDR ambient table       99/65536         396/262144   ( 0.2%) 
LDR leaf ambient        29/65536         812/1835008  ( 0.0%) 
HDR leaf ambient        99/65536        2772/1835008  ( 0.2%) 
occluders                0/0               0/0        ( 0.0%) 
occluder polygons        0/0               0/0        ( 0.0%) 
occluder vert ind        0/0               0/0        ( 0.0%) 
detail props          [variable]          12/0        ( 0.0%) 
static props          [variable]          12/0        ( 0.0%) 
static prop count        0/16384           0/0        ( 0.0%) 
pakfile               [variable]       25646/0        ( 0.0%) 
physics               [variable]        3804/4194304  ( 0.1%) 
physics terrain       [variable]           2/1048576  ( 0.0%) 

Level flags = 0

Total triangle count: 276
Writing d:\juegos\steam\steamapps\common\garrysmod\garrysmod\addons\vjguardfixim_maps_src\maps\src\cets_under_tram.bsp
0 seconds elapsed




materialPath: D:\Juegos\Steam\steamapps\common\GarrysMod\garrysmod\materials
Loading d:\juegos\steam\steamapps\common\garrysmod\garrysmod\addons\vjguardfixim_maps_src\maps\src\cets_under_tram.vmf
Patching WVT material: maps/cets_under_tram/concrete/blendconcreterock001a_wvt_patch
fixing up env_cubemap materials on brush sides...
ProcessBlock_Thread: 0...1...2...3...4...5...6...7...8...9...10 (0)
ProcessBlock_Thread: 0...1...2...3...4...5...6...7...8...9...10 (0)
Processing areas...done (0)
Building Faces...done (0)
FixTjuncs...
PruneNodes...
WriteBSP...
done (0)
writing d:\juegos\steam\steamapps\common\garrysmod\garrysmod\addons\vjguardfixim_maps_src\maps\src\cets_under_tram.prt...
Building visibility clusters...
done (0)
Creating default LDR cubemaps for env_cubemap using skybox materials:
   skybox/sky_day01_01*.vmt
 ! Run buildcubemaps in the engine to get the correct cube maps.
*** Error: Skybox vtf files for skybox/sky_day01_01 weren't compiled with the same size texture and/or same flags!
Can't load skybox file skybox/sky_day01_01 to build the default cubemap!
Finding displacement neighbors...
Finding lightmap sample positions...
Displacement Alpha : 0...1...2...3...4...5...6...7...8...9...10
Building Physics collision data...
done (0) (3804 bytes)
Placing detail props : 0...1...2...3...4...5...6...7...8...9...10
Compacting texture/material tables...
Reduced 40 texinfos to 9
Reduced 5 texdatas to 4 (158 bytes to 127)
Writing d:\juegos\steam\steamapps\common\garrysmod\garrysmod\addons\vjguardfixim_maps_src\maps\src\cets_under_tram.bsp
0 seconds elapsed



16 threads
reading d:\juegos\steam\steamapps\common\garrysmod\garrysmod\addons\vjguardfixim_maps_src\maps\src\cets_under_tram.bsp
reading d:\juegos\steam\steamapps\common\garrysmod\garrysmod\addons\vjguardfixim_maps_src\maps\src\cets_under_tram.prt
  16 portalclusters
  24 numportals
BasePortalVis:       0...1...2...3...4...5...6...7...8...9...10 (0)
Optimized: 0 visible clusters (0.00%)
Total clusters visible: 256
Average clusters visible: 16
Building PAS...
Average clusters audible: 16
visdatasize:196  compressed from 256
writing d:\juegos\steam\steamapps\common\garrysmod\garrysmod\addons\vjguardfixim_maps_src\maps\src\cets_under_tram.bsp
0 seconds elapsed



[Reading texlights from 'lights.rad']
[51 texlights parsed from 'lights.rad']
Loading d:\juegos\steam\steamapps\common\garrysmod\garrysmod\addons\vjguardfixim_maps_src\maps\src\cets_under_tram.bsp
BuildFacelights:     0...1...2...3...4...5...6...7...8...9...10 (0)
BuildStaticPropPatchlights: 0...1...2...3...4...5...6...7...8...9...10 (0)
BuildVisLeafs:       0...1...2...3...4...5...6...7...8...9...10 (0)
transfers 6226, max 377
static prop patch transfers 0
GatherLight:         0...1...2...3...4...5...6...7...8...9...10 (0)
Build Patch/Sample Hash Table(s).....Done<0.0038 sec>
FinalLightFace:      0...1...2...3...4...5...6...7...8...9...10 (0)
FinalLightFace Done
0 of 0 (0% of) surface lights went in leaf ambient cubes.
ThreadComputeLeafAmbient: 0...1...2...3...4...5...6...7...8...9...10 (0)
Writing leaf ambient...done
Ready to Finish

Object names       Objects/Maxobjs  Memory / Maxmem  Fullness 
------------       ---------------  ---------------  -------- 
models                   3/4096          144/196608   ( 0.1%) 
brushes                  9/65535         108/786420   ( 0.0%) 
brushsides              54/655350        432/5242800  ( 0.0%) 
planes                  82/65536        1640/1310720  ( 0.1%) 
vertexes               183/65536        2196/786432   ( 0.3%) 
nodes                   95/65536        3040/2097152  ( 0.1%) 
texinfos                 9/16384         648/1179648  ( 0.1%) 
texdata                  4/8192          128/262144   ( 0.0%) 
dispinfos                0/0               0/0        ( 0.0%) 
disp_verts               0/0               0/0        ( 0.0%) 
disp_tris                0/0               0/0        ( 0.0%) 
disp_multiblend          0/0               0/0        ( 0.0%) 
disp_lmsamples           0/0               0/0        ( 0.0%) 
faces                  138/65536        7728/3670016  ( 0.2%) 
hdr faces                0/65536           0/3670016  ( 0.0%) 
origfaces               12/65536         672/3670016  ( 0.0%) 
leaves                  99/65536        3168/2097152  ( 0.2%) 
leaffaces              138/65536         276/131072   ( 0.2%) 
leafbrushes             90/65536         180/131072   ( 0.1%) 
areas                    2/1024           16/8192     ( 0.2%) 
surfedges              600/512000       2400/2048000  ( 0.1%) 
edges                  341/256000       1364/1024000  ( 0.1%) 
LDR worldlights          0/8192            0/720896   ( 0.0%) 
HDR worldlights          0/8192            0/720896   ( 0.0%) 
leafwaterdata            0/32768           0/393216   ( 0.0%) 
waterstrips              0/32768           0/327680   ( 0.0%) 
waterverts               0/65536           0/786432   ( 0.0%) 
waterindices             0/65536           0/131072   ( 0.0%) 
cubemapsamples           0/1024            0/16384    ( 0.0%) 
overlays                 0/8192            0/2883584  ( 0.0%) 
LDR lightdata         [variable]     1094512/0        ( 0.0%) 
HDR lightdata         [variable]           0/0        ( 0.0%) 
visdata               [variable]         196/16777216 ( 0.0%) 
entdata               [variable]        3105/4194304  ( 0.1%) 
LDR ambient table       99/65536         396/262144   ( 0.2%) 
HDR ambient table       99/65536         396/262144   ( 0.2%) 
LDR leaf ambient        29/65536         812/1835008  ( 0.0%) 
HDR leaf ambient        99/65536        2772/1835008  ( 0.2%) 
occluders                0/0               0/0        ( 0.0%) 
occluder polygons        0/0               0/0        ( 0.0%) 
occluder vert ind        0/0               0/0        ( 0.0%) 
detail props          [variable]          12/0        ( 0.0%) 
static props          [variable]          12/0        ( 0.0%) 
static prop count        0/16384           0/0        ( 0.0%) 
pakfile               [variable]       25646/0        ( 0.0%) 
physics               [variable]        3804/4194304  ( 0.1%) 
physics terrain       [variable]           2/1048576  ( 0.0%) 

Level flags = 0

Total triangle count: 276
Writing d:\juegos\steam\steamapps\common\garrysmod\garrysmod\addons\vjguardfixim_maps_src\maps\src\cets_under_tram.bsp
0 seconds elapsed




materialPath: D:\Juegos\Steam\steamapps\common\GarrysMod\garrysmod\materials
Loading d:\juegos\steam\steamapps\common\garrysmod\garrysmod\addons\vjguardfixim_maps_src\maps\src\cets_under_tram.vmf
Patching WVT material: maps/cets_under_tram/concrete/blendconcreterock001a_wvt_patch
fixing up env_cubemap materials on brush sides...
ProcessBlock_Thread: 0...1...2...3...4...5...6...7...8...9...10 (0)
ProcessBlock_Thread: 0...1...2...3...4...5...6...7...8...9...10 (0)
Processing areas...done (0)
Building Faces...done (0)
FixTjuncs...
PruneNodes...
WriteBSP...
done (0)
writing d:\juegos\steam\steamapps\common\garrysmod\garrysmod\addons\vjguardfixim_maps_src\maps\src\cets_under_tram.prt...
Building visibility clusters...
done (0)
Creating default LDR cubemaps for env_cubemap using skybox materials:
   skybox/sky_day01_01*.vmt
 ! Run buildcubemaps in the engine to get the correct cube maps.
*** Error: Skybox vtf files for skybox/sky_day01_01 weren't compiled with the same size texture and/or same flags!
Can't load skybox file skybox/sky_day01_01 to build the default cubemap!
Finding displacement neighbors...
Finding lightmap sample positions...
Displacement Alpha : 0...1...2...3...4...5...6...7...8...9...10
Building Physics collision data...
done (0) (3800 bytes)
Placing detail props : 0...1...2...3...4...5...6...7...8...9...10
Compacting texture/material tables...
Reduced 40 texinfos to 14
Reduced 5 texdatas to 4 (164 bytes to 133)
Writing d:\juegos\steam\steamapps\common\garrysmod\garrysmod\addons\vjguardfixim_maps_src\maps\src\cets_under_tram.bsp
0 seconds elapsed



16 threads
reading d:\juegos\steam\steamapps\common\garrysmod\garrysmod\addons\vjguardfixim_maps_src\maps\src\cets_under_tram.bsp
reading d:\juegos\steam\steamapps\common\garrysmod\garrysmod\addons\vjguardfixim_maps_src\maps\src\cets_under_tram.prt
  16 portalclusters
  24 numportals
BasePortalVis:       0...1...2...3...4...5...6...7...8...9...10 (0)
Optimized: 0 visible clusters (0.00%)
Total clusters visible: 256
Average clusters visible: 16
Building PAS...
Average clusters audible: 16
visdatasize:196  compressed from 256
writing d:\juegos\steam\steamapps\common\garrysmod\garrysmod\addons\vjguardfixim_maps_src\maps\src\cets_under_tram.bsp
0 seconds elapsed



[Reading texlights from 'lights.rad']
[51 texlights parsed from 'lights.rad']
Loading d:\juegos\steam\steamapps\common\garrysmod\garrysmod\addons\vjguardfixim_maps_src\maps\src\cets_under_tram.bsp
BuildFacelights:     0...1...2...3...4...5...6...7...8...9...10 (0)
BuildStaticPropPatchlights: 0...1...2...3...4...5...6...7...8...9...10 (0)
BuildVisLeafs:       0...1...2...3...4...5...6...7...8...9...10 (0)
transfers 9227, max 377
static prop patch transfers 0
GatherLight:         0...1...2...3...4...5...6...7...8...9...10 (0)
Build Patch/Sample Hash Table(s).....Done<0.0033 sec>
FinalLightFace:      0...1...2...3...4...5...6...7...8...9...10 (0)
FinalLightFace Done
0 of 0 (0% of) surface lights went in leaf ambient cubes.
ThreadComputeLeafAmbient: 0...1...2...3...4...5...6...7...8...9...10 (0)
Writing leaf ambient...done
Ready to Finish

Object names       Objects/Maxobjs  Memory / Maxmem  Fullness 
------------       ---------------  ---------------  -------- 
models                   3/4096          144/196608   ( 0.1%) 
brushes                  9/65535         108/786420   ( 0.0%) 
brushsides              54/655350        432/5242800  ( 0.0%) 
planes                  82/65536        1640/1310720  ( 0.1%) 
vertexes               183/65536        2196/786432   ( 0.3%) 
nodes                   95/65536        3040/2097152  ( 0.1%) 
texinfos                14/16384        1008/1179648  ( 0.1%) 
texdata                  4/8192          128/262144   ( 0.0%) 
dispinfos                0/0               0/0        ( 0.0%) 
disp_verts               0/0               0/0        ( 0.0%) 
disp_tris                0/0               0/0        ( 0.0%) 
disp_multiblend          0/0               0/0        ( 0.0%) 
disp_lmsamples           0/0               0/0        ( 0.0%) 
faces                  144/65536        8064/3670016  ( 0.2%) 
hdr faces                0/65536           0/3670016  ( 0.0%) 
origfaces               18/65536        1008/3670016  ( 0.0%) 
leaves                  99/65536        3168/2097152  ( 0.2%) 
leaffaces              144/65536         288/131072   ( 0.2%) 
leafbrushes             90/65536         180/131072   ( 0.1%) 
areas                    2/1024           16/8192     ( 0.2%) 
surfedges              648/512000       2592/2048000  ( 0.1%) 
edges                  365/256000       1460/1024000  ( 0.1%) 
LDR worldlights          0/8192            0/720896   ( 0.0%) 
HDR worldlights          0/8192            0/720896   ( 0.0%) 
leafwaterdata            0/32768           0/393216   ( 0.0%) 
waterstrips              0/32768           0/327680   ( 0.0%) 
waterverts               0/65536           0/786432   ( 0.0%) 
waterindices             0/65536           0/131072   ( 0.0%) 
cubemapsamples           0/1024            0/16384    ( 0.0%) 
overlays                 0/8192            0/2883584  ( 0.0%) 
LDR lightdata         [variable]     1096488/0        ( 0.0%) 
HDR lightdata         [variable]           0/0        ( 0.0%) 
visdata               [variable]         196/16777216 ( 0.0%) 
entdata               [variable]        2391/4194304  ( 0.1%) 
LDR ambient table       99/65536         396/262144   ( 0.2%) 
HDR ambient table       99/65536         396/262144   ( 0.2%) 
LDR leaf ambient        28/65536         784/1835008  ( 0.0%) 
HDR leaf ambient        99/65536        2772/1835008  ( 0.2%) 
occluders                0/0               0/0        ( 0.0%) 
occluder polygons        0/0               0/0        ( 0.0%) 
occluder vert ind        0/0               0/0        ( 0.0%) 
detail props          [variable]          12/0        ( 0.0%) 
static props          [variable]          12/0        ( 0.0%) 
static prop count        0/16384           0/0        ( 0.0%) 
pakfile               [variable]       25646/0        ( 0.0%) 
physics               [variable]        3800/4194304  ( 0.1%) 
physics terrain       [variable]           2/1048576  ( 0.0%) 

Level flags = 0

Total triangle count: 288
Writing d:\juegos\steam\steamapps\common\garrysmod\garrysmod\addons\vjguardfixim_maps_src\maps\src\cets_under_tram.bsp
0 seconds elapsed




materialPath: D:\Juegos\Steam\steamapps\common\GarrysMod\garrysmod\materials
Loading d:\juegos\steam\steamapps\common\garrysmod\garrysmod\addons\vjguardfixim_maps_src\maps\src\cets_under_tram.vmf
Patching WVT material: maps/cets_under_tram/concrete/blendconcreterock001a_wvt_patch
fixing up env_cubemap materials on brush sides...
ProcessBlock_Thread: 0...1...2...3...4...5...6...7...8...9...10 (0)
ProcessBlock_Thread: 0...1...2...3...4...5...6...7...8...9...10 (0)
Processing areas...done (0)
Building Faces...done (0)
FixTjuncs...
PruneNodes...
WriteBSP...
done (0)
writing d:\juegos\steam\steamapps\common\garrysmod\garrysmod\addons\vjguardfixim_maps_src\maps\src\cets_under_tram.prt...
Building visibility clusters...
done (0)
Creating default LDR cubemaps for env_cubemap using skybox materials:
   skybox/sky_day01_01*.vmt
 ! Run buildcubemaps in the engine to get the correct cube maps.
*** Error: Skybox vtf files for skybox/sky_day01_01 weren't compiled with the same size texture and/or same flags!
Can't load skybox file skybox/sky_day01_01 to build the default cubemap!
Finding displacement neighbors...
Finding lightmap sample positions...
Displacement Alpha : 0...1...2...3...4...5...6...7...8...9...10
Building Physics collision data...
done (0) (3800 bytes)
Placing detail props : 0...1...2...3...4...5...6...7...8...9...10
Compacting texture/material tables...
Reduced 40 texinfos to 14
Reduced 5 texdatas to 4 (164 bytes to 133)
Writing d:\juegos\steam\steamapps\common\garrysmod\garrysmod\addons\vjguardfixim_maps_src\maps\src\cets_under_tram.bsp
0 seconds elapsed



16 threads
reading d:\juegos\steam\steamapps\common\garrysmod\garrysmod\addons\vjguardfixim_maps_src\maps\src\cets_under_tram.bsp
reading d:\juegos\steam\steamapps\common\garrysmod\garrysmod\addons\vjguardfixim_maps_src\maps\src\cets_under_tram.prt
  16 portalclusters
  24 numportals
BasePortalVis:       0...1...2...3...4...5...6...7...8...9...10 (0)
Optimized: 0 visible clusters (0.00%)
Total clusters visible: 256
Average clusters visible: 16
Building PAS...
Average clusters audible: 16
visdatasize:196  compressed from 256
writing d:\juegos\steam\steamapps\common\garrysmod\garrysmod\addons\vjguardfixim_maps_src\maps\src\cets_under_tram.bsp
0 seconds elapsed



[Reading texlights from 'lights.rad']
[51 texlights parsed from 'lights.rad']
Loading d:\juegos\steam\steamapps\common\garrysmod\garrysmod\addons\vjguardfixim_maps_src\maps\src\cets_under_tram.bsp
BuildFacelights:     0...1...2...3...4...5...6...7...8...9...10 (0)
BuildStaticPropPatchlights: 0...1...2...3...4...5...6...7...8...9...10 (0)
BuildVisLeafs:       0...1...2...3...4...5...6...7...8...9...10 (0)
transfers 9227, max 377
static prop patch transfers 0
GatherLight:         0...1...2...3...4...5...6...7...8...9...10 (0)
Build Patch/Sample Hash Table(s).....Done<0.0033 sec>
FinalLightFace:      0...1...2...3...4...5...6...7...8...9...10 (0)
FinalLightFace Done
0 of 0 (0% of) surface lights went in leaf ambient cubes.
ThreadComputeLeafAmbient: 0...1...2...3...4...5...6...7...8...9...10 (0)
Writing leaf ambient...done
Ready to Finish

Object names       Objects/Maxobjs  Memory / Maxmem  Fullness 
------------       ---------------  ---------------  -------- 
models                   3/4096          144/196608   ( 0.1%) 
brushes                  9/65535         108/786420   ( 0.0%) 
brushsides              54/655350        432/5242800  ( 0.0%) 
planes                  82/65536        1640/1310720  ( 0.1%) 
vertexes               183/65536        2196/786432   ( 0.3%) 
nodes                   95/65536        3040/2097152  ( 0.1%) 
texinfos                14/16384        1008/1179648  ( 0.1%) 
texdata                  4/8192          128/262144   ( 0.0%) 
dispinfos                0/0               0/0        ( 0.0%) 
disp_verts               0/0               0/0        ( 0.0%) 
disp_tris                0/0               0/0        ( 0.0%) 
disp_multiblend          0/0               0/0        ( 0.0%) 
disp_lmsamples           0/0               0/0        ( 0.0%) 
faces                  144/65536        8064/3670016  ( 0.2%) 
hdr faces                0/65536           0/3670016  ( 0.0%) 
origfaces               18/65536        1008/3670016  ( 0.0%) 
leaves                  99/65536        3168/2097152  ( 0.2%) 
leaffaces              144/65536         288/131072   ( 0.2%) 
leafbrushes             90/65536         180/131072   ( 0.1%) 
areas                    2/1024           16/8192     ( 0.2%) 
surfedges              648/512000       2592/2048000  ( 0.1%) 
edges                  365/256000       1460/1024000  ( 0.1%) 
LDR worldlights          0/8192            0/720896   ( 0.0%) 
HDR worldlights          0/8192            0/720896   ( 0.0%) 
leafwaterdata            0/32768           0/393216   ( 0.0%) 
waterstrips              0/32768           0/327680   ( 0.0%) 
waterverts               0/65536           0/786432   ( 0.0%) 
waterindices             0/65536           0/131072   ( 0.0%) 
cubemapsamples           0/1024            0/16384    ( 0.0%) 
overlays                 0/8192            0/2883584  ( 0.0%) 
LDR lightdata         [variable]     1096488/0        ( 0.0%) 
HDR lightdata         [variable]           0/0        ( 0.0%) 
visdata               [variable]         196/16777216 ( 0.0%) 
entdata               [variable]        2393/4194304  ( 0.1%) 
LDR ambient table       99/65536         396/262144   ( 0.2%) 
HDR ambient table       99/65536         396/262144   ( 0.2%) 
LDR leaf ambient        28/65536         784/1835008  ( 0.0%) 
HDR leaf ambient        99/65536        2772/1835008  ( 0.2%) 
occluders                0/0               0/0        ( 0.0%) 
occluder polygons        0/0               0/0        ( 0.0%) 
occluder vert ind        0/0               0/0        ( 0.0%) 
detail props          [variable]          12/0        ( 0.0%) 
static props          [variable]          12/0        ( 0.0%) 
static prop count        0/16384           0/0        ( 0.0%) 
pakfile               [variable]       25646/0        ( 0.0%) 
physics               [variable]        3800/4194304  ( 0.1%) 
physics terrain       [variable]           2/1048576  ( 0.0%) 

Level flags = 0

Total triangle count: 288
Writing d:\juegos\steam\steamapps\common\garrysmod\garrysmod\addons\vjguardfixim_maps_src\maps\src\cets_under_tram.bsp
0 seconds elapsed




materialPath: D:\Juegos\Steam\steamapps\common\GarrysMod\garrysmod\materials
Loading d:\juegos\steam\steamapps\common\garrysmod\garrysmod\addons\vjguardfixim_maps_src\maps\src\cets_under_tram.vmf
Patching WVT material: maps/cets_under_tram/concrete/blendconcreterock001a_wvt_patch
fixing up env_cubemap materials on brush sides...
ProcessBlock_Thread: 0...1...2...3...4...5...6...7...8...9...10 (0)
ProcessBlock_Thread: 0...1...2...3...4...5...6...7...8...9...10 (0)
Processing areas...done (0)
Building Faces...done (0)
FixTjuncs...
PruneNodes...
WriteBSP...
done (0)
writing d:\juegos\steam\steamapps\common\garrysmod\garrysmod\addons\vjguardfixim_maps_src\maps\src\cets_under_tram.prt...
Building visibility clusters...
done (0)
Creating default LDR cubemaps for env_cubemap using skybox materials:
   skybox/sky_day01_01*.vmt
 ! Run buildcubemaps in the engine to get the correct cube maps.
*** Error: Skybox vtf files for skybox/sky_day01_01 weren't compiled with the same size texture and/or same flags!
Can't load skybox file skybox/sky_day01_01 to build the default cubemap!
Finding displacement neighbors...
Finding lightmap sample positions...
Displacement Alpha : 0...1...2...3...4...5...6...7...8...9...10
Building Physics collision data...
done (0) (3800 bytes)
Placing detail props : 0...1...2...3...4...5...6...7...8...9...10
Compacting texture/material tables...
Reduced 40 texinfos to 14
Reduced 5 texdatas to 4 (164 bytes to 133)
Writing d:\juegos\steam\steamapps\common\garrysmod\garrysmod\addons\vjguardfixim_maps_src\maps\src\cets_under_tram.bsp
0 seconds elapsed



16 threads
reading d:\juegos\steam\steamapps\common\garrysmod\garrysmod\addons\vjguardfixim_maps_src\maps\src\cets_under_tram.bsp
reading d:\juegos\steam\steamapps\common\garrysmod\garrysmod\addons\vjguardfixim_maps_src\maps\src\cets_under_tram.prt
  16 portalclusters
  24 numportals
BasePortalVis:       0...1...2...3...4...5...6...7...8...9...10 (0)
Optimized: 0 visible clusters (0.00%)
Total clusters visible: 256
Average clusters visible: 16
Building PAS...
Average clusters audible: 16
visdatasize:196  compressed from 256
writing d:\juegos\steam\steamapps\common\garrysmod\garrysmod\addons\vjguardfixim_maps_src\maps\src\cets_under_tram.bsp
0 seconds elapsed



[Reading texlights from 'lights.rad']
[51 texlights parsed from 'lights.rad']
Loading d:\juegos\steam\steamapps\common\garrysmod\garrysmod\addons\vjguardfixim_maps_src\maps\src\cets_under_tram.bsp
BuildFacelights:     0...1...2...3...4...5...6...7...8...9...10 (0)
BuildStaticPropPatchlights: 0...1...2...3...4...5...6...7...8...9...10 (0)
BuildVisLeafs:       0...1...2...3...4...5...6...7...8...9...10 (0)
transfers 9227, max 377
static prop patch transfers 0
GatherLight:         0...1...2...3...4...5...6...7...8...9...10 (0)
Build Patch/Sample Hash Table(s).....Done<0.0033 sec>
FinalLightFace:      0...1...2...3...4...5...6...7...8...9...10 (0)
FinalLightFace Done
0 of 0 (0% of) surface lights went in leaf ambient cubes.
ThreadComputeLeafAmbient: 0...1...2...3...4...5...6...7...8...9...10 (0)
Writing leaf ambient...done
Ready to Finish

Object names       Objects/Maxobjs  Memory / Maxmem  Fullness 
------------       ---------------  ---------------  -------- 
models                   3/4096          144/196608   ( 0.1%) 
brushes                  9/65535         108/786420   ( 0.0%) 
brushsides              54/655350        432/5242800  ( 0.0%) 
planes                  82/65536        1640/1310720  ( 0.1%) 
vertexes               183/65536        2196/786432   ( 0.3%) 
nodes                   95/65536        3040/2097152  ( 0.1%) 
texinfos                14/16384        1008/1179648  ( 0.1%) 
texdata                  4/8192          128/262144   ( 0.0%) 
dispinfos                0/0               0/0        ( 0.0%) 
disp_verts               0/0               0/0        ( 0.0%) 
disp_tris                0/0               0/0        ( 0.0%) 
disp_multiblend          0/0               0/0        ( 0.0%) 
disp_lmsamples           0/0               0/0        ( 0.0%) 
faces                  144/65536        8064/3670016  ( 0.2%) 
hdr faces                0/65536           0/3670016  ( 0.0%) 
origfaces               18/65536        1008/3670016  ( 0.0%) 
leaves                  99/65536        3168/2097152  ( 0.2%) 
leaffaces              144/65536         288/131072   ( 0.2%) 
leafbrushes             90/65536         180/131072   ( 0.1%) 
areas                    2/1024           16/8192     ( 0.2%) 
surfedges              648/512000       2592/2048000  ( 0.1%) 
edges                  365/256000       1460/1024000  ( 0.1%) 
LDR worldlights          0/8192            0/720896   ( 0.0%) 
HDR worldlights          0/8192            0/720896   ( 0.0%) 
leafwaterdata            0/32768           0/393216   ( 0.0%) 
waterstrips              0/32768           0/327680   ( 0.0%) 
waterverts               0/65536           0/786432   ( 0.0%) 
waterindices             0/65536           0/131072   ( 0.0%) 
cubemapsamples           0/1024            0/16384    ( 0.0%) 
overlays                 0/8192            0/2883584  ( 0.0%) 
LDR lightdata         [variable]     1096488/0        ( 0.0%) 
HDR lightdata         [variable]           0/0        ( 0.0%) 
visdata               [variable]         196/16777216 ( 0.0%) 
entdata               [variable]        2393/4194304  ( 0.1%) 
LDR ambient table       99/65536         396/262144   ( 0.2%) 
HDR ambient table       99/65536         396/262144   ( 0.2%) 
LDR leaf ambient        28/65536         784/1835008  ( 0.0%) 
HDR leaf ambient        99/65536        2772/1835008  ( 0.2%) 
occluders                0/0               0/0        ( 0.0%) 
occluder polygons        0/0               0/0        ( 0.0%) 
occluder vert ind        0/0               0/0        ( 0.0%) 
detail props          [variable]          12/0        ( 0.0%) 
static props          [variable]          12/0        ( 0.0%) 
static prop count        0/16384           0/0        ( 0.0%) 
pakfile               [variable]       25646/0        ( 0.0%) 
physics               [variable]        3800/4194304  ( 0.1%) 
physics terrain       [variable]           2/1048576  ( 0.0%) 

Level flags = 0

Total triangle count: 288
Writing d:\juegos\steam\steamapps\common\garrysmod\garrysmod\addons\vjguardfixim_maps_src\maps\src\cets_under_tram.bsp
0 seconds elapsed




materialPath: D:\Juegos\Steam\steamapps\common\GarrysMod\garrysmod\materials
Loading d:\juegos\steam\steamapps\common\garrysmod\garrysmod\addons\vjguardfixim_maps_src\maps\src\cets_under_tram.vmf
Patching WVT material: maps/cets_under_tram/concrete/blendconcreterock001a_wvt_patch
fixing up env_cubemap materials on brush sides...
ProcessBlock_Thread: 0...1...2...3...4...5...6...7...8...9...10 (0)
ProcessBlock_Thread: 0...1...2...3...4...5...6...7...8...9...10 (0)
Processing areas...done (0)
Building Faces...done (0)
FixTjuncs...
PruneNodes...
WriteBSP...
done (0)
writing d:\juegos\steam\steamapps\common\garrysmod\garrysmod\addons\vjguardfixim_maps_src\maps\src\cets_under_tram.prt...
Building visibility clusters...
done (0)
Creating default LDR cubemaps for env_cubemap using skybox materials:
   skybox/sky_day01_09*.vmt
 ! Run buildcubemaps in the engine to get the correct cube maps.
Creating default HDR cubemaps for env_cubemap using skybox materials:
   skybox/sky_day01_09*.vmt
 ! Run buildcubemaps in the engine to get the correct cube maps.
Finding displacement neighbors...
Finding lightmap sample positions...
Displacement Alpha : 0...1...2...3...4...5...6...7...8...9...10
Building Physics collision data...
done (0) (3804 bytes)
Placing detail props : 0...1...2...3...4...5...6...7...8...9...10
Compacting texture/material tables...
Reduced 40 texinfos to 9
Reduced 5 texdatas to 4 (158 bytes to 127)
Writing d:\juegos\steam\steamapps\common\garrysmod\garrysmod\addons\vjguardfixim_maps_src\maps\src\cets_under_tram.bsp
0 seconds elapsed



16 threads
reading d:\juegos\steam\steamapps\common\garrysmod\garrysmod\addons\vjguardfixim_maps_src\maps\src\cets_under_tram.bsp
reading d:\juegos\steam\steamapps\common\garrysmod\garrysmod\addons\vjguardfixim_maps_src\maps\src\cets_under_tram.prt
  16 portalclusters
  24 numportals
BasePortalVis:       0...1...2...3...4...5...6...7...8...9...10 (0)
Optimized: 0 visible clusters (0.00%)
Total clusters visible: 256
Average clusters visible: 16
Building PAS...
Average clusters audible: 16
visdatasize:196  compressed from 256
writing d:\juegos\steam\steamapps\common\garrysmod\garrysmod\addons\vjguardfixim_maps_src\maps\src\cets_under_tram.bsp
0 seconds elapsed



[Reading texlights from 'lights.rad']
[51 texlights parsed from 'lights.rad']
Loading d:\juegos\steam\steamapps\common\garrysmod\garrysmod\addons\vjguardfixim_maps_src\maps\src\cets_under_tram.bsp
BuildFacelights:     0...1...2...3...4...5...6...7...8...9...10 (0)
BuildStaticPropPatchlights: 0...1...2...3...4...5...6...7...8...9...10 (0)
BuildVisLeafs:       0...1...2...3...4...5...6...7...8...9...10 (0)
transfers 6226, max 377
static prop patch transfers 0
GatherLight:         0...1...2...3...4...5...6...7...8...9...10 (0)
Build Patch/Sample Hash Table(s).....Done<0.0033 sec>
FinalLightFace:      0...1...2...3...4...5...6...7...8...9...10 (0)
FinalLightFace Done
0 of 0 (0% of) surface lights went in leaf ambient cubes.
ThreadComputeLeafAmbient: 0...1...2...3...4...5...6...7...8...9...10 (0)
Writing leaf ambient...done
Ready to Finish

Object names       Objects/Maxobjs  Memory / Maxmem  Fullness 
------------       ---------------  ---------------  -------- 
models                   3/4096          144/196608   ( 0.1%) 
brushes                  9/65535         108/786420   ( 0.0%) 
brushsides              54/655350        432/5242800  ( 0.0%) 
planes                  82/65536        1640/1310720  ( 0.1%) 
vertexes               183/65536        2196/786432   ( 0.3%) 
nodes                   95/65536        3040/2097152  ( 0.1%) 
texinfos                 9/16384         648/1179648  ( 0.1%) 
texdata                  4/8192          128/262144   ( 0.0%) 
dispinfos                0/0               0/0        ( 0.0%) 
disp_verts               0/0               0/0        ( 0.0%) 
disp_tris                0/0               0/0        ( 0.0%) 
disp_multiblend          0/0               0/0        ( 0.0%) 
disp_lmsamples           0/0               0/0        ( 0.0%) 
faces                  138/65536        7728/3670016  ( 0.2%) 
hdr faces                0/65536           0/3670016  ( 0.0%) 
origfaces               12/65536         672/3670016  ( 0.0%) 
leaves                  99/65536        3168/2097152  ( 0.2%) 
leaffaces              138/65536         276/131072   ( 0.2%) 
leafbrushes             90/65536         180/131072   ( 0.1%) 
areas                    2/1024           16/8192     ( 0.2%) 
surfedges              600/512000       2400/2048000  ( 0.1%) 
edges                  341/256000       1364/1024000  ( 0.1%) 
LDR worldlights          0/8192            0/720896   ( 0.0%) 
HDR worldlights          0/8192            0/720896   ( 0.0%) 
leafwaterdata            0/32768           0/393216   ( 0.0%) 
waterstrips              0/32768           0/327680   ( 0.0%) 
waterverts               0/65536           0/786432   ( 0.0%) 
waterindices             0/65536           0/131072   ( 0.0%) 
cubemapsamples           0/1024            0/16384    ( 0.0%) 
overlays                 0/8192            0/2883584  ( 0.0%) 
LDR lightdata         [variable]     1094512/0        ( 0.0%) 
HDR lightdata         [variable]           0/0        ( 0.0%) 
visdata               [variable]         196/16777216 ( 0.0%) 
entdata               [variable]        3104/4194304  ( 0.1%) 
LDR ambient table       99/65536         396/262144   ( 0.2%) 
HDR ambient table       99/65536         396/262144   ( 0.2%) 
LDR leaf ambient        29/65536         812/1835008  ( 0.0%) 
HDR leaf ambient        99/65536        2772/1835008  ( 0.2%) 
occluders                0/0               0/0        ( 0.0%) 
occluder polygons        0/0               0/0        ( 0.0%) 
occluder vert ind        0/0               0/0        ( 0.0%) 
detail props          [variable]          12/0        ( 0.0%) 
static props          [variable]          12/0        ( 0.0%) 
static prop count        0/16384           0/0        ( 0.0%) 
pakfile               [variable]       91436/0        ( 0.0%) 
physics               [variable]        3804/4194304  ( 0.1%) 
physics terrain       [variable]           2/1048576  ( 0.0%) 

Level flags = 0

Total triangle count: 276
Writing d:\juegos\steam\steamapps\common\garrysmod\garrysmod\addons\vjguardfixim_maps_src\maps\src\cets_under_tram.bsp
0 seconds elapsed




materialPath: D:\Juegos\Steam\steamapps\common\GarrysMod\garrysmod\materials
Loading d:\juegos\steam\steamapps\common\garrysmod\garrysmod\addons\vjguardfixim_maps_src\maps\src\cets_under_tram.vmf
Patching WVT material: maps/cets_under_tram/concrete/blendconcreterock001a_wvt_patch
fixing up env_cubemap materials on brush sides...
ProcessBlock_Thread: 0...1...2...3...4...5...6...7...8...9...10 (0)
ProcessBlock_Thread: 0...1...2...3...4...5...6...7...8...9...10 (0)
Processing areas...done (0)
Building Faces...done (0)
FixTjuncs...
PruneNodes...
WriteBSP...
done (0)
writing d:\juegos\steam\steamapps\common\garrysmod\garrysmod\addons\vjguardfixim_maps_src\maps\src\cets_under_tram.prt...
Building visibility clusters...
done (0)
Creating default LDR cubemaps for env_cubemap using skybox materials:
   skybox/sky_day01_09*.vmt
 ! Run buildcubemaps in the engine to get the correct cube maps.
Creating default HDR cubemaps for env_cubemap using skybox materials:
   skybox/sky_day01_09*.vmt
 ! Run buildcubemaps in the engine to get the correct cube maps.
Finding displacement neighbors...
Finding lightmap sample positions...
Displacement Alpha : 0...1...2...3...4...5...6...7...8...9...10
Building Physics collision data...
done (0) (3804 bytes)
Placing detail props : 0...1...2...3...4...5...6...7...8...9...10
Compacting texture/material tables...
Reduced 40 texinfos to 9
Reduced 5 texdatas to 4 (158 bytes to 127)
Writing d:\juegos\steam\steamapps\common\garrysmod\garrysmod\addons\vjguardfixim_maps_src\maps\src\cets_under_tram.bsp
0 seconds elapsed



16 threads
reading d:\juegos\steam\steamapps\common\garrysmod\garrysmod\addons\vjguardfixim_maps_src\maps\src\cets_under_tram.bsp
reading d:\juegos\steam\steamapps\common\garrysmod\garrysmod\addons\vjguardfixim_maps_src\maps\src\cets_under_tram.prt
  16 portalclusters
  24 numportals
BasePortalVis:       0...1...2...3...4...5...6...7...8...9...10 (0)
Optimized: 0 visible clusters (0.00%)
Total clusters visible: 256
Average clusters visible: 16
Building PAS...
Average clusters audible: 16
visdatasize:196  compressed from 256
writing d:\juegos\steam\steamapps\common\garrysmod\garrysmod\addons\vjguardfixim_maps_src\maps\src\cets_under_tram.bsp
0 seconds elapsed



[Reading texlights from 'lights.rad']
[51 texlights parsed from 'lights.rad']
Loading d:\juegos\steam\steamapps\common\garrysmod\garrysmod\addons\vjguardfixim_maps_src\maps\src\cets_under_tram.bsp
BuildFacelights:     0...1...2...3...4...5...6...7...8...9...10 (0)
BuildStaticPropPatchlights: 0...1...2...3...4...5...6...7...8...9...10 (0)
BuildVisLeafs:       0...1...2...3...4...5...6...7...8...9...10 (0)
transfers 6226, max 377
static prop patch transfers 0
GatherLight:         0...1...2...3...4...5...6...7...8...9...10 (0)
Build Patch/Sample Hash Table(s).....Done<0.0033 sec>
FinalLightFace:      0...1...2...3...4...5...6...7...8...9...10 (0)
FinalLightFace Done
0 of 0 (0% of) surface lights went in leaf ambient cubes.
ThreadComputeLeafAmbient: 0...1...2...3...4...5...6...7...8...9...10 (0)
Writing leaf ambient...done
Ready to Finish

Object names       Objects/Maxobjs  Memory / Maxmem  Fullness 
------------       ---------------  ---------------  -------- 
models                   3/4096          144/196608   ( 0.1%) 
brushes                  9/65535         108/786420   ( 0.0%) 
brushsides              54/655350        432/5242800  ( 0.0%) 
planes                  82/65536        1640/1310720  ( 0.1%) 
vertexes               183/65536        2196/786432   ( 0.3%) 
nodes                   95/65536        3040/2097152  ( 0.1%) 
texinfos                 9/16384         648/1179648  ( 0.1%) 
texdata                  4/8192          128/262144   ( 0.0%) 
dispinfos                0/0               0/0        ( 0.0%) 
disp_verts               0/0               0/0        ( 0.0%) 
disp_tris                0/0               0/0        ( 0.0%) 
disp_multiblend          0/0               0/0        ( 0.0%) 
disp_lmsamples           0/0               0/0        ( 0.0%) 
faces                  138/65536        7728/3670016  ( 0.2%) 
hdr faces                0/65536           0/3670016  ( 0.0%) 
origfaces               12/65536         672/3670016  ( 0.0%) 
leaves                  99/65536        3168/2097152  ( 0.2%) 
leaffaces              138/65536         276/131072   ( 0.2%) 
leafbrushes             90/65536         180/131072   ( 0.1%) 
areas                    2/1024           16/8192     ( 0.2%) 
surfedges              600/512000       2400/2048000  ( 0.1%) 
edges                  341/256000       1364/1024000  ( 0.1%) 
LDR worldlights          0/8192            0/720896   ( 0.0%) 
HDR worldlights          0/8192            0/720896   ( 0.0%) 
leafwaterdata            0/32768           0/393216   ( 0.0%) 
waterstrips              0/32768           0/327680   ( 0.0%) 
waterverts               0/65536           0/786432   ( 0.0%) 
waterindices             0/65536           0/131072   ( 0.0%) 
cubemapsamples           0/1024            0/16384    ( 0.0%) 
overlays                 0/8192            0/2883584  ( 0.0%) 
LDR lightdata         [variable]     1094512/0        ( 0.0%) 
HDR lightdata         [variable]           0/0        ( 0.0%) 
visdata               [variable]         196/16777216 ( 0.0%) 
entdata               [variable]        3104/4194304  ( 0.1%) 
LDR ambient table       99/65536         396/262144   ( 0.2%) 
HDR ambient table       99/65536         396/262144   ( 0.2%) 
LDR leaf ambient        29/65536         812/1835008  ( 0.0%) 
HDR leaf ambient        99/65536        2772/1835008  ( 0.2%) 
occluders                0/0               0/0        ( 0.0%) 
occluder polygons        0/0               0/0        ( 0.0%) 
occluder vert ind        0/0               0/0        ( 0.0%) 
detail props          [variable]          12/0        ( 0.0%) 
static props          [variable]          12/0        ( 0.0%) 
static prop count        0/16384           0/0        ( 0.0%) 
pakfile               [variable]       91436/0        ( 0.0%) 
physics               [variable]        3804/4194304  ( 0.1%) 
physics terrain       [variable]           2/1048576  ( 0.0%) 

Level flags = 0

Total triangle count: 276
Writing d:\juegos\steam\steamapps\common\garrysmod\garrysmod\addons\vjguardfixim_maps_src\maps\src\cets_under_tram.bsp
0 seconds elapsed




materialPath: D:\Juegos\Steam\steamapps\common\GarrysMod\garrysmod\materials
Loading d:\juegos\steam\steamapps\common\garrysmod\garrysmod\addons\vjguardfixim_maps_src\maps\src\cets_under_tram.vmf
Patching WVT material: maps/cets_under_tram/concrete/blendconcreterock001a_wvt_patch
fixing up env_cubemap materials on brush sides...
ProcessBlock_Thread: 0...1...2...3...4...5...6...7...8...9...10 (0)
ProcessBlock_Thread: 0...1...2...3...4...5...6...7...8...9...10 (0)
Processing areas...done (0)
Building Faces...done (0)
FixTjuncs...
PruneNodes...
WriteBSP...
done (0)
writing d:\juegos\steam\steamapps\common\garrysmod\garrysmod\addons\vjguardfixim_maps_src\maps\src\cets_under_tram.prt...
Building visibility clusters...
done (0)
Creating default LDR cubemaps for env_cubemap using skybox materials:
   skybox/sky_day01_09*.vmt
 ! Run buildcubemaps in the engine to get the correct cube maps.
Creating default HDR cubemaps for env_cubemap using skybox materials:
   skybox/sky_day01_09*.vmt
 ! Run buildcubemaps in the engine to get the correct cube maps.
Finding displacement neighbors...
Finding lightmap sample positions...
Displacement Alpha : 0...1...2...3...4...5...6...7...8...9...10
Building Physics collision data...
done (0) (5074 bytes)
Placing detail props : 0...1...2...3...4...5...6...7...8...9...10
Compacting texture/material tables...
Reduced 52 texinfos to 9
Reduced 5 texdatas to 4 (154 bytes to 123)
Writing d:\juegos\steam\steamapps\common\garrysmod\garrysmod\addons\vjguardfixim_maps_src\maps\src\cets_under_tram.bsp
0 seconds elapsed



16 threads
reading d:\juegos\steam\steamapps\common\garrysmod\garrysmod\addons\vjguardfixim_maps_src\maps\src\cets_under_tram.bsp
reading d:\juegos\steam\steamapps\common\garrysmod\garrysmod\addons\vjguardfixim_maps_src\maps\src\cets_under_tram.prt
  16 portalclusters
  24 numportals
BasePortalVis:       0...1...2...3...4...5...6...7...8...9...10 (0)
Optimized: 0 visible clusters (0.00%)
Total clusters visible: 256
Average clusters visible: 16
Building PAS...
Average clusters audible: 16
visdatasize:196  compressed from 256
writing d:\juegos\steam\steamapps\common\garrysmod\garrysmod\addons\vjguardfixim_maps_src\maps\src\cets_under_tram.bsp
0 seconds elapsed



[Reading texlights from 'lights.rad']
[51 texlights parsed from 'lights.rad']
Loading d:\juegos\steam\steamapps\common\garrysmod\garrysmod\addons\vjguardfixim_maps_src\maps\src\cets_under_tram.bsp
BuildFacelights:     0...1...2...3...4...5...6...7...8...9...10 (0)
BuildStaticPropPatchlights: 0...1...2...3...4...5...6...7...8...9...10 (0)
BuildVisLeafs:       0...1...2...3...4...5...6...7...8...9...10 (0)
transfers 6226, max 377
static prop patch transfers 0
GatherLight:         0...1...2...3...4...5...6...7...8...9...10 (0)
Build Patch/Sample Hash Table(s).....Done<0.0033 sec>
FinalLightFace:      0...1...2...3...4...5...6...7...8...9...10 (0)
FinalLightFace Done
0 of 0 (0% of) surface lights went in leaf ambient cubes.
ThreadComputeLeafAmbient: 0...1...2...3...4...5...6...7...8...9...10 (0)
Writing leaf ambient...done
Ready to Finish

Object names       Objects/Maxobjs  Memory / Maxmem  Fullness 
------------       ---------------  ---------------  -------- 
models                   4/4096          192/196608   ( 0.1%) 
brushes                 11/65535         132/786420   ( 0.0%) 
brushsides              66/655350        528/5242800  ( 0.0%) 
planes                 120/65536        2400/1310720  ( 0.2%) 
vertexes               201/65536        2412/786432   ( 0.3%) 
nodes                  106/65536        3392/2097152  ( 0.2%) 
texinfos                 9/16384         648/1179648  ( 0.1%) 
texdata                  4/8192          128/262144   ( 0.0%) 
dispinfos                0/0               0/0        ( 0.0%) 
disp_verts               0/0               0/0        ( 0.0%) 
disp_tris                0/0               0/0        ( 0.0%) 
disp_multiblend          0/0               0/0        ( 0.0%) 
disp_lmsamples           0/0               0/0        ( 0.0%) 
faces                  138/65536        7728/3670016  ( 0.2%) 
hdr faces                0/65536           0/3670016  ( 0.0%) 
origfaces               12/65536         672/3670016  ( 0.0%) 
leaves                 111/65536        3552/2097152  ( 0.2%) 
leaffaces              138/65536         276/131072   ( 0.2%) 
leafbrushes             92/65536         184/131072   ( 0.1%) 
areas                    2/1024           16/8192     ( 0.2%) 
surfedges              600/512000       2400/2048000  ( 0.1%) 
edges                  341/256000       1364/1024000  ( 0.1%) 
LDR worldlights          0/8192            0/720896   ( 0.0%) 
HDR worldlights          0/8192            0/720896   ( 0.0%) 
leafwaterdata            0/32768           0/393216   ( 0.0%) 
waterstrips              0/32768           0/327680   ( 0.0%) 
waterverts               0/65536           0/786432   ( 0.0%) 
waterindices             0/65536           0/131072   ( 0.0%) 
cubemapsamples           0/1024            0/16384    ( 0.0%) 
overlays                 0/8192            0/2883584  ( 0.0%) 
LDR lightdata         [variable]     1094512/0        ( 0.0%) 
HDR lightdata         [variable]           0/0        ( 0.0%) 
visdata               [variable]         196/16777216 ( 0.0%) 
entdata               [variable]        3542/4194304  ( 0.1%) 
LDR ambient table      111/65536         444/262144   ( 0.2%) 
HDR ambient table      111/65536         444/262144   ( 0.2%) 
LDR leaf ambient        41/65536        1148/1835008  ( 0.1%) 
HDR leaf ambient       111/65536        3108/1835008  ( 0.2%) 
occluders                0/0               0/0        ( 0.0%) 
occluder polygons        0/0               0/0        ( 0.0%) 
occluder vert ind        0/0               0/0        ( 0.0%) 
detail props          [variable]          12/0        ( 0.0%) 
static props          [variable]          12/0        ( 0.0%) 
static prop count        0/16384           0/0        ( 0.0%) 
pakfile               [variable]       91436/0        ( 0.0%) 
physics               [variable]        5074/4194304  ( 0.1%) 
physics terrain       [variable]           2/1048576  ( 0.0%) 

Level flags = 0

Total triangle count: 276
Writing d:\juegos\steam\steamapps\common\garrysmod\garrysmod\addons\vjguardfixim_maps_src\maps\src\cets_under_tram.bsp
0 seconds elapsed




materialPath: D:\Juegos\Steam\steamapps\common\GarrysMod\garrysmod\materials
Loading d:\juegos\steam\steamapps\common\garrysmod\garrysmod\addons\vjguardfixim_maps_src\maps\src\cets_under_tram.vmf
Patching WVT material: maps/cets_under_tram/concrete/blendconcreterock001a_wvt_patch
fixing up env_cubemap materials on brush sides...
ProcessBlock_Thread: 0...1...2...3...4...5...6...7...8...9...10 (0)
ProcessBlock_Thread: 0...1...2...3...4...5...6...7...8...9...10 (0)
Processing areas...done (0)
Building Faces...done (0)
FixTjuncs...
PruneNodes...
WriteBSP...
done (0)
writing d:\juegos\steam\steamapps\common\garrysmod\garrysmod\addons\vjguardfixim_maps_src\maps\src\cets_under_tram.prt...
Building visibility clusters...
done (0)
Creating default LDR cubemaps for env_cubemap using skybox materials:
   skybox/sky_day01_09*.vmt
 ! Run buildcubemaps in the engine to get the correct cube maps.
Creating default HDR cubemaps for env_cubemap using skybox materials:
   skybox/sky_day01_09*.vmt
 ! Run buildcubemaps in the engine to get the correct cube maps.
Finding displacement neighbors...
Finding lightmap sample positions...
Displacement Alpha : 0...1...2...3...4...5...6...7...8...9...10
Building Physics collision data...
done (0) (5870 bytes)
Placing detail props : 0...1...2...3...4...5...6...7...8...9...10
Compacting texture/material tables...
Reduced 64 texinfos to 9
Reduced 5 texdatas to 4 (154 bytes to 123)
Writing d:\juegos\steam\steamapps\common\garrysmod\garrysmod\addons\vjguardfixim_maps_src\maps\src\cets_under_tram.bsp
0 seconds elapsed



16 threads
reading d:\juegos\steam\steamapps\common\garrysmod\garrysmod\addons\vjguardfixim_maps_src\maps\src\cets_under_tram.bsp
reading d:\juegos\steam\steamapps\common\garrysmod\garrysmod\addons\vjguardfixim_maps_src\maps\src\cets_under_tram.prt
  28 portalclusters
  68 numportals
BasePortalVis:       0...1...2...3...4...5...6...7...8...9...10 (0)
Optimized: 0 visible clusters (0.00%)
Total clusters visible: 784
Average clusters visible: 28
Building PAS...
Average clusters audible: 28
visdatasize:452  compressed from 448
writing d:\juegos\steam\steamapps\common\garrysmod\garrysmod\addons\vjguardfixim_maps_src\maps\src\cets_under_tram.bsp
0 seconds elapsed



[Reading texlights from 'lights.rad']
[51 texlights parsed from 'lights.rad']
Loading d:\juegos\steam\steamapps\common\garrysmod\garrysmod\addons\vjguardfixim_maps_src\maps\src\cets_under_tram.bsp
BuildFacelights:     0...1...2...3...4...5...6...7...8...9...10 (0)
BuildStaticPropPatchlights: 0...1...2...3...4...5...6...7...8...9...10 (0)
BuildVisLeafs:       0...1...2...3...4...5...6...7...8...9...10 (0)
transfers 6226, max 377
static prop patch transfers 0
GatherLight:         0...1...2...3...4...5...6...7...8...9...10 (0)
Build Patch/Sample Hash Table(s).....Done<0.0033 sec>
FinalLightFace:      0...1...2...3...4...5...6...7...8...9...10 (0)
FinalLightFace Done
0 of 0 (0% of) surface lights went in leaf ambient cubes.
ThreadComputeLeafAmbient: 0...1...2...3...4...5...6...7...8...9...


materialPath: D:\Juegos\Steam\steamapps\common\GarrysMod\garrysmod\materials
Loading d:\juegos\steam\steamapps\common\garrysmod\garrysmod\addons\vjguardfixim_maps_src\maps\src\cets_under_tram.vmf
Patching WVT material: maps/cets_under_tram/concrete/blendconcreterock001a_wvt_patch
fixing up env_cubemap materials on brush sides...
ProcessBlock_Thread: 0...1...2...3...4...5...6...7...8...9...10 (0)
ProcessBlock_Thread: 0...1...2...3...4...5...6...7...8...9...10 (0)
Processing areas...done (0)
Building Faces...done (0)
FixTjuncs...
PruneNodes...
WriteBSP...
done (0)
writing d:\juegos\steam\steamapps\common\garrysmod\garrysmod\addons\vjguardfixim_maps_src\maps\src\cets_under_tram.prt...
Building visibility clusters...
done (0)
Creating default LDR cubemaps for env_cubemap using skybox materials:
   skybox/sky_day01_09*.vmt
 ! Run buildcubemaps in the engine to get the correct cube maps.
Creating default HDR cubemaps for env_cubemap using skybox materials:
   skybox/sky_day01_09*.vmt
 ! Run buildcubemaps in the engine to get the correct cube maps.
Finding displacement neighbors...
Finding lightmap sample positions...
Displacement Alpha : 0...1...2...3...4...5...6...7...8...9...10
Building Physics collision data...
done (0) (6082 bytes)
Placing detail props : 0...1...2...3...4...5...6...7...8...9...10
Compacting texture/material tables...
Reduced 76 texinfos to 9
Reduced 5 texdatas to 4 (154 bytes to 123)
Writing d:\juegos\steam\steamapps\common\garrysmod\garrysmod\addons\vjguardfixim_maps_src\maps\src\cets_under_tram.bsp
0 seconds elapsed



16 threads
reading d:\juegos\steam\steamapps\common\garrysmod\garrysmod\addons\vjguardfixim_maps_src\maps\src\cets_under_tram.bsp
reading d:\juegos\steam\steamapps\common\garrysmod\garrysmod\addons\vjguardfixim_maps_src\maps\src\cets_under_tram.prt
  16 portalclusters
  24 numportals
BasePortalVis:       0...1...2...3...4...5...6...7...8...9...10 (0)
Optimized: 0 visible clusters (0.00%)
Total clusters visible: 256
Average clusters visible: 16
Building PAS...
Average clusters audible: 16
visdatasize:196  compressed from 256
writing d:\juegos\steam\steamapps\common\garrysmod\garrysmod\addons\vjguardfixim_maps_src\maps\src\cets_under_tram.bsp
0 seconds elapsed



[Reading texlights from 'lights.rad']
[51 texlights parsed from 'lights.rad']
Loading d:\juegos\steam\steamapps\common\garrysmod\garrysmod\addons\vjguardfixim_maps_src\maps\src\cets_under_tram.bsp
BuildFacelights:     0...1...2...3...4...5...6...7...8...9...10 (0)
BuildStaticPropPatchlights: 0...1...2...3...4...5...6...7...8...9...10 (0)
BuildVisLeafs:       0...1...2...3...4...5...6...7...8...9...10 (0)
transfers 6226, max 377
static prop patch transfers 0
GatherLight:         0...1...2...3...4...5...6...7...8...9...10 (0)
Build Patch/Sample Hash Table(s).....Done<0.0033 sec>
FinalLightFace:      0...1...2...3...4...5...6...7...8...9...10 (0)
FinalLightFace Done
0 of 0 (0% of) surface lights went in leaf ambient cubes.
ThreadComputeLeafAmbient: 0...1...2...3...4...5...6...7...8...9...10 (0)
Writing leaf ambient...done
Ready to Finish

Object names       Objects/Maxobjs  Memory / Maxmem  Fullness 
------------       ---------------  ---------------  -------- 
models                   4/4096          192/196608   ( 0.1%) 
brushes                 13/65535         156/786420   ( 0.0%) 
brushsides              78/655350        624/5242800  ( 0.0%) 
planes                 160/65536        3200/1310720  ( 0.2%) 
vertexes               219/65536        2628/786432   ( 0.3%) 
nodes                  116/65536        3712/2097152  ( 0.2%) 
texinfos                 9/16384         648/1179648  ( 0.1%) 
texdata                  4/8192          128/262144   ( 0.0%) 
dispinfos                0/0               0/0        ( 0.0%) 
disp_verts               0/0               0/0        ( 0.0%) 
disp_tris                0/0               0/0        ( 0.0%) 
disp_multiblend          0/0               0/0        ( 0.0%) 
disp_lmsamples           0/0               0/0        ( 0.0%) 
faces                  138/65536        7728/3670016  ( 0.2%) 
hdr faces                0/65536           0/3670016  ( 0.0%) 
origfaces               12/65536         672/3670016  ( 0.0%) 
leaves                 121/65536        3872/2097152  ( 0.2%) 
leaffaces              138/65536         276/131072   ( 0.2%) 
leafbrushes             94/65536         188/131072   ( 0.1%) 
areas                    2/1024           16/8192     ( 0.2%) 
surfedges              600/512000       2400/2048000  ( 0.1%) 
edges                  341/256000       1364/1024000  ( 0.1%) 
LDR worldlights          0/8192            0/720896   ( 0.0%) 
HDR worldlights          0/8192            0/720896   ( 0.0%) 
leafwaterdata            0/32768           0/393216   ( 0.0%) 
waterstrips              0/32768           0/327680   ( 0.0%) 
waterverts               0/65536           0/786432   ( 0.0%) 
waterindices             0/65536           0/131072   ( 0.0%) 
cubemapsamples           0/1024            0/16384    ( 0.0%) 
overlays                 0/8192            0/2883584  ( 0.0%) 
LDR lightdata         [variable]     1094512/0        ( 0.0%) 
HDR lightdata         [variable]           0/0        ( 0.0%) 
visdata               [variable]         196/16777216 ( 0.0%) 
entdata               [variable]        3537/4194304  ( 0.1%) 
LDR ambient table      121/65536         484/262144   ( 0.2%) 
HDR ambient table      121/65536         484/262144   ( 0.2%) 
LDR leaf ambient        51/65536        1428/1835008  ( 0.1%) 
HDR leaf ambient       121/65536        3388/1835008  ( 0.2%) 
occluders                0/0               0/0        ( 0.0%) 
occluder polygons        0/0               0/0        ( 0.0%) 
occluder vert ind        0/0               0/0        ( 0.0%) 
detail props          [variable]          12/0        ( 0.0%) 
static props          [variable]          12/0        ( 0.0%) 
static prop count        0/16384           0/0        ( 0.0%) 
pakfile               [variable]       91436/0        ( 0.0%) 
physics               [variable]        6082/4194304  ( 0.1%) 
physics terrain       [variable]           2/1048576  ( 0.0%) 

Level flags = 0

Total triangle count: 276
Writing d:\juegos\steam\steamapps\common\garrysmod\garrysmod\addons\vjguardfixim_maps_src\maps\src\cets_under_tram.bsp
0 seconds elapsed




materialPath: D:\Juegos\Steam\steamapps\common\GarrysMod\garrysmod\materials
Loading d:\juegos\steam\steamapps\common\garrysmod\garrysmod\addons\vjguardfixim_maps_src\maps\src\cets_under_tram.vmf
Patching WVT material: maps/cets_under_tram/concrete/blendconcreterock001a_wvt_patch
fixing up env_cubemap materials on brush sides...
ProcessBlock_Thread: 0...1...2...3...4...5...6...7...8...9...10 (0)
ProcessBlock_Thread: 0...1...2...3...4...5...6...7...8...9...10 (0)
Processing areas...done (0)
Building Faces...done (0)
FixTjuncs...
PruneNodes...
WriteBSP...
done (0)
writing d:\juegos\steam\steamapps\common\garrysmod\garrysmod\addons\vjguardfixim_maps_src\maps\src\cets_under_tram.prt...
Building visibility clusters...
done (0)
Creating default LDR cubemaps for env_cubemap using skybox materials:
   skybox/sky_day01_09*.vmt
 ! Run buildcubemaps in the engine to get the correct cube maps.
Creating default HDR cubemaps for env_cubemap using skybox materials:
   skybox/sky_day01_09*.vmt
 ! Run buildcubemaps in the engine to get the correct cube maps.
Finding displacement neighbors...
Finding lightmap sample positions...
Displacement Alpha : 0...1...2...3...4...5...6...7...8...9...10
Building Physics collision data...
done (0) (6082 bytes)
Placing detail props : 0...1...2...3...4...5...6...7...8...9...10
Compacting texture/material tables...
Reduced 76 texinfos to 9
Reduced 5 texdatas to 4 (154 bytes to 123)
Writing d:\juegos\steam\steamapps\common\garrysmod\garrysmod\addons\vjguardfixim_maps_src\maps\src\cets_under_tram.bsp
0 seconds elapsed



16 threads
reading d:\juegos\steam\steamapps\common\garrysmod\garrysmod\addons\vjguardfixim_maps_src\maps\src\cets_under_tram.bsp
reading d:\juegos\steam\steamapps\common\garrysmod\garrysmod\addons\vjguardfixim_maps_src\maps\src\cets_under_tram.prt
  16 portalclusters
  24 numportals
BasePortalVis:       0...1...2...3...4...5...6...7...8...9...10 (0)
Optimized: 0 visible clusters (0.00%)
Total clusters visible: 256
Average clusters visible: 16
Building PAS...
Average clusters audible: 16
visdatasize:196  compressed from 256
writing d:\juegos\steam\steamapps\common\garrysmod\garrysmod\addons\vjguardfixim_maps_src\maps\src\cets_under_tram.bsp
0 seconds elapsed



[Reading texlights from 'lights.rad']
[51 texlights parsed from 'lights.rad']
Loading d:\juegos\steam\steamapps\common\garrysmod\garrysmod\addons\vjguardfixim_maps_src\maps\src\cets_under_tram.bsp
BuildFacelights:     0...1...2...3...4...5...6...7...8...9...10 (0)
BuildStaticPropPatchlights: 0...1...2...3...4...5...6...7...8...9...10 (0)
BuildVisLeafs:       0...1...2...3...4...5...6...7...8...9...10 (0)
transfers 6226, max 377
static prop patch transfers 0
GatherLight:         0...1...2...3...4...5...6...7...8...9...10 (0)
Build Patch/Sample Hash Table(s).....Done<0.0033 sec>
FinalLightFace:      0...1...2...3...4...5...6...7...8...9...10 (0)
FinalLightFace Done
0 of 0 (0% of) surface lights went in leaf ambient cubes.
ThreadComputeLeafAmbient: 0...1...2...3...4...5...6...7...8...9...10 (0)
Writing leaf ambient...done
Ready to Finish

Object names       Objects/Maxobjs  Memory / Maxmem  Fullness 
------------       ---------------  ---------------  -------- 
models                   4/4096          192/196608   ( 0.1%) 
brushes                 13/65535         156/786420   ( 0.0%) 
brushsides              78/655350        624/5242800  ( 0.0%) 
planes                 160/65536        3200/1310720  ( 0.2%) 
vertexes               219/65536        2628/786432   ( 0.3%) 
nodes                  116/65536        3712/2097152  ( 0.2%) 
texinfos                 9/16384         648/1179648  ( 0.1%) 
texdata                  4/8192          128/262144   ( 0.0%) 
dispinfos                0/0               0/0        ( 0.0%) 
disp_verts               0/0               0/0        ( 0.0%) 
disp_tris                0/0               0/0        ( 0.0%) 
disp_multiblend          0/0               0/0        ( 0.0%) 
disp_lmsamples           0/0               0/0        ( 0.0%) 
faces                  138/65536        7728/3670016  ( 0.2%) 
hdr faces                0/65536           0/3670016  ( 0.0%) 
origfaces               12/65536         672/3670016  ( 0.0%) 
leaves                 121/65536        3872/2097152  ( 0.2%) 
leaffaces              138/65536         276/131072   ( 0.2%) 
leafbrushes             94/65536         188/131072   ( 0.1%) 
areas                    2/1024           16/8192     ( 0.2%) 
surfedges              600/512000       2400/2048000  ( 0.1%) 
edges                  341/256000       1364/1024000  ( 0.1%) 
LDR worldlights          0/8192            0/720896   ( 0.0%) 
HDR worldlights          0/8192            0/720896   ( 0.0%) 
leafwaterdata            0/32768           0/393216   ( 0.0%) 
waterstrips              0/32768           0/327680   ( 0.0%) 
waterverts               0/65536           0/786432   ( 0.0%) 
waterindices             0/65536           0/131072   ( 0.0%) 
cubemapsamples           0/1024            0/16384    ( 0.0%) 
overlays                 0/8192            0/2883584  ( 0.0%) 
LDR lightdata         [variable]     1094512/0        ( 0.0%) 
HDR lightdata         [variable]           0/0        ( 0.0%) 
visdata               [variable]         196/16777216 ( 0.0%) 
entdata               [variable]        3537/4194304  ( 0.1%) 
LDR ambient table      121/65536         484/262144   ( 0.2%) 
HDR ambient table      121/65536         484/262144   ( 0.2%) 
LDR leaf ambient        51/65536        1428/1835008  ( 0.1%) 
HDR leaf ambient       121/65536        3388/1835008  ( 0.2%) 
occluders                0/0               0/0        ( 0.0%) 
occluder polygons        0/0               0/0        ( 0.0%) 
occluder vert ind        0/0               0/0        ( 0.0%) 
detail props          [variable]          12/0        ( 0.0%) 
static props          [variable]          12/0        ( 0.0%) 
static prop count        0/16384           0/0        ( 0.0%) 
pakfile               [variable]       91436/0        ( 0.0%) 
physics               [variable]        6082/4194304  ( 0.1%) 
physics terrain       [variable]           2/1048576  ( 0.0%) 

Level flags = 0

Total triangle count: 276
Writing d:\juegos\steam\steamapps\common\garrysmod\garrysmod\addons\vjguardfixim_maps_src\maps\src\cets_under_tram.bsp
0 seconds elapsed




materialPath: D:\Juegos\Steam\steamapps\common\GarrysMod\garrysmod\materials
Loading d:\juegos\steam\steamapps\common\garrysmod\garrysmod\addons\vjguardfixim_maps_src\maps\src\cets_under_tram.vmf
Patching WVT material: maps/cets_under_tram/concrete/blendconcreterock001a_wvt_patch
fixing up env_cubemap materials on brush sides...
ProcessBlock_Thread: 0...1...2...3...4...5...6...7...8...9...10 (0)
ProcessBlock_Thread: 0...1...2...3...4...5...6...7...8...9...10 (0)
Processing areas...done (0)
Building Faces...done (0)
FixTjuncs...
PruneNodes...
WriteBSP...
done (0)
writing d:\juegos\steam\steamapps\common\garrysmod\garrysmod\addons\vjguardfixim_maps_src\maps\src\cets_under_tram.prt...
Building visibility clusters...
done (0)
Creating default LDR cubemaps for env_cubemap using skybox materials:
   skybox/sky_day01_09*.vmt
 ! Run buildcubemaps in the engine to get the correct cube maps.
Creating default HDR cubemaps for env_cubemap using skybox materials:
   skybox/sky_day01_09*.vmt
 ! Run buildcubemaps in the engine to get the correct cube maps.
Finding displacement neighbors...
Finding lightmap sample positions...
Displacement Alpha : 0...1...2...3...4...5...6...7...8...9...10
Building Physics collision data...
done (0) (6082 bytes)
Placing detail props : 0...1...2...3...4...5...6...7...8...9...10
Compacting texture/material tables...
Reduced 76 texinfos to 9
Reduced 5 texdatas to 4 (154 bytes to 123)
Writing d:\juegos\steam\steamapps\common\garrysmod\garrysmod\addons\vjguardfixim_maps_src\maps\src\cets_under_tram.bsp
0 seconds elapsed



16 threads
reading d:\juegos\steam\steamapps\common\garrysmod\garrysmod\addons\vjguardfixim_maps_src\maps\src\cets_under_tram.bsp
reading d:\juegos\steam\steamapps\common\garrysmod\garrysmod\addons\vjguardfixim_maps_src\maps\src\cets_under_tram.prt
  16 portalclusters
  24 numportals
BasePortalVis:       0...1...2...3...4...5...6...7...8...9...10 (0)
Optimized: 0 visible clusters (0.00%)
Total clusters visible: 256
Average clusters visible: 16
Building PAS...
Average clusters audible: 16
visdatasize:196  compressed from 256
writing d:\juegos\steam\steamapps\common\garrysmod\garrysmod\addons\vjguardfixim_maps_src\maps\src\cets_under_tram.bsp
0 seconds elapsed



[Reading texlights from 'lights.rad']
[51 texlights parsed from 'lights.rad']
Loading d:\juegos\steam\steamapps\common\garrysmod\garrysmod\addons\vjguardfixim_maps_src\maps\src\cets_under_tram.bsp
BuildFacelights:     0...1...2...3...4...5...6...7...8...9...10 (0)
BuildStaticPropPatchlights: 0...1...2...3...4...5...6...7...8...9...10 (0)
BuildVisLeafs:       0...1...2...3...4...5...6...7...8...9...10 (0)
transfers 6226, max 377
static prop patch transfers 0
GatherLight:         0...1...2...3...4...5...6...7...8...9...10 (0)
Build Patch/Sample Hash Table(s).....Done<0.0034 sec>
FinalLightFace:      0...1...2...3...4...5...6...7...8...9...10 (0)
FinalLightFace Done
0 of 0 (0% of) surface lights went in leaf ambient cubes.
ThreadComputeLeafAmbient: 0...1...2...3...4...5...6...7...8...9...10 (0)
Writing leaf ambient...done
Ready to Finish

Object names       Objects/Maxobjs  Memory / Maxmem  Fullness 
------------       ---------------  ---------------  -------- 
models                   4/4096          192/196608   ( 0.1%) 
brushes                 13/65535         156/786420   ( 0.0%) 
brushsides              78/655350        624/5242800  ( 0.0%) 
planes                 160/65536        3200/1310720  ( 0.2%) 
vertexes               219/65536        2628/786432   ( 0.3%) 
nodes                  116/65536        3712/2097152  ( 0.2%) 
texinfos                 9/16384         648/1179648  ( 0.1%) 
texdata                  4/8192          128/262144   ( 0.0%) 
dispinfos                0/0               0/0        ( 0.0%) 
disp_verts               0/0               0/0        ( 0.0%) 
disp_tris                0/0               0/0        ( 0.0%) 
disp_multiblend          0/0               0/0        ( 0.0%) 
disp_lmsamples           0/0               0/0        ( 0.0%) 
faces                  138/65536        7728/3670016  ( 0.2%) 
hdr faces                0/65536           0/3670016  ( 0.0%) 
origfaces               12/65536         672/3670016  ( 0.0%) 
leaves                 121/65536        3872/2097152  ( 0.2%) 
leaffaces              138/65536         276/131072   ( 0.2%) 
leafbrushes             94/65536         188/131072   ( 0.1%) 
areas                    2/1024           16/8192     ( 0.2%) 
surfedges              600/512000       2400/2048000  ( 0.1%) 
edges                  341/256000       1364/1024000  ( 0.1%) 
LDR worldlights          0/8192            0/720896   ( 0.0%) 
HDR worldlights          0/8192            0/720896   ( 0.0%) 
leafwaterdata            0/32768           0/393216   ( 0.0%) 
waterstrips              0/32768           0/327680   ( 0.0%) 
waterverts               0/65536           0/786432   ( 0.0%) 
waterindices             0/65536           0/131072   ( 0.0%) 
cubemapsamples           0/1024            0/16384    ( 0.0%) 
overlays                 0/8192            0/2883584  ( 0.0%) 
LDR lightdata         [variable]     1094512/0        ( 0.0%) 
HDR lightdata         [variable]           0/0        ( 0.0%) 
visdata               [variable]         196/16777216 ( 0.0%) 
entdata               [variable]        5105/4194304  ( 0.1%) 
LDR ambient table      121/65536         484/262144   ( 0.2%) 
HDR ambient table      121/65536         484/262144   ( 0.2%) 
LDR leaf ambient        51/65536        1428/1835008  ( 0.1%) 
HDR leaf ambient       121/65536        3388/1835008  ( 0.2%) 
occluders                0/0               0/0        ( 0.0%) 
occluder polygons        0/0               0/0        ( 0.0%) 
occluder vert ind        0/0               0/0        ( 0.0%) 
detail props          [variable]          12/0        ( 0.0%) 
static props          [variable]          12/0        ( 0.0%) 
static prop count        0/16384           0/0        ( 0.0%) 
pakfile               [variable]       91436/0        ( 0.0%) 
physics               [variable]        6082/4194304  ( 0.1%) 
physics terrain       [variable]           2/1048576  ( 0.0%) 

Level flags = 0

Total triangle count: 276
Writing d:\juegos\steam\steamapps\common\garrysmod\garrysmod\addons\vjguardfixim_maps_src\maps\src\cets_under_tram.bsp
0 seconds elapsed




materialPath: D:\Juegos\Steam\steamapps\common\GarrysMod\garrysmod\materials
Loading d:\juegos\steam\steamapps\common\garrysmod\garrysmod\addons\vjguardfixim_maps_src\maps\src\cets_under_tram.vmf
Patching WVT material: maps/cets_under_tram/concrete/blendconcreterock001a_wvt_patch
fixing up env_cubemap materials on brush sides...
ProcessBlock_Thread: 0...1...2...3...4...5...6...7...8...9...10 (0)
ProcessBlock_Thread: 0...1...2...3...4...5...6...7...8...9...10 (0)
Processing areas...done (0)
Building Faces...done (0)
FixTjuncs...
PruneNodes...
WriteBSP...
done (0)
writing d:\juegos\steam\steamapps\common\garrysmod\garrysmod\addons\vjguardfixim_maps_src\maps\src\cets_under_tram.prt...
Building visibility clusters...
done (0)
Creating default LDR cubemaps for env_cubemap using skybox materials:
   skybox/sky_day01_09*.vmt
 ! Run buildcubemaps in the engine to get the correct cube maps.
Creating default HDR cubemaps for env_cubemap using skybox materials:
   skybox/sky_day01_09*.vmt
 ! Run buildcubemaps in the engine to get the correct cube maps.
Finding displacement neighbors...
Finding lightmap sample positions...
Displacement Alpha : 0...1...2...3...4...5...6...7...8...9...10
Building Physics collision data...
done (0) (6082 bytes)
Placing detail props : 0...1...2...3...4...5...6...7...8...9...10
Compacting texture/material tables...
Reduced 76 texinfos to 9
Reduced 5 texdatas to 4 (154 bytes to 123)
Writing d:\juegos\steam\steamapps\common\garrysmod\garrysmod\addons\vjguardfixim_maps_src\maps\src\cets_under_tram.bsp
0 seconds elapsed



16 threads
reading d:\juegos\steam\steamapps\common\garrysmod\garrysmod\addons\vjguardfixim_maps_src\maps\src\cets_under_tram.bsp
reading d:\juegos\steam\steamapps\common\garrysmod\garrysmod\addons\vjguardfixim_maps_src\maps\src\cets_under_tram.prt
  16 portalclusters
  24 numportals
BasePortalVis:       0...1...2...3...4...5...6...7...8...9...10 (0)
Optimized: 0 visible clusters (0.00%)
Total clusters visible: 256
Average clusters visible: 16
Building PAS...
Average clusters audible: 16
visdatasize:196  compressed from 256
writing d:\juegos\steam\steamapps\common\garrysmod\garrysmod\addons\vjguardfixim_maps_src\maps\src\cets_under_tram.bsp
0 seconds elapsed



[Reading texlights from 'lights.rad']
[51 texlights parsed from 'lights.rad']
Loading d:\juegos\steam\steamapps\common\garrysmod\garrysmod\addons\vjguardfixim_maps_src\maps\src\cets_under_tram.bsp
BuildFacelights:     0...1...2...3...4...5...6...7...8...9...10 (0)
BuildStaticPropPatchlights: 0...1...2...3...4...5...6...7...8...9...10 (0)
BuildVisLeafs:       0...1...2...3...4...5...6...7...8...9...10 (0)
transfers 6226, max 377
static prop patch transfers 0
GatherLight:         0...1...2...3...4...5...6...7...8...9...10 (0)
Build Patch/Sample Hash Table(s).....Done<0.0036 sec>
FinalLightFace:      0...1...2...3...4...5...6...7...8...9...10 (0)
FinalLightFace Done
0 of 0 (0% of) surface lights went in leaf ambient cubes.
ThreadComputeLeafAmbient: 0...1...2...3...4...5...6...7...8...9...10 (0)
Writing leaf ambient...done
Ready to Finish

Object names       Objects/Maxobjs  Memory / Maxmem  Fullness 
------------       ---------------  ---------------  -------- 
models                   4/4096          192/196608   ( 0.1%) 
brushes                 13/65535         156/786420   ( 0.0%) 
brushsides              78/655350        624/5242800  ( 0.0%) 
planes                 160/65536        3200/1310720  ( 0.2%) 
vertexes               219/65536        2628/786432   ( 0.3%) 
nodes                  116/65536        3712/2097152  ( 0.2%) 
texinfos                 9/16384         648/1179648  ( 0.1%) 
texdata                  4/8192          128/262144   ( 0.0%) 
dispinfos                0/0               0/0        ( 0.0%) 
disp_verts               0/0               0/0        ( 0.0%) 
disp_tris                0/0               0/0        ( 0.0%) 
disp_multiblend          0/0               0/0        ( 0.0%) 
disp_lmsamples           0/0               0/0        ( 0.0%) 
faces                  138/65536        7728/3670016  ( 0.2%) 
hdr faces                0/65536           0/3670016  ( 0.0%) 
origfaces               12/65536         672/3670016  ( 0.0%) 
leaves                 121/65536        3872/2097152  ( 0.2%) 
leaffaces              138/65536         276/131072   ( 0.2%) 
leafbrushes             94/65536         188/131072   ( 0.1%) 
areas                    2/1024           16/8192     ( 0.2%) 
surfedges              600/512000       2400/2048000  ( 0.1%) 
edges                  341/256000       1364/1024000  ( 0.1%) 
LDR worldlights          0/8192            0/720896   ( 0.0%) 
HDR worldlights          0/8192            0/720896   ( 0.0%) 
leafwaterdata            0/32768           0/393216   ( 0.0%) 
waterstrips              0/32768           0/327680   ( 0.0%) 
waterverts               0/65536           0/786432   ( 0.0%) 
waterindices             0/65536           0/131072   ( 0.0%) 
cubemapsamples           0/1024            0/16384    ( 0.0%) 
overlays                 0/8192            0/2883584  ( 0.0%) 
LDR lightdata         [variable]     1094512/0        ( 0.0%) 
HDR lightdata         [variable]           0/0        ( 0.0%) 
visdata               [variable]         196/16777216 ( 0.0%) 
entdata               [variable]        5106/4194304  ( 0.1%) 
LDR ambient table      121/65536         484/262144   ( 0.2%) 
HDR ambient table      121/65536         484/262144   ( 0.2%) 
LDR leaf ambient        51/65536        1428/1835008  ( 0.1%) 
HDR leaf ambient       121/65536        3388/1835008  ( 0.2%) 
occluders                0/0               0/0        ( 0.0%) 
occluder polygons        0/0               0/0        ( 0.0%) 
occluder vert ind        0/0               0/0        ( 0.0%) 
detail props          [variable]          12/0        ( 0.0%) 
static props          [variable]          12/0        ( 0.0%) 
static prop count        0/16384           0/0        ( 0.0%) 
pakfile               [variable]       91436/0        ( 0.0%) 
physics               [variable]        6082/4194304  ( 0.1%) 
physics terrain       [variable]           2/1048576  ( 0.0%) 

Level flags = 0

Total triangle count: 276
Writing d:\juegos\steam\steamapps\common\garrysmod\garrysmod\addons\vjguardfixim_maps_src\maps\src\cets_under_tram.bsp
0 seconds elapsed




materialPath: D:\Juegos\Steam\steamapps\common\GarrysMod\garrysmod\materials
Loading d:\juegos\steam\steamapps\common\garrysmod\garrysmod\addons\vjguardfixim_maps_src\maps\src\cets_under_tram.vmf
Patching WVT material: maps/cets_under_tram/concrete/blendconcreterock001a_wvt_patch
fixing up env_cubemap materials on brush sides...
ProcessBlock_Thread: 0...1...2...3...4...5...6...7...8...9...10 (0)
ProcessBlock_Thread: 0...1...2...3...4...5...6...7...8...9...10 (0)
Processing areas...done (0)
Building Faces...done (0)
FixTjuncs...
PruneNodes...
WriteBSP...
done (0)
writing d:\juegos\steam\steamapps\common\garrysmod\garrysmod\addons\vjguardfixim_maps_src\maps\src\cets_under_tram.prt...
Building visibility clusters...
done (0)
Creating default LDR cubemaps for env_cubemap using skybox materials:
   skybox/sky_day01_09*.vmt
 ! Run buildcubemaps in the engine to get the correct cube maps.
Creating default HDR cubemaps for env_cubemap using skybox materials:
   skybox/sky_day01_09*.vmt
 ! Run buildcubemaps in the engine to get the correct cube maps.
Finding displacement neighbors...
Finding lightmap sample positions...
Displacement Alpha : 0...1...2...3...4...5...6...7...8...9...10
Building Physics collision data...
done (0) (6082 bytes)
Placing detail props : 0...1...2...3...4...5...6...7...8...9...10
Compacting texture/material tables...
Reduced 76 texinfos to 9
Reduced 5 texdatas to 4 (154 bytes to 123)
Writing d:\juegos\steam\steamapps\common\garrysmod\garrysmod\addons\vjguardfixim_maps_src\maps\src\cets_under_tram.bsp
0 seconds elapsed



16 threads
reading d:\juegos\steam\steamapps\common\garrysmod\garrysmod\addons\vjguardfixim_maps_src\maps\src\cets_under_tram.bsp
reading d:\juegos\steam\steamapps\common\garrysmod\garrysmod\addons\vjguardfixim_maps_src\maps\src\cets_under_tram.prt
  16 portalclusters
  24 numportals
BasePortalVis:       0...1...2...3...4...5...6...7...8...9...10 (0)
Optimized: 0 visible clusters (0.00%)
Total clusters visible: 256
Average clusters visible: 16
Building PAS...
Average clusters audible: 16
visdatasize:196  compressed from 256
writing d:\juegos\steam\steamapps\common\garrysmod\garrysmod\addons\vjguardfixim_maps_src\maps\src\cets_under_tram.bsp
0 seconds elapsed



[Reading texlights from 'lights.rad']
[51 texlights parsed from 'lights.rad']
Loading d:\juegos\steam\steamapps\common\garrysmod\garrysmod\addons\vjguardfixim_maps_src\maps\src\cets_under_tram.bsp
BuildFacelights:     0...1...2...3...4...5...6...7...8...9...10 (0)
BuildStaticPropPatchlights: 0...1...2...3...4...5...6...7...8...9...10 (0)
BuildVisLeafs:       0...1...2...3...4...5...6...7...8...9...10 (0)
transfers 6226, max 377
static prop patch transfers 0
GatherLight:         0...1...2...3...4...5...6...7...8...9...10 (0)
Build Patch/Sample Hash Table(s).....Done<0.0033 sec>
FinalLightFace:      0...1...2...3...4...5...6...7...8...9...10 (0)
FinalLightFace Done
0 of 0 (0% of) surface lights went in leaf ambient cubes.
ThreadComputeLeafAmbient: 0...1...2...3...4...5...6...7...8...9...10 (0)
Writing leaf ambient...done
Ready to Finish

Object names       Objects/Maxobjs  Memory / Maxmem  Fullness 
------------       ---------------  ---------------  -------- 
models                   4/4096          192/196608   ( 0.1%) 
brushes                 13/65535         156/786420   ( 0.0%) 
brushsides              78/655350        624/5242800  ( 0.0%) 
planes                 160/65536        3200/1310720  ( 0.2%) 
vertexes               219/65536        2628/786432   ( 0.3%) 
nodes                  116/65536        3712/2097152  ( 0.2%) 
texinfos                 9/16384         648/1179648  ( 0.1%) 
texdata                  4/8192          128/262144   ( 0.0%) 
dispinfos                0/0               0/0        ( 0.0%) 
disp_verts               0/0               0/0        ( 0.0%) 
disp_tris                0/0               0/0        ( 0.0%) 
disp_multiblend          0/0               0/0        ( 0.0%) 
disp_lmsamples           0/0               0/0        ( 0.0%) 
faces                  138/65536        7728/3670016  ( 0.2%) 
hdr faces                0/65536           0/3670016  ( 0.0%) 
origfaces               12/65536         672/3670016  ( 0.0%) 
leaves                 121/65536        3872/2097152  ( 0.2%) 
leaffaces              138/65536         276/131072   ( 0.2%) 
leafbrushes             94/65536         188/131072   ( 0.1%) 
areas                    2/1024           16/8192     ( 0.2%) 
surfedges              600/512000       2400/2048000  ( 0.1%) 
edges                  341/256000       1364/1024000  ( 0.1%) 
LDR worldlights          0/8192            0/720896   ( 0.0%) 
HDR worldlights          0/8192            0/720896   ( 0.0%) 
leafwaterdata            0/32768           0/393216   ( 0.0%) 
waterstrips              0/32768           0/327680   ( 0.0%) 
waterverts               0/65536           0/786432   ( 0.0%) 
waterindices             0/65536           0/131072   ( 0.0%) 
cubemapsamples           0/1024            0/16384    ( 0.0%) 
overlays                 0/8192            0/2883584  ( 0.0%) 
LDR lightdata         [variable]     1094512/0        ( 0.0%) 
HDR lightdata         [variable]           0/0        ( 0.0%) 
visdata               [variable]         196/16777216 ( 0.0%) 
entdata               [variable]        5039/4194304  ( 0.1%) 
LDR ambient table      121/65536         484/262144   ( 0.2%) 
HDR ambient table      121/65536         484/262144   ( 0.2%) 
LDR leaf ambient        51/65536        1428/1835008  ( 0.1%) 
HDR leaf ambient       121/65536        3388/1835008  ( 0.2%) 
occluders                0/0               0/0        ( 0.0%) 
occluder polygons        0/0               0/0        ( 0.0%) 
occluder vert ind        0/0               0/0        ( 0.0%) 
detail props          [variable]          12/0        ( 0.0%) 
static props          [variable]          12/0        ( 0.0%) 
static prop count        0/16384           0/0        ( 0.0%) 
pakfile               [variable]       91436/0        ( 0.0%) 
physics               [variable]        6082/4194304  ( 0.1%) 
physics terrain       [variable]           2/1048576  ( 0.0%) 

Level flags = 0

Total triangle count: 276
Writing d:\juegos\steam\steamapps\common\garrysmod\garrysmod\addons\vjguardfixim_maps_src\maps\src\cets_under_tram.bsp
0 seconds elapsed




materialPath: D:\Juegos\Steam\steamapps\common\GarrysMod\garrysmod\materials
Loading d:\juegos\steam\steamapps\common\garrysmod\garrysmod\addons\vjguardfixim_maps_src\maps\src\cets_under_tram.vmf
Patching WVT material: maps/cets_under_tram/concrete/blendconcreterock001a_wvt_patch
fixing up env_cubemap materials on brush sides...
ProcessBlock_Thread: 0...1...2...3...4...5...6...7...8...9...10 (0)
ProcessBlock_Thread: 0...1...2...3...4...5...6...7...8...9...10 (0)
Processing areas...done (0)
Building Faces...done (0)
FixTjuncs...
PruneNodes...
WriteBSP...
done (0)
writing d:\juegos\steam\steamapps\common\garrysmod\garrysmod\addons\vjguardfixim_maps_src\maps\src\cets_under_tram.prt...
Building visibility clusters...
done (0)
Creating default LDR cubemaps for env_cubemap using skybox materials:
   skybox/sky_day01_09*.vmt
 ! Run buildcubemaps in the engine to get the correct cube maps.
Creating default HDR cubemaps for env_cubemap using skybox materials:
   skybox/sky_day01_09*.vmt
 ! Run buildcubemaps in the engine to get the correct cube maps.
Finding displacement neighbors...
Finding lightmap sample positions...
Displacement Alpha : 0...1...2...3...4...5...6...7...8...9...10
Building Physics collision data...
done (0) (6082 bytes)
Placing detail props : 0...1...2...3...4...5...6...7...8...9...10
Compacting texture/material tables...
Reduced 76 texinfos to 9
Reduced 5 texdatas to 4 (154 bytes to 123)
Writing d:\juegos\steam\steamapps\common\garrysmod\garrysmod\addons\vjguardfixim_maps_src\maps\src\cets_under_tram.bsp
0 seconds elapsed



16 threads
reading d:\juegos\steam\steamapps\common\garrysmod\garrysmod\addons\vjguardfixim_maps_src\maps\src\cets_under_tram.bsp
reading d:\juegos\steam\steamapps\common\garrysmod\garrysmod\addons\vjguardfixim_maps_src\maps\src\cets_under_tram.prt
  16 portalclusters
  24 numportals
BasePortalVis:       0...1...2...3...4...5...6...7...8...9...10 (0)
Optimized: 0 visible clusters (0.00%)
Total clusters visible: 256
Average clusters visible: 16
Building PAS...
Average clusters audible: 16
visdatasize:196  compressed from 256
writing d:\juegos\steam\steamapps\common\garrysmod\garrysmod\addons\vjguardfixim_maps_src\maps\src\cets_under_tram.bsp
0 seconds elapsed



[Reading texlights from 'lights.rad']
[51 texlights parsed from 'lights.rad']
Loading d:\juegos\steam\steamapps\common\garrysmod\garrysmod\addons\vjguardfixim_maps_src\maps\src\cets_under_tram.bsp
BuildFacelights:     0...1...2...3...4...5...6...7...8...9...10 (0)
BuildStaticPropPatchlights: 0...1...2...3...4...5...6...7...8...9...10 (0)
BuildVisLeafs:       0...1...2...3...4...5...6...7...8...9...10 (0)
transfers 6226, max 377
static prop patch transfers 0
GatherLight:         0...1...2...3...4...5...6...7...8...9...10 (0)
Build Patch/Sample Hash Table(s).....Done<0.0033 sec>
FinalLightFace:      0...1...2...3...4...5...6...7...8...9...10 (0)
FinalLightFace Done
0 of 0 (0% of) surface lights went in leaf ambient cubes.
ThreadComputeLeafAmbient: 0...1...2...3...4...5...6...7...8...9...10 (0)
Writing leaf ambient...done
Ready to Finish

Object names       Objects/Maxobjs  Memory / Maxmem  Fullness 
------------       ---------------  ---------------  -------- 
models                   4/4096          192/196608   ( 0.1%) 
brushes                 13/65535         156/786420   ( 0.0%) 
brushsides              78/655350        624/5242800  ( 0.0%) 
planes                 160/65536        3200/1310720  ( 0.2%) 
vertexes               219/65536        2628/786432   ( 0.3%) 
nodes                  116/65536        3712/2097152  ( 0.2%) 
texinfos                 9/16384         648/1179648  ( 0.1%) 
texdata                  4/8192          128/262144   ( 0.0%) 
dispinfos                0/0               0/0        ( 0.0%) 
disp_verts               0/0               0/0        ( 0.0%) 
disp_tris                0/0               0/0        ( 0.0%) 
disp_multiblend          0/0               0/0        ( 0.0%) 
disp_lmsamples           0/0               0/0        ( 0.0%) 
faces                  138/65536        7728/3670016  ( 0.2%) 
hdr faces                0/65536           0/3670016  ( 0.0%) 
origfaces               12/65536         672/3670016  ( 0.0%) 
leaves                 121/65536        3872/2097152  ( 0.2%) 
leaffaces              138/65536         276/131072   ( 0.2%) 
leafbrushes             94/65536         188/131072   ( 0.1%) 
areas                    2/1024           16/8192     ( 0.2%) 
surfedges              600/512000       2400/2048000  ( 0.1%) 
edges                  341/256000       1364/1024000  ( 0.1%) 
LDR worldlights          0/8192            0/720896   ( 0.0%) 
HDR worldlights          0/8192            0/720896   ( 0.0%) 
leafwaterdata            0/32768           0/393216   ( 0.0%) 
waterstrips              0/32768           0/327680   ( 0.0%) 
waterverts               0/65536           0/786432   ( 0.0%) 
waterindices             0/65536           0/131072   ( 0.0%) 
cubemapsamples           0/1024            0/16384    ( 0.0%) 
overlays                 0/8192            0/2883584  ( 0.0%) 
LDR lightdata         [variable]     1094512/0        ( 0.0%) 
HDR lightdata         [variable]           0/0        ( 0.0%) 
visdata               [variable]         196/16777216 ( 0.0%) 
entdata               [variable]        5036/4194304  ( 0.1%) 
LDR ambient table      121/65536         484/262144   ( 0.2%) 
HDR ambient table      121/65536         484/262144   ( 0.2%) 
LDR leaf ambient        51/65536        1428/1835008  ( 0.1%) 
HDR leaf ambient       121/65536        3388/1835008  ( 0.2%) 
occluders                0/0               0/0        ( 0.0%) 
occluder polygons        0/0               0/0        ( 0.0%) 
occluder vert ind        0/0               0/0        ( 0.0%) 
detail props          [variable]          12/0        ( 0.0%) 
static props          [variable]          12/0        ( 0.0%) 
static prop count        0/16384           0/0        ( 0.0%) 
pakfile               [variable]       91436/0        ( 0.0%) 
physics               [variable]        6082/4194304  ( 0.1%) 
physics terrain       [variable]           2/1048576  ( 0.0%) 

Level flags = 0

Total triangle count: 276
Writing d:\juegos\steam\steamapps\common\garrysmod\garrysmod\addons\vjguardfixim_maps_src\maps\src\cets_under_tram.bsp
0 seconds elapsed




materialPath: D:\Juegos\Steam\steamapps\common\GarrysMod\garrysmod\materials
Loading d:\juegos\steam\steamapps\common\garrysmod\garrysmod\addons\vjguardfixim_maps_src\maps\src\cets_under_tram.vmf
Patching WVT material: maps/cets_under_tram/concrete/blendconcreterock001a_wvt_patch
fixing up env_cubemap materials on brush sides...
ProcessBlock_Thread: 0...1...2...3...4...5...6...7...8...9...10 (0)
ProcessBlock_Thread: 0...1...2...3...4...5...6...7...8...9...10 (0)
Processing areas...done (0)
Building Faces...done (0)
FixTjuncs...
PruneNodes...
WriteBSP...
done (0)
writing d:\juegos\steam\steamapps\common\garrysmod\garrysmod\addons\vjguardfixim_maps_src\maps\src\cets_under_tram.prt...
Building visibility clusters...
done (0)
Creating default LDR cubemaps for env_cubemap using skybox materials:
   skybox/sky_day01_09*.vmt
 ! Run buildcubemaps in the engine to get the correct cube maps.
Creating default HDR cubemaps for env_cubemap using skybox materials:
   skybox/sky_day01_09*.vmt
 ! Run buildcubemaps in the engine to get the correct cube maps.
Finding displacement neighbors...
Finding lightmap sample positions...
Displacement Alpha : 0...1...2...3...4...5...6...7...8...9...10
Building Physics collision data...
done (0) (6082 bytes)
Placing detail props : 0...1...2...3...4...5...6...7...8...9...10
Compacting texture/material tables...
Reduced 76 texinfos to 9
Reduced 5 texdatas to 4 (154 bytes to 123)
Writing d:\juegos\steam\steamapps\common\garrysmod\garrysmod\addons\vjguardfixim_maps_src\maps\src\cets_under_tram.bsp
0 seconds elapsed



16 threads
reading d:\juegos\steam\steamapps\common\garrysmod\garrysmod\addons\vjguardfixim_maps_src\maps\src\cets_under_tram.bsp
reading d:\juegos\steam\steamapps\common\garrysmod\garrysmod\addons\vjguardfixim_maps_src\maps\src\cets_under_tram.prt
  16 portalclusters
  24 numportals
BasePortalVis:       0...1...2...3...4...5...6...7...8...9...10 (0)
Optimized: 0 visible clusters (0.00%)
Total clusters visible: 256
Average clusters visible: 16
Building PAS...
Average clusters audible: 16
visdatasize:196  compressed from 256
writing d:\juegos\steam\steamapps\common\garrysmod\garrysmod\addons\vjguardfixim_maps_src\maps\src\cets_under_tram.bsp
0 seconds elapsed



[Reading texlights from 'lights.rad']
[51 texlights parsed from 'lights.rad']
Loading d:\juegos\steam\steamapps\common\garrysmod\garrysmod\addons\vjguardfixim_maps_src\maps\src\cets_under_tram.bsp
BuildFacelights:     0...1...2...3...4...5...6...7...8...9...10 (0)
BuildStaticPropPatchlights: 0...1...2...3...4...5...6...7...8...9...10 (0)
BuildVisLeafs:       0...1...2...3...4...5...6...7...8...9...10 (0)
transfers 6226, max 377
static prop patch transfers 0
GatherLight:         0...1...2...3...4...5...6...7...8...9...10 (0)
Build Patch/Sample Hash Table(s).....Done<0.0033 sec>
FinalLightFace:      0...1...2...3...4...5...6...7...8...9...10 (0)
FinalLightFace Done
0 of 0 (0% of) surface lights went in leaf ambient cubes.
ThreadComputeLeafAmbient: 0...1...2...3...4...5...6...7...8...9...10 (0)
Writing leaf ambient...done
Ready to Finish

Object names       Objects/Maxobjs  Memory / Maxmem  Fullness 
------------       ---------------  ---------------  -------- 
models                   4/4096          192/196608   ( 0.1%) 
brushes                 13/65535         156/786420   ( 0.0%) 
brushsides              78/655350        624/5242800  ( 0.0%) 
planes                 160/65536        3200/1310720  ( 0.2%) 
vertexes               219/65536        2628/786432   ( 0.3%) 
nodes                  116/65536        3712/2097152  ( 0.2%) 
texinfos                 9/16384         648/1179648  ( 0.1%) 
texdata                  4/8192          128/262144   ( 0.0%) 
dispinfos                0/0               0/0        ( 0.0%) 
disp_verts               0/0               0/0        ( 0.0%) 
disp_tris                0/0               0/0        ( 0.0%) 
disp_multiblend          0/0               0/0        ( 0.0%) 
disp_lmsamples           0/0               0/0        ( 0.0%) 
faces                  138/65536        7728/3670016  ( 0.2%) 
hdr faces                0/65536           0/3670016  ( 0.0%) 
origfaces               12/65536         672/3670016  ( 0.0%) 
leaves                 121/65536        3872/2097152  ( 0.2%) 
leaffaces              138/65536         276/131072   ( 0.2%) 
leafbrushes             94/65536         188/131072   ( 0.1%) 
areas                    2/1024           16/8192     ( 0.2%) 
surfedges              600/512000       2400/2048000  ( 0.1%) 
edges                  341/256000       1364/1024000  ( 0.1%) 
LDR worldlights          0/8192            0/720896   ( 0.0%) 
HDR worldlights          0/8192            0/720896   ( 0.0%) 
leafwaterdata            0/32768           0/393216   ( 0.0%) 
waterstrips              0/32768           0/327680   ( 0.0%) 
waterverts               0/65536           0/786432   ( 0.0%) 
waterindices             0/65536           0/131072   ( 0.0%) 
cubemapsamples           0/1024            0/16384    ( 0.0%) 
overlays                 0/8192            0/2883584  ( 0.0%) 
LDR lightdata         [variable]     1094512/0        ( 0.0%) 
HDR lightdata         [variable]           0/0        ( 0.0%) 
visdata               [variable]         196/16777216 ( 0.0%) 
entdata               [variable]        5036/4194304  ( 0.1%) 
LDR ambient table      121/65536         484/262144   ( 0.2%) 
HDR ambient table      121/65536         484/262144   ( 0.2%) 
LDR leaf ambient        51/65536        1428/1835008  ( 0.1%) 
HDR leaf ambient       121/65536        3388/1835008  ( 0.2%) 
occluders                0/0               0/0        ( 0.0%) 
occluder polygons        0/0               0/0        ( 0.0%) 
occluder vert ind        0/0               0/0        ( 0.0%) 
detail props          [variable]          12/0        ( 0.0%) 
static props          [variable]          12/0        ( 0.0%) 
static prop count        0/16384           0/0        ( 0.0%) 
pakfile               [variable]       91436/0        ( 0.0%) 
physics               [variable]        6082/4194304  ( 0.1%) 
physics terrain       [variable]           2/1048576  ( 0.0%) 

Level flags = 0

Total triangle count: 276
Writing d:\juegos\steam\steamapps\common\garrysmod\garrysmod\addons\vjguardfixim_maps_src\maps\src\cets_under_tram.bsp
0 seconds elapsed




materialPath: D:\Juegos\Steam\steamapps\common\GarrysMod\garrysmod\materials
Loading d:\juegos\steam\steamapps\common\garrysmod\garrysmod\addons\vjguardfixim_maps_src\maps\src\cets_under_tram.vmf
Patching WVT material: maps/cets_under_tram/concrete/blendconcreterock001a_wvt_patch
fixing up env_cubemap materials on brush sides...
ProcessBlock_Thread: 0...1...2...3...4...5...6...7...8...9...10 (0)
ProcessBlock_Thread: 0...1...2...3...4...5...6...7...8...9...10 (0)
Processing areas...done (0)
Building Faces...done (0)
FixTjuncs...
PruneNodes...
WriteBSP...
done (0)
writing d:\juegos\steam\steamapps\common\garrysmod\garrysmod\addons\vjguardfixim_maps_src\maps\src\cets_under_tram.prt...
Building visibility clusters...
done (0)
Creating default LDR cubemaps for env_cubemap using skybox materials:
   skybox/sky_day01_09*.vmt
 ! Run buildcubemaps in the engine to get the correct cube maps.
Creating default HDR cubemaps for env_cubemap using skybox materials:
   skybox/sky_day01_09*.vmt
 ! Run buildcubemaps in the engine to get the correct cube maps.
Finding displacement neighbors...
Finding lightmap sample positions...
Displacement Alpha : 0...1...2...3...4...5...6...7...8...9...10
Building Physics collision data...
done (0) (6082 bytes)
Placing detail props : 0...1...2...3...4...5...6...7...8...9...10
Compacting texture/material tables...
Reduced 72 texinfos to 9
Reduced 5 texdatas to 4 (154 bytes to 123)
Writing d:\juegos\steam\steamapps\common\garrysmod\garrysmod\addons\vjguardfixim_maps_src\maps\src\cets_under_tram.bsp
1 second elapsed



16 threads
reading d:\juegos\steam\steamapps\common\garrysmod\garrysmod\addons\vjguardfixim_maps_src\maps\src\cets_under_tram.bsp
reading d:\juegos\steam\steamapps\common\garrysmod\garrysmod\addons\vjguardfixim_maps_src\maps\src\cets_under_tram.prt
 100 portalclusters
 180 numportals
BasePortalVis:       0...1...2...3...4...5...6...7...8...9...10 (0)
Optimized: 0 visible clusters (0.00%)
Total clusters visible: 10000
Average clusters visible: 100
Building PAS...
Average clusters audible: 100
visdatasize:3404  compressed from 3200
writing d:\juegos\steam\steamapps\common\garrysmod\garrysmod\addons\vjguardfixim_maps_src\maps\src\cets_under_tram.bsp
0 seconds elapsed



[Reading texlights from 'lights.rad']
[51 texlights parsed from 'lights.rad']
Loading d:\juegos\steam\steamapps\common\garrysmod\garrysmod\addons\vjguardfixim_maps_src\maps\src\cets_under_tram.bsp
BuildFacelights:     0...1...2...3...4...5...6...7...8...9...10 (0)
BuildStaticPropPatchlights: 0...1...2...3...4...5...6...7...8...9...10 (0)
BuildVisLeafs:       0...1...2...3...4...5...6...7...8...9...10 (1)
transfers 114195, max 844
static prop patch transfers 0
GatherLight:         0...1...2...3...4...5...6...7...8...9...10 (0)
Build Patch/Sample Hash Table(s).....Done<0.0288 sec>
FinalLightFace:      0...1...2...3...4...5...6...7...8...9...10 (0)
FinalLightFace Done
0 of 0 (0% of) surface lights went in leaf ambient cubes.
ThreadComputeLeafAmbient: 0...1...2...3...4...5...6...7...8...9...10 (2)
Writing leaf ambient...done
Ready to Finish

Object names       Objects/Maxobjs  Memory / Maxmem  Fullness 
------------       ---------------  ---------------  -------- 
models                   4/4096          192/196608   ( 0.1%) 
brushes                 13/65535         156/786420   ( 0.0%) 
brushsides              78/655350        624/5242800  ( 0.0%) 
planes                 200/65536        4000/1310720  ( 0.3%) 
vertexes              1035/65536       12420/786432   ( 1.6%) 
nodes                  408/65536       13056/2097152  ( 0.6%) 
texinfos                 9/16384         648/1179648  ( 0.1%) 
texdata                  4/8192          128/262144   ( 0.0%) 
dispinfos                0/0               0/0        ( 0.0%) 
disp_verts               0/0               0/0        ( 0.0%) 
disp_tris                0/0               0/0        ( 0.0%) 
disp_multiblend          0/0               0/0        ( 0.0%) 
disp_lmsamples           0/0               0/0        ( 0.0%) 
faces                  930/65536       52080/3670016  ( 1.4%) 
hdr faces                0/65536           0/3670016  ( 0.0%) 
origfaces               12/65536         672/3670016  ( 0.0%) 
leaves                 413/65536       13216/2097152  ( 0.6%) 
leaffaces              930/65536        1860/131072   ( 1.4%) 
leafbrushes            467/65536         934/131072   ( 0.7%) 
areas                    2/1024           16/8192     ( 0.2%) 
surfedges             3768/512000      15072/2048000  ( 0.7%) 
edges                 1973/256000       7892/1024000  ( 0.8%) 
LDR worldlights          0/8192            0/720896   ( 0.0%) 
HDR worldlights          0/8192            0/720896   ( 0.0%) 
leafwaterdata            0/32768           0/393216   ( 0.0%) 
waterstrips              0/32768           0/327680   ( 0.0%) 
waterverts               0/65536           0/786432   ( 0.0%) 
waterindices             0/65536           0/131072   ( 0.0%) 
cubemapsamples           0/1024            0/16384    ( 0.0%) 
overlays                 0/8192            0/2883584  ( 0.0%) 
LDR lightdata         [variable]     6993872/0        ( 0.0%) 
HDR lightdata         [variable]           0/0        ( 0.0%) 
visdata               [variable]        3404/16777216 ( 0.0%) 
entdata               [variable]       11680/4194304  ( 0.3%) 
LDR ambient table      413/65536        1652/262144   ( 0.6%) 
HDR ambient table      413/65536        1652/262144   ( 0.6%) 
LDR leaf ambient       135/65536        3780/1835008  ( 0.2%) 
HDR leaf ambient       413/65536       11564/1835008  ( 0.6%) 
occluders                0/0               0/0        ( 0.0%) 
occluder polygons        0/0               0/0        ( 0.0%) 
occluder vert ind        0/0               0/0        ( 0.0%) 
detail props          [variable]          12/0        ( 0.0%) 
static props          [variable]          12/0        ( 0.0%) 
static prop count        0/16384           0/0        ( 0.0%) 
pakfile               [variable]       91436/0        ( 0.0%) 
physics               [variable]        6082/4194304  ( 0.1%) 
physics terrain       [variable]           2/1048576  ( 0.0%) 

Level flags = 0

Total triangle count: 1860
Writing d:\juegos\steam\steamapps\common\garrysmod\garrysmod\addons\vjguardfixim_maps_src\maps\src\cets_under_tram.bsp
3 seconds elapsed




materialPath: D:\Juegos\Steam\steamapps\common\GarrysMod\garrysmod\materials
Loading d:\juegos\steam\steamapps\common\garrysmod\garrysmod\addons\vjguardfixim_maps_src\maps\src\cets_under_tram.vmf
Patching WVT material: maps/cets_under_tram/concrete/blendconcreterock001a_wvt_patch
fixing up env_cubemap materials on brush sides...
ProcessBlock_Thread: 0...1...2...3...4...5...6...7...8...9...10 (0)
ProcessBlock_Thread: 0...1...2...3...4...5...6...7...8...9...10 (0)
Processing areas...done (0)
Building Faces...done (0)
FixTjuncs...
PruneNodes...
WriteBSP...
done (0)
writing d:\juegos\steam\steamapps\common\garrysmod\garrysmod\addons\vjguardfixim_maps_src\maps\src\cets_under_tram.prt...
Building visibility clusters...
done (0)
Creating default LDR cubemaps for env_cubemap using skybox materials:
   skybox/sky_day01_09*.vmt
 ! Run buildcubemaps in the engine to get the correct cube maps.
Creating default HDR cubemaps for env_cubemap using skybox materials:
   skybox/sky_day01_09*.vmt
 ! Run buildcubemaps in the engine to get the correct cube maps.
Finding displacement neighbors...
Finding lightmap sample positions...
Displacement Alpha : 0...1...2...3...4...5...6...7...8...9...10
Building Physics collision data...
done (0) (6082 bytes)
Placing detail props : 0...1...2...3...4...5...6...7...8...9...10
Compacting texture/material tables...
Reduced 72 texinfos to 9
Reduced 5 texdatas to 4 (154 bytes to 123)
Writing d:\juegos\steam\steamapps\common\garrysmod\garrysmod\addons\vjguardfixim_maps_src\maps\src\cets_under_tram.bsp
1 second elapsed



16 threads
reading d:\juegos\steam\steamapps\common\garrysmod\garrysmod\addons\vjguardfixim_maps_src\maps\src\cets_under_tram.bsp
reading d:\juegos\steam\steamapps\common\garrysmod\garrysmod\addons\vjguardfixim_maps_src\maps\src\cets_under_tram.prt
 100 portalclusters
 180 numportals
BasePortalVis:       0...1...2...3...4...5...6...7...8...9...10 (0)
Optimized: 0 visible clusters (0.00%)
Total clusters visible: 10000
Average clusters visible: 100
Building PAS...
Average clusters audible: 100
visdatasize:3404  compressed from 3200
writing d:\juegos\steam\steamapps\common\garrysmod\garrysmod\addons\vjguardfixim_maps_src\maps\src\cets_under_tram.bsp
0 seconds elapsed



[Reading texlights from 'lights.rad']
[51 texlights parsed from 'lights.rad']
Loading d:\juegos\steam\steamapps\common\garrysmod\garrysmod\addons\vjguardfixim_maps_src\maps\src\cets_under_tram.bsp
BuildFacelights:     0...1...2...3...4...5...6...7...8...9...10 (0)
BuildStaticPropPatchlights: 0...1...2...3...4...5...6...7...8...9...10 (0)
BuildVisLeafs:       0...1...2...3...4...5...6...7...8...9...10 (1)
transfers 114195, max 844
static prop patch transfers 0
GatherLight:         0...1...2...3...4...5...6...7...8...9...10 (0)
Build Patch/Sample Hash Table(s).....Done<0.0299 sec>
FinalLightFace:      0...1...2...3...4...5...6...7...8...9...10 (0)
FinalLightFace Done
0 of 0 (0% of) surface lights went in leaf ambient cubes.
ThreadComputeLeafAmbient: 0...1...2...3...4...5...6...7...8...9...10 (2)
Writing leaf ambient...done
Ready to Finish

Object names       Objects/Maxobjs  Memory / Maxmem  Fullness 
------------       ---------------  ---------------  -------- 
models                   4/4096          192/196608   ( 0.1%) 
brushes                 13/65535         156/786420   ( 0.0%) 
brushsides              78/655350        624/5242800  ( 0.0%) 
planes                 200/65536        4000/1310720  ( 0.3%) 
vertexes              1035/65536       12420/786432   ( 1.6%) 
nodes                  408/65536       13056/2097152  ( 0.6%) 
texinfos                 9/16384         648/1179648  ( 0.1%) 
texdata                  4/8192          128/262144   ( 0.0%) 
dispinfos                0/0               0/0        ( 0.0%) 
disp_verts               0/0               0/0        ( 0.0%) 
disp_tris                0/0               0/0        ( 0.0%) 
disp_multiblend          0/0               0/0        ( 0.0%) 
disp_lmsamples           0/0               0/0        ( 0.0%) 
faces                  930/65536       52080/3670016  ( 1.4%) 
hdr faces                0/65536           0/3670016  ( 0.0%) 
origfaces               12/65536         672/3670016  ( 0.0%) 
leaves                 413/65536       13216/2097152  ( 0.6%) 
leaffaces              930/65536        1860/131072   ( 1.4%) 
leafbrushes            467/65536         934/131072   ( 0.7%) 
areas                    2/1024           16/8192     ( 0.2%) 
surfedges             3768/512000      15072/2048000  ( 0.7%) 
edges                 1973/256000       7892/1024000  ( 0.8%) 
LDR worldlights          0/8192            0/720896   ( 0.0%) 
HDR worldlights          0/8192            0/720896   ( 0.0%) 
leafwaterdata            0/32768           0/393216   ( 0.0%) 
waterstrips              0/32768           0/327680   ( 0.0%) 
waterverts               0/65536           0/786432   ( 0.0%) 
waterindices             0/65536           0/131072   ( 0.0%) 
cubemapsamples           0/1024            0/16384    ( 0.0%) 
overlays                 0/8192            0/2883584  ( 0.0%) 
LDR lightdata         [variable]     6993872/0        ( 0.0%) 
HDR lightdata         [variable]           0/0        ( 0.0%) 
visdata               [variable]        3404/16777216 ( 0.0%) 
entdata               [variable]       11686/4194304  ( 0.3%) 
LDR ambient table      413/65536        1652/262144   ( 0.6%) 
HDR ambient table      413/65536        1652/262144   ( 0.6%) 
LDR leaf ambient       135/65536        3780/1835008  ( 0.2%) 
HDR leaf ambient       413/65536       11564/1835008  ( 0.6%) 
occluders                0/0               0/0        ( 0.0%) 
occluder polygons        0/0               0/0        ( 0.0%) 
occluder vert ind        0/0               0/0        ( 0.0%) 
detail props          [variable]          12/0        ( 0.0%) 
static props          [variable]          12/0        ( 0.0%) 
static prop count        0/16384           0/0        ( 0.0%) 
pakfile               [variable]       91436/0        ( 0.0%) 
physics               [variable]        6082/4194304  ( 0.1%) 
physics terrain       [variable]           2/1048576  ( 0.0%) 

Level flags = 0

Total triangle count: 1860
Writing d:\juegos\steam\steamapps\common\garrysmod\garrysmod\addons\vjguardfixim_maps_src\maps\src\cets_under_tram.bsp
3 seconds elapsed




materialPath: D:\Juegos\Steam\steamapps\common\GarrysMod\garrysmod\materials
Loading d:\juegos\steam\steamapps\common\garrysmod\garrysmod\addons\vjguardfixim_maps_src\maps\src\cets_under_tram.vmf
Patching WVT material: maps/cets_under_tram/concrete/blendconcreterock001a_wvt_patch
fixing up env_cubemap materials on brush sides...
ProcessBlock_Thread: 0...1...2...3...4...5...6...7...8...9...10 (0)
ProcessBlock_Thread: 0...1...2...3...4...5...6...7...8...9...10 (0)
Processing areas...done (0)
Building Faces...done (0)
FixTjuncs...
PruneNodes...
WriteBSP...
done (0)
writing d:\juegos\steam\steamapps\common\garrysmod\garrysmod\addons\vjguardfixim_maps_src\maps\src\cets_under_tram.prt...
Building visibility clusters...
done (0)
Creating default LDR cubemaps for env_cubemap using skybox materials:
   skybox/sky_day01_09*.vmt
 ! Run buildcubemaps in the engine to get the correct cube maps.
Creating default HDR cubemaps for env_cubemap using skybox materials:
   skybox/sky_day01_09*.vmt
 ! Run buildcubemaps in the engine to get the correct cube maps.
Finding displacement neighbors...
Finding lightmap sample positions...
Displacement Alpha : 0...1...2...3...4...5...6...7...8...9...10
Building Physics collision data...
done (0) (6082 bytes)
Placing detail props : 0...1...2...3...4...5...6...7...8...9...10
Compacting texture/material tables...
Reduced 72 texinfos to 9
Reduced 5 texdatas to 4 (154 bytes to 123)
Writing d:\juegos\steam\steamapps\common\garrysmod\garrysmod\addons\vjguardfixim_maps_src\maps\src\cets_under_tram.bsp
1 second elapsed



16 threads
reading d:\juegos\steam\steamapps\common\garrysmod\garrysmod\addons\vjguardfixim_maps_src\maps\src\cets_under_tram.bsp
reading d:\juegos\steam\steamapps\common\garrysmod\garrysmod\addons\vjguardfixim_maps_src\maps\src\cets_under_tram.prt
 100 portalclusters
 180 numportals
BasePortalVis:       0...1...2...3...4...5...6...7...8...9...10 (0)
Optimized: 0 visible clusters (0.00%)
Total clusters visible: 10000
Average clusters visible: 100
Building PAS...
Average clusters audible: 100
visdatasize:3404  compressed from 3200
writing d:\juegos\steam\steamapps\common\garrysmod\garrysmod\addons\vjguardfixim_maps_src\maps\src\cets_under_tram.bsp
0 seconds elapsed



[Reading texlights from 'lights.rad']
[51 texlights parsed from 'lights.rad']
Loading d:\juegos\steam\steamapps\common\garrysmod\garrysmod\addons\vjguardfixim_maps_src\maps\src\cets_under_tram.bsp
BuildFacelights:     0...1...2...3...4...5...6...7...8...9...10 (0)
BuildStaticPropPatchlights: 0...1...2...3...4...5...6...7...8...9...10 (0)
BuildVisLeafs:       0...1...2...3...4...5...6...7...8...9...10 (1)
transfers 114200, max 844
static prop patch transfers 0
GatherLight:         0...1...2...3...4...5...6...7...8...9...10 (0)
Build Patch/Sample Hash Table(s).....Done<0.0305 sec>
FinalLightFace:      0...1...2...3...4...5...6...7...8...9...10 (0)
FinalLightFace Done
0 of 0 (0% of) surface lights went in leaf ambient cubes.
ThreadComputeLeafAmbient: 0...1...2...3...4...5...6...7...8...9...10 (2)
Writing leaf ambient...done
Ready to Finish

Object names       Objects/Maxobjs  Memory / Maxmem  Fullness 
------------       ---------------  ---------------  -------- 
models                   4/4096          192/196608   ( 0.1%) 
brushes                 13/65535         156/786420   ( 0.0%) 
brushsides              78/655350        624/5242800  ( 0.0%) 
planes                 202/65536        4040/1310720  ( 0.3%) 
vertexes              1035/65536       12420/786432   ( 1.6%) 
nodes                  408/65536       13056/2097152  ( 0.6%) 
texinfos                 9/16384         648/1179648  ( 0.1%) 
texdata                  4/8192          128/262144   ( 0.0%) 
dispinfos                0/0               0/0        ( 0.0%) 
disp_verts               0/0               0/0        ( 0.0%) 
disp_tris                0/0               0/0        ( 0.0%) 
disp_multiblend          0/0               0/0        ( 0.0%) 
disp_lmsamples           0/0               0/0        ( 0.0%) 
faces                  930/65536       52080/3670016  ( 1.4%) 
hdr faces                0/65536           0/3670016  ( 0.0%) 
origfaces               12/65536         672/3670016  ( 0.0%) 
leaves                 413/65536       13216/2097152  ( 0.6%) 
leaffaces              930/65536        1860/131072   ( 1.4%) 
leafbrushes            467/65536         934/131072   ( 0.7%) 
areas                    2/1024           16/8192     ( 0.2%) 
surfedges             3768/512000      15072/2048000  ( 0.7%) 
edges                 1973/256000       7892/1024000  ( 0.8%) 
LDR worldlights          0/8192            0/720896   ( 0.0%) 
HDR worldlights          0/8192            0/720896   ( 0.0%) 
leafwaterdata            0/32768           0/393216   ( 0.0%) 
waterstrips              0/32768           0/327680   ( 0.0%) 
waterverts               0/65536           0/786432   ( 0.0%) 
waterindices             0/65536           0/131072   ( 0.0%) 
cubemapsamples           0/1024            0/16384    ( 0.0%) 
overlays                 0/8192            0/2883584  ( 0.0%) 
LDR lightdata         [variable]     6993872/0        ( 0.0%) 
HDR lightdata         [variable]           0/0        ( 0.0%) 
visdata               [variable]        3404/16777216 ( 0.0%) 
entdata               [variable]       11689/4194304  ( 0.3%) 
LDR ambient table      413/65536        1652/262144   ( 0.6%) 
HDR ambient table      413/65536        1652/262144   ( 0.6%) 
LDR leaf ambient       135/65536        3780/1835008  ( 0.2%) 
HDR leaf ambient       413/65536       11564/1835008  ( 0.6%) 
occluders                0/0               0/0        ( 0.0%) 
occluder polygons        0/0               0/0        ( 0.0%) 
occluder vert ind        0/0               0/0        ( 0.0%) 
detail props          [variable]          12/0        ( 0.0%) 
static props          [variable]          12/0        ( 0.0%) 
static prop count        0/16384           0/0        ( 0.0%) 
pakfile               [variable]       91436/0        ( 0.0%) 
physics               [variable]        6082/4194304  ( 0.1%) 
physics terrain       [variable]           2/1048576  ( 0.0%) 

Level flags = 0

Total triangle count: 1860
Writing d:\juegos\steam\steamapps\common\garrysmod\garrysmod\addons\vjguardfixim_maps_src\maps\src\cets_under_tram.bsp
3 seconds elapsed




materialPath: D:\Juegos\Steam\steamapps\common\GarrysMod\garrysmod\materials
Loading d:\juegos\steam\steamapps\common\garrysmod\garrysmod\addons\vjguardfixim_maps_src\maps\src\cets_under_tram.vmf
Patching WVT material: maps/cets_under_tram/concrete/blendconcreterock001a_wvt_patch
fixing up env_cubemap materials on brush sides...
ProcessBlock_Thread: 0...1...2...3...4...5...6...7...8...9...10 (0)
**** leaked ****
Entity path_track (-384.00 -3136.00 128.00) leaked!
Processing areas...done (0)
Building Faces...done (0)
FixTjuncs...
PruneNodes...
WriteBSP...
done (0)
Creating default LDR cubemaps for env_cubemap using skybox materials:
   skybox/sky_day01_09*.vmt
 ! Run buildcubemaps in the engine to get the correct cube maps.
Creating default HDR cubemaps for env_cubemap using skybox materials:
   skybox/sky_day01_09*.vmt
 ! Run buildcubemaps in the engine to get the correct cube maps.
Finding displacement neighbors...
Finding lightmap sample positions...
Displacement Alpha : 0...1...2...3...4...5...6...7...8...9...10
Building Physics collision data...
done (0) (3965 bytes)
Placing detail props : 0...1...2...3...4...5...6...7...8...9...10
Compacting texture/material tables...
Reduced 66 texinfos to 13
Reduced 4 texdatas to 3 (136 bytes to 105)
Writing d:\juegos\steam\steamapps\common\garrysmod\garrysmod\addons\vjguardfixim_maps_src\maps\src\cets_under_tram.bsp
3 seconds elapsed



16 threads
reading d:\juegos\steam\steamapps\common\garrysmod\garrysmod\addons\vjguardfixim_maps_src\maps\src\cets_under_tram.bsp
reading d:\juegos\steam\steamapps\common\garrysmod\garrysmod\addons\vjguardfixim_maps_src\maps\src\cets_under_tram.prt
LoadPortals: couldn't read d:\juegos\steam\steamapps\common\garrysmod\garrysmod\addons\vjguardfixim_maps_src\maps\src\cets_under_tram.prt



materialPath: D:\Juegos\Steam\steamapps\common\GarrysMod\garrysmod\materials
Loading d:\juegos\steam\steamapps\common\garrysmod\garrysmod\addons\vjguardfixim_maps_src\maps\src\cets_under_tram.vmf
Patching WVT material: maps/cets_under_tram/concrete/blendconcreterock001a_wvt_patch
fixing up env_cubemap materials on brush sides...
ProcessBlock_Thread: 0...1...2...3...4...5...6...7...8...9...10 (0)
ProcessBlock_Thread: 0...1...2...3...4...5...6...7...8...9...10 (0)
Processing areas...done (0)
Building Faces...done (0)
FixTjuncs...
PruneNodes...
WriteBSP...
done (0)
writing d:\juegos\steam\steamapps\common\garrysmod\garrysmod\addons\vjguardfixim_maps_src\maps\src\cets_under_tram.prt...
Building visibility clusters...
done (0)
Creating default LDR cubemaps for env_cubemap using skybox materials:
   skybox/sky_day01_09*.vmt
 ! Run buildcubemaps in the engine to get the correct cube maps.
Creating default HDR cubemaps for env_cubemap using skybox materials:
   skybox/sky_day01_09*.vmt
 ! Run buildcubemaps in the engine to get the correct cube maps.
Finding displacement neighbors...
Finding lightmap sample positions...
Displacement Alpha : 0...1...2...3...4...5...6...7...8...9...10
Building Physics collision data...
done (0) (6082 bytes)
Placing detail props : 0...1...2...3...4...5...6...7...8...9...10
Compacting texture/material tables...
Reduced 72 texinfos to 9
Reduced 5 texdatas to 4 (154 bytes to 123)
Writing d:\juegos\steam\steamapps\common\garrysmod\garrysmod\addons\vjguardfixim_maps_src\maps\src\cets_under_tram.bsp
1 second elapsed



16 threads
reading d:\juegos\steam\steamapps\common\garrysmod\garrysmod\addons\vjguardfixim_maps_src\maps\src\cets_under_tram.bsp
reading d:\juegos\steam\steamapps\common\garrysmod\garrysmod\addons\vjguardfixim_maps_src\maps\src\cets_under_tram.prt
 100 portalclusters
 180 numportals
BasePortalVis:       0...1...2...3...4...5...6...7...8...9...10 (0)
Optimized: 0 visible clusters (0.00%)
Total clusters visible: 10000
Average clusters visible: 100
Building PAS...
Average clusters audible: 100
visdatasize:3404  compressed from 3200
writing d:\juegos\steam\steamapps\common\garrysmod\garrysmod\addons\vjguardfixim_maps_src\maps\src\cets_under_tram.bsp
0 seconds elapsed



[Reading texlights from 'lights.rad']
[51 texlights parsed from 'lights.rad']
Loading d:\juegos\steam\steamapps\common\garrysmod\garrysmod\addons\vjguardfixim_maps_src\maps\src\cets_under_tram.bsp
BuildFacelights:     0...1...2...3...4...5...6...7...8...9...10 (0)
BuildStaticPropPatchlights: 0...1...2...3...4...5...6...7...8...9...10 (0)
BuildVisLeafs:       0...1...2...3...4...5...6...7...8...9...10 (1)
transfers 114200, max 844
static prop patch transfers 0
GatherLight:         0...1...2...3...4...5...6...7...8...9...10 (0)
Build Patch/Sample Hash Table(s).....Done<0.0304 sec>
FinalLightFace:      0...1...2...3...4...5...6...7...8...9...10 (0)
FinalLightFace Done
0 of 0 (0% of) surface lights went in leaf ambient cubes.
ThreadComputeLeafAmbient: 0...1...2...3...4...5...6...7...8...9...10 (2)
Writing leaf ambient...done
Ready to Finish

Object names       Objects/Maxobjs  Memory / Maxmem  Fullness 
------------       ---------------  ---------------  -------- 
models                   4/4096          192/196608   ( 0.1%) 
brushes                 13/65535         156/786420   ( 0.0%) 
brushsides              78/655350        624/5242800  ( 0.0%) 
planes                 202/65536        4040/1310720  ( 0.3%) 
vertexes              1035/65536       12420/786432   ( 1.6%) 
nodes                  408/65536       13056/2097152  ( 0.6%) 
texinfos                 9/16384         648/1179648  ( 0.1%) 
texdata                  4/8192          128/262144   ( 0.0%) 
dispinfos                0/0               0/0        ( 0.0%) 
disp_verts               0/0               0/0        ( 0.0%) 
disp_tris                0/0               0/0        ( 0.0%) 
disp_multiblend          0/0               0/0        ( 0.0%) 
disp_lmsamples           0/0               0/0        ( 0.0%) 
faces                  930/65536       52080/3670016  ( 1.4%) 
hdr faces                0/65536           0/3670016  ( 0.0%) 
origfaces               12/65536         672/3670016  ( 0.0%) 
leaves                 413/65536       13216/2097152  ( 0.6%) 
leaffaces              930/65536        1860/131072   ( 1.4%) 
leafbrushes            467/65536         934/131072   ( 0.7%) 
areas                    2/1024           16/8192     ( 0.2%) 
surfedges             3768/512000      15072/2048000  ( 0.7%) 
edges                 1973/256000       7892/1024000  ( 0.8%) 
LDR worldlights          0/8192            0/720896   ( 0.0%) 
HDR worldlights          0/8192            0/720896   ( 0.0%) 
leafwaterdata            0/32768           0/393216   ( 0.0%) 
waterstrips              0/32768           0/327680   ( 0.0%) 
waterverts               0/65536           0/786432   ( 0.0%) 
waterindices             0/65536           0/131072   ( 0.0%) 
cubemapsamples           0/1024            0/16384    ( 0.0%) 
overlays                 0/8192            0/2883584  ( 0.0%) 
LDR lightdata         [variable]     6993872/0        ( 0.0%) 
HDR lightdata         [variable]           0/0        ( 0.0%) 
visdata               [variable]        3404/16777216 ( 0.0%) 
entdata               [variable]       11680/4194304  ( 0.3%) 
LDR ambient table      413/65536        1652/262144   ( 0.6%) 
HDR ambient table      413/65536        1652/262144   ( 0.6%) 
LDR leaf ambient       135/65536        3780/1835008  ( 0.2%) 
HDR leaf ambient       413/65536       11564/1835008  ( 0.6%) 
occluders                0/0               0/0        ( 0.0%) 
occluder polygons        0/0               0/0        ( 0.0%) 
occluder vert ind        0/0               0/0        ( 0.0%) 
detail props          [variable]          12/0        ( 0.0%) 
static props          [variable]          12/0        ( 0.0%) 
static prop count        0/16384           0/0        ( 0.0%) 
pakfile               [variable]       91436/0        ( 0.0%) 
physics               [variable]        6082/4194304  ( 0.1%) 
physics terrain       [variable]           2/1048576  ( 0.0%) 

Level flags = 0

Total triangle count: 1860
Writing d:\juegos\steam\steamapps\common\garrysmod\garrysmod\addons\vjguardfixim_maps_src\maps\src\cets_under_tram.bsp
3 seconds elapsed




materialPath: D:\Juegos\Steam\steamapps\common\GarrysMod\garrysmod\materials
Loading d:\juegos\steam\steamapps\common\garrysmod\garrysmod\addons\vjguardfixim_maps_src\maps\src\cets_under_tram.vmf
Patching WVT material: maps/cets_under_tram/concrete/blendconcreterock001a_wvt_patch
fixing up env_cubemap materials on brush sides...
ProcessBlock_Thread: 0...1...2...3...4...5...6...7...8...9...10 (0)
ProcessBlock_Thread: 0...1...2...3...4...5...6...7...8...9...10 (0)
Processing areas...done (0)
Building Faces...done (0)
FixTjuncs...
PruneNodes...
WriteBSP...
done (0)
writing d:\juegos\steam\steamapps\common\garrysmod\garrysmod\addons\vjguardfixim_maps_src\maps\src\cets_under_tram.prt...
Building visibility clusters...
done (0)
Creating default LDR cubemaps for env_cubemap using skybox materials:
   skybox/sky_day01_09*.vmt
 ! Run buildcubemaps in the engine to get the correct cube maps.
Creating default HDR cubemaps for env_cubemap using skybox materials:
   skybox/sky_day01_09*.vmt
 ! Run buildcubemaps in the engine to get the correct cube maps.
Finding displacement neighbors...
Finding lightmap sample positions...
Displacement Alpha : 0...1...2...3...4...5...6...7...8...9...10
Building Physics collision data...
done (0) (6082 bytes)
Placing detail props : 0...1...2...3...4...5...6...7...8...9...10
Compacting texture/material tables...
Reduced 72 texinfos to 9
Reduced 5 texdatas to 4 (154 bytes to 123)
Writing d:\juegos\steam\steamapps\common\garrysmod\garrysmod\addons\vjguardfixim_maps_src\maps\src\cets_under_tram.bsp
1 second elapsed



16 threads
reading d:\juegos\steam\steamapps\common\garrysmod\garrysmod\addons\vjguardfixim_maps_src\maps\src\cets_under_tram.bsp
reading d:\juegos\steam\steamapps\common\garrysmod\garrysmod\addons\vjguardfixim_maps_src\maps\src\cets_under_tram.prt
 100 portalclusters
 180 numportals
BasePortalVis:       0...1...2...3...4...5...6...7...8...9...10 (0)
Optimized: 0 visible clusters (0.00%)
Total clusters visible: 10000
Average clusters visible: 100
Building PAS...
Average clusters audible: 100
visdatasize:3404  compressed from 3200
writing d:\juegos\steam\steamapps\common\garrysmod\garrysmod\addons\vjguardfixim_maps_src\maps\src\cets_under_tram.bsp
0 seconds elapsed



[Reading texlights from 'lights.rad']
[51 texlights parsed from 'lights.rad']
Loading d:\juegos\steam\steamapps\common\garrysmod\garrysmod\addons\vjguardfixim_maps_src\maps\src\cets_under_tram.bsp
BuildFacelights:     0...1...2...3...4...5...6...7...8...9...10 (0)
BuildStaticPropPatchlights: 0...1...2...3...4...5...6...7...8...9...10 (0)
BuildVisLeafs:       0...1...2...3...4...5...6...7...8...9...10 (1)
transfers 114200, max 844
static prop patch transfers 0
GatherLight:         0...1...2...3...4...5...6...7...8...9...10 (0)
Build Patch/Sample Hash Table(s).....Done<0.0299 sec>
FinalLightFace:      0...1...2...3...4...5...6...7...8...9...10 (0)
FinalLightFace Done
0 of 0 (0% of) surface lights went in leaf ambient cubes.
ThreadComputeLeafAmbient: 0...1...2...3...4...5...6...7...8...9...10 (2)
Writing leaf ambient...done
Ready to Finish

Object names       Objects/Maxobjs  Memory / Maxmem  Fullness 
------------       ---------------  ---------------  -------- 
models                   4/4096          192/196608   ( 0.1%) 
brushes                 13/65535         156/786420   ( 0.0%) 
brushsides              78/655350        624/5242800  ( 0.0%) 
planes                 202/65536        4040/1310720  ( 0.3%) 
vertexes              1035/65536       12420/786432   ( 1.6%) 
nodes                  408/65536       13056/2097152  ( 0.6%) 
texinfos                 9/16384         648/1179648  ( 0.1%) 
texdata                  4/8192          128/262144   ( 0.0%) 
dispinfos                0/0               0/0        ( 0.0%) 
disp_verts               0/0               0/0        ( 0.0%) 
disp_tris                0/0               0/0        ( 0.0%) 
disp_multiblend          0/0               0/0        ( 0.0%) 
disp_lmsamples           0/0               0/0        ( 0.0%) 
faces                  930/65536       52080/3670016  ( 1.4%) 
hdr faces                0/65536           0/3670016  ( 0.0%) 
origfaces               12/65536         672/3670016  ( 0.0%) 
leaves                 413/65536       13216/2097152  ( 0.6%) 
leaffaces              930/65536        1860/131072   ( 1.4%) 
leafbrushes            467/65536         934/131072   ( 0.7%) 
areas                    2/1024           16/8192     ( 0.2%) 
surfedges             3768/512000      15072/2048000  ( 0.7%) 
edges                 1973/256000       7892/1024000  ( 0.8%) 
LDR worldlights          0/8192            0/720896   ( 0.0%) 
HDR worldlights          0/8192            0/720896   ( 0.0%) 
leafwaterdata            0/32768           0/393216   ( 0.0%) 
waterstrips              0/32768           0/327680   ( 0.0%) 
waterverts               0/65536           0/786432   ( 0.0%) 
waterindices             0/65536           0/131072   ( 0.0%) 
cubemapsamples           0/1024            0/16384    ( 0.0%) 
overlays                 0/8192            0/2883584  ( 0.0%) 
LDR lightdata         [variable]     6993872/0        ( 0.0%) 
HDR lightdata         [variable]           0/0        ( 0.0%) 
visdata               [variable]        3404/16777216 ( 0.0%) 
entdata               [variable]       11680/4194304  ( 0.3%) 
LDR ambient table      413/65536        1652/262144   ( 0.6%) 
HDR ambient table      413/65536        1652/262144   ( 0.6%) 
LDR leaf ambient       135/65536        3780/1835008  ( 0.2%) 
HDR leaf ambient       413/65536       11564/1835008  ( 0.6%) 
occluders                0/0               0/0        ( 0.0%) 
occluder polygons        0/0               0/0        ( 0.0%) 
occluder vert ind        0/0               0/0        ( 0.0%) 
detail props          [variable]          12/0        ( 0.0%) 
static props          [variable]          12/0        ( 0.0%) 
static prop count        0/16384           0/0        ( 0.0%) 
pakfile               [variable]       91436/0        ( 0.0%) 
physics               [variable]        6082/4194304  ( 0.1%) 
physics terrain       [variable]           2/1048576  ( 0.0%) 

Level flags = 0

Total triangle count: 1860
Writing d:\juegos\steam\steamapps\common\garrysmod\garrysmod\addons\vjguardfixim_maps_src\maps\src\cets_under_tram.bsp
3 seconds elapsed




materialPath: D:\Juegos\Steam\steamapps\common\GarrysMod\garrysmod\materials
Loading d:\juegos\steam\steamapps\common\garrysmod\garrysmod\addons\vjguardfixim_maps_src\maps\src\cets_under_tram.vmf
Patching WVT material: maps/cets_under_tram/concrete/blendconcreterock001a_wvt_patch
fixing up env_cubemap materials on brush sides...
ProcessBlock_Thread: 0...1...2...3...4...5...6...7...8...9...10 (0)
ProcessBlock_Thread: 0...1...2...3...4...5...6...7...8...9...10 (0)
Processing areas...done (0)
Building Faces...done (0)
FixTjuncs...
PruneNodes...
WriteBSP...
done (0)
writing d:\juegos\steam\steamapps\common\garrysmod\garrysmod\addons\vjguardfixim_maps_src\maps\src\cets_under_tram.prt...
Building visibility clusters...
done (0)
Creating default LDR cubemaps for env_cubemap using skybox materials:
   skybox/sky_day01_09*.vmt
 ! Run buildcubemaps in the engine to get the correct cube maps.
Creating default HDR cubemaps for env_cubemap using skybox materials:
   skybox/sky_day01_09*.vmt
 ! Run buildcubemaps in the engine to get the correct cube maps.
Finding displacement neighbors...
Finding lightmap sample positions...
Displacement Alpha : 0...1...2...3...4...5...6...7...8...9...10
Building Physics collision data...
done (0) (6082 bytes)
Placing detail props : 0...1...2...3...4...5...6...7...8...9...10
Compacting texture/material tables...
Reduced 72 texinfos to 9
Reduced 5 texdatas to 4 (154 bytes to 123)
Writing d:\juegos\steam\steamapps\common\garrysmod\garrysmod\addons\vjguardfixim_maps_src\maps\src\cets_under_tram.bsp
1 second elapsed



16 threads
reading d:\juegos\steam\steamapps\common\garrysmod\garrysmod\addons\vjguardfixim_maps_src\maps\src\cets_under_tram.bsp
reading d:\juegos\steam\steamapps\common\garrysmod\garrysmod\addons\vjguardfixim_maps_src\maps\src\cets_under_tram.prt
 100 portalclusters
 180 numportals
BasePortalVis:       0...1...2...3...4...5...6...7...8...9...10 (0)
Optimized: 0 visible clusters (0.00%)
Total clusters visible: 10000
Average clusters visible: 100
Building PAS...
Average clusters audible: 100
visdatasize:3404  compressed from 3200
writing d:\juegos\steam\steamapps\common\garrysmod\garrysmod\addons\vjguardfixim_maps_src\maps\src\cets_under_tram.bsp
0 seconds elapsed



[Reading texlights from 'lights.rad']
[51 texlights parsed from 'lights.rad']
Loading d:\juegos\steam\steamapps\common\garrysmod\garrysmod\addons\vjguardfixim_maps_src\maps\src\cets_under_tram.bsp
BuildFacelights:     0...1...2...3...4...5...6...7...8...9...10 (0)
BuildStaticPropPatchlights: 0...1...2...3...4...5...6...7...8...9...10 (0)
BuildVisLeafs:       0...1...2...3...4...5...6...7...8...9...10 (1)
transfers 114200, max 844
static prop patch transfers 0
GatherLight:         0...1...2...3...4...5...6...7...8...9...10 (0)
Build Patch/Sample Hash Table(s).....Done<0.0288 sec>
FinalLightFace:      0...1...2...3...4...5...6...7...8...9...10 (0)
FinalLightFace Done
0 of 0 (0% of) surface lights went in leaf ambient cubes.
ThreadComputeLeafAmbient: 0...1...2...3...4...5...6...7...8...9...10 (2)
Writing leaf ambient...done
Ready to Finish

Object names       Objects/Maxobjs  Memory / Maxmem  Fullness 
------------       ---------------  ---------------  -------- 
models                   4/4096          192/196608   ( 0.1%) 
brushes                 13/65535         156/786420   ( 0.0%) 
brushsides              78/655350        624/5242800  ( 0.0%) 
planes                 202/65536        4040/1310720  ( 0.3%) 
vertexes              1035/65536       12420/786432   ( 1.6%) 
nodes                  408/65536       13056/2097152  ( 0.6%) 
texinfos                 9/16384         648/1179648  ( 0.1%) 
texdata                  4/8192          128/262144   ( 0.0%) 
dispinfos                0/0               0/0        ( 0.0%) 
disp_verts               0/0               0/0        ( 0.0%) 
disp_tris                0/0               0/0        ( 0.0%) 
disp_multiblend          0/0               0/0        ( 0.0%) 
disp_lmsamples           0/0               0/0        ( 0.0%) 
faces                  930/65536       52080/3670016  ( 1.4%) 
hdr faces                0/65536           0/3670016  ( 0.0%) 
origfaces               12/65536         672/3670016  ( 0.0%) 
leaves                 413/65536       13216/2097152  ( 0.6%) 
leaffaces              930/65536        1860/131072   ( 1.4%) 
leafbrushes            467/65536         934/131072   ( 0.7%) 
areas                    2/1024           16/8192     ( 0.2%) 
surfedges             3768/512000      15072/2048000  ( 0.7%) 
edges                 1973/256000       7892/1024000  ( 0.8%) 
LDR worldlights          0/8192            0/720896   ( 0.0%) 
HDR worldlights          0/8192            0/720896   ( 0.0%) 
leafwaterdata            0/32768           0/393216   ( 0.0%) 
waterstrips              0/32768           0/327680   ( 0.0%) 
waterverts               0/65536           0/786432   ( 0.0%) 
waterindices             0/65536           0/131072   ( 0.0%) 
cubemapsamples           0/1024            0/16384    ( 0.0%) 
overlays                 0/8192            0/2883584  ( 0.0%) 
LDR lightdata         [variable]     6993872/0        ( 0.0%) 
HDR lightdata         [variable]           0/0        ( 0.0%) 
visdata               [variable]        3404/16777216 ( 0.0%) 
entdata               [variable]       11682/4194304  ( 0.3%) 
LDR ambient table      413/65536        1652/262144   ( 0.6%) 
HDR ambient table      413/65536        1652/262144   ( 0.6%) 
LDR leaf ambient       135/65536        3780/1835008  ( 0.2%) 
HDR leaf ambient       413/65536       11564/1835008  ( 0.6%) 
occluders                0/0               0/0        ( 0.0%) 
occluder polygons        0/0               0/0        ( 0.0%) 
occluder vert ind        0/0               0/0        ( 0.0%) 
detail props          [variable]          12/0        ( 0.0%) 
static props          [variable]          12/0        ( 0.0%) 
static prop count        0/16384           0/0        ( 0.0%) 
pakfile               [variable]       91436/0        ( 0.0%) 
physics               [variable]        6082/4194304  ( 0.1%) 
physics terrain       [variable]           2/1048576  ( 0.0%) 

Level flags = 0

Total triangle count: 1860
Writing d:\juegos\steam\steamapps\common\garrysmod\garrysmod\addons\vjguardfixim_maps_src\maps\src\cets_under_tram.bsp
3 seconds elapsed




materialPath: D:\Juegos\Steam\steamapps\common\GarrysMod\garrysmod\materials
Loading d:\juegos\steam\steamapps\common\garrysmod\garrysmod\addons\vjguardfixim_maps_src\maps\src\cets_under_tram.vmf
Patching WVT material: maps/cets_under_tram/concrete/blendconcreterock001a_wvt_patch
fixing up env_cubemap materials on brush sides...
ProcessBlock_Thread: 0...1...2...3...4...5...6...7...8...9...10 (0)
ProcessBlock_Thread: 0...1...2...3...4...5...6...7...8...9...10 (0)
Processing areas...done (0)
Building Faces...done (0)
FixTjuncs...
PruneNodes...
WriteBSP...
done (0)
writing d:\juegos\steam\steamapps\common\garrysmod\garrysmod\addons\vjguardfixim_maps_src\maps\src\cets_under_tram.prt...
Building visibility clusters...
done (0)
Creating default LDR cubemaps for env_cubemap using skybox materials:
   skybox/sky_day01_09*.vmt
 ! Run buildcubemaps in the engine to get the correct cube maps.
Creating default HDR cubemaps for env_cubemap using skybox materials:
   skybox/sky_day01_09*.vmt
 ! Run buildcubemaps in the engine to get the correct cube maps.
Finding displacement neighbors...
Finding lightmap sample positions...
Displacement Alpha : 0...1...2...3...4...5...6...7...8...9...10
Building Physics collision data...
done (0) (6640 bytes)
Placing detail props : 0...1...2...3...4...5...6...7...8...9...10
Compacting texture/material tables...
Reduced 84 texinfos to 15
Reduced 6 texdatas to 5 (177 bytes to 146)
Writing d:\juegos\steam\steamapps\common\garrysmod\garrysmod\addons\vjguardfixim_maps_src\maps\src\cets_under_tram.bsp
1 second elapsed



16 threads
reading d:\juegos\steam\steamapps\common\garrysmod\garrysmod\addons\vjguardfixim_maps_src\maps\src\cets_under_tram.bsp
reading d:\juegos\steam\steamapps\common\garrysmod\garrysmod\addons\vjguardfixim_maps_src\maps\src\cets_under_tram.prt
 100 portalclusters
 180 numportals
BasePortalVis:       0...1...2...3...4...5...6...7...8...9...10 (0)
Optimized: 0 visible clusters (0.00%)
Total clusters visible: 10000
Average clusters visible: 100
Building PAS...
Average clusters audible: 100
visdatasize:3404  compressed from 3200
writing d:\juegos\steam\steamapps\common\garrysmod\garrysmod\addons\vjguardfixim_maps_src\maps\src\cets_under_tram.bsp
0 seconds elapsed



[Reading texlights from 'lights.rad']
[51 texlights parsed from 'lights.rad']
Loading d:\juegos\steam\steamapps\common\garrysmod\garrysmod\addons\vjguardfixim_maps_src\maps\src\cets_under_tram.bsp
BuildFacelights:     0...1...2...3...4...5...6...7...8...9...10 (0)
BuildStaticPropPatchlights: 0...1...2...3...4...5...6...7...8...9...10 (0)
BuildVisLeafs:       0...1...2...3...4...5...6...7...8...9...10 (1)
transfers 116023, max 844
static prop patch transfers 0
GatherLight:         0...1...2...3...4...5...6...7...8...9...10 (0)
Build Patch/Sample Hash Table(s).....Done<0.0290 sec>
FinalLightFace:      0...1...2...3...4...5...6...7...8...9...10 (0)
FinalLightFace Done
0 of 0 (0% of) surface lights went in leaf ambient cubes.
ThreadComputeLeafAmbient: 0...1...2...3...4...5...6...7...8...9...10 (2)
Writing leaf ambient...done
Ready to Finish

Object names       Objects/Maxobjs  Memory / Maxmem  Fullness 
------------       ---------------  ---------------  -------- 
models                   5/4096          240/196608   ( 0.1%) 
brushes                 14/65535         168/786420   ( 0.0%) 
brushsides              84/655350        672/5242800  ( 0.0%) 
planes                 224/65536        4480/1310720  ( 0.3%) 
vertexes              1043/65536       12516/786432   ( 1.6%) 
nodes                  414/65536       13248/2097152  ( 0.6%) 
texinfos                15/16384        1080/1179648  ( 0.1%) 
texdata                  5/8192          160/262144   ( 0.1%) 
dispinfos                0/0               0/0        ( 0.0%) 
disp_verts               0/0               0/0        ( 0.0%) 
disp_tris                0/0               0/0        ( 0.0%) 
disp_multiblend          0/0               0/0        ( 0.0%) 
disp_lmsamples           0/0               0/0        ( 0.0%) 
faces                  936/65536       52416/3670016  ( 1.4%) 
hdr faces                0/65536           0/3670016  ( 0.0%) 
origfaces               18/65536        1008/3670016  ( 0.0%) 
leaves                 420/65536       13440/2097152  ( 0.6%) 
leaffaces              936/65536        1872/131072   ( 1.4%) 
leafbrushes            468/65536         936/131072   ( 0.7%) 
areas                    2/1024           16/8192     ( 0.2%) 
surfedges             3816/512000      15264/2048000  ( 0.7%) 
edges                 1997/256000       7988/1024000  ( 0.8%) 
LDR worldlights          0/8192            0/720896   ( 0.0%) 
HDR worldlights          0/8192            0/720896   ( 0.0%) 
leafwaterdata            0/32768           0/393216   ( 0.0%) 
waterstrips              0/32768           0/327680   ( 0.0%) 
waterverts               0/65536           0/786432   ( 0.0%) 
waterindices             0/65536           0/131072   ( 0.0%) 
cubemapsamples           0/1024            0/16384    ( 0.0%) 
overlays                 0/8192            0/2883584  ( 0.0%) 
LDR lightdata         [variable]     6993872/0        ( 0.0%) 
HDR lightdata         [variable]           0/0        ( 0.0%) 
visdata               [variable]        3404/16777216 ( 0.0%) 
entdata               [variable]       11902/4194304  ( 0.3%) 
LDR ambient table      420/65536        1680/262144   ( 0.6%) 
HDR ambient table      420/65536        1680/262144   ( 0.6%) 
LDR leaf ambient       141/65536        3948/1835008  ( 0.2%) 
HDR leaf ambient       420/65536       11760/1835008  ( 0.6%) 
occluders                0/0               0/0        ( 0.0%) 
occluder polygons        0/0               0/0        ( 0.0%) 
occluder vert ind        0/0               0/0        ( 0.0%) 
detail props          [variable]          12/0        ( 0.0%) 
static props          [variable]          12/0        ( 0.0%) 
static prop count        0/16384           0/0        ( 0.0%) 
pakfile               [variable]       91436/0        ( 0.0%) 
physics               [variable]        6640/4194304  ( 0.2%) 
physics terrain       [variable]           2/1048576  ( 0.0%) 

Level flags = 0

Total triangle count: 1872
Writing d:\juegos\steam\steamapps\common\garrysmod\garrysmod\addons\vjguardfixim_maps_src\maps\src\cets_under_tram.bsp
4 seconds elapsed




materialPath: D:\Juegos\Steam\steamapps\common\GarrysMod\garrysmod\materials
Loading d:\juegos\steam\steamapps\common\garrysmod\garrysmod\addons\vjguardfixim_maps_src\maps\src\cets_under_tram.vmf
Patching WVT material: maps/cets_under_tram/concrete/blendconcreterock001a_wvt_patch
fixing up env_cubemap materials on brush sides...
ProcessBlock_Thread: 0...1...2...3...4...5...6...7...8...9...10 (0)
ProcessBlock_Thread: 0...1...2...3...4...5...6...7...8...9...10 (0)
Processing areas...done (0)
Building Faces...done (0)
FixTjuncs...
PruneNodes...
WriteBSP...
done (0)
writing d:\juegos\steam\steamapps\common\garrysmod\garrysmod\addons\vjguardfixim_maps_src\maps\src\cets_under_tram.prt...
Building visibility clusters...
done (0)
Creating default LDR cubemaps for env_cubemap using skybox materials:
   skybox/sky_day01_09*.vmt
 ! Run buildcubemaps in the engine to get the correct cube maps.
Creating default HDR cubemaps for env_cubemap using skybox materials:
   skybox/sky_day01_09*.vmt
 ! Run buildcubemaps in the engine to get the correct cube maps.
Finding displacement neighbors...
Finding lightmap sample positions...
Displacement Alpha : 0...1...2...3...4...5...6...7...8...9...10
Building Physics collision data...
done (0) (6082 bytes)
Placing detail props : 0...1...2...3...4...5...6...7...8...9...10
Compacting texture/material tables...
Reduced 72 texinfos to 9
Reduced 5 texdatas to 4 (154 bytes to 123)
Writing d:\juegos\steam\steamapps\common\garrysmod\garrysmod\addons\vjguardfixim_maps_src\maps\src\cets_under_tram.bsp
1 second elapsed



16 threads
reading d:\juegos\steam\steamapps\common\garrysmod\garrysmod\addons\vjguardfixim_maps_src\maps\src\cets_under_tram.bsp
reading d:\juegos\steam\steamapps\common\garrysmod\garrysmod\addons\vjguardfixim_maps_src\maps\src\cets_under_tram.prt
 100 portalclusters
 180 numportals
BasePortalVis:       0...1...2...3...4...5...6...7...8...9...10 (0)
Optimized: 0 visible clusters (0.00%)
Total clusters visible: 10000
Average clusters visible: 100
Building PAS...
Average clusters audible: 100
visdatasize:3404  compressed from 3200
writing d:\juegos\steam\steamapps\common\garrysmod\garrysmod\addons\vjguardfixim_maps_src\maps\src\cets_under_tram.bsp
0 seconds elapsed



[Reading texlights from 'lights.rad']
[51 texlights parsed from 'lights.rad']
Loading d:\juegos\steam\steamapps\common\garrysmod\garrysmod\addons\vjguardfixim_maps_src\maps\src\cets_under_tram.bsp
BuildFacelights:     0...1...2...3...4...5...6...7...8...9...10 (0)
BuildStaticPropPatchlights: 0...1...2...3...4...5...6...7...8...9...10 (0)
BuildVisLeafs:       0...1...2...3...4...5...6...7...8...9...10 (1)
transfers 114200, max 844
static prop patch transfers 0
GatherLight:         0...1...2...3...4...5...6...7...8...9...10 (0)
Build Patch/Sample Hash Table(s).....Done<0.0283 sec>
FinalLightFace:      0...1...2...3...4...5...6...7...8...9...10 (0)
FinalLightFace Done
0 of 0 (0% of) surface lights went in leaf ambient cubes.
ThreadComputeLeafAmbient: 0...1...2...3...4...5...6...7...8...9...10 (2)
Writing leaf ambient...done
Ready to Finish

Object names       Objects/Maxobjs  Memory / Maxmem  Fullness 
------------       ---------------  ---------------  -------- 
models                   4/4096          192/196608   ( 0.1%) 
brushes                 13/65535         156/786420   ( 0.0%) 
brushsides              78/655350        624/5242800  ( 0.0%) 
planes                 202/65536        4040/1310720  ( 0.3%) 
vertexes              1035/65536       12420/786432   ( 1.6%) 
nodes                  408/65536       13056/2097152  ( 0.6%) 
texinfos                 9/16384         648/1179648  ( 0.1%) 
texdata                  4/8192          128/262144   ( 0.0%) 
dispinfos                0/0               0/0        ( 0.0%) 
disp_verts               0/0               0/0        ( 0.0%) 
disp_tris                0/0               0/0        ( 0.0%) 
disp_multiblend          0/0               0/0        ( 0.0%) 
disp_lmsamples           0/0               0/0        ( 0.0%) 
faces                  930/65536       52080/3670016  ( 1.4%) 
hdr faces                0/65536           0/3670016  ( 0.0%) 
origfaces               12/65536         672/3670016  ( 0.0%) 
leaves                 413/65536       13216/2097152  ( 0.6%) 
leaffaces              930/65536        1860/131072   ( 1.4%) 
leafbrushes            467/65536         934/131072   ( 0.7%) 
areas                    2/1024           16/8192     ( 0.2%) 
surfedges             3768/512000      15072/2048000  ( 0.7%) 
edges                 1973/256000       7892/1024000  ( 0.8%) 
LDR worldlights          0/8192            0/720896   ( 0.0%) 
HDR worldlights          0/8192            0/720896   ( 0.0%) 
leafwaterdata            0/32768           0/393216   ( 0.0%) 
waterstrips              0/32768           0/327680   ( 0.0%) 
waterverts               0/65536           0/786432   ( 0.0%) 
waterindices             0/65536           0/131072   ( 0.0%) 
cubemapsamples           0/1024            0/16384    ( 0.0%) 
overlays                 0/8192            0/2883584  ( 0.0%) 
LDR lightdata         [variable]     6993872/0        ( 0.0%) 
HDR lightdata         [variable]           0/0        ( 0.0%) 
visdata               [variable]        3404/16777216 ( 0.0%) 
entdata               [variable]       11660/4194304  ( 0.3%) 
LDR ambient table      413/65536        1652/262144   ( 0.6%) 
HDR ambient table      413/65536        1652/262144   ( 0.6%) 
LDR leaf ambient       135/65536        3780/1835008  ( 0.2%) 
HDR leaf ambient       413/65536       11564/1835008  ( 0.6%) 
occluders                0/0               0/0        ( 0.0%) 
occluder polygons        0/0               0/0        ( 0.0%) 
occluder vert ind        0/0               0/0        ( 0.0%) 
detail props          [variable]          12/0        ( 0.0%) 
static props          [variable]          12/0        ( 0.0%) 
static prop count        0/16384           0/0        ( 0.0%) 
pakfile               [variable]       91436/0        ( 0.0%) 
physics               [variable]        6082/4194304  ( 0.1%) 
physics terrain       [variable]           2/1048576  ( 0.0%) 

Level flags = 0

Total triangle count: 1860
Writing d:\juegos\steam\steamapps\common\garrysmod\garrysmod\addons\vjguardfixim_maps_src\maps\src\cets_under_tram.bsp
3 seconds elapsed




materialPath: D:\Juegos\Steam\steamapps\common\GarrysMod\garrysmod\materials
Loading d:\juegos\steam\steamapps\common\garrysmod\garrysmod\addons\vjguardfixim_maps_src\maps\src\cets_under_tram.vmf
Patching WVT material: maps/cets_under_tram/concrete/blendconcreterock001a_wvt_patch
fixing up env_cubemap materials on brush sides...
ProcessBlock_Thread: 0...1...2...3...4...5...6...7...8...9...10 (0)
ProcessBlock_Thread: 0...1...2...3...4...5...6...7...8...9...10 (0)
Processing areas...done (0)
Building Faces...done (0)
FixTjuncs...
PruneNodes...
WriteBSP...
done (0)
writing d:\juegos\steam\steamapps\common\garrysmod\garrysmod\addons\vjguardfixim_maps_src\maps\src\cets_under_tram.prt...
Building visibility clusters...
done (0)
Creating default LDR cubemaps for env_cubemap using skybox materials:
   skybox/sky_day01_09*.vmt
 ! Run buildcubemaps in the engine to get the correct cube maps.
Creating default HDR cubemaps for env_cubemap using skybox materials:
   skybox/sky_day01_09*.vmt
 ! Run buildcubemaps in the engine to get the correct cube maps.
Finding displacement neighbors...
Finding lightmap sample positions...
Displacement Alpha : 0...1...2...3...4...5...6...7...8...9...10
Building Physics collision data...
done (0) (6082 bytes)
Placing detail props : 0...1...2...3...4...5...6...7...8...9...10
Compacting texture/material tables...
Reduced 72 texinfos to 9
Reduced 5 texdatas to 4 (154 bytes to 123)
Writing d:\juegos\steam\steamapps\common\garrysmod\garrysmod\addons\vjguardfixim_maps_src\maps\src\cets_under_tram.bsp
1 second elapsed



16 threads
reading d:\juegos\steam\steamapps\common\garrysmod\garrysmod\addons\vjguardfixim_maps_src\maps\src\cets_under_tram.bsp
reading d:\juegos\steam\steamapps\common\garrysmod\garrysmod\addons\vjguardfixim_maps_src\maps\src\cets_under_tram.prt
 100 portalclusters
 180 numportals
BasePortalVis:       0...1...2...3...4...5...6...7...8...9...10 (0)
Optimized: 0 visible clusters (0.00%)
Total clusters visible: 10000
Average clusters visible: 100
Building PAS...
Average clusters audible: 100
visdatasize:3404  compressed from 3200
writing d:\juegos\steam\steamapps\common\garrysmod\garrysmod\addons\vjguardfixim_maps_src\maps\src\cets_under_tram.bsp
0 seconds elapsed



[Reading texlights from 'lights.rad']
[51 texlights parsed from 'lights.rad']
Loading d:\juegos\steam\steamapps\common\garrysmod\garrysmod\addons\vjguardfixim_maps_src\maps\src\cets_under_tram.bsp
BuildFacelights:     0...1...2...3...4...5...6...7...8...9...10 (0)
BuildStaticPropPatchlights: 0...1...2...3...4...5...6...7...8...9...10 (0)
BuildVisLeafs:       0...1...2...3...4...5...6...7...8...9...10 (1)
transfers 114200, max 844
static prop patch transfers 0
GatherLight:         0...1...2...3...4...5...6...7...8...9...10 (0)
Build Patch/Sample Hash Table(s).....Done<0.0288 sec>
FinalLightFace:      0...1...2...3...4...5...6...7...8...9...10 (0)
FinalLightFace Done
0 of 0 (0% of) surface lights went in leaf ambient cubes.
ThreadComputeLeafAmbient: 0...1...2...3...4...5...6...7...8...9...10 (2)
Writing leaf ambient...done
Ready to Finish

Object names       Objects/Maxobjs  Memory / Maxmem  Fullness 
------------       ---------------  ---------------  -------- 
models                   4/4096          192/196608   ( 0.1%) 
brushes                 13/65535         156/786420   ( 0.0%) 
brushsides              78/655350        624/5242800  ( 0.0%) 
planes                 202/65536        4040/1310720  ( 0.3%) 
vertexes              1035/65536       12420/786432   ( 1.6%) 
nodes                  408/65536       13056/2097152  ( 0.6%) 
texinfos                 9/16384         648/1179648  ( 0.1%) 
texdata                  4/8192          128/262144   ( 0.0%) 
dispinfos                0/0               0/0        ( 0.0%) 
disp_verts               0/0               0/0        ( 0.0%) 
disp_tris                0/0               0/0        ( 0.0%) 
disp_multiblend          0/0               0/0        ( 0.0%) 
disp_lmsamples           0/0               0/0        ( 0.0%) 
faces                  930/65536       52080/3670016  ( 1.4%) 
hdr faces                0/65536           0/3670016  ( 0.0%) 
origfaces               12/65536         672/3670016  ( 0.0%) 
leaves                 413/65536       13216/2097152  ( 0.6%) 
leaffaces              930/65536        1860/131072   ( 1.4%) 
leafbrushes            467/65536         934/131072   ( 0.7%) 
areas                    2/1024           16/8192     ( 0.2%) 
surfedges             3768/512000      15072/2048000  ( 0.7%) 
edges                 1973/256000       7892/1024000  ( 0.8%) 
LDR worldlights          0/8192            0/720896   ( 0.0%) 
HDR worldlights          0/8192            0/720896   ( 0.0%) 
leafwaterdata            0/32768           0/393216   ( 0.0%) 
waterstrips              0/32768           0/327680   ( 0.0%) 
waterverts               0/65536           0/786432   ( 0.0%) 
waterindices             0/65536           0/131072   ( 0.0%) 
cubemapsamples           0/1024            0/16384    ( 0.0%) 
overlays                 0/8192            0/2883584  ( 0.0%) 
LDR lightdata         [variable]     6993872/0        ( 0.0%) 
HDR lightdata         [variable]           0/0        ( 0.0%) 
visdata               [variable]        3404/16777216 ( 0.0%) 
entdata               [variable]       11673/4194304  ( 0.3%) 
LDR ambient table      413/65536        1652/262144   ( 0.6%) 
HDR ambient table      413/65536        1652/262144   ( 0.6%) 
LDR leaf ambient       135/65536        3780/1835008  ( 0.2%) 
HDR leaf ambient       413/65536       11564/1835008  ( 0.6%) 
occluders                0/0               0/0        ( 0.0%) 
occluder polygons        0/0               0/0        ( 0.0%) 
occluder vert ind        0/0               0/0        ( 0.0%) 
detail props          [variable]          12/0        ( 0.0%) 
static props          [variable]          12/0        ( 0.0%) 
static prop count        0/16384           0/0        ( 0.0%) 
pakfile               [variable]       91436/0        ( 0.0%) 
physics               [variable]        6082/4194304  ( 0.1%) 
physics terrain       [variable]           2/1048576  ( 0.0%) 

Level flags = 0

Total triangle count: 1860
Writing d:\juegos\steam\steamapps\common\garrysmod\garrysmod\addons\vjguardfixim_maps_src\maps\src\cets_under_tram.bsp
3 seconds elapsed




materialPath: D:\Juegos\Steam\steamapps\common\GarrysMod\garrysmod\materials
Loading d:\juegos\steam\steamapps\common\garrysmod\garrysmod\addons\vjguardfixim_maps_src\maps\src\cets_under_tram.vmf
Patching WVT material: maps/cets_under_tram/concrete/blendconcreterock001a_wvt_patch
fixing up env_cubemap materials on brush sides...
ProcessBlock_Thread: 0...1...2...3...4...5...6...7...8...9...10 (0)
ProcessBlock_Thread: 0...1...2...3...4...5...6...7...8...9...10 (0)
Processing areas...done (0)
Building Faces...done (0)
FixTjuncs...
PruneNodes...
WriteBSP...
done (0)
writing d:\juegos\steam\steamapps\common\garrysmod\garrysmod\addons\vjguardfixim_maps_src\maps\src\cets_under_tram.prt...
Building visibility clusters...
done (0)
Creating default LDR cubemaps for env_cubemap using skybox materials:
   skybox/sky_day01_09*.vmt
 ! Run buildcubemaps in the engine to get the correct cube maps.
Creating default HDR cubemaps for env_cubemap using skybox materials:
   skybox/sky_day01_09*.vmt
 ! Run buildcubemaps in the engine to get the correct cube maps.
Finding displacement neighbors...
Finding lightmap sample positions...
Displacement Alpha : 0...1...2...3...4...5...6...7...8...9...10
Building Physics collision data...
done (0) (6082 bytes)
Placing detail props : 0...1...2...3...4...5...6...7...8...9...10
Compacting texture/material tables...
Reduced 72 texinfos to 9
Reduced 5 texdatas to 4 (154 bytes to 123)
Writing d:\juegos\steam\steamapps\common\garrysmod\garrysmod\addons\vjguardfixim_maps_src\maps\src\cets_under_tram.bsp
1 second elapsed



16 threads
reading d:\juegos\steam\steamapps\common\garrysmod\garrysmod\addons\vjguardfixim_maps_src\maps\src\cets_under_tram.bsp
reading d:\juegos\steam\steamapps\common\garrysmod\garrysmod\addons\vjguardfixim_maps_src\maps\src\cets_under_tram.prt
 100 portalclusters
 180 numportals
BasePortalVis:       0...1...2...3...4...5...6...7...8...9...10 (0)
Optimized: 0 visible clusters (0.00%)
Total clusters visible: 10000
Average clusters visible: 100
Building PAS...
Average clusters audible: 100
visdatasize:3404  compressed from 3200
writing d:\juegos\steam\steamapps\common\garrysmod\garrysmod\addons\vjguardfixim_maps_src\maps\src\cets_under_tram.bsp
0 seconds elapsed



[Reading texlights from 'lights.rad']
[51 texlights parsed from 'lights.rad']
Loading d:\juegos\steam\steamapps\common\garrysmod\garrysmod\addons\vjguardfixim_maps_src\maps\src\cets_under_tram.bsp
BuildFacelights:     0...1...2...3...4...5...6...7...8...9...10 (0)
BuildStaticPropPatchlights: 0...1...2...3...4...5...6...7...8...9...10 (0)
BuildVisLeafs:       0...1...2...3...4...5...6...7...8...9...10 (1)
transfers 114017, max 817
static prop patch transfers 0
GatherLight:         0...1...2...3...4...5...6...7...8...9...10 (0)
Build Patch/Sample Hash Table(s).....Done<0.0285 sec>
FinalLightFace:      0...1...2...3...4...5...6...7...8...9...10 (0)
FinalLightFace Done
0 of 0 (0% of) surface lights went in leaf ambient cubes.
ThreadComputeLeafAmbient: 0...1...2...3...4...5...6...7...8...9...10 (2)
Writing leaf ambient...done
Ready to Finish

Object names       Objects/Maxobjs  Memory / Maxmem  Fullness 
------------       ---------------  ---------------  -------- 
models                   4/4096          192/196608   ( 0.1%) 
brushes                 13/65535         156/786420   ( 0.0%) 
brushsides              78/655350        624/5242800  ( 0.0%) 
planes                 202/65536        4040/1310720  ( 0.3%) 
vertexes              1035/65536       12420/786432   ( 1.6%) 
nodes                  408/65536       13056/2097152  ( 0.6%) 
texinfos                 9/16384         648/1179648  ( 0.1%) 
texdata                  4/8192          128/262144   ( 0.0%) 
dispinfos                0/0               0/0        ( 0.0%) 
disp_verts               0/0               0/0        ( 0.0%) 
disp_tris                0/0               0/0        ( 0.0%) 
disp_multiblend          0/0               0/0        ( 0.0%) 
disp_lmsamples           0/0               0/0        ( 0.0%) 
faces                  930/65536       52080/3670016  ( 1.4%) 
hdr faces                0/65536           0/3670016  ( 0.0%) 
origfaces               12/65536         672/3670016  ( 0.0%) 
leaves                 413/65536       13216/2097152  ( 0.6%) 
leaffaces              930/65536        1860/131072   ( 1.4%) 
leafbrushes            467/65536         934/131072   ( 0.7%) 
areas                    2/1024           16/8192     ( 0.2%) 
surfedges             3768/512000      15072/2048000  ( 0.7%) 
edges                 1973/256000       7892/1024000  ( 0.8%) 
LDR worldlights          0/8192            0/720896   ( 0.0%) 
HDR worldlights          0/8192            0/720896   ( 0.0%) 
leafwaterdata            0/32768           0/393216   ( 0.0%) 
waterstrips              0/32768           0/327680   ( 0.0%) 
waterverts               0/65536           0/786432   ( 0.0%) 
waterindices             0/65536           0/131072   ( 0.0%) 
cubemapsamples           0/1024            0/16384    ( 0.0%) 
overlays                 0/8192            0/2883584  ( 0.0%) 
LDR lightdata         [variable]     6993872/0        ( 0.0%) 
HDR lightdata         [variable]           0/0        ( 0.0%) 
visdata               [variable]        3404/16777216 ( 0.0%) 
entdata               [variable]       13345/4194304  ( 0.3%) 
LDR ambient table      413/65536        1652/262144   ( 0.6%) 
HDR ambient table      413/65536        1652/262144   ( 0.6%) 
LDR leaf ambient       135/65536        3780/1835008  ( 0.2%) 
HDR leaf ambient       413/65536       11564/1835008  ( 0.6%) 
occluders                0/0               0/0        ( 0.0%) 
occluder polygons        0/0               0/0        ( 0.0%) 
occluder vert ind        0/0               0/0        ( 0.0%) 
detail props          [variable]          12/0        ( 0.0%) 
static props          [variable]          12/0        ( 0.0%) 
static prop count        0/16384           0/0        ( 0.0%) 
pakfile               [variable]       91436/0        ( 0.0%) 
physics               [variable]        6082/4194304  ( 0.1%) 
physics terrain       [variable]           2/1048576  ( 0.0%) 

Level flags = 0

Total triangle count: 1860
Writing d:\juegos\steam\steamapps\common\garrysmod\garrysmod\addons\vjguardfixim_maps_src\maps\src\cets_under_tram.bsp
3 seconds elapsed




materialPath: D:\Juegos\Steam\steamapps\common\GarrysMod\garrysmod\materials
Loading d:\juegos\steam\steamapps\common\garrysmod\garrysmod\addons\vjguardfixim_maps_src\maps\src\cets_under_tram.vmf
Patching WVT material: maps/cets_under_tram/concrete/blendconcreterock001a_wvt_patch
fixing up env_cubemap materials on brush sides...
ProcessBlock_Thread: 0...1...2...3...4...5...6...7...8...9...10 (0)
ProcessBlock_Thread: 0...1...2...3...4...5...6...7...8...9...10 (0)
Processing areas...done (0)
Building Faces...done (0)
FixTjuncs...
PruneNodes...
WriteBSP...
done (0)
writing d:\juegos\steam\steamapps\common\garrysmod\garrysmod\addons\vjguardfixim_maps_src\maps\src\cets_under_tram.prt...
Building visibility clusters...
done (0)
Creating default LDR cubemaps for env_cubemap using skybox materials:
   skybox/sky_day01_09*.vmt
 ! Run buildcubemaps in the engine to get the correct cube maps.
Creating default HDR cubemaps for env_cubemap using skybox materials:
   skybox/sky_day01_09*.vmt
 ! Run buildcubemaps in the engine to get the correct cube maps.
Finding displacement neighbors...
Finding lightmap sample positions...
Displacement Alpha : 0...1...2...3...4...5...6...7...8...9...10
Building Physics collision data...
done (0) (6634 bytes)
Placing detail props : 0...1...2...3...4...5...6...7...8...9...10
Compacting texture/material tables...
Reduced 84 texinfos to 10
Reduced 6 texdatas to 5 (172 bytes to 141)
Writing d:\juegos\steam\steamapps\common\garrysmod\garrysmod\addons\vjguardfixim_maps_src\maps\src\cets_under_tram.bsp
1 second elapsed



16 threads
reading d:\juegos\steam\steamapps\common\garrysmod\garrysmod\addons\vjguardfixim_maps_src\maps\src\cets_under_tram.bsp
reading d:\juegos\steam\steamapps\common\garrysmod\garrysmod\addons\vjguardfixim_maps_src\maps\src\cets_under_tram.prt
 100 portalclusters
 180 numportals
BasePortalVis:       0...1...2...3...4...5...6...7...8...9...10 (0)
Optimized: 0 visible clusters (0.00%)
Total clusters visible: 10000
Average clusters visible: 100
Building PAS...
Average clusters audible: 100
visdatasize:3404  compressed from 3200
writing d:\juegos\steam\steamapps\common\garrysmod\garrysmod\addons\vjguardfixim_maps_src\maps\src\cets_under_tram.bsp
0 seconds elapsed



[Reading texlights from 'lights.rad']
[51 texlights parsed from 'lights.rad']
Loading d:\juegos\steam\steamapps\common\garrysmod\garrysmod\addons\vjguardfixim_maps_src\maps\src\cets_under_tram.bsp
BuildFacelights:     0...1...2...3...4...5...6...7...8...9...10 (0)
BuildStaticPropPatchlights: 0...1...2...3...4...5...6...7...8...9...10 (0)
BuildVisLeafs:       0...1...2...3...4...5...6...7...8...9...10 (1)
transfers 114017, max 817
static prop patch transfers 0
GatherLight:         0...1...2...3...4...5...6...7...8...9...10 (0)
Build Patch/Sample Hash Table(s).....Done<0.0284 sec>
FinalLightFace:      0...1...2...3...4...5...6...7...8...9...10 (0)
FinalLightFace Done
0 of 0 (0% of) surface lights went in leaf ambient cubes.
ThreadComputeLeafAmbient: 0...1...2...3...4...5...6...7...8...9...10 (2)
Writing leaf ambient...done
Ready to Finish

Object names       Objects/Maxobjs  Memory / Maxmem  Fullness 
------------       ---------------  ---------------  -------- 
models                   5/4096          240/196608   ( 0.1%) 
brushes                 14/65535         168/786420   ( 0.0%) 
brushsides              84/655350        672/5242800  ( 0.0%) 
planes                 222/65536        4440/1310720  ( 0.3%) 
vertexes              1043/65536       12516/786432   ( 1.6%) 
nodes                  414/65536       13248/2097152  ( 0.6%) 
texinfos                10/16384         720/1179648  ( 0.1%) 
texdata                  5/8192          160/262144   ( 0.1%) 
dispinfos                0/0               0/0        ( 0.0%) 
disp_verts               0/0               0/0        ( 0.0%) 
disp_tris                0/0               0/0        ( 0.0%) 
disp_multiblend          0/0               0/0        ( 0.0%) 
disp_lmsamples           0/0               0/0        ( 0.0%) 
faces                  930/65536       52080/3670016  ( 1.4%) 
hdr faces                0/65536           0/3670016  ( 0.0%) 
origfaces               12/65536         672/3670016  ( 0.0%) 
leaves                 420/65536       13440/2097152  ( 0.6%) 
leaffaces              930/65536        1860/131072   ( 1.4%) 
leafbrushes            468/65536         936/131072   ( 0.7%) 
areas                    2/1024           16/8192     ( 0.2%) 
surfedges             3768/512000      15072/2048000  ( 0.7%) 
edges                 1973/256000       7892/1024000  ( 0.8%) 
LDR worldlights          0/8192            0/720896   ( 0.0%) 
HDR worldlights          0/8192            0/720896   ( 0.0%) 
leafwaterdata            0/32768           0/393216   ( 0.0%) 
waterstrips              0/32768           0/327680   ( 0.0%) 
waterverts               0/65536           0/786432   ( 0.0%) 
waterindices             0/65536           0/131072   ( 0.0%) 
cubemapsamples           0/1024            0/16384    ( 0.0%) 
overlays                 0/8192            0/2883584  ( 0.0%) 
LDR lightdata         [variable]     6993872/0        ( 0.0%) 
HDR lightdata         [variable]           0/0        ( 0.0%) 
visdata               [variable]        3404/16777216 ( 0.0%) 
entdata               [variable]       14554/4194304  ( 0.3%) 
LDR ambient table      420/65536        1680/262144   ( 0.6%) 
HDR ambient table      420/65536        1680/262144   ( 0.6%) 
LDR leaf ambient       141/65536        3948/1835008  ( 0.2%) 
HDR leaf ambient       420/65536       11760/1835008  ( 0.6%) 
occluders                0/0               0/0        ( 0.0%) 
occluder polygons        0/0               0/0        ( 0.0%) 
occluder vert ind        0/0               0/0        ( 0.0%) 
detail props          [variable]          12/0        ( 0.0%) 
static props          [variable]          12/0        ( 0.0%) 
static prop count        0/16384           0/0        ( 0.0%) 
pakfile               [variable]       91436/0        ( 0.0%) 
physics               [variable]        6634/4194304  ( 0.2%) 
physics terrain       [variable]           2/1048576  ( 0.0%) 

Level flags = 0

Total triangle count: 1860
Writing d:\juegos\steam\steamapps\common\garrysmod\garrysmod\addons\vjguardfixim_maps_src\maps\src\cets_under_tram.bsp
4 seconds elapsed




materialPath: D:\Juegos\Steam\steamapps\common\GarrysMod\garrysmod\materials
Loading d:\juegos\steam\steamapps\common\garrysmod\garrysmod\addons\vjguardfixim_maps_src\maps\src\cets_under_tram.vmf
Patching WVT material: maps/cets_under_tram/concrete/blendconcreterock001a_wvt_patch
fixing up env_cubemap materials on brush sides...
ProcessBlock_Thread: 0...1...2...3...4...5...6...7...8...9...10 (0)
ProcessBlock_Thread: 0...1...2...3...4...5...6...7...8...9...10 (0)
Processing areas...done (0)
Building Faces...done (0)
FixTjuncs...
PruneNodes...
WriteBSP...
done (0)
writing d:\juegos\steam\steamapps\common\garrysmod\garrysmod\addons\vjguardfixim_maps_src\maps\src\cets_under_tram.prt...
Building visibility clusters...
done (0)
Creating default LDR cubemaps for env_cubemap using skybox materials:
   skybox/sky_day01_09*.vmt
 ! Run buildcubemaps in the engine to get the correct cube maps.
Creating default HDR cubemaps for env_cubemap using skybox materials:
   skybox/sky_day01_09*.vmt
 ! Run buildcubemaps in the engine to get the correct cube maps.
Finding displacement neighbors...
Finding lightmap sample positions...
Displacement Alpha : 0...1...2...3...4...5...6...7...8...9...10
Building Physics collision data...
done (0) (7185 bytes)
Placing detail props : 0...1...2...3...4...5...6...7...8...9...10
Compacting texture/material tables...
Reduced 95 texinfos to 10
Reduced 6 texdatas to 5 (172 bytes to 141)
Writing d:\juegos\steam\steamapps\common\garrysmod\garrysmod\addons\vjguardfixim_maps_src\maps\src\cets_under_tram.bsp
2 seconds elapsed



16 threads
reading d:\juegos\steam\steamapps\common\garrysmod\garrysmod\addons\vjguardfixim_maps_src\maps\src\cets_under_tram.bsp
reading d:\juegos\steam\steamapps\common\garrysmod\garrysmod\addons\vjguardfixim_maps_src\maps\src\cets_under_tram.prt
 100 portalclusters
 180 numportals
BasePortalVis:       0...1...2...3...4...5...6...7...8...9...10 (0)
Optimized: 0 visible clusters (0.00%)
Total clusters visible: 10000
Average clusters visible: 100
Building PAS...
Average clusters audible: 100
visdatasize:3404  compressed from 3200
writing d:\juegos\steam\steamapps\common\garrysmod\garrysmod\addons\vjguardfixim_maps_src\maps\src\cets_under_tram.bsp
0 seconds elapsed



[Reading texlights from 'lights.rad']
[51 texlights parsed from 'lights.rad']
Loading d:\juegos\steam\steamapps\common\garrysmod\garrysmod\addons\vjguardfixim_maps_src\maps\src\cets_under_tram.bsp
BuildFacelights:     0...1...2...3...4...5...6...7...8...9...10 (1)
BuildStaticPropPatchlights: 0...1...2...3...4...5...6...7...8...9...10 (0)
BuildVisLeafs:       0...1...2...3...4...5...6...7...8...9...10 (0)
transfers 114015, max 817
static prop patch transfers 0
GatherLight:         0...1...2...3...4...5...6...7...8...9...10 (0)
Build Patch/Sample Hash Table(s).....Done<0.0277 sec>
FinalLightFace:      0...1...2...3...4...5...6...7...8...9...10 (0)
FinalLightFace Done
0 of 0 (0% of) surface lights went in leaf ambient cubes.
ThreadComputeLeafAmbient: 0...1...2...3...4...5...6...7...8...9...10 (3)
Writing leaf ambient...done
Ready to Finish

Object names       Objects/Maxobjs  Memory / Maxmem  Fullness 
------------       ---------------  ---------------  -------- 
models                   6/4096          288/196608   ( 0.1%) 
brushes                 15/65535         180/786420   ( 0.0%) 
brushsides              90/655350        720/5242800  ( 0.0%) 
planes                 246/65536        4920/1310720  ( 0.4%) 
vertexes              1051/65536       12612/786432   ( 1.6%) 
nodes                  420/65536       13440/2097152  ( 0.6%) 
texinfos                10/16384         720/1179648  ( 0.1%) 
texdata                  5/8192          160/262144   ( 0.1%) 
dispinfos                0/0               0/0        ( 0.0%) 
disp_verts               0/0               0/0        ( 0.0%) 
disp_tris                0/0               0/0        ( 0.0%) 
disp_multiblend          0/0               0/0        ( 0.0%) 
disp_lmsamples           0/0               0/0        ( 0.0%) 
faces                  930/65536       52080/3670016  ( 1.4%) 
hdr faces                0/65536           0/3670016  ( 0.0%) 
origfaces               12/65536         672/3670016  ( 0.0%) 
leaves                 427/65536       13664/2097152  ( 0.7%) 
leaffaces              930/65536        1860/131072   ( 1.4%) 
leafbrushes            469/65536         938/131072   ( 0.7%) 
areas                    2/1024           16/8192     ( 0.2%) 
surfedges             3768/512000      15072/2048000  ( 0.7%) 
edges                 1973/256000       7892/1024000  ( 0.8%) 
LDR worldlights          0/8192            0/720896   ( 0.0%) 
HDR worldlights          0/8192            0/720896   ( 0.0%) 
leafwaterdata            0/32768           0/393216   ( 0.0%) 
waterstrips              0/32768           0/327680   ( 0.0%) 
waterverts               0/65536           0/786432   ( 0.0%) 
waterindices             0/65536           0/131072   ( 0.0%) 
cubemapsamples           0/1024            0/16384    ( 0.0%) 
overlays                 0/8192            0/2883584  ( 0.0%) 
LDR lightdata         [variable]     6993872/0        ( 0.0%) 
HDR lightdata         [variable]           0/0        ( 0.0%) 
visdata               [variable]        3404/16777216 ( 0.0%) 
entdata               [variable]       15038/4194304  ( 0.4%) 
LDR ambient table      427/65536        1708/262144   ( 0.7%) 
HDR ambient table      427/65536        1708/262144   ( 0.7%) 
LDR leaf ambient       147/65536        4116/1835008  ( 0.2%) 
HDR leaf ambient       427/65536       11956/1835008  ( 0.7%) 
occluders                0/0               0/0        ( 0.0%) 
occluder polygons        0/0               0/0        ( 0.0%) 
occluder vert ind        0/0               0/0        ( 0.0%) 
detail props          [variable]          12/0        ( 0.0%) 
static props          [variable]         214/0        ( 0.0%) 
static prop count        1/16384           0/0        ( 0.0%) 
pakfile               [variable]       91436/0        ( 0.0%) 
physics               [variable]        7185/4194304  ( 0.2%) 
physics terrain       [variable]           2/1048576  ( 0.0%) 

Level flags = 0

Total triangle count: 1860
Writing d:\juegos\steam\steamapps\common\garrysmod\garrysmod\addons\vjguardfixim_maps_src\maps\src\cets_under_tram.bsp
4 seconds elapsed




materialPath: D:\Juegos\Steam\steamapps\common\GarrysMod\garrysmod\materials
Loading d:\juegos\steam\steamapps\common\garrysmod\garrysmod\addons\vjguardfixim_maps_src\maps\src\cets_under_tram.vmf
Patching WVT material: maps/cets_under_tram/concrete/blendconcreterock001a_wvt_patch
fixing up env_cubemap materials on brush sides...
ProcessBlock_Thread: 0...1...2...3...4...5...6...7...8...9...10 (0)
ProcessBlock_Thread: 0...1...2...3...4...5...6...7...8...9...10 (0)
Processing areas...done (0)
Building Faces...done (0)
FixTjuncs...
PruneNodes...
WriteBSP...
done (0)
writing d:\juegos\steam\steamapps\common\garrysmod\garrysmod\addons\vjguardfixim_maps_src\maps\src\cets_under_tram.prt...
Building visibility clusters...
done (0)
Creating default LDR cubemaps for env_cubemap using skybox materials:
   skybox/sky_day01_09*.vmt
 ! Run buildcubemaps in the engine to get the correct cube maps.
Creating default HDR cubemaps for env_cubemap using skybox materials:
   skybox/sky_day01_09*.vmt
 ! Run buildcubemaps in the engine to get the correct cube maps.
Finding displacement neighbors...
Finding lightmap sample positions...
Displacement Alpha : 0...1...2...3...4...5...6...7...8...9...10
Building Physics collision data...
done (0) (7185 bytes)
Placing detail props : 0...1...2...3...4...5...6...7...8...9...10
Compacting texture/material tables...
Reduced 95 texinfos to 10
Reduced 6 texdatas to 5 (172 bytes to 141)
Writing d:\juegos\steam\steamapps\common\garrysmod\garrysmod\addons\vjguardfixim_maps_src\maps\src\cets_under_tram.bsp
1 second elapsed



16 threads
reading d:\juegos\steam\steamapps\common\garrysmod\garrysmod\addons\vjguardfixim_maps_src\maps\src\cets_under_tram.bsp
reading d:\juegos\steam\steamapps\common\garrysmod\garrysmod\addons\vjguardfixim_maps_src\maps\src\cets_under_tram.prt
 100 portalclusters
 180 numportals
BasePortalVis:       0...1...2...3...4...5...6...7...8...9...10 (0)
Optimized: 0 visible clusters (0.00%)
Total clusters visible: 10000
Average clusters visible: 100
Building PAS...
Average clusters audible: 100
visdatasize:3404  compressed from 3200
writing d:\juegos\steam\steamapps\common\garrysmod\garrysmod\addons\vjguardfixim_maps_src\maps\src\cets_under_tram.bsp
0 seconds elapsed



[Reading texlights from 'lights.rad']
[51 texlights parsed from 'lights.rad']
Loading d:\juegos\steam\steamapps\common\garrysmod\garrysmod\addons\vjguardfixim_maps_src\maps\src\cets_under_tram.bsp
BuildFacelights:     0...1...2...3...4...5...6...7...8...9...10 (0)
BuildStaticPropPatchlights: 0...1...2...3...4...5...6...7...8...9...10 (0)
BuildVisLeafs:       0...1...2...3...4...5...6...7...8...9...10 (1)
transfers 114015, max 817
static prop patch transfers 0
GatherLight:         0...1...2...3...4...5...6...7...8...9...10 (0)
Build Patch/Sample Hash Table(s).....Done<0.0278 sec>
FinalLightFace:      0...1...2...3...4...5...6...7...8...9...10 (0)
FinalLightFace Done
0 of 0 (0% of) surface lights went in leaf ambient cubes.
ThreadComputeLeafAmbient: 0...1...2...3...4...5...6...7...8...9...10 (2)
Writing leaf ambient...done
Ready to Finish

Object names       Objects/Maxobjs  Memory / Maxmem  Fullness 
------------       ---------------  ---------------  -------- 
models                   6/4096          288/196608   ( 0.1%) 
brushes                 15/65535         180/786420   ( 0.0%) 
brushsides              90/655350        720/5242800  ( 0.0%) 
planes                 246/65536        4920/1310720  ( 0.4%) 
vertexes              1051/65536       12612/786432   ( 1.6%) 
nodes                  420/65536       13440/2097152  ( 0.6%) 
texinfos                10/16384         720/1179648  ( 0.1%) 
texdata                  5/8192          160/262144   ( 0.1%) 
dispinfos                0/0               0/0        ( 0.0%) 
disp_verts               0/0               0/0        ( 0.0%) 
disp_tris                0/0               0/0        ( 0.0%) 
disp_multiblend          0/0               0/0        ( 0.0%) 
disp_lmsamples           0/0               0/0        ( 0.0%) 
faces                  930/65536       52080/3670016  ( 1.4%) 
hdr faces                0/65536           0/3670016  ( 0.0%) 
origfaces               12/65536         672/3670016  ( 0.0%) 
leaves                 427/65536       13664/2097152  ( 0.7%) 
leaffaces              930/65536        1860/131072   ( 1.4%) 
leafbrushes            469/65536         938/131072   ( 0.7%) 
areas                    2/1024           16/8192     ( 0.2%) 
surfedges             3768/512000      15072/2048000  ( 0.7%) 
edges                 1973/256000       7892/1024000  ( 0.8%) 
LDR worldlights          0/8192            0/720896   ( 0.0%) 
HDR worldlights          0/8192            0/720896   ( 0.0%) 
leafwaterdata            0/32768           0/393216   ( 0.0%) 
waterstrips              0/32768           0/327680   ( 0.0%) 
waterverts               0/65536           0/786432   ( 0.0%) 
waterindices             0/65536           0/131072   ( 0.0%) 
cubemapsamples           0/1024            0/16384    ( 0.0%) 
overlays                 0/8192            0/2883584  ( 0.0%) 
LDR lightdata         [variable]     6993872/0        ( 0.0%) 
HDR lightdata         [variable]           0/0        ( 0.0%) 
visdata               [variable]        3404/16777216 ( 0.0%) 
entdata               [variable]       15080/4194304  ( 0.4%) 
LDR ambient table      427/65536        1708/262144   ( 0.7%) 
HDR ambient table      427/65536        1708/262144   ( 0.7%) 
LDR leaf ambient       147/65536        4116/1835008  ( 0.2%) 
HDR leaf ambient       427/65536       11956/1835008  ( 0.7%) 
occluders                0/0               0/0        ( 0.0%) 
occluder polygons        0/0               0/0        ( 0.0%) 
occluder vert ind        0/0               0/0        ( 0.0%) 
detail props          [variable]          12/0        ( 0.0%) 
static props          [variable]         214/0        ( 0.0%) 
static prop count        1/16384           0/0        ( 0.0%) 
pakfile               [variable]       91436/0        ( 0.0%) 
physics               [variable]        7185/4194304  ( 0.2%) 
physics terrain       [variable]           2/1048576  ( 0.0%) 

Level flags = 0

Total triangle count: 1860
Writing d:\juegos\steam\steamapps\common\garrysmod\garrysmod\addons\vjguardfixim_maps_src\maps\src\cets_under_tram.bsp
4 seconds elapsed




materialPath: D:\Juegos\Steam\steamapps\common\GarrysMod\garrysmod\materials
Loading d:\juegos\steam\steamapps\common\garrysmod\garrysmod\addons\vjguardfixim_maps_src\maps\src\cets_under_tram.vmf
Patching WVT material: maps/cets_under_tram/concrete/blendconcreterock001a_wvt_patch
fixing up env_cubemap materials on brush sides...
ProcessBlock_Thread: 0...1...2...3...4...5...6...7...8...9...10 (0)
ProcessBlock_Thread: 0...1...2...3...4...5...6...7...8...9...10 (0)
Processing areas...done (0)
Building Faces...done (0)
FixTjuncs...
PruneNodes...
WriteBSP...
done (0)
writing d:\juegos\steam\steamapps\common\garrysmod\garrysmod\addons\vjguardfixim_maps_src\maps\src\cets_under_tram.prt...
Building visibility clusters...
done (0)
Creating default LDR cubemaps for env_cubemap using skybox materials:
   skybox/sky_day01_09*.vmt
 ! Run buildcubemaps in the engine to get the correct cube maps.
Creating default HDR cubemaps for env_cubemap using skybox materials:
   skybox/sky_day01_09*.vmt
 ! Run buildcubemaps in the engine to get the correct cube maps.
Finding displacement neighbors...
Finding lightmap sample positions...
Displacement Alpha : 0...1...2...3...4...5...6...7...8...9...10
Building Physics collision data...
done (0) (7185 bytes)
Placing detail props : 0...1...2...3...4...5...6...7...8...9...10
Compacting texture/material tables...
Reduced 95 texinfos to 10
Reduced 6 texdatas to 5 (172 bytes to 141)
Writing d:\juegos\steam\steamapps\common\garrysmod\garrysmod\addons\vjguardfixim_maps_src\maps\src\cets_under_tram.bsp
1 second elapsed



16 threads
reading d:\juegos\steam\steamapps\common\garrysmod\garrysmod\addons\vjguardfixim_maps_src\maps\src\cets_under_tram.bsp
reading d:\juegos\steam\steamapps\common\garrysmod\garrysmod\addons\vjguardfixim_maps_src\maps\src\cets_under_tram.prt
 100 portalclusters
 180 numportals
BasePortalVis:       0...1...2...3...4...5...6...7...8...9...10 (0)
Optimized: 0 visible clusters (0.00%)
Total clusters visible: 10000
Average clusters visible: 100
Building PAS...
Average clusters audible: 100
visdatasize:3404  compressed from 3200
writing d:\juegos\steam\steamapps\common\garrysmod\garrysmod\addons\vjguardfixim_maps_src\maps\src\cets_under_tram.bsp
0 seconds elapsed



[Reading texlights from 'lights.rad']
[51 texlights parsed from 'lights.rad']
Loading d:\juegos\steam\steamapps\common\garrysmod\garrysmod\addons\vjguardfixim_maps_src\maps\src\cets_under_tram.bsp
BuildFacelights:     0...1...2...3...4...5...6...7...8...9...10 (0)
BuildStaticPropPatchlights: 0...1...2...3...4...5...6...7...8...9...10 (0)
BuildVisLeafs:       0...1...2...3...4...5...6...7...8...9...10 (1)
transfers 114015, max 817
static prop patch transfers 0
GatherLight:         0...1...2...3...4...5...6...7...8...9...10 (0)
Build Patch/Sample Hash Table(s).....Done<0.0278 sec>
FinalLightFace:      0...1...2...3...4...5...6..


materialPath: D:\Juegos\Steam\steamapps\common\GarrysMod\garrysmod\materials
Loading d:\juegos\steam\steamapps\common\garrysmod\garrysmod\addons\vjguardfixim_maps_src\maps\src\cets_under_tram.vmf
Patching WVT material: maps/cets_under_tram/concrete/blendconcreterock001a_wvt_patch
fixing up env_cubemap materials on brush sides...
ProcessBlock_Thread: 0...1...2...3...4...5...6...7...8...9...10 (0)
ProcessBlock_Thread: 0...1...2...3...4...5...6...7...8...9...10 (0)
Processing areas...done (0)
Building Faces...done (0)
FixTjuncs...
PruneNodes...
WriteBSP...
done (0)
writing d:\juegos\steam\steamapps\common\garrysmod\garrysmod\addons\vjguardfixim_maps_src\maps\src\cets_under_tram.prt...
Building visibility clusters...
done (0)
Creating default LDR cubemaps for env_cubemap using skybox materials:
   skybox/sky_day01_09*.vmt
 ! Run buildcubemaps in the engine to get the correct cube maps.
Creating default HDR cubemaps for env_cubemap using skybox materials:
   skybox/sky_day01_09*.vmt
 ! Run buildcubemaps in the engine to get the correct cube maps.
Finding displacement neighbors...
Finding lightmap sample positions...
Displacement Alpha : 0...1...2...3...4...5...6...7...8...9...10
Building Physics collision data...
done (0) (6634 bytes)
Placing detail props : 0...1...2...3...4...5...6...7...8...9...10
Compacting texture/material tables...
Reduced 84 texinfos to 10
Reduced 6 texdatas to 5 (172 bytes to 141)
Writing d:\juegos\steam\steamapps\common\garrysmod\garrysmod\addons\vjguardfixim_maps_src\maps\src\cets_under_tram.bsp
1 second elapsed



16 threads
reading d:\juegos\steam\steamapps\common\garrysmod\garrysmod\addons\vjguardfixim_maps_src\maps\src\cets_under_tram.bsp
reading d:\juegos\steam\steamapps\common\garrysmod\garrysmod\addons\vjguardfixim_maps_src\maps\src\cets_under_tram.prt
 100 portalclusters
 180 numportals
BasePortalVis:       0...1...2...3...4...5...6...7...8...9...10 (0)
Optimized: 0 visible clusters (0.00%)
Total clusters visible: 10000
Average clusters visible: 100
Building PAS...
Average clusters audible: 100
visdatasize:3404  compressed from 3200
writing d:\juegos\steam\steamapps\common\garrysmod\garrysmod\addons\vjguardfixim_maps_src\maps\src\cets_under_tram.bsp
0 seconds elapsed



[Reading texlights from 'lights.rad']
[51 texlights parsed from 'lights.rad']
Loading d:\juegos\steam\steamapps\common\garrysmod\garrysmod\addons\vjguardfixim_maps_src\maps\src\cets_under_tram.bsp
BuildFacelights:     0...1...2...3...4...5...6...7...8...9...10 (0)
BuildStaticPropPatchlights: 0...1...2...3...4...5...6...7...8...9...10 (0)
BuildVisLeafs:       0...1...2...3...4...5...6...7...8...9...10 (1)
transfers 114017, max 817
static prop patch transfers 0
GatherLight:         0...1...2...3...4...5...6...7...8...9...10 (0)
Build Patch/Sample Hash Table(s).....Done<0.0293 sec>
FinalLightFace:      0...1...2...3...4...5...6...7...8...9...10 (0)
FinalLightFace Done
0 of 0 (0% of) surface lights went in leaf ambient cubes.
ThreadComputeLeafAmbient: 0...1...2...3...4...5...6...7...8...9...10 (2)
Writing leaf ambient...done
Ready to Finish

Object names       Objects/Maxobjs  Memory / Maxmem  Fullness 
------------       ---------------  ---------------  -------- 
models                   5/4096          240/196608   ( 0.1%) 
brushes                 14/65535         168/786420   ( 0.0%) 
brushsides              84/655350        672/5242800  ( 0.0%) 
planes                 224/65536        4480/1310720  ( 0.3%) 
vertexes              1043/65536       12516/786432   ( 1.6%) 
nodes                  414/65536       13248/2097152  ( 0.6%) 
texinfos                10/16384         720/1179648  ( 0.1%) 
texdata                  5/8192          160/262144   ( 0.1%) 
dispinfos                0/0               0/0        ( 0.0%) 
disp_verts               0/0               0/0        ( 0.0%) 
disp_tris                0/0               0/0        ( 0.0%) 
disp_multiblend          0/0               0/0        ( 0.0%) 
disp_lmsamples           0/0               0/0        ( 0.0%) 
faces                  930/65536       52080/3670016  ( 1.4%) 
hdr faces                0/65536           0/3670016  ( 0.0%) 
origfaces               12/65536         672/3670016  ( 0.0%) 
leaves                 420/65536       13440/2097152  ( 0.6%) 
leaffaces              930/65536        1860/131072   ( 1.4%) 
leafbrushes            468/65536         936/131072   ( 0.7%) 
areas                    2/1024           16/8192     ( 0.2%) 
surfedges             3768/512000      15072/2048000  ( 0.7%) 
edges                 1973/256000       7892/1024000  ( 0.8%) 
LDR worldlights          0/8192            0/720896   ( 0.0%) 
HDR worldlights          0/8192            0/720896   ( 0.0%) 
leafwaterdata            0/32768           0/393216   ( 0.0%) 
waterstrips              0/32768           0/327680   ( 0.0%) 
waterverts               0/65536           0/786432   ( 0.0%) 
waterindices             0/65536           0/131072   ( 0.0%) 
cubemapsamples           0/1024            0/16384    ( 0.0%) 
overlays                 0/8192            0/2883584  ( 0.0%) 
LDR lightdata         [variable]     6993872/0        ( 0.0%) 
HDR lightdata         [variable]           0/0        ( 0.0%) 
visdata               [variable]        3404/16777216 ( 0.0%) 
entdata               [variable]       14832/4194304  ( 0.4%) 
LDR ambient table      420/65536        1680/262144   ( 0.6%) 
HDR ambient table      420/65536        1680/262144   ( 0.6%) 
LDR leaf ambient       141/65536        3948/1835008  ( 0.2%) 
HDR leaf ambient       420/65536       11760/1835008  ( 0.6%) 
occluders                0/0               0/0        ( 0.0%) 
occluder polygons        0/0               0/0        ( 0.0%) 
occluder vert ind        0/0               0/0        ( 0.0%) 
detail props          [variable]          12/0        ( 0.0%) 
static props          [variable]          12/0        ( 0.0%) 
static prop count        0/16384           0/0        ( 0.0%) 
pakfile               [variable]       91436/0        ( 0.0%) 
physics               [variable]        6634/4194304  ( 0.2%) 
physics terrain       [variable]           2/1048576  ( 0.0%) 

Level flags = 0

Total triangle count: 1860
Writing d:\juegos\steam\steamapps\common\garrysmod\garrysmod\addons\vjguardfixim_maps_src\maps\src\cets_under_tram.bsp
3 seconds elapsed




materialPath: D:\Juegos\Steam\steamapps\common\GarrysMod\garrysmod\materials
Loading d:\juegos\steam\steamapps\common\garrysmod\garrysmod\addons\vjguardfixim_maps_src\maps\src\cets_under_tram.vmf
Patching WVT material: maps/cets_under_tram/concrete/blendconcreterock001a_wvt_patch
fixing up env_cubemap materials on brush sides...
ProcessBlock_Thread: 0...1...2...3...4...5...6...7...8...9...10 (0)
ProcessBlock_Thread: 0...1...2...3...4...5...6...7...8...9...10 (0)
Processing areas...done (0)
Building Faces...done (0)
FixTjuncs...
PruneNodes...
WriteBSP...
done (0)
writing d:\juegos\steam\steamapps\common\garrysmod\garrysmod\addons\vjguardfixim_maps_src\maps\src\cets_under_tram.prt...
Building visibility clusters...
done (0)
Creating default LDR cubemaps for env_cubemap using skybox materials:
   skybox/sky_day01_09*.vmt
 ! Run buildcubemaps in the engine to get the correct cube maps.
Creating default HDR cubemaps for env_cubemap using skybox materials:
   skybox/sky_day01_09*.vmt
 ! Run buildcubemaps in the engine to get the correct cube maps.
Finding displacement neighbors...
Finding lightmap sample positions...
Displacement Alpha : 0...1...2...3...4...5...6...7...8...9...10
Building Physics collision data...
done (0) (6634 bytes)
Placing detail props : 0...1...2...3...4...5...6...7...8...9...10
Compacting texture/material tables...
Reduced 84 texinfos to 10
Reduced 6 texdatas to 5 (172 bytes to 141)
Writing d:\juegos\steam\steamapps\common\garrysmod\garrysmod\addons\vjguardfixim_maps_src\maps\src\cets_under_tram.bsp
1 second elapsed



16 threads
reading d:\juegos\steam\steamapps\common\garrysmod\garrysmod\addons\vjguardfixim_maps_src\maps\src\cets_under_tram.bsp
reading d:\juegos\steam\steamapps\common\garrysmod\garrysmod\addons\vjguardfixim_maps_src\maps\src\cets_under_tram.prt
 100 portalclusters
 180 numportals
BasePortalVis:       0...1...2...3...4...5...6...7...8...9...10 (0)
Optimized: 0 visible clusters (0.00%)
Total clusters visible: 10000
Average clusters visible: 100
Building PAS...
Average clusters audible: 100
visdatasize:3404  compressed from 3200
writing d:\juegos\steam\steamapps\common\garrysmod\garrysmod\addons\vjguardfixim_maps_src\maps\src\cets_under_tram.bsp
0 seconds elapsed



[Reading texlights from 'lights.rad']
[51 texlights parsed from 'lights.rad']
Loading d:\juegos\steam\steamapps\common\garrysmod\garrysmod\addons\vjguardfixim_maps_src\maps\src\cets_under_tram.bsp
BuildFacelights:     0...1...2...3...4...5...6...7...8...9...10 (0)
BuildStaticPropPatchlights: 0...1...2...3...4...5...6...7...8...9...10 (0)
BuildVisLeafs:       0...1...2...3...4...5...6...7...8...9...10 (1)
transfers 114017, max 817
static prop patch transfers 0
GatherLight:         0...1...2...3...4...5...6...7...8...9...10 (0)
Build Patch/Sample Hash Table(s).....Done<0.0284 sec>
FinalLightFace:      0...1...2...3...4...5...6...7...8...9...10 (0)
FinalLightFace Done
0 of 0 (0% of) surface lights went in leaf ambient cubes.
ThreadComputeLeafAmbient: 0...1...2...3...4...5...6...7...8...9...10 (2)
Writing leaf ambient...done
Ready to Finish

Object names       Objects/Maxobjs  Memory / Maxmem  Fullness 
------------       ---------------  ---------------  -------- 
models                   5/4096          240/196608   ( 0.1%) 
brushes                 14/65535         168/786420   ( 0.0%) 
brushsides              84/655350        672/5242800  ( 0.0%) 
planes                 224/65536        4480/1310720  ( 0.3%) 
vertexes              1043/65536       12516/786432   ( 1.6%) 
nodes                  414/65536       13248/2097152  ( 0.6%) 
texinfos                10/16384         720/1179648  ( 0.1%) 
texdata                  5/8192          160/262144   ( 0.1%) 
dispinfos                0/0               0/0        ( 0.0%) 
disp_verts               0/0               0/0        ( 0.0%) 
disp_tris                0/0               0/0        ( 0.0%) 
disp_multiblend          0/0               0/0        ( 0.0%) 
disp_lmsamples           0/0               0/0        ( 0.0%) 
faces                  930/65536       52080/3670016  ( 1.4%) 
hdr faces                0/65536           0/3670016  ( 0.0%) 
origfaces               12/65536         672/3670016  ( 0.0%) 
leaves                 420/65536       13440/2097152  ( 0.6%) 
leaffaces              930/65536        1860/131072   ( 1.4%) 
leafbrushes            468/65536         936/131072   ( 0.7%) 
areas                    2/1024           16/8192     ( 0.2%) 
surfedges             3768/512000      15072/2048000  ( 0.7%) 
edges                 1973/256000       7892/1024000  ( 0.8%) 
LDR worldlights          0/8192            0/720896   ( 0.0%) 
HDR worldlights          0/8192            0/720896   ( 0.0%) 
leafwaterdata            0/32768           0/393216   ( 0.0%) 
waterstrips              0/32768           0/327680   ( 0.0%) 
waterverts               0/65536           0/786432   ( 0.0%) 
waterindices             0/65536           0/131072   ( 0.0%) 
cubemapsamples           0/1024            0/16384    ( 0.0%) 
overlays                 0/8192            0/2883584  ( 0.0%) 
LDR lightdata         [variable]     6993872/0        ( 0.0%) 
HDR lightdata         [variable]           0/0        ( 0.0%) 
visdata               [variable]        3404/16777216 ( 0.0%) 
entdata               [variable]       14877/4194304  ( 0.4%) 
LDR ambient table      420/65536        1680/262144   ( 0.6%) 
HDR ambient table      420/65536        1680/262144   ( 0.6%) 
LDR leaf ambient       141/65536        3948/1835008  ( 0.2%) 
HDR leaf ambient       420/65536       11760/1835008  ( 0.6%) 
occluders                0/0               0/0        ( 0.0%) 
occluder polygons        0/0               0/0        ( 0.0%) 
occluder vert ind        0/0               0/0        ( 0.0%) 
detail props          [variable]          12/0        ( 0.0%) 
static props          [variable]          12/0        ( 0.0%) 
static prop count        0/16384           0/0        ( 0.0%) 
pakfile               [variable]       91436/0        ( 0.0%) 
physics               [variable]        6634/4194304  ( 0.2%) 
physics terrain       [variable]           2/1048576  ( 0.0%) 

Level flags = 0

Total triangle count: 1860
Writing d:\juegos\steam\steamapps\common\garrysmod\garrysmod\addons\vjguardfixim_maps_src\maps\src\cets_under_tram.bsp
3 seconds elapsed




materialPath: D:\Juegos\Steam\steamapps\common\GarrysMod\garrysmod\materials
Loading d:\juegos\steam\steamapps\common\garrysmod\garrysmod\addons\vjguardfixim_maps_src\maps\src\cets_under_tram.vmf
Patching WVT material: maps/cets_under_tram/concrete/blendconcreterock001a_wvt_patch
fixing up env_cubemap materials on brush sides...
ProcessBlock_Thread: 0...1...2...3...4...5...6...7...8...9...10 (0)
ProcessBlock_Thread: 0...1...2...3...4...5...6...7...8...9...10 (0)
Processing areas...done (0)
Building Faces...done (0)
FixTjuncs...
PruneNodes...
WriteBSP...
done (0)
writing d:\juegos\steam\steamapps\common\garrysmod\garrysmod\addons\vjguardfixim_maps_src\maps\src\cets_under_tram.prt...
Building visibility clusters...
done (0)
Creating default LDR cubemaps for env_cubemap using skybox materials:
   skybox/sky_day01_09*.vmt
 ! Run buildcubemaps in the engine to get the correct cube maps.
Creating default HDR cubemaps for env_cubemap using skybox materials:
   skybox/sky_day01_09*.vmt
 ! Run buildcubemaps in the engine to get the correct cube maps.
Finding displacement neighbors...
Finding lightmap sample positions...
Displacement Alpha : 0...1...2...3...4...5...6...7...8...9...10
Building Physics collision data...
done (0) (6636 bytes)
Placing detail props : 0...1...2...3...4...5...6...7...8...9...10
Compacting texture/material tables...
Reduced 84 texinfos to 15
Reduced 6 texdatas to 5 (181 bytes to 150)
Writing d:\juegos\steam\steamapps\common\garrysmod\garrysmod\addons\vjguardfixim_maps_src\maps\src\cets_under_tram.bsp
1 second elapsed



16 threads
reading d:\juegos\steam\steamapps\common\garrysmod\garrysmod\addons\vjguardfixim_maps_src\maps\src\cets_under_tram.bsp
reading d:\juegos\steam\steamapps\common\garrysmod\garrysmod\addons\vjguardfixim_maps_src\maps\src\cets_under_tram.prt
 100 portalclusters
 180 numportals
BasePortalVis:       0...1...2...3...4...5...6...7...8...9...10 (0)
Optimized: 0 visible clusters (0.00%)
Total clusters visible: 10000
Average clusters visible: 100
Building PAS...
Average clusters audible: 100
visdatasize:3404  compressed from 3200
writing d:\juegos\steam\steamapps\common\garrysmod\garrysmod\addons\vjguardfixim_maps_src\maps\src\cets_under_tram.bsp
0 seconds elapsed



[Reading texlights from 'lights.rad']
[51 texlights parsed from 'lights.rad']
Loading d:\juegos\steam\steamapps\common\garrysmod\garrysmod\addons\vjguardfixim_maps_src\maps\src\cets_under_tram.bsp
BuildFacelights:     0...1...2...3...4...5...6...7...8...9...10 (0)
BuildStaticPropPatchlights: 0...1...2...3...4...5...6...7...8...9...10 (0)
BuildVisLeafs:       0...1...2...3...4...5...6...7...8...9...10 (1)
transfers 118192, max 817
static prop patch transfers 0
GatherLight:         0...1...2...3...4...5...6...7...8...9...10 (0)
Build Patch/Sample Hash Table(s).....Done<0.0284 sec>
FinalLightFace:      0...1...2...3...4...5...6...7...8...9...10 (0)
FinalLightFace Done
0 of 0 (0% of) surface lights went in leaf ambient cubes.
ThreadComputeLeafAmbient: 0...1...2...3...4...5...6...7...8...9...10 (2)
Writing leaf ambient...done
Ready to Finish

Object names       Objects/Maxobjs  Memory / Maxmem  Fullness 
------------       ---------------  ---------------  -------- 
models                   5/4096          240/196608   ( 0.1%) 
brushes                 14/65535         168/786420   ( 0.0%) 
brushsides              84/655350        672/5242800  ( 0.0%) 
planes                 224/65536        4480/1310720  ( 0.3%) 
vertexes              1043/65536       12516/786432   ( 1.6%) 
nodes                  414/65536       13248/2097152  ( 0.6%) 
texinfos                15/16384        1080/1179648  ( 0.1%) 
texdata                  5/8192          160/262144   ( 0.1%) 
dispinfos                0/0               0/0        ( 0.0%) 
disp_verts               0/0               0/0        ( 0.0%) 
disp_tris                0/0               0/0        ( 0.0%) 
disp_multiblend          0/0               0/0        ( 0.0%) 
disp_lmsamples           0/0               0/0        ( 0.0%) 
faces                  936/65536       52416/3670016  ( 1.4%) 
hdr faces                0/65536           0/3670016  ( 0.0%) 
origfaces               18/65536        1008/3670016  ( 0.0%) 
leaves                 420/65536       13440/2097152  ( 0.6%) 
leaffaces              936/65536        1872/131072   ( 1.4%) 
leafbrushes            468/65536         936/131072   ( 0.7%) 
areas                    2/1024           16/8192     ( 0.2%) 
surfedges             3816/512000      15264/2048000  ( 0.7%) 
edges                 1997/256000       7988/1024000  ( 0.8%) 
LDR worldlights          0/8192            0/720896   ( 0.0%) 
HDR worldlights          0/8192            0/720896   ( 0.0%) 
leafwaterdata            0/32768           0/393216   ( 0.0%) 
waterstrips              0/32768           0/327680   ( 0.0%) 
waterverts               0/65536           0/786432   ( 0.0%) 
waterindices             0/65536           0/131072   ( 0.0%) 
cubemapsamples           0/1024            0/16384    ( 0.0%) 
overlays                 0/8192            0/2883584  ( 0.0%) 
LDR lightdata         [variable]     6994200/0        ( 0.0%) 
HDR lightdata         [variable]           0/0        ( 0.0%) 
visdata               [variable]        3404/16777216 ( 0.0%) 
entdata               [variable]       14877/4194304  ( 0.4%) 
LDR ambient table      420/65536        1680/262144   ( 0.6%) 
HDR ambient table      420/65536        1680/262144   ( 0.6%) 
LDR leaf ambient       142/65536        3976/1835008  ( 0.2%) 
HDR leaf ambient       420/65536       11760/1835008  ( 0.6%) 
occluders                0/0               0/0        ( 0.0%) 
occluder polygons        0/0               0/0        ( 0.0%) 
occluder vert ind        0/0               0/0        ( 0.0%) 
detail props          [variable]          12/0        ( 0.0%) 
static props          [variable]          12/0        ( 0.0%) 
static prop count        0/16384           0/0        ( 0.0%) 
pakfile               [variable]       91436/0        ( 0.0%) 
physics               [variable]        6636/4194304  ( 0.2%) 
physics terrain       [variable]           2/1048576  ( 0.0%) 

Level flags = 0

Total triangle count: 1872
Writing d:\juegos\steam\steamapps\common\garrysmod\garrysmod\addons\vjguardfixim_maps_src\maps\src\cets_under_tram.bsp
4 seconds elapsed




materialPath: D:\Juegos\Steam\steamapps\common\GarrysMod\garrysmod\materials
Loading d:\juegos\steam\steamapps\common\garrysmod\garrysmod\addons\vjguardfixim_maps_src\maps\src\cets_under_tram.vmf
Patching WVT material: maps/cets_under_tram/concrete/blendconcreterock001a_wvt_patch
fixing up env_cubemap materials on brush sides...
ProcessBlock_Thread: 0...1...2...3...4...5...6...7...8...9...10 (0)
ProcessBlock_Thread: 0...1...2...3...4...5...6...7...8...9...10 (0)
Processing areas...done (0)
Building Faces...done (0)
FixTjuncs...
PruneNodes...
WriteBSP...
done (0)
writing d:\juegos\steam\steamapps\common\garrysmod\garrysmod\addons\vjguardfixim_maps_src\maps\src\cets_under_tram.prt...
Building visibility clusters...
done (0)
Creating default LDR cubemaps for env_cubemap using skybox materials:
   skybox/sky_day01_09*.vmt
 ! Run buildcubemaps in the engine to get the correct cube maps.
Creating default HDR cubemaps for env_cubemap using skybox materials:
   skybox/sky_day01_09*.vmt
 ! Run buildcubemaps in the engine to get the correct cube maps.
Finding displacement neighbors...
Finding lightmap sample positions...
Displacement Alpha : 0...1...2...3...4...5...6...7...8...9...10
Building Physics collision data...
done (0) (6637 bytes)
Placing detail props : 0...1...2...3...4...5...6...7...8...9...10
Compacting texture/material tables...
Reduced 84 texinfos to 15
Reduced 6 texdatas to 5 (181 bytes to 150)
Writing d:\juegos\steam\steamapps\common\garrysmod\garrysmod\addons\vjguardfixim_maps_src\maps\src\cets_under_tram.bsp
1 second elapsed



16 threads
reading d:\juegos\steam\steamapps\common\garrysmod\garrysmod\addons\vjguardfixim_maps_src\maps\src\cets_under_tram.bsp
reading d:\juegos\steam\steamapps\common\garrysmod\garrysmod\addons\vjguardfixim_maps_src\maps\src\cets_under_tram.prt
 100 portalclusters
 180 numportals
BasePortalVis:       0...1...2...3...4...5...6...7...8...9...10 (0)
Optimized: 0 visible clusters (0.00%)
Total clusters visible: 10000
Average clusters visible: 100
Building PAS...
Average clusters audible: 100
visdatasize:3404  compressed from 3200
writing d:\juegos\steam\steamapps\common\garrysmod\garrysmod\addons\vjguardfixim_maps_src\maps\src\cets_under_tram.bsp
0 seconds elapsed



[Reading texlights from 'lights.rad']
[51 texlights parsed from 'lights.rad']
Loading d:\juegos\steam\steamapps\common\garrysmod\garrysmod\addons\vjguardfixim_maps_src\maps\src\cets_under_tram.bsp
BuildFacelights:     0...1...2...3...4...5...6...7...8...9...10 (0)
BuildStaticPropPatchlights: 0...1...2...3...4...5...6...7...8...9...10 (0)
BuildVisLeafs:       0...1...2...3...4...5...6...7...8...9...10 (1)
transfers 120331, max 817
static prop patch transfers 0
GatherLight:         0...1...2...3...4...5...6...7...8...9...10 (0)
Build Patch/Sample Hash Table(s).....Done<0.0299 sec>
FinalLightFace:      0...1...2...3...4...5...6...7...8...9...10 (0)
FinalLightFace Done
0 of 0 (0% of) surface lights went in leaf ambient cubes.
ThreadComputeLeafAmbient: 0...1...2...3...4...5...6...7...8...9...10 (2)
Writing leaf ambient...done
Ready to Finish

Object names       Objects/Maxobjs  Memory / Maxmem  Fullness 
------------       ---------------  ---------------  -------- 
models                   5/4096          240/196608   ( 0.1%) 
brushes                 14/65535         168/786420   ( 0.0%) 
brushsides              84/655350        672/5242800  ( 0.0%) 
planes                 224/65536        4480/1310720  ( 0.3%) 
vertexes              1043/65536       12516/786432   ( 1.6%) 
nodes                  414/65536       13248/2097152  ( 0.6%) 
texinfos                15/16384        1080/1179648  ( 0.1%) 
texdata                  5/8192          160/262144   ( 0.1%) 
dispinfos                0/0               0/0        ( 0.0%) 
disp_verts               0/0               0/0        ( 0.0%) 
disp_tris                0/0               0/0        ( 0.0%) 
disp_multiblend          0/0               0/0        ( 0.0%) 
disp_lmsamples           0/0               0/0        ( 0.0%) 
faces                  936/65536       52416/3670016  ( 1.4%) 
hdr faces                0/65536           0/3670016  ( 0.0%) 
origfaces               18/65536        1008/3670016  ( 0.0%) 
leaves                 420/65536       13440/2097152  ( 0.6%) 
leaffaces              936/65536        1872/131072   ( 1.4%) 
leafbrushes            468/65536         936/131072   ( 0.7%) 
areas                    2/1024           16/8192     ( 0.2%) 
surfedges             3816/512000      15264/2048000  ( 0.7%) 
edges                 1997/256000       7988/1024000  ( 0.8%) 
LDR worldlights          0/8192            0/720896   ( 0.0%) 
HDR worldlights          0/8192            0/720896   ( 0.0%) 
leafwaterdata            0/32768           0/393216   ( 0.0%) 
waterstrips              0/32768           0/327680   ( 0.0%) 
waterverts               0/65536           0/786432   ( 0.0%) 
waterindices             0/65536           0/131072   ( 0.0%) 
cubemapsamples           0/1024            0/16384    ( 0.0%) 
overlays                 0/8192            0/2883584  ( 0.0%) 
LDR lightdata         [variable]     6994560/0        ( 0.0%) 
HDR lightdata         [variable]           0/0        ( 0.0%) 
visdata               [variable]        3404/16777216 ( 0.0%) 
entdata               [variable]       14877/4194304  ( 0.4%) 
LDR ambient table      420/65536        1680/262144   ( 0.6%) 
HDR ambient table      420/65536        1680/262144   ( 0.6%) 
LDR leaf ambient       142/65536        3976/1835008  ( 0.2%) 
HDR leaf ambient       420/65536       11760/1835008  ( 0.6%) 
occluders                0/0               0/0        ( 0.0%) 
occluder polygons        0/0               0/0        ( 0.0%) 
occluder vert ind        0/0               0/0        ( 0.0%) 
detail props          [variable]          12/0        ( 0.0%) 
static props          [variable]          12/0        ( 0.0%) 
static prop count        0/16384           0/0        ( 0.0%) 
pakfile               [variable]       91436/0        ( 0.0%) 
physics               [variable]        6637/4194304  ( 0.2%) 
physics terrain       [variable]           2/1048576  ( 0.0%) 

Level flags = 0

Total triangle count: 1872
Writing d:\juegos\steam\steamapps\common\garrysmod\garrysmod\addons\vjguardfixim_maps_src\maps\src\cets_under_tram.bsp
4 seconds elapsed




materialPath: D:\Juegos\Steam\steamapps\common\GarrysMod\garrysmod\materials
Loading d:\juegos\steam\steamapps\common\garrysmod\garrysmod\addons\vjguardfixim_maps_src\maps\src\cets_under_tram.vmf
Patching WVT material: maps/cets_under_tram/concrete/blendconcreterock001a_wvt_patch
fixing up env_cubemap materials on brush sides...
ProcessBlock_Thread: 0...1...2...3...4...5...6...7...8...9...10 (0)
ProcessBlock_Thread: 0...1...2...3...4...5...6...7...8...9...10 (0)
Processing areas...done (0)
Building Faces...done (0)
FixTjuncs...
PruneNodes...
WriteBSP...
done (0)
writing d:\juegos\steam\steamapps\common\garrysmod\garrysmod\addons\vjguardfixim_maps_src\maps\src\cets_under_tram.prt...
Building visibility clusters...
done (0)
Creating default LDR cubemaps for env_cubemap using skybox materials:
   skybox/sky_day01_09*.vmt
 ! Run buildcubemaps in the engine to get the correct cube maps.
Creating default HDR cubemaps for env_cubemap using skybox materials:
   skybox/sky_day01_09*.vmt
 ! Run buildcubemaps in the engine to get the correct cube maps.
Finding displacement neighbors...
Finding lightmap sample positions...
Displacement Alpha : 0...1...2...3...4...5...6...7...8...9...10
Building Physics collision data...
done (0) (6637 bytes)
Placing detail props : 0...1...2...3...4...5...6...7...8...9...10
Compacting texture/material tables...
Reduced 84 texinfos to 15
Reduced 6 texdatas to 5 (181 bytes to 150)
Writing d:\juegos\steam\steamapps\common\garrysmod\garrysmod\addons\vjguardfixim_maps_src\maps\src\cets_under_tram.bsp
1 second elapsed



16 threads
reading d:\juegos\steam\steamapps\common\garrysmod\garrysmod\addons\vjguardfixim_maps_src\maps\src\cets_under_tram.bsp
reading d:\juegos\steam\steamapps\common\garrysmod\garrysmod\addons\vjguardfixim_maps_src\maps\src\cets_under_tram.prt
 100 portalclusters
 180 numportals
BasePortalVis:       0...1...2...3...4...5...6...7...8...9...10 (0)
Optimized: 0 visible clusters (0.00%)
Total clusters visible: 10000
Average clusters visible: 100
Building PAS...
Average clusters audible: 100
visdatasize:3404  compressed from 3200
writing d:\juegos\steam\steamapps\common\garrysmod\garrysmod\addons\vjguardfixim_maps_src\maps\src\cets_under_tram.bsp
0 seconds elapsed



[Reading texlights from 'lights.rad']
[51 texlights parsed from 'lights.rad']
Loading d:\juegos\steam\steamapps\common\garrysmod\garrysmod\addons\vjguardfixim_maps_src\maps\src\cets_under_tram.bsp
BuildFacelights:     0...1...2...3...4...5...6...7...8...9...10 (0)
BuildStaticPropPatchlights: 0...1...2...3...4...5...6...7...8...9...10 (0)
BuildVisLeafs:       0...1...2...3...4...5...6...7...8...9...10 (1)
transfers 120331, max 817
static prop patch transfers 0
GatherLight:         0...1...2...3...4...5...6...7...8...9...10 (0)
Build Patch/Sample Hash Table(s).....Done<0.0279 sec>
FinalLightFace:      0...1...2...3...4...5...6...7...8...9...10 (0)
FinalLightFace Done
0 of 0 (0% of) surface lights went in leaf ambient cubes.
ThreadComputeLeafAmbient: 0...1...2...3...4...5...6...7...8...9...10 (2)
Writing leaf ambient...done
Ready to Finish

Object names       Objects/Maxobjs  Memory / Maxmem  Fullness 
------------       ---------------  ---------------  -------- 
models                   5/4096          240/196608   ( 0.1%) 
brushes                 14/65535         168/786420   ( 0.0%) 
brushsides              84/655350        672/5242800  ( 0.0%) 
planes                 224/65536        4480/1310720  ( 0.3%) 
vertexes              1043/65536       12516/786432   ( 1.6%) 
nodes                  414/65536       13248/2097152  ( 0.6%) 
texinfos                15/16384        1080/1179648  ( 0.1%) 
texdata                  5/8192          160/262144   ( 0.1%) 
dispinfos                0/0               0/0        ( 0.0%) 
disp_verts               0/0               0/0        ( 0.0%) 
disp_tris                0/0               0/0        ( 0.0%) 
disp_multiblend          0/0               0/0        ( 0.0%) 
disp_lmsamples           0/0               0/0        ( 0.0%) 
faces                  936/65536       52416/3670016  ( 1.4%) 
hdr faces                0/65536           0/3670016  ( 0.0%) 
origfaces               18/65536        1008/3670016  ( 0.0%) 
leaves                 420/65536       13440/2097152  ( 0.6%) 
leaffaces              936/65536        1872/131072   ( 1.4%) 
leafbrushes            468/65536         936/131072   ( 0.7%) 
areas                    2/1024           16/8192     ( 0.2%) 
surfedges             3816/512000      15264/2048000  ( 0.7%) 
edges                 1997/256000       7988/1024000  ( 0.8%) 
LDR worldlights          0/8192            0/720896   ( 0.0%) 
HDR worldlights          0/8192            0/720896   ( 0.0%) 
leafwaterdata            0/32768           0/393216   ( 0.0%) 
waterstrips              0/32768           0/327680   ( 0.0%) 
waterverts               0/65536           0/786432   ( 0.0%) 
waterindices             0/65536           0/131072   ( 0.0%) 
cubemapsamples           0/1024            0/16384    ( 0.0%) 
overlays                 0/8192            0/2883584  ( 0.0%) 
LDR lightdata         [variable]     6994560/0        ( 0.0%) 
HDR lightdata         [variable]           0/0        ( 0.0%) 
visdata               [variable]        3404/16777216 ( 0.0%) 
entdata               [variable]       14881/4194304  ( 0.4%) 
LDR ambient table      420/65536        1680/262144   ( 0.6%) 
HDR ambient table      420/65536        1680/262144   ( 0.6%) 
LDR leaf ambient       142/65536        3976/1835008  ( 0.2%) 
HDR leaf ambient       420/65536       11760/1835008  ( 0.6%) 
occluders                0/0               0/0        ( 0.0%) 
occluder polygons        0/0               0/0        ( 0.0%) 
occluder vert ind        0/0               0/0        ( 0.0%) 
detail props          [variable]          12/0        ( 0.0%) 
static props          [variable]          12/0        ( 0.0%) 
static prop count        0/16384           0/0        ( 0.0%) 
pakfile               [variable]       91436/0        ( 0.0%) 
physics               [variable]        6637/4194304  ( 0.2%) 
physics terrain       [variable]           2/1048576  ( 0.0%) 

Level flags = 0

Total triangle count: 1872
Writing d:\juegos\steam\steamapps\common\garrysmod\garrysmod\addons\vjguardfixim_maps_src\maps\src\cets_under_tram.bsp
3 seconds elapsed




materialPath: D:\Juegos\Steam\steamapps\common\GarrysMod\garrysmod\materials
Loading d:\juegos\steam\steamapps\common\garrysmod\garrysmod\addons\vjguardfixim_maps_src\maps\src\cets_under_tram.vmf
Patching WVT material: maps/cets_under_tram/concrete/blendconcreterock001a_wvt_patch
fixing up env_cubemap materials on brush sides...
ProcessBlock_Thread: 0...1...2...3...4...5...6...7...8...9...10 (0)
ProcessBlock_Thread: 0...1...2...3...4...5...6...7...8...9...10 (0)
Processing areas...done (0)
Building Faces...done (0)
FixTjuncs...
PruneNodes...
WriteBSP...
done (0)
writing d:\juegos\steam\steamapps\common\garrysmod\garrysmod\addons\vjguardfixim_maps_src\maps\src\cets_under_tram.prt...
Building visibility clusters...
done (0)
Creating default LDR cubemaps for env_cubemap using skybox materials:
   skybox/sky_day01_09*.vmt
 ! Run buildcubemaps in the engine to get the correct cube maps.
Creating default HDR cubemaps for env_cubemap using skybox materials:
   skybox/sky_day01_09*.vmt
 ! Run buildcubemaps in the engine to get the correct cube maps.
Finding displacement neighbors...
Finding lightmap sample positions...
Displacement Alpha : 0...1...2...3...4...5...6...7...8...9...10
Building Physics collision data...
done (0) (6634 bytes)
Placing detail props : 0...1...2...3...4...5...6...7...8...9...10
Compacting texture/material tables...
Reduced 84 texinfos to 10
Reduced 6 texdatas to 5 (172 bytes to 141)
Writing d:\juegos\steam\steamapps\common\garrysmod\garrysmod\addons\vjguardfixim_maps_src\maps\src\cets_under_tram.bsp
1 second elapsed



16 threads
reading d:\juegos\steam\steamapps\common\garrysmod\garrysmod\addons\vjguardfixim_maps_src\maps\src\cets_under_tram.bsp
reading d:\juegos\steam\steamapps\common\garrysmod\garrysmod\addons\vjguardfixim_maps_src\maps\src\cets_under_tram.prt
 100 portalclusters
 180 numportals
BasePortalVis:       0...1...2...3...4...5...6...7...8...9...10 (0)
Optimized: 0 visible clusters (0.00%)
Total clusters visible: 10000
Average clusters visible: 100
Building PAS...
Average clusters audible: 100
visdatasize:3404  compressed from 3200
writing d:\juegos\steam\steamapps\common\garrysmod\garrysmod\addons\vjguardfixim_maps_src\maps\src\cets_under_tram.bsp
0 seconds elapsed



[Reading texlights from 'lights.rad']
[51 texlights parsed from 'lights.rad']
Loading d:\juegos\steam\steamapps\common\garrysmod\garrysmod\addons\vjguardfixim_maps_src\maps\src\cets_under_tram.bsp
BuildFacelights:     0...1...2...3...4...5...6...7...8...9...10 (0)
BuildStaticPropPatchlights: 0...1...2...3...4...5...6...7...8...9...10 (0)
BuildVisLeafs:       0...1...2...3...4...5...6...7...8...9...10 (1)
transfers 114029, max 817
static prop patch transfers 0
GatherLight:         0...1...2...3...4...5...6...7...8...9...10 (0)
Build Patch/Sample Hash Table(s).....Done<0.0289 sec>
FinalLightFace:      0...1...2...3...4...5...6...7...8...9...10 (0)
FinalLightFace Done
0 of 0 (0% of) surface lights went in leaf ambient cubes.
ThreadComputeLeafAmbient: 0...1...2...3...4...5...6...7...8...9...10 (2)
Writing leaf ambient...done
Ready to Finish

Object names       Objects/Maxobjs  Memory / Maxmem  Fullness 
------------       ---------------  ---------------  -------- 
models                   5/4096          240/196608   ( 0.1%) 
brushes                 14/65535         168/786420   ( 0.0%) 
brushsides              84/655350        672/5242800  ( 0.0%) 
planes                 228/65536        4560/1310720  ( 0.3%) 
vertexes              1043/65536       12516/786432   ( 1.6%) 
nodes                  414/65536       13248/2097152  ( 0.6%) 
texinfos                10/16384         720/1179648  ( 0.1%) 
texdata                  5/8192          160/262144   ( 0.1%) 
dispinfos                0/0               0/0        ( 0.0%) 
disp_verts               0/0               0/0        ( 0.0%) 
disp_tris                0/0               0/0        ( 0.0%) 
disp_multiblend          0/0               0/0        ( 0.0%) 
disp_lmsamples           0/0               0/0        ( 0.0%) 
faces                  930/65536       52080/3670016  ( 1.4%) 
hdr faces                0/65536           0/3670016  ( 0.0%) 
origfaces               12/65536         672/3670016  ( 0.0%) 
leaves                 420/65536       13440/2097152  ( 0.6%) 
leaffaces              930/65536        1860/131072   ( 1.4%) 
leafbrushes            468/65536         936/131072   ( 0.7%) 
areas                    2/1024           16/8192     ( 0.2%) 
surfedges             3768/512000      15072/2048000  ( 0.7%) 
edges                 1973/256000       7892/1024000  ( 0.8%) 
LDR worldlights          0/8192            0/720896   ( 0.0%) 
HDR worldlights          0/8192            0/720896   ( 0.0%) 
leafwaterdata            0/32768           0/393216   ( 0.0%) 
waterstrips              0/32768           0/327680   ( 0.0%) 
waterverts               0/65536           0/786432   ( 0.0%) 
waterindices             0/65536           0/131072   ( 0.0%) 
cubemapsamples           0/1024            0/16384    ( 0.0%) 
overlays                 0/8192            0/2883584  ( 0.0%) 
LDR lightdata         [variable]     6993872/0        ( 0.0%) 
HDR lightdata         [variable]           0/0        ( 0.0%) 
visdata               [variable]        3404/16777216 ( 0.0%) 
entdata               [variable]       14889/4194304  ( 0.4%) 
LDR ambient table      420/65536        1680/262144   ( 0.6%) 
HDR ambient table      420/65536        1680/262144   ( 0.6%) 
LDR leaf ambient       141/65536        3948/1835008  ( 0.2%) 
HDR leaf ambient       420/65536       11760/1835008  ( 0.6%) 
occluders                0/0               0/0        ( 0.0%) 
occluder polygons        0/0               0/0        ( 0.0%) 
occluder vert ind        0/0               0/0        ( 0.0%) 
detail props          [variable]          12/0        ( 0.0%) 
static props          [variable]          12/0        ( 0.0%) 
static prop count        0/16384           0/0        ( 0.0%) 
pakfile               [variable]       91436/0        ( 0.0%) 
physics               [variable]        6634/4194304  ( 0.2%) 
physics terrain       [variable]           2/1048576  ( 0.0%) 

Level flags = 0

Total triangle count: 1860
Writing d:\juegos\steam\steamapps\common\garrysmod\garrysmod\addons\vjguardfixim_maps_src\maps\src\cets_under_tram.bsp
3 seconds elapsed




materialPath: D:\Juegos\Steam\steamapps\common\GarrysMod\garrysmod\materials
Loading d:\juegos\steam\steamapps\common\garrysmod\garrysmod\addons\vjguardfixim_maps_src\maps\src\cets_under_tram.vmf
Patching WVT material: maps/cets_under_tram/concrete/blendconcreterock001a_wvt_patch
fixing up env_cubemap materials on brush sides...
ProcessBlock_Thread: 0...1...2...3...4...5...6...7...8...9...10 (0)
ProcessBlock_Thread: 0...1...2...3...4...5...6...7...8...9...10 (0)
Processing areas...done (0)
Building Faces...done (0)
FixTjuncs...
PruneNodes...
WriteBSP...
done (0)
writing d:\juegos\steam\steamapps\common\garrysmod\garrysmod\addons\vjguardfixim_maps_src\maps\src\cets_under_tram.prt...
Building visibility clusters...
done (0)
Creating default LDR cubemaps for env_cubemap using skybox materials:
   skybox/sky_day01_09*.vmt
 ! Run buildcubemaps in the engine to get the correct cube maps.
Creating default HDR cubemaps for env_cubemap using skybox materials:
   skybox/sky_day01_09*.vmt
 ! Run buildcubemaps in the engine to get the correct cube maps.
Bad surface extents point: -1597.701538 -447.998657 192.000000
Bad surface extents point: -2046.000977 1383.128906 192.000000
Bad surface extents point: -1515.299805 2231.449219 192.000000
Bad surface extents point: -1014.259888 184.886841 192.000000
Bad surface extents - surface is too big to have a lightmap
	material NATURE/SNOWFLOOR001A around point (-1543.3 837.9 192.0)
	(dimension: 1, 135>126)



materialPath: D:\Juegos\Steam\steamapps\common\GarrysMod\garrysmod\materials
Loading d:\juegos\steam\steamapps\common\garrysmod\garrysmod\addons\vjguardfixim_maps_src\maps\src\cets_under_tram.vmf
Patching WVT material: maps/cets_under_tram/concrete/blendconcreterock001a_wvt_patch
fixing up env_cubemap materials on brush sides...
ProcessBlock_Thread: 0...1...2...3...4...5...6...7...8...9...10 (0)
ProcessBlock_Thread: 0...1...2...3...4...5...6...7...8...9...10 (0)
Processing areas...done (0)
Building Faces...done (0)
FixTjuncs...
PruneNodes...
WriteBSP...
done (0)
writing d:\juegos\steam\steamapps\common\garrysmod\garrysmod\addons\vjguardfixim_maps_src\maps\src\cets_under_tram.prt...
Building visibility clusters...
done (0)
Creating default LDR cubemaps for env_cubemap using skybox materials:
   skybox/sky_day01_09*.vmt
 ! Run buildcubemaps in the engine to get the correct cube maps.
Creating default HDR cubemaps for env_cubemap using skybox materials:
   skybox/sky_day01_09*.vmt
 ! Run buildcubemaps in the engine to get the correct cube maps.
Bad surface extents point: 1003.299805 776.554688 192.000000
Bad surface extents point: 502.255859 2823.113281 192.000000
Bad surface extents point: 1085.697266 3456.000000 192.000000
Bad surface extents point: 1534.000000 1624.863281 192.000000
Bad surface extents - surface is too big to have a lightmap
	material NATURE/SNOWFLOOR001A around point (1031.3 2170.1 192.0)
	(dimension: 1, 135>126)



materialPath: D:\Juegos\Steam\steamapps\common\GarrysMod\garrysmod\materials
Loading d:\juegos\steam\steamapps\common\garrysmod\garrysmod\addons\vjguardfixim_maps_src\maps\src\cets_under_tram.vmf
Patching WVT material: maps/cets_under_tram/concrete/blendconcreterock001a_wvt_patch
fixing up env_cubemap materials on brush sides...
ProcessBlock_Thread: 0...1...2...3...4...5...6...7...8...9...10 (0)
ProcessBlock_Thread: 0...1...2...3...4...5...6...7...8...9...10 (0)
Processing areas...done (0)
Building Faces...done (0)
FixTjuncs...
PruneNodes...
WriteBSP...
done (0)
writing d:\juegos\steam\steamapps\common\garrysmod\garrysmod\addons\vjguardfixim_maps_src\maps\src\cets_under_tram.prt...
Building visibility clusters...
done (0)
Creating default LDR cubemaps for env_cubemap using skybox materials:
   skybox/sky_day01_09*.vmt
 ! Run buildcubemaps in the engine to get the correct cube maps.
Creating default HDR cubemaps for env_cubemap using skybox materials:
   skybox/sky_day01_09*.vmt
 ! Run buildcubemaps in the engine to get the correct cube maps.
Bad surface extents point: 1003.299805 776.554688 192.000000
Bad surface extents point: 502.255859 2823.113281 192.000000
Bad surface extents point: 1085.697266 3456.000000 192.000000
Bad surface extents point: 1534.000000 1624.863281 192.000000
Bad surface extents - surface is too big to have a lightmap
	material NATURE/SNOWFLOOR001A around point (1031.3 2170.1 192.0)
	(dimension: 1, 135>126)



materialPath: D:\Juegos\Steam\steamapps\common\GarrysMod\garrysmod\materials
Loading d:\juegos\steam\steamapps\common\garrysmod\garrysmod\addons\vjguardfixim_maps_src\maps\src\cets_under_tram.vmf
Patching WVT material: maps/cets_under_tram/concrete/blendconcreterock001a_wvt_patch
fixing up env_cubemap materials on brush sides...
ProcessBlock_Thread: 0...1...2...3...4...5...6...7...8...9...10 (0)
ProcessBlock_Thread: 0...1...2...3...4...5...6...7...8...9...10 (0)
Processing areas...done (0)
Building Faces...done (0)
FixTjuncs...
PruneNodes...
WriteBSP...
done (0)
writing d:\juegos\steam\steamapps\common\garrysmod\garrysmod\addons\vjguardfixim_maps_src\maps\src\cets_under_tram.prt...
Building visibility clusters...
done (0)
Creating default LDR cubemaps for env_cubemap using skybox materials:
   skybox/sky_day01_09*.vmt
 ! Run buildcubemaps in the engine to get the correct cube maps.
Creating default HDR cubemaps for env_cubemap using skybox materials:
   skybox/sky_day01_09*.vmt
 ! Run buildcubemaps in the engine to get the correct cube maps.
Bad surface extents point: 1003.299805 776.554688 192.000000
Bad surface extents point: 502.255859 2823.113281 192.000000
Bad surface extents point: 1085.697266 3456.000000 192.000000
Bad surface extents point: 1534.000000 1624.863281 192.000000
Bad surface extents - surface is too big to have a lightmap
	material NATURE/SNOWFLOOR001A around point (1031.3 2170.1 192.0)
	(dimension: 1, 135>126)



materialPath: D:\Juegos\Steam\steamapps\common\GarrysMod\garrysmod\materials
Loading d:\juegos\steam\steamapps\common\garrysmod\garrysmod\addons\vjguardfixim_maps_src\maps\src\cets_under_tram.vmf
Patching WVT material: maps/cets_under_tram/concrete/blendconcreterock001a_wvt_patch
fixing up env_cubemap materials on brush sides...
ProcessBlock_Thread: 0...1...2...3...4...5...6...7...8...9...10 (0)
ProcessBlock_Thread: 0...1...2...3...4...5...6...7...8...9...10 (0)
Processing areas...done (0)
Building Faces...done (0)
FixTjuncs...
PruneNodes...
WriteBSP...
done (0)
writing d:\juegos\steam\steamapps\common\garrysmod\garrysmod\addons\vjguardfixim_maps_src\maps\src\cets_under_tram.prt...
Building visibility clusters...
done (0)
Creating default LDR cubemaps for env_cubemap using skybox materials:
   skybox/sky_day01_09*.vmt
 ! Run buildcubemaps in the engine to get the correct cube maps.
Creating default HDR cubemaps for env_cubemap using skybox materials:
   skybox/sky_day01_09*.vmt
 ! Run buildcubemaps in the engine to get the correct cube maps.
Bad surface extents point: 1003.297852 776.562500 192.000000
Bad surface extents point: 502.255859 2823.113281 192.000000
Bad surface extents point: 1085.697266 3456.000000 192.000000
Bad surface extents point: 1534.000000 1624.863281 192.000000
Bad surface extents - surface is too big to have a lightmap
	material NATURE/SNOWFLOOR001A around point (1031.3 2170.1 192.0)
	(dimension: 1, 135>126)



materialPath: D:\Juegos\Steam\steamapps\common\GarrysMod\garrysmod\materials
Loading d:\juegos\steam\steamapps\common\garrysmod\garrysmod\addons\vjguardfixim_maps_src\maps\src\cets_under_tram.vmf
Patching WVT material: maps/cets_under_tram/concrete/blendconcreterock001a_wvt_patch
fixing up env_cubemap materials on brush sides...
ProcessBlock_Thread: 0...1...2...3...4...5...6...7...8...9...10 (0)
ProcessBlock_Thread: 0...1...2...3...4...5...6...7...8...9...10 (0)
Processing areas...done (0)
Building Faces...done (0)
FixTjuncs...
PruneNodes...
WriteBSP...
done (0)
writing d:\juegos\steam\steamapps\common\garrysmod\garrysmod\addons\vjguardfixim_maps_src\maps\src\cets_under_tram.prt...
Building visibility clusters...
done (0)
Creating default LDR cubemaps for env_cubemap using skybox materials:
   skybox/sky_day01_09*.vmt
 ! Run buildcubemaps in the engine to get the correct cube maps.
Creating default HDR cubemaps for env_cubemap using skybox materials:
   skybox/sky_day01_09*.vmt
 ! Run buildcubemaps in the engine to get the correct cube maps.
Finding displacement neighbors...
Finding lightmap sample positions...
Displacement Alpha : 0...1...2...3...4...5...6...7...8...9...10
Building Physics collision data...
done (0) (6634 bytes)
Placing detail props : 0...1...2...3...4...5...6...7...8...9...10
Compacting texture/material tables...
Reduced 152 texinfos to 40
Reduced 8 texdatas to 7 (213 bytes to 182)
Writing d:\juegos\steam\steamapps\common\garrysmod\garrysmod\addons\vjguardfixim_maps_src\maps\src\cets_under_tram.bsp
1 second elapsed



16 threads
reading d:\juegos\steam\steamapps\common\garrysmod\garrysmod\addons\vjguardfixim_maps_src\maps\src\cets_under_tram.bsp
reading d:\juegos\steam\steamapps\common\garrysmod\garrysmod\addons\vjguardfixim_maps_src\maps\src\cets_under_tram.prt
 100 portalclusters
 180 numportals
BasePortalVis:       0...1...2...3...4...5...6...7...8...9...10 (0)
Optimized: 0 visible clusters (0.00%)
Total clusters visible: 10000
Average clusters visible: 100
Building PAS...
Average clusters audible: 100
visdatasize:3404  compressed from 3200
writing d:\juegos\steam\steamapps\common\garrysmod\garrysmod\addons\vjguardfixim_maps_src\maps\src\cets_under_tram.bsp
0 seconds elapsed



[Reading texlights from 'lights.rad']
[51 texlights parsed from 'lights.rad']
Loading d:\juegos\steam\steamapps\common\garrysmod\garrysmod\addons\vjguardfixim_maps_src\maps\src\cets_under_tram.bsp
BuildFacelights:     0...1...2...3...4...5...6...7...8...9...10 (1)
BuildStaticPropPatchlights: 0...1...2...3...4...5...6...7...8...9...10 (0)
BuildVisLeafs:       0...1...2...3...4...5...6...7...8...9...10 (0)
transfers 250880, max 764
static prop patch transfers 0
GatherLight:         0...1...2...3...4...5...6...7...8...9...10 (0)
Build Patch/Sample Hash Table(s).....Done<0.0309 sec>
FinalLightFace:      0...1...2...3...4...5...6...7...8...9...10 (1)
FinalLightFace Done
0 of 0 (0% of) surface lights went in leaf ambient cubes.
ThreadComputeLeafAmbient: 0...1...2...3...4...5...6...7...8...9...10 (2)
Writing leaf ambient...done
Ready to Finish

Object names       Objects/Maxobjs  Memory / Maxmem  Fullness 
------------       ---------------  ---------------  -------- 
models                   5/4096          240/196608   ( 0.1%) 
brushes                 14/65535         168/786420   ( 0.0%) 
brushsides              84/655350        672/5242800  ( 0.0%) 
planes                 300/65536        6000/1310720  ( 0.5%) 
vertexes              1103/65536       13236/786432   ( 1.7%) 
nodes                  414/65536       13248/2097152  ( 0.6%) 
texinfos                40/16384        2880/1179648  ( 0.2%) 
texdata                  7/8192          224/262144   ( 0.1%) 
dispinfos               34/0            5984/0        ( 0.0%) 
disp_verts            2754/0           55080/0        ( 0.0%) 
disp_tris             4352/0            8704/0        ( 0.0%) 
disp_multiblend          0/0               0/0        ( 0.0%) 
disp_lmsamples      208544/0          208544/0        ( 0.0%) 
faces                  964/65536       53984/3670016  ( 1.5%) 
hdr faces                0/65536           0/3670016  ( 0.0%) 
origfaces               46/65536        2576/3670016  ( 0.1%) 
leaves                 420/65536       13440/2097152  ( 0.6%) 
leaffaces              930/65536        1860/131072   ( 1.4%) 
leafbrushes            468/65536         936/131072   ( 0.7%) 
areas                    2/1024           16/8192     ( 0.2%) 
surfedges             4040/512000      16160/2048000  ( 0.8%) 
edges                 2151/256000       8604/1024000  ( 0.8%) 
LDR worldlights          0/8192            0/720896   ( 0.0%) 
HDR worldlights          0/8192            0/720896   ( 0.0%) 
leafwaterdata            0/32768           0/393216   ( 0.0%) 
waterstrips              0/32768           0/327680   ( 0.0%) 
waterverts               0/65536           0/786432   ( 0.0%) 
waterindices             0/65536           0/131072   ( 0.0%) 
cubemapsamples           0/1024            0/16384    ( 0.0%) 
overlays                 0/8192            0/2883584  ( 0.0%) 
LDR lightdata         [variable]     7202552/0        ( 0.0%) 
HDR lightdata         [variable]           0/0        ( 0.0%) 
visdata               [variable]        3404/16777216 ( 0.0%) 
entdata               [variable]       14890/4194304  ( 0.4%) 
LDR ambient table      420/65536        1680/262144   ( 0.6%) 
HDR ambient table      420/65536        1680/262144   ( 0.6%) 
LDR leaf ambient       141/65536        3948/1835008  ( 0.2%) 
HDR leaf ambient       420/65536       11760/1835008  ( 0.6%) 
occluders                0/0               0/0        ( 0.0%) 
occluder polygons        0/0               0/0        ( 0.0%) 
occluder vert ind        0/0               0/0        ( 0.0%) 
detail props          [variable]          12/0        ( 0.0%) 
static props          [variable]          12/0        ( 0.0%) 
static prop count        0/16384           0/0        ( 0.0%) 
pakfile               [variable]       91436/0        ( 0.0%) 
physics               [variable]        6634/4194304  ( 0.2%) 
physics terrain       [variable]       13242/1048576  ( 1.3%) 

Level flags = 0

Total triangle count: 1928
Writing d:\juegos\steam\steamapps\common\garrysmod\garrysmod\addons\vjguardfixim_maps_src\maps\src\cets_under_tram.bsp
4 seconds elapsed




materialPath: D:\Juegos\Steam\steamapps\common\GarrysMod\garrysmod\materials
Loading d:\juegos\steam\steamapps\common\garrysmod\garrysmod\addons\vjguardfixim_maps_src\maps\src\cets_under_tram.vmf
Patching WVT material: maps/cets_under_tram/concrete/blendconcreterock001a_wvt_patch
fixing up env_cubemap materials on brush sides...
ProcessBlock_Thread: 0...1...2...3...4...5...6...7...8...9...10 (0)
ProcessBlock_Thread: 0...1...2...3...4...5...6...7...8...9...10 (0)
Processing areas...done (0)
Building Faces...done (0)
FixTjuncs...
PruneNodes...
WriteBSP...
done (0)
writing d:\juegos\steam\steamapps\common\garrysmod\garrysmod\addons\vjguardfixim_maps_src\maps\src\cets_under_tram.prt...
Building visibility clusters...
done (0)
Creating default LDR cubemaps for env_cubemap using skybox materials:
   skybox/sky_day01_09*.vmt
 ! Run buildcubemaps in the engine to get the correct cube maps.
Creating default HDR cubemaps for env_cubemap using skybox materials:
   skybox/sky_day01_09*.vmt
 ! Run buildcubemaps in the engine to get the correct cube maps.
Bad surface extents point: 1035.236572 919.929688 192.000000
Bad surface extents point: 1082.336426 3027.557861 192.000000
Bad surface extents point: 1808.191284 3488.000000 192.000000
Bad surface extents point: 1767.281494 1603.234375 192.000000
Bad surface extents - surface is too big to have a lightmap
	material NATURE/SNOWFLOOR001A around point (1423.3 2259.7 192.0)
	(dimension: 1, 130>126)



materialPath: D:\Juegos\Steam\steamapps\common\GarrysMod\garrysmod\materials
Loading d:\juegos\steam\steamapps\common\garrysmod\garrysmod\addons\vjguardfixim_maps_src\maps\src\cets_under_tram.vmf
Patching WVT material: maps/cets_under_tram/concrete/blendconcreterock001a_wvt_patch
fixing up env_cubemap materials on brush sides...
ProcessBlock_Thread: 0...1...2...3...4...5...6...7...8...9...10 (0)
ProcessBlock_Thread: 0...1...2...3...4...5...6...7...8...9...10 (0)
Processing areas...done (0)
Building Faces...done (0)
FixTjuncs...
PruneNodes...
WriteBSP...
done (0)
writing d:\juegos\steam\steamapps\common\garrysmod\garrysmod\addons\vjguardfixim_maps_src\maps\src\cets_under_tram.prt...
Building visibility clusters...
done (0)
Creating default LDR cubemaps for env_cubemap using skybox materials:
   skybox/sky_day01_09*.vmt
 ! Run buildcubemaps in the engine to get the correct cube maps.
Creating default HDR cubemaps for env_cubemap using skybox materials:
   skybox/sky_day01_09*.vmt
 ! Run buildcubemaps in the engine to get the correct cube maps.
Bad surface extents point: 1035.236572 919.929688 192.000000
Bad surface extents point: 1082.336426 3027.557861 192.000000
Bad surface extents point: 1808.191284 3488.000000 192.000000
Bad surface extents point: 1767.281494 1603.234375 192.000000
Bad surface extents - surface is too big to have a lightmap
	material NATURE/SNOWFLOOR001A around point (1423.3 2259.7 192.0)
	(dimension: 1, 130>126)



materialPath: D:\Juegos\Steam\steamapps\common\GarrysMod\garrysmod\materials
Loading d:\juegos\steam\steamapps\common\garrysmod\garrysmod\addons\vjguardfixim_maps_src\maps\src\cets_under_tram.vmf
Patching WVT material: maps/cets_under_tram/concrete/blendconcreterock001a_wvt_patch
fixing up env_cubemap materials on brush sides...
ProcessBlock_Thread: 0...1...2...3...4...5...6...7...8...9...10 (0)
ProcessBlock_Thread: 0...1...2...3...4...5...6...7...8...9...10 (0)
Processing areas...done (0)
Building Faces...done (0)
FixTjuncs...
PruneNodes...
WriteBSP...
done (0)
writing d:\juegos\steam\steamapps\common\garrysmod\garrysmod\addons\vjguardfixim_maps_src\maps\src\cets_under_tram.prt...
Building visibility clusters...
done (0)
Creating default LDR cubemaps for env_cubemap using skybox materials:
   skybox/sky_day01_09*.vmt
 ! Run buildcubemaps in the engine to get the correct cube maps.
Creating default HDR cubemaps for env_cubemap using skybox materials:
   skybox/sky_day01_09*.vmt
 ! Run buildcubemaps in the engine to get the correct cube maps.
Bad surface extents point: 309.546753 460.085938 192.000000
Bad surface extents point: 350.447754 2344.851562 192.000000
Bad surface extents point: 1082.492065 3028.152344 192.000000
Bad surface extents point: 1035.402100 920.529297 192.000000
Bad surface extents - surface is too big to have a lightmap
	material NATURE/SNOWFLOOR001A around point (694.5 1688.4 192.0)
	(dimension: 1, 129>126)



materialPath: D:\Juegos\Steam\steamapps\common\GarrysMod\garrysmod\materials
Loading d:\juegos\steam\steamapps\common\garrysmod\garrysmod\addons\vjguardfixim_maps_src\maps\src\cets_under_tram.vmf
Patching WVT material: maps/cets_under_tram/concrete/blendconcreterock001a_wvt_patch
fixing up env_cubemap materials on brush sides...
ProcessBlock_Thread: 0...1...2...3...4...5...6...7...8...9...10 (0)
ProcessBlock_Thread: 0...1...2...3...4...5...6...7...8...9...10 (0)
Processing areas...done (0)
Building Faces...done (0)
FixTjuncs...
PruneNodes...
WriteBSP...
done (0)
writing d:\juegos\steam\steamapps\common\garrysmod\garrysmod\addons\vjguardfixim_maps_src\maps\src\cets_under_tram.prt...
Building visibility clusters...
done (0)
Creating default LDR cubemaps for env_cubemap using skybox materials:
   skybox/sky_day01_09*.vmt
 ! Run buildcubemaps in the engine to get the correct cube maps.
Creating default HDR cubemaps for env_cubemap using skybox materials:
   skybox/sky_day01_09*.vmt
 ! Run buildcubemaps in the engine to get the correct cube maps.
Finding displacement neighbors...
Finding lightmap sample positions...
Displacement Alpha : 0...1...2...3...4...5...6...7...8...9...10
Building Physics collision data...
done (0) (7682 bytes)
Placing detail props : 0...1...2...3...4...5...6...7...8...9...10
Compacting texture/material tables...
Reduced 199 texinfos to 55
Reduced 8 texdatas to 7 (213 bytes to 182)
Writing d:\juegos\steam\steamapps\common\garrysmod\garrysmod\addons\vjguardfixim_maps_src\maps\src\cets_under_tram.bsp
1 second elapsed



16 threads
reading d:\juegos\steam\steamapps\common\garrysmod\garrysmod\addons\vjguardfixim_maps_src\maps\src\cets_under_tram.bsp
reading d:\juegos\steam\steamapps\common\garrysmod\garrysmod\addons\vjguardfixim_maps_src\maps\src\cets_under_tram.prt
 100 portalclusters
 180 numportals
BasePortalVis:       0...1...2...3...4...5...6...7...8...9...10 (0)
Optimized: 0 visible clusters (0.00%)
Total clusters visible: 10000
Average clusters visible: 100
Building PAS...
Average clusters audible: 100
visdatasize:3404  compressed from 3200
writing d:\juegos\steam\steamapps\common\garrysmod\garrysmod\addons\vjguardfixim_maps_src\maps\src\cets_under_tram.bsp
0 seconds elapsed



[Reading texlights from 'lights.rad']
[51 texlights parsed from 'lights.rad']
Loading d:\juegos\steam\steamapps\common\garrysmod\garrysmod\addons\vjguardfixim_maps_src\maps\src\cets_under_tram.bsp
BuildFacelights:     0...1...2...3...4...5...6...7...8...9...10 (1)
BuildStaticPropPatchlights: 0...1...2...3...4...5...6...7...8...9...10 (0)
BuildVisLeafs:       0...1...2...3...4...5...6...7...8...9...10 (0)
transfers 298597, max 741
static prop patch transfers 0
GatherLight:         0...1...2...3...4...5...6...7...8...9...10 (0)
Build Patch/Sample Hash Table(s).....Done<0.0324 sec>
FinalLightFace:      0...1...2...3...4...5...6...7...8...9...10 (1)
FinalLightFace Done
0 of 0 (0% of) surface lights went in leaf ambient cubes.
ThreadComputeLeafAmbient: 0...1...2...3...4...5...6...7...8...9...10 (2)
Writing leaf ambient...done
Ready to Finish

Object names       Objects/Maxobjs  Memory / Maxmem  Fullness 
------------       ---------------  ---------------  -------- 
models                   5/4096          240/196608   ( 0.1%) 
brushes                 17/65535         204/786420   ( 0.0%) 
brushsides             102/655350        816/5242800  ( 0.0%) 
planes                 338/65536        6760/1310720  ( 0.5%) 
vertexes              1135/65536       13620/786432   ( 1.7%) 
nodes                  414/65536       13248/2097152  ( 0.6%) 
texinfos                55/16384        3960/1179648  ( 0.3%) 
texdata                  7/8192          224/262144   ( 0.1%) 
dispinfos               54/0            9504/0        ( 0.0%) 
disp_verts            4374/0           87480/0        ( 0.0%) 
disp_tris             6912/0           13824/0        ( 0.0%) 
disp_multiblend          0/0               0/0        ( 0.0%) 
disp_lmsamples      343712/0          343712/0        ( 0.0%) 
faces                  984/65536       55104/3670016  ( 1.5%) 
hdr faces                0/65536           0/3670016  ( 0.0%) 
origfaces               69/65536        3864/3670016  ( 0.1%) 
leaves                 420/65536       13440/2097152  ( 0.6%) 
leaffaces              930/65536        1860/131072   ( 1.4%) 
leafbrushes            466/65536         932/131072   ( 0.7%) 
areas                    2/1024           16/8192     ( 0.2%) 
surfedges             4212/512000      16848/2048000  ( 0.8%) 
edges                 2253/256000       9012/1024000  ( 0.9%) 
LDR worldlights          0/8192            0/720896   ( 0.0%) 
HDR worldlights          0/8192            0/720896   ( 0.0%) 
leafwaterdata            0/32768           0/393216   ( 0.0%) 
waterstrips              0/32768           0/327680   ( 0.0%) 
waterverts               0/65536           0/786432   ( 0.0%) 
waterindices             0/65536           0/131072   ( 0.0%) 
cubemapsamples           0/1024            0/16384    ( 0.0%) 
overlays                 0/8192            0/2883584  ( 0.0%) 
LDR lightdata         [variable]     7337800/0        ( 0.0%) 
HDR lightdata         [variable]           0/0        ( 0.0%) 
visdata               [variable]        3404/16777216 ( 0.0%) 
entdata               [variable]       14890/4194304  ( 0.4%) 
LDR ambient table      420/65536        1680/262144   ( 0.6%) 
HDR ambient table      420/65536        1680/262144   ( 0.6%) 
LDR leaf ambient       141/65536        3948/1835008  ( 0.2%) 
HDR leaf ambient       420/65536       11760/1835008  ( 0.6%) 
occluders                0/0               0/0        ( 0.0%) 
occluder polygons        0/0               0/0        ( 0.0%) 
occluder vert ind        0/0               0/0        ( 0.0%) 
detail props          [variable]          12/0        ( 0.0%) 
static props          [variable]          12/0        ( 0.0%) 
static prop count        0/16384           0/0        ( 0.0%) 
pakfile               [variable]       91436/0        ( 0.0%) 
physics               [variable]        7682/4194304  ( 0.2%) 
physics terrain       [variable]       21162/1048576  ( 2.0%) 

Level flags = 0

Total triangle count: 1968
Writing d:\juegos\steam\steamapps\common\garrysmod\garrysmod\addons\vjguardfixim_maps_src\maps\src\cets_under_tram.bsp
4 seconds elapsed




materialPath: D:\Juegos\Steam\steamapps\common\GarrysMod\garrysmod\materials
Loading d:\juegos\steam\steamapps\common\garrysmod\garrysmod\addons\vjguardfixim_maps_src\maps\src\cets_under_tram.vmf
Patching WVT material: maps/cets_under_tram/concrete/blendconcreterock001a_wvt_patch
fixing up env_cubemap materials on brush sides...
ProcessBlock_Thread: 0...1...2...3...4...5...6...7...8...9...10 (0)
ProcessBlock_Thread: 0...1...2...3...4...5...6...7...8...9...10 (0)
Processing areas...done (0)
Building Faces...done (0)
FixTjuncs...
PruneNodes...
WriteBSP...
done (0)
writing d:\juegos\steam\steamapps\common\garrysmod\garrysmod\addons\vjguardfixim_maps_src\maps\src\cets_under_tram.prt...
Building visibility clusters...
done (0)
Creating default LDR cubemaps for env_cubemap using skybox materials:
   skybox/sky_day01_09*.vmt
 ! Run buildcubemaps in the engine to get the correct cube maps.
Creating default HDR cubemaps for env_cubemap using skybox materials:
   skybox/sky_day01_09*.vmt
 ! Run buildcubemaps in the engine to get the correct cube maps.
Finding displacement neighbors...
Finding lightmap sample positions...
Displacement Alpha : 0...1...2...3...4...5...6...7...8...9...10
Building Physics collision data...
done (0) (7682 bytes)
Placing detail props : 0...1...2...3...4...5...6...7...8...9...10
Compacting texture/material tables...
Reduced 133 texinfos to 29
Reduced 8 texdatas to 7 (213 bytes to 182)
Writing d:\juegos\steam\steamapps\common\garrysmod\garrysmod\addons\vjguardfixim_maps_src\maps\src\cets_under_tram.bsp
2 seconds elapsed



16 threads
reading d:\juegos\steam\steamapps\common\garrysmod\garrysmod\addons\vjguardfixim_maps_src\maps\src\cets_under_tram.bsp
reading d:\juegos\steam\steamapps\common\garrysmod\garrysmod\addons\vjguardfixim_maps_src\maps\src\cets_under_tram.prt
 100 portalclusters
 180 numportals
BasePortalVis:       0...1...2...3...4...5...6...7...8...9...10 (0)
Optimized: 0 visible clusters (0.00%)
Total clusters visible: 10000
Average clusters visible: 100
Building PAS...
Average clusters audible: 100
visdatasize:3404  compressed from 3200
writing d:\juegos\steam\steamapps\common\garrysmod\garrysmod\addons\vjguardfixim_maps_src\maps\src\cets_under_tram.bsp
0 seconds elapsed



[Reading texlights from 'lights.rad']
[51 texlights parsed from 'lights.rad']
Loading d:\juegos\steam\steamapps\common\garrysmod\garrysmod\addons\vjguardfixim_maps_src\maps\src\cets_under_tram.bsp
BuildFacelights:     0...1...2...3...4...5...6...7...8...9...10 (1)
BuildStaticPropPatchlights: 0...1...2...3...4...5...6...7...8...9...10 (0)
BuildVisLeafs:       0...1...2...3...4...5...6...7...8...9...10 (0)
transfers 217809, max 787
static prop patch transfers 0
GatherLight:         0...1...2...3...4...5...6...7...8...9...10 (0)
Build Patch/Sample Hash Table(s).....Done<0.0299 sec>
FinalLightFace:      0...1...2...3...4...5...6...7...8...9...10 (1)
FinalLightFace Done
0 of 0 (0% of) surface lights went in leaf ambient cubes.
ThreadComputeLeafAmbient: 0...1...2...3...4...5...6...7...8...9...10 (2)
Writing leaf ambient...done
Ready to Finish

Object names       Objects/Maxobjs  Memory / Maxmem  Fullness 
------------       ---------------  ---------------  -------- 
models                   5/4096          240/196608   ( 0.1%) 
brushes                 17/65535         204/786420   ( 0.0%) 
brushsides             102/655350        816/5242800  ( 0.0%) 
planes                 270/65536        5400/1310720  ( 0.4%) 
vertexes              1079/65536       12948/786432   ( 1.6%) 
nodes                  414/65536       13248/2097152  ( 0.6%) 
texinfos                29/16384        2088/1179648  ( 0.2%) 
texdata                  7/8192          224/262144   ( 0.1%) 
dispinfos               20/0            3520/0        ( 0.0%) 
disp_verts            1620/0           32400/0        ( 0.0%) 
disp_tris             2560/0            5120/0        ( 0.0%) 
disp_multiblend          0/0               0/0        ( 0.0%) 
disp_lmsamples      132768/0          132768/0        ( 0.0%) 
faces                  950/65536       53200/3670016  ( 1.4%) 
hdr faces                0/65536           0/3670016  ( 0.0%) 
origfaces               35/65536        1960/3670016  ( 0.1%) 
leaves                 420/65536       13440/2097152  ( 0.6%) 
leaffaces              930/65536        1860/131072   ( 1.4%) 
leafbrushes            466/65536         932/131072   ( 0.7%) 
areas                    2/1024           16/8192     ( 0.2%) 
surfedges             3940/512000      15760/2048000  ( 0.8%) 
edges                 2081/256000       8324/1024000  ( 0.8%) 
LDR worldlights          0/8192            0/720896   ( 0.0%) 
HDR worldlights          0/8192            0/720896   ( 0.0%) 
leafwaterdata            0/32768           0/393216   ( 0.0%) 
waterstrips              0/32768           0/327680   ( 0.0%) 
waterverts               0/65536           0/786432   ( 0.0%) 
waterindices             0/65536           0/131072   ( 0.0%) 
cubemapsamples           0/1024            0/16384    ( 0.0%) 
overlays                 0/8192            0/2883584  ( 0.0%) 
LDR lightdata         [variable]     7126720/0        ( 0.0%) 
HDR lightdata         [variable]           0/0        ( 0.0%) 
visdata               [variable]        3404/16777216 ( 0.0%) 
entdata               [variable]       14890/4194304  ( 0.4%) 
LDR ambient table      420/65536        1680/262144   ( 0.6%) 
HDR ambient table      420/65536        1680/262144   ( 0.6%) 
LDR leaf ambient       141/65536        3948/1835008  ( 0.2%) 
HDR leaf ambient       420/65536       11760/1835008  ( 0.6%) 
occluders                0/0               0/0        ( 0.0%) 
occluder polygons        0/0               0/0        ( 0.0%) 
occluder vert ind        0/0               0/0        ( 0.0%) 
detail props          [variable]          12/0        ( 0.0%) 
static props          [variable]          12/0        ( 0.0%) 
static prop count        0/16384           0/0        ( 0.0%) 
pakfile               [variable]       91436/0        ( 0.0%) 
physics               [variable]        7682/4194304  ( 0.2%) 
physics terrain       [variable]        7838/1048576  ( 0.7%) 

Level flags = 0

Total triangle count: 1900
Writing d:\juegos\steam\steamapps\common\garrysmod\garrysmod\addons\vjguardfixim_maps_src\maps\src\cets_under_tram.bsp
4 seconds elapsed




materialPath: D:\Juegos\Steam\steamapps\common\GarrysMod\garrysmod\materials
Loading d:\juegos\steam\steamapps\common\garrysmod\garrysmod\addons\vjguardfixim_maps_src\maps\src\cets_under_tram.vmf
Patching WVT material: maps/cets_under_tram/concrete/blendconcreterock001a_wvt_patch
fixing up env_cubemap materials on brush sides...
ProcessBlock_Thread: 0...1...2...3...4...5...6...7...8...9...10 (0)
ProcessBlock_Thread: 0...1...2...3...4...5...6...7...8...9...10 (0)
Processing areas...done (0)
Building Faces...done (0)
FixTjuncs...
PruneNodes...
WriteBSP...
done (0)
writing d:\juegos\steam\steamapps\common\garrysmod\garrysmod\addons\vjguardfixim_maps_src\maps\src\cets_under_tram.prt...
Building visibility clusters...
done (0)
Creating default LDR cubemaps for env_cubemap using skybox materials:
   skybox/sky_day01_09*.vmt
 ! Run buildcubemaps in the engine to get the correct cube maps.
Creating default HDR cubemaps for env_cubemap using skybox materials:
   skybox/sky_day01_09*.vmt
 ! Run buildcubemaps in the engine to get the correct cube maps.
Finding displacement neighbors...
Finding lightmap sample positions...
Displacement Alpha : 0...1...2...3...4...5...6...7...8...9...10
Building Physics collision data...
done (0) (7682 bytes)
Placing detail props : 0...1...2...3...4...5...6...7...8...9...10
Compacting texture/material tables...
Reduced 133 texinfos to 29
Reduced 8 texdatas to 7 (213 bytes to 182)
Writing d:\juegos\steam\steamapps\common\garrysmod\garrysmod\addons\vjguardfixim_maps_src\maps\src\cets_under_tram.bsp
1 second elapsed



16 threads
reading d:\juegos\steam\steamapps\common\garrysmod\garrysmod\addons\vjguardfixim_maps_src\maps\src\cets_under_tram.bsp
reading d:\juegos\steam\steamapps\common\garrysmod\garrysmod\addons\vjguardfixim_maps_src\maps\src\cets_under_tram.prt
 100 portalclusters
 180 numportals
BasePortalVis:       0...1...2...3...4...5...6...7...8...9...10 (0)
Optimized: 0 visible clusters (0.00%)
Total clusters visible: 10000
Average clusters visible: 100
Building PAS...
Average clusters audible: 100
visdatasize:3404  compressed from 3200
writing d:\juegos\steam\steamapps\common\garrysmod\garrysmod\addons\vjguardfixim_maps_src\maps\src\cets_under_tram.bsp
0 seconds elapsed



[Reading texlights from 'lights.rad']
[51 texlights parsed from 'lights.rad']
Loading d:\juegos\steam\steamapps\common\garrysmod\garrysmod\addons\vjguardfixim_maps_src\maps\src\cets_under_tram.bsp
BuildFacelights:     0...1...2...3...4...5...6...7...8...9...10 (1)
BuildStaticPropPatchlights: 0...1...2...3...4...5...6...7...8...9...10 (0)
BuildVisLeafs:       0...1...2...3...4...5...6...7...8...9...10 (0)
transfers 217809, max 787
static prop patch transfers 0
GatherLight:         0...1...2...3...4...5...6...7...8...9...10 (0)
Build Patch/Sample Hash Table(s).....Done<0.0300 sec>
FinalLightFace:      0...1...2...3...4...5...6...7...8...9...10 (1)
FinalLightFace Done
0 of 0 (0% of) surface lights went in leaf ambient cubes.
ThreadComputeLeafAmbient: 0...1...2...3...4...5...6...7...8...9...10 (2)
Writing leaf ambient...done
Ready to Finish

Object names       Objects/Maxobjs  Memory / Maxmem  Fullness 
------------       ---------------  ---------------  -------- 
models                   5/4096          240/196608   ( 0.1%) 
brushes                 17/65535         204/786420   ( 0.0%) 
brushsides             102/655350        816/5242800  ( 0.0%) 
planes                 270/65536        5400/1310720  ( 0.4%) 
vertexes              1079/65536       12948/786432   ( 1.6%) 
nodes                  414/65536       13248/2097152  ( 0.6%) 
texinfos                29/16384        2088/1179648  ( 0.2%) 
texdata                  7/8192          224/262144   ( 0.1%) 
dispinfos               20/0            3520/0        ( 0.0%) 
disp_verts            1620/0           32400/0        ( 0.0%) 
disp_tris             2560/0            5120/0        ( 0.0%) 
disp_multiblend          0/0               0/0        ( 0.0%) 
disp_lmsamples      132768/0          132768/0        ( 0.0%) 
faces                  950/65536       53200/3670016  ( 1.4%) 
hdr faces                0/65536           0/3670016  ( 0.0%) 
origfaces               35/65536        1960/3670016  ( 0.1%) 
leaves                 420/65536       13440/2097152  ( 0.6%) 
leaffaces              930/65536        1860/131072   ( 1.4%) 
leafbrushes            466/65536         932/131072   ( 0.7%) 
areas                    2/1024           16/8192     ( 0.2%) 
surfedges             3940/512000      15760/2048000  ( 0.8%) 
edges                 2081/256000       8324/1024000  ( 0.8%) 
LDR worldlights          0/8192            0/720896   ( 0.0%) 
HDR worldlights          0/8192            0/720896   ( 0.0%) 
leafwaterdata            0/32768           0/393216   ( 0.0%) 
waterstrips              0/32768           0/327680   ( 0.0%) 
waterverts               0/65536           0/786432   ( 0.0%) 
waterindices             0/65536           0/131072   ( 0.0%) 
cubemapsamples           0/1024            0/16384    ( 0.0%) 
overlays                 0/8192            0/2883584  ( 0.0%) 
LDR lightdata         [variable]     7126720/0        ( 0.0%) 
HDR lightdata         [variable]           0/0        ( 0.0%) 
visdata               [variable]        3404/16777216 ( 0.0%) 
entdata               [variable]       14890/4194304  ( 0.4%) 
LDR ambient table      420/65536        1680/262144   ( 0.6%) 
HDR ambient table      420/65536        1680/262144   ( 0.6%) 
LDR leaf ambient       141/65536        3948/1835008  ( 0.2%) 
HDR leaf ambient       420/65536       11760/1835008  ( 0.6%) 
occluders                0/0               0/0        ( 0.0%) 
occluder polygons        0/0               0/0        ( 0.0%) 
occluder vert ind        0/0               0/0        ( 0.0%) 
detail props          [variable]          12/0        ( 0.0%) 
static props          [variable]          12/0        ( 0.0%) 
static prop count        0/16384           0/0        ( 0.0%) 
pakfile               [variable]       91436/0        ( 0.0%) 
physics               [variable]        7682/4194304  ( 0.2%) 
physics terrain       [variable]        7838/1048576  ( 0.7%) 

Level flags = 0

Total triangle count: 1900
Writing d:\juegos\steam\steamapps\common\garrysmod\garrysmod\addons\vjguardfixim_maps_src\maps\src\cets_under_tram.bsp
4 seconds elapsed




materialPath: D:\Juegos\Steam\steamapps\common\GarrysMod\garrysmod\materials
Loading d:\juegos\steam\steamapps\common\garrysmod\garrysmod\addons\vjguardfixim_maps_src\maps\src\cets_under_tram.vmf
Patching WVT material: maps/cets_under_tram/concrete/blendconcreterock001a_wvt_patch
fixing up env_cubemap materials on brush sides...
ProcessBlock_Thread: 0...1...2...3...4...5...6...7...8...9...10 (0)
ProcessBlock_Thread: 0...1...2...3...4...5...6...7...8...9...10 (0)
Processing areas...done (0)
Building Faces...done (0)
FixTjuncs...
PruneNodes...
WriteBSP...
done (0)
writing d:\juegos\steam\steamapps\common\garrysmod\garrysmod\addons\vjguardfixim_maps_src\maps\src\cets_under_tram.prt...
Building visibility clusters...
done (0)
Creating default LDR cubemaps for env_cubemap using skybox materials:
   skybox/sky_day01_09*.vmt
 ! Run buildcubemaps in the engine to get the correct cube maps.
Creating default HDR cubemaps for env_cubemap using skybox materials:
   skybox/sky_day01_09*.vmt
 ! Run buildcubemaps in the engine to get the correct cube maps.
Finding displacement neighbors...
Finding lightmap sample positions...
Displacement Alpha : 0...1...2...3...4...5...6...7...8...9...10
Building Physics collision data...
done (0) (7682 bytes)
Placing detail props : 0...1...2...3...4...5...6...7...8...9...10
Compacting texture/material tables...
Reduced 133 texinfos to 29
Reduced 8 texdatas to 7 (213 bytes to 182)
Writing d:\juegos\steam\steamapps\common\garrysmod\garrysmod\addons\vjguardfixim_maps_src\maps\src\cets_under_tram.bsp
1 second elapsed



16 threads
reading d:\juegos\steam\steamapps\common\garrysmod\garrysmod\addons\vjguardfixim_maps_src\maps\src\cets_under_tram.bsp
reading d:\juegos\steam\steamapps\common\garrysmod\garrysmod\addons\vjguardfixim_maps_src\maps\src\cets_under_tram.prt
 100 portalclusters
 180 numportals
BasePortalVis:       0...1...2...3...4...5...6...7...8...9...10 (0)
Optimized: 0 visible clusters (0.00%)
Total clusters visible: 10000
Average clusters visible: 100
Building PAS...
Average clusters audible: 100
visdatasize:3404  compressed from 3200
writing d:\juegos\steam\steamapps\common\garrysmod\garrysmod\addons\vjguardfixim_maps_src\maps\src\cets_under_tram.bsp
0 seconds elapsed



[Reading texlights from 'lights.rad']
[51 texlights parsed from 'lights.rad']
Loading d:\juegos\steam\steamapps\common\garrysmod\garrysmod\addons\vjguardfixim_maps_src\maps\src\cets_under_tram.bsp
BuildFacelights:     0...1...2...3...4...5...6...7...8...9...10 (1)
BuildStaticPropPatchlights: 0...1...2...3...4...5...6...7...8...9...10 (0)
BuildVisLeafs:       0...1...2...3...4...5...6...7...8...9...10 (0)
transfers 217809, max 787
static prop patch transfers 0
GatherLight:         0...1...2...3...4...5...6...7...8...9...10 (0)
Build Patch/Sample Hash Table(s).....Done<0.0299 sec>
FinalLightFace:      0...1...2...3...4...5...6...7...8...9...10 (1)
FinalLightFace Done
0 of 0 (0% of) surface lights went in leaf ambient cubes.
ThreadComputeLeafAmbient: 0...1...2...3...4...5...6...7...8...9...10 (2)
Writing leaf ambient...done
Ready to Finish

Object names       Objects/Maxobjs  Memory / Maxmem  Fullness 
------------       ---------------  ---------------  -------- 
models                   5/4096          240/196608   ( 0.1%) 
brushes                 17/65535         204/786420   ( 0.0%) 
brushsides             102/655350        816/5242800  ( 0.0%) 
planes                 270/65536        5400/1310720  ( 0.4%) 
vertexes              1079/65536       12948/786432   ( 1.6%) 
nodes                  414/65536       13248/2097152  ( 0.6%) 
texinfos                29/16384        2088/1179648  ( 0.2%) 
texdata                  7/8192          224/262144   ( 0.1%) 
dispinfos               20/0            3520/0        ( 0.0%) 
disp_verts            1620/0           32400/0        ( 0.0%) 
disp_tris             2560/0            5120/0        ( 0.0%) 
disp_multiblend          0/0               0/0        ( 0.0%) 
disp_lmsamples      132768/0          132768/0        ( 0.0%) 
faces                  950/65536       53200/3670016  ( 1.4%) 
hdr faces                0/65536           0/3670016  ( 0.0%) 
origfaces               35/65536        1960/3670016  ( 0.1%) 
leaves                 420/65536       13440/2097152  ( 0.6%) 
leaffaces              930/65536        1860/131072   ( 1.4%) 
leafbrushes            466/65536         932/131072   ( 0.7%) 
areas                    2/1024           16/8192     ( 0.2%) 
surfedges             3940/512000      15760/2048000  ( 0.8%) 
edges                 2081/256000       8324/1024000  ( 0.8%) 
LDR worldlights          0/8192            0/720896   ( 0.0%) 
HDR worldlights          0/8192            0/720896   ( 0.0%) 
leafwaterdata            0/32768           0/393216   ( 0.0%) 
waterstrips              0/32768           0/327680   ( 0.0%) 
waterverts               0/65536           0/786432   ( 0.0%) 
waterindices             0/65536           0/131072   ( 0.0%) 
cubemapsamples           0/1024            0/16384    ( 0.0%) 
overlays                 0/8192            0/2883584  ( 0.0%) 
LDR lightdata         [variable]     7126720/0        ( 0.0%) 
HDR lightdata         [variable]           0/0        ( 0.0%) 
visdata               [variable]        3404/16777216 ( 0.0%) 
entdata               [variable]       14890/4194304  ( 0.4%) 
LDR ambient table      420/65536        1680/262144   ( 0.6%) 
HDR ambient table      420/65536        1680/262144   ( 0.6%) 
LDR leaf ambient       141/65536        3948/1835008  ( 0.2%) 
HDR leaf ambient       420/65536       11760/1835008  ( 0.6%) 
occluders                0/0               0/0        ( 0.0%) 
occluder polygons        0/0               0/0        ( 0.0%) 
occluder vert ind        0/0               0/0        ( 0.0%) 
detail props          [variable]          12/0        ( 0.0%) 
static props          [variable]          12/0        ( 0.0%) 
static prop count        0/16384           0/0        ( 0.0%) 
pakfile               [variable]       91436/0        ( 0.0%) 
physics               [variable]        7682/4194304  ( 0.2%) 
physics terrain       [variable]        7838/1048576  ( 0.7%) 

Level flags = 0

Total triangle count: 1900
Writing d:\juegos\steam\steamapps\common\garrysmod\garrysmod\addons\vjguardfixim_maps_src\maps\src\cets_under_tram.bsp
4 seconds elapsed

