


materialPath: D:\Juegos\Steam\steamapps\common\GarrysMod\garrysmod\materials
Loading d:\juegos\steam\steamapps\common\garrysmod\garrysmod\custom\map\maps\xen1.vmf
Patching WVT material: maps/xen1/xeno/c4a1a_swmpwlb_wvt_patch
fixing up env_cubemap materials on brush sides...
ProcessBlock_Thread: 0...1...2...3...4...5...6...7...8...9...10 (0)
ProcessBlock_Thread: 0...1...2...3...4...5...6...7...8...9...10 (0)
Processing areas...done (0)
Building Faces...done (0)
FixTjuncs...
PruneNodes...
WriteBSP...
done (0)
writing d:\juegos\steam\steamapps\common\garrysmod\garrysmod\custom\map\maps\xen1.prt...
Building visibility clusters...
done (0)
KeyValues Error: RecursiveLoadFromBuffer:  got EOF instead of keyname in file materials/skybox/xenspace5_skyup.vmt
UnlitGeneric, (*proxies*), (*Clamp*), 
KeyValues Error: RecursiveLoadFromBuffer:  got EOF instead of keyname in file materials/skybox/xenspace5_skyup.vmt
UnlitGeneric, (*proxies*), (*Clamp*), 
Creating default LDR cubemaps for env_cubemap using skybox materials:
   skybox/xenspace5_sky*.vmt
 ! Run buildcubemaps in the engine to get the correct cube maps.
Creating default HDR cubemaps for env_cubemap using skybox materials:
   skybox/xenspace5_sky*.vmt
 ! Run buildcubemaps in the engine to get the correct cube maps.
Finding displacement neighbors...
Finding lightmap sample positions...
Displacement Alpha : 0...1...2...3...4...5...6...7...8...9...10
Building Physics collision data...
done (0) (4384 bytes)
Error! To use model "models/props_cets_aliens/xen_small_mold_cluster_1.mdl" with prop_static, it must be compiled with $staticprop!
Error loading studio model STATIC "models/props_cets_aliens/xen_small_mold_cluster_1.mdl"!
Placing detail props : 0...1...2...3...4...5...6...7...8...9...10
Compacting texture/material tables...
Reduced 142 texinfos to 29
Reduced 3 texdatas to 2 (76 bytes to 37)
Writing d:\juegos\steam\steamapps\common\garrysmod\garrysmod\custom\map\maps\xen1.bsp
1 second elapsed



16 threads
reading d:\juegos\steam\steamapps\common\garrysmod\garrysmod\custom\map\maps\xen1.bsp
reading d:\juegos\steam\steamapps\common\garrysmod\garrysmod\custom\map\maps\xen1.prt
  50 portalclusters
  84 numportals
BasePortalVis:       0...1...2...3...4...5...6...7...8...9...10 (0)
Optimized: 0 visible clusters (0.00%)
Total clusters visible: 2402
Average clusters visible: 48
Building PAS...
Average clusters audible: 48
visdatasize:1096  compressed from 800
writing d:\juegos\steam\steamapps\common\garrysmod\garrysmod\custom\map\maps\xen1.bsp
0 seconds elapsed



[Reading texlights from 'lights.rad']
[51 texlights parsed from 'lights.rad']
Loading d:\juegos\steam\steamapps\common\garrysmod\garrysmod\custom\map\maps\xen1.bsp
Unable to load vertex data "models/props_foliage_new\xen_shrub_a.vvd"
BuildFacelights:     0...1...2...3...4...5...6...7...8...9...10 (0)
BuildStaticPropPatchlights: 0...1...2...3...4...5...6...7...8...9...10 (0)
BuildVisLeafs:       0...1...2...3...4...5...6...7...8...9...10 (0)
transfers 2766, max 48
static prop patch transfers 0
GatherLight:         0...1...2...3...4...5...6...7...8...9...10 (0)
GatherLight:         0...1...2...3...4...5...6...7...8...9...10 (0)
Build Patch/Sample Hash Table(s).....Done<0.0020 sec>
FinalLightFace:      0...1...2...3...4...5...6...7...8...9...10 (0)
FinalLightFace Done
Computing detail prop lighting : 0...1...2...3...4...5...6...7...8...9...10
0 of 0 (0% of) surface lights went in leaf ambient cubes.
ThreadComputeLeafAmbient: 0...1...2...3...4...5...6...7...8...9...10 (2)
Writing leaf ambient...done
Ready to Finish

Object names       Objects/Maxobjs  Memory / Maxmem  Fullness 
------------       ---------------  ---------------  -------- 
models                   1/4096           48/196608   ( 0.0%) 
brushes                 12/65535         144/786420   ( 0.0%) 
brushsides              72/655350        576/5242800  ( 0.0%) 
planes                 126/65536        2520/1310720  ( 0.2%) 
vertexes               313/65536        3756/786432   ( 0.5%) 
nodes                  305/65536        9760/2097152  ( 0.5%) 
texinfos                29/16384        2088/1179648  ( 0.2%) 
texdata                  2/8192           64/262144   ( 0.0%) 
dispinfos               31/0            5456/0        ( 0.0%) 
disp_verts            2511/0           50220/0        ( 0.0%) 
disp_tris             3968/0            7936/0        ( 0.0%) 
disp_multiblend          0/0               0/0        ( 0.0%) 
disp_lmsamples      177360/0          177360/0        ( 0.0%) 
faces                  267/65536       14952/3670016  ( 0.4%) 
hdr faces                0/65536           0/3670016  ( 0.0%) 
origfaces               43/65536        2408/3670016  ( 0.1%) 
leaves                 307/65536        9824/2097152  ( 0.5%) 
leaffaces              236/65536         472/131072   ( 0.4%) 
leafbrushes            236/65536         472/131072   ( 0.4%) 
areas                    3/1024           24/8192     ( 0.3%) 
surfedges             1240/512000       4960/2048000  ( 0.2%) 
edges                  657/256000       2628/1024000  ( 0.3%) 
LDR worldlights          2/8192          176/720896   ( 0.0%) 
HDR worldlights          0/8192            0/720896   ( 0.0%) 
leafwaterdata            0/32768           0/393216   ( 0.0%) 
waterstrips              0/32768           0/327680   ( 0.0%) 
waterverts               0/65536           0/786432   ( 0.0%) 
waterindices             0/65536           0/131072   ( 0.0%) 
cubemapsamples           0/1024            0/16384    ( 0.0%) 
overlays                 0/8192            0/2883584  ( 0.0%) 
LDR lightdata         [variable]      177484/0        ( 0.0%) 
HDR lightdata         [variable]           0/0        ( 0.0%) 
visdata               [variable]        1096/16777216 ( 0.0%) 
entdata               [variable]       14383/4194304  ( 0.3%) 
LDR ambient table      307/65536        1228/262144   ( 0.5%) 
HDR ambient table      307/65536        1228/262144   ( 0.5%) 
LDR leaf ambient       225/65536        6300/1835008  ( 0.3%) 
HDR leaf ambient       307/65536        8596/1835008  ( 0.5%) 
occluders                0/0               0/0        ( 0.0%) 
occluder polygons        0/0               0/0        ( 0.0%) 
occluder vert ind        0/0               0/0        ( 0.0%) 
detail props          [variable]         192/0        ( 0.0%) 
dtl prp lght          [variable]           4/0        ( 0.0%) 
HDR dtl prp lght      [variable]           4/0        ( 0.0%) 
static props          [variable]        2524/0        ( 0.0%) 
static prop count       20/16384           0/0        ( 0.1%) 
pakfile               [variable]       70701/0        ( 0.0%) 
physics               [variable]        4384/4194304  ( 0.1%) 
physics terrain       [variable]       17283/1048576  ( 1.6%) 

Level flags = 0

Total triangle count: 534
Writing d:\juegos\steam\steamapps\common\garrysmod\garrysmod\custom\map\maps\xen1.bsp
2 seconds elapsed




materialPath: D:\Juegos\Steam\steamapps\common\GarrysMod\garrysmod\materials
Loading d:\juegos\steam\steamapps\common\garrysmod\garrysmod\custom\map\maps\xen1.vmf
Patching WVT material: maps/xen1/xeno/c4a1a_swmpwlb_wvt_patch
fixing up env_cubemap materials on brush sides...
ProcessBlock_Thread: 0...1...2...3...4...5...6...7...8...9...10 (0)
ProcessBlock_Thread: 0...1...2...3...4...5...6...7...8...9...10 (0)
Processing areas...done (0)
Building Faces...done (0)
FixTjuncs...
PruneNodes...
WriteBSP...
done (0)
writing d:\juegos\steam\steamapps\common\garrysmod\garrysmod\custom\map\maps\xen1.prt...
Building visibility clusters...
done (0)
KeyValues Error: RecursiveLoadFromBuffer:  got EOF instead of keyname in file materials/skybox/xenspace5_skyup.vmt
UnlitGeneric, (*proxies*), (*Clamp*), 
KeyValues Error: RecursiveLoadFromBuffer:  got EOF instead of keyname in file materials/skybox/xenspace5_skyup.vmt
UnlitGeneric, (*proxies*), (*Clamp*), 
Creating default LDR cubemaps for env_cubemap using skybox materials:
   skybox/xenspace5_sky*.vmt
 ! Run buildcubemaps in the engine to get the correct cube maps.
Creating default HDR cubemaps for env_cubemap using skybox materials:
   skybox/xenspace5_sky*.vmt
 ! Run buildcubemaps in the engine to get the correct cube maps.
Finding displacement neighbors...
Finding lightmap sample positions...
Displacement Alpha : 0...1...2...3...4...5...6...7...8...9...10
Building Physics collision data...
done (0) (4384 bytes)
Error! To use model "models/props_cets_aliens/xen_small_mold_cluster_1.mdl" with prop_static, it must be compiled with $staticprop!
Error loading studio model STATIC "models/props_cets_aliens/xen_small_mold_cluster_1.mdl"!
Placing detail props : 0...1...2...3...4...5...6...7...8...9...10
Compacting texture/material tables...
Reduced 142 texinfos to 29
Reduced 3 texdatas to 2 (76 bytes to 37)
Writing d:\juegos\steam\steamapps\common\garrysmod\garrysmod\custom\map\maps\xen1.bsp
0 seconds elapsed



16 threads
reading d:\juegos\steam\steamapps\common\garrysmod\garrysmod\custom\map\maps\xen1.bsp
reading d:\juegos\steam\steamapps\common\garrysmod\garrysmod\custom\map\maps\xen1.prt
  50 portalclusters
  84 numportals
BasePortalVis:       0...1...2...3...4...5...6...7...8...9...10 (0)
Optimized: 0 visible clusters (0.00%)
Total clusters visible: 2402
Average clusters visible: 48
Building PAS...
Average clusters audible: 48
visdatasize:1096  compressed from 800
writing d:\juegos\steam\steamapps\common\garrysmod\garrysmod\custom\map\maps\xen1.bsp
0 seconds elapsed



[Reading texlights from 'lights.rad']
[51 texlights parsed from 'lights.rad']
Loading d:\juegos\steam\steamapps\common\garrysmod\garrysmod\custom\map\maps\xen1.bsp
Unable to load vertex data "models/props_foliage_new\xen_shrub_a.vvd"
BuildFacelights:     0...1...2...3...4...5...6...7...8...9...10 (0)
BuildStaticPropPatchlights: 0...1...2...3...4...5...6...7...8...9...10 (0)
BuildVisLeafs:       0...1...2...3...4...5...6...7...8...9...10 (0)
transfers 2766, max 48
static prop patch transfers 0
GatherLight:         0...1...2...3...4...5...6...7...8...9...10 (0)
GatherLight:         0...1...2...3...4...5...6...7...8...9...10 (0)
Build Patch/Sample Hash Table(s).....Done<0.0020 sec>
FinalLightFace:      0...1...2...3...4...5...6...7...8...9...10 (0)
FinalLightFace Done
Computing detail prop lighting : 0...1...2...3...4...5...6...7...8...9...10
0 of 0 (0% of) surface lights went in leaf ambient cubes.
ThreadComputeLeafAmbient: 0...1...2...3...4...5...6...7...8...9...10 (2)
Writing leaf ambient...done
Ready to Finish

Object names       Objects/Maxobjs  Memory / Maxmem  Fullness 
------------       ---------------  ---------------  -------- 
models                   1/4096           48/196608   ( 0.0%) 
brushes                 12/65535         144/786420   ( 0.0%) 
brushsides              72/655350        576/5242800  ( 0.0%) 
planes                 126/65536        2520/1310720  ( 0.2%) 
vertexes               313/65536        3756/786432   ( 0.5%) 
nodes                  305/65536        9760/2097152  ( 0.5%) 
texinfos                29/16384        2088/1179648  ( 0.2%) 
texdata                  2/8192           64/262144   ( 0.0%) 
dispinfos               31/0            5456/0        ( 0.0%) 
disp_verts            2511/0           50220/0        ( 0.0%) 
disp_tris             3968/0            7936/0        ( 0.0%) 
disp_multiblend          0/0               0/0        ( 0.0%) 
disp_lmsamples      177360/0          177360/0        ( 0.0%) 
faces                  267/65536       14952/3670016  ( 0.4%) 
hdr faces                0/65536           0/3670016  ( 0.0%) 
origfaces               43/65536        2408/3670016  ( 0.1%) 
leaves                 307/65536        9824/2097152  ( 0.5%) 
leaffaces              236/65536         472/131072   ( 0.4%) 
leafbrushes            236/65536         472/131072   ( 0.4%) 
areas                    3/1024           24/8192     ( 0.3%) 
surfedges             1240/512000       4960/2048000  ( 0.2%) 
edges                  657/256000       2628/1024000  ( 0.3%) 
LDR worldlights          2/8192          176/720896   ( 0.0%) 
HDR worldlights          0/8192            0/720896   ( 0.0%) 
leafwaterdata            0/32768           0/393216   ( 0.0%) 
waterstrips              0/32768           0/327680   ( 0.0%) 
waterverts               0/65536           0/786432   ( 0.0%) 
waterindices             0/65536           0/131072   ( 0.0%) 
cubemapsamples           0/1024            0/16384    ( 0.0%) 
overlays                 0/8192            0/2883584  ( 0.0%) 
LDR lightdata         [variable]      177484/0        ( 0.0%) 
HDR lightdata         [variable]           0/0        ( 0.0%) 
visdata               [variable]        1096/16777216 ( 0.0%) 
entdata               [variable]       14383/4194304  ( 0.3%) 
LDR ambient table      307/65536        1228/262144   ( 0.5%) 
HDR ambient table      307/65536        1228/262144   ( 0.5%) 
LDR leaf ambient       225/65536        6300/1835008  ( 0.3%) 
HDR leaf ambient       307/65536        8596/1835008  ( 0.5%) 
occluders                0/0               0/0        ( 0.0%) 
occluder polygons        0/0               0/0        ( 0.0%) 
occluder vert ind        0/0               0/0        ( 0.0%) 
detail props          [variable]         192/0        ( 0.0%) 
dtl prp lght          [variable]           4/0        ( 0.0%) 
HDR dtl prp lght      [variable]           4/0        ( 0.0%) 
static props          [variable]        2524/0        ( 0.0%) 
static prop count       20/16384           0/0        ( 0.1%) 
pakfile               [variable]       70701/0        ( 0.0%) 
physics               [variable]        4384/4194304  ( 0.1%) 
physics terrain       [variable]       17283/1048576  ( 1.6%) 

Level flags = 0

Total triangle count: 534
Writing d:\juegos\steam\steamapps\common\garrysmod\garrysmod\custom\map\maps\xen1.bsp
2 seconds elapsed




materialPath: D:\Juegos\Steam\steamapps\common\GarrysMod\garrysmod\materials
Loading d:\juegos\steam\steamapps\common\garrysmod\garrysmod\custom\map\maps\xen1.vmf
Patching WVT material: maps/xen1/xeno/c4a1a_swmpwlb_wvt_patch
fixing up env_cubemap materials on brush sides...
ProcessBlock_Thread: 0...1...2...3...4...5...6...7...8...9...10 (0)
ProcessBlock_Thread: 0...1...2...3...4...5...6...7...8...9...10 (0)
Processing areas...done (0)
Building Faces...done (0)
FixTjuncs...
PruneNodes...
WriteBSP...
done (0)
writing d:\juegos\steam\steamapps\common\garrysmod\garrysmod\custom\map\maps\xen1.prt...
Building visibility clusters...
done (0)
KeyValues Error: RecursiveLoadFromBuffer:  got EOF instead of keyname in file materials/skybox/xenspace5_skyup.vmt
UnlitGeneric, (*proxies*), (*Clamp*), 
KeyValues Error: RecursiveLoadFromBuffer:  got EOF instead of keyname in file materials/skybox/xenspace5_skyup.vmt
UnlitGeneric, (*proxies*), (*Clamp*), 
Creating default LDR cubemaps for env_cubemap using skybox materials:
   skybox/xenspace5_sky*.vmt
 ! Run buildcubemaps in the engine to get the correct cube maps.
Creating default HDR cubemaps for env_cubemap using skybox materials:
   skybox/xenspace5_sky*.vmt
 ! Run buildcubemaps in the engine to get the correct cube maps.
Finding displacement neighbors...
Finding lightmap sample positions...
Displacement Alpha : 0...1...2...3...4...5...6...7...8...9...10
Building Physics collision data...
done (0) (4384 bytes)
Error! To use model "models/props_cets_aliens/xen_small_mold_cluster_1.mdl" with prop_static, it must be compiled with $staticprop!
Error loading studio model STATIC "models/props_cets_aliens/xen_small_mold_cluster_1.mdl"!
Placing detail props : 0...1...2...3...4...5...6...7...8...9...10
Compacting texture/material tables...
Reduced 142 texinfos to 29
Reduced 3 texdatas to 2 (76 bytes to 37)
Writing d:\juegos\steam\steamapps\common\garrysmod\garrysmod\custom\map\maps\xen1.bsp
0 seconds elapsed



16 threads
reading d:\juegos\steam\steamapps\common\garrysmod\garrysmod\custom\map\maps\xen1.bsp
reading d:\juegos\steam\steamapps\common\garrysmod\garrysmod\custom\map\maps\xen1.prt
  50 portalclusters
  84 numportals
BasePortalVis:       0...1...2...3...4...5...6...7...8...9...10 (0)
Optimized: 0 visible clusters (0.00%)
Total clusters visible: 2402
Average clusters visible: 48
Building PAS...
Average clusters audible: 48
visdatasize:1096  compressed from 800
writing d:\juegos\steam\steamapps\common\garrysmod\garrysmod\custom\map\maps\xen1.bsp
0 seconds elapsed



[Reading texlights from 'lights.rad']
[51 texlights parsed from 'lights.rad']
Loading d:\juegos\steam\steamapps\common\garrysmod\garrysmod\custom\map\maps\xen1.bsp
Unable to load vertex data "models/props_foliage_new\xen_shrub_a.vvd"
Unable to load vertex data "models/props_foliage_new\xen_vines_b.vvd"
BuildFacelights:     0...1...2...3...4...5...6...7...8...9...10 (0)
BuildStaticPropPatchlights: 0...1...2...3...4...5...6...7...8...9...10 (0)
BuildVisLeafs:       0...1...2...3...4...5...6...7...8...9...10 (0)
transfers 2763, max 48
static prop patch transfers 0
GatherLight:         0...1...2...3...4...5...6...7...8...9...10 (0)
GatherLight:         0...1...2...3...4...5...6...7...8...9...10 (0)
Build Patch/Sample Hash Table(s).....Done<0.0019 sec>
FinalLightFace:      0...1...2...3...4...5...6...7...8...9...10 (0)
FinalLightFace Done
0 of 0 (0% of) surface lights went in leaf ambient cubes.
ThreadComputeLeafAmbient: 0...1...2...3...4...5...6...7...8...9...10 (2)
Writing leaf ambient...done
Ready to Finish

Object names       Objects/Maxobjs  Memory / Maxmem  Fullness 
------------       ---------------  ---------------  -------- 
models                   1/4096           48/196608   ( 0.0%) 
brushes                 12/65535         144/786420   ( 0.0%) 
brushsides              72/655350        576/5242800  ( 0.0%) 
planes                 126/65536        2520/1310720  ( 0.2%) 
vertexes               313/65536        3756/786432   ( 0.5%) 
nodes                  305/65536        9760/2097152  ( 0.5%) 
texinfos                29/16384        2088/1179648  ( 0.2%) 
texdata                  2/8192           64/262144   ( 0.0%) 
dispinfos               31/0            5456/0        ( 0.0%) 
disp_verts            2511/0           50220/0        ( 0.0%) 
disp_tris             3968/0            7936/0        ( 0.0%) 
disp_multiblend          0/0               0/0        ( 0.0%) 
disp_lmsamples      177360/0          177360/0        ( 0.0%) 
faces                  267/65536       14952/3670016  ( 0.4%) 
hdr faces                0/65536           0/3670016  ( 0.0%) 
origfaces               43/65536        2408/3670016  ( 0.1%) 
leaves                 307/65536        9824/2097152  ( 0.5%) 
leaffaces              236/65536         472/131072   ( 0.4%) 
leafbrushes            236/65536         472/131072   ( 0.4%) 
areas                    3/1024           24/8192     ( 0.3%) 
surfedges             1240/512000       4960/2048000  ( 0.2%) 
edges                  657/256000       2628/1024000  ( 0.3%) 
LDR worldlights          2/8192          176/720896   ( 0.0%) 
HDR worldlights          0/8192            0/720896   ( 0.0%) 
leafwaterdata            0/32768           0/393216   ( 0.0%) 
waterstrips              0/32768           0/327680   ( 0.0%) 
waterverts               0/65536           0/786432   ( 0.0%) 
waterindices             0/65536           0/131072   ( 0.0%) 
cubemapsamples           0/1024            0/16384    ( 0.0%) 
overlays                 0/8192            0/2883584  ( 0.0%) 
LDR lightdata         [variable]      177484/0        ( 0.0%) 
HDR lightdata         [variable]           0/0        ( 0.0%) 
visdata               [variable]        1096/16777216 ( 0.0%) 
entdata               [variable]       14466/4194304  ( 0.3%) 
LDR ambient table      307/65536        1228/262144   ( 0.5%) 
HDR ambient table      307/65536        1228/262144   ( 0.5%) 
LDR leaf ambient       225/65536        6300/1835008  ( 0.3%) 
HDR leaf ambient       307/65536        8596/1835008  ( 0.5%) 
occluders                0/0               0/0        ( 0.0%) 
occluder polygons        0/0               0/0        ( 0.0%) 
occluder vert ind        0/0               0/0        ( 0.0%) 
detail props          [variable]          12/0        ( 0.0%) 
static props          [variable]        2726/0        ( 0.0%) 
static prop count       21/16384           0/0        ( 0.1%) 
pakfile               [variable]       70701/0        ( 0.0%) 
physics               [variable]        4384/4194304  ( 0.1%) 
physics terrain       [variable]       17283/1048576  ( 1.6%) 

Level flags = 0

Total triangle count: 534
Writing d:\juegos\steam\steamapps\common\garrysmod\garrysmod\custom\map\maps\xen1.bsp
9 seconds elapsed




materialPath: D:\Juegos\Steam\steamapps\common\GarrysMod\garrysmod\materials
Loading d:\juegos\steam\steamapps\common\garrysmod\garrysmod\custom\map\maps\xen1.vmf
Patching WVT material: maps/xen1/xeno/c4a1a_swmpwlb_wvt_patch
fixing up env_cubemap materials on brush sides...
ProcessBlock_Thread: 0...1...2...3...4...5...6...7...8...9...10 (0)
ProcessBlock_Thread: 0...1...2...3...4...5...6...7...8...9...10 (0)
Processing areas...done (0)
Building Faces...done (0)
FixTjuncs...
PruneNodes...
WriteBSP...
done (0)
writing d:\juegos\steam\steamapps\common\garrysmod\garrysmod\custom\map\maps\xen1.prt...
Building visibility clusters...
done (0)
KeyValues Error: RecursiveLoadFromBuffer:  got EOF instead of keyname in file materials/skybox/xenspace5_skyup.vmt
UnlitGeneric, (*proxies*), (*Clamp*), 
KeyValues Error: RecursiveLoadFromBuffer:  got EOF instead of keyname in file materials/skybox/xenspace5_skyup.vmt
UnlitGeneric, (*proxies*), (*Clamp*), 
Creating default LDR cubemaps for env_cubemap using skybox materials:
   skybox/xenspace5_sky*.vmt
 ! Run buildcubemaps in the engine to get the correct cube maps.
Creating default HDR cubemaps for env_cubemap using skybox materials:
   skybox/xenspace5_sky*.vmt
 ! Run buildcubemaps in the engine to get the correct cube maps.
Finding displacement neighbors...
Finding lightmap sample positions...
Displacement Alpha : 0...1...2...3...4...5...6...7...8...9...10
Building Physics collision data...
done (0) (4384 bytes)
Error! To use model "models/props_cets_aliens/xen_small_mold_cluster_1.mdl" with prop_static, it must be compiled with $staticprop!
Error loading studio model STATIC "models/props_cets_aliens/xen_small_mold_cluster_1.mdl"!
Placing detail props : 0...1...2...3...4...5...6...7...8...9...10
Compacting texture/material tables...
Reduced 142 texinfos to 29
Reduced 3 texdatas to 2 (76 bytes to 37)
Writing d:\juegos\steam\steamapps\common\garrysmod\garrysmod\custom\map\maps\xen1.bsp
0 seconds elapsed



16 threads
reading d:\juegos\steam\steamapps\common\garrysmod\garrysmod\custom\map\maps\xen1.bsp
reading d:\juegos\steam\steamapps\common\garrysmod\garrysmod\custom\map\maps\xen1.prt
  50 portalclusters
  84 numportals
BasePortalVis:       0...1...2...3...4...5...6...7...8...9...10 (0)
Optimized: 0 visible clusters (0.00%)
Total clusters visible: 2402
Average clusters visible: 48
Building PAS...
Average clusters audible: 48
visdatasize:1096  compressed from 800
writing d:\juegos\steam\steamapps\common\garrysmod\garrysmod\custom\map\maps\xen1.bsp
0 seconds elapsed



[Reading texlights from 'lights.rad']
[51 texlights parsed from 'lights.rad']
Loading d:\juegos\steam\steamapps\common\garrysmod\garrysmod\custom\map\maps\xen1.bsp
Unable to load vertex data "models/props_foliage_new\xen_shrub_a.vvd"
Unable to load vertex data "models/props_foliage_new\xen_vines_b.vvd"
BuildFacelights:     0...1...2...3...4...5...6...7...8...9...10 (0)
BuildStaticPropPatchlights: 0...1...2...3...4...5...6...7...8...9...10 (0)
BuildVisLeafs:       0...1...2...3...4...5...6...7...8...9...10 (0)
transfers 2763, max 48
static prop patch transfers 0
GatherLight:         0...1...2...3...4...5...6...7...8...9...10 (0)
GatherLight:         0...1...2...3...4...5...6...7...8...9...10 (0)
Build Patch/Sample Hash Table(s).....Done<0.0020 sec>
FinalLightFace:      0...1...2...3...4...5...6...7...8...9...10 (0)
FinalLightFace Done
0 of 0 (0% of) surface lights went in leaf ambient cubes.
ThreadComputeLeafAmbient: 0...1...2...3...4...5...6...7...8...9...10 (2)
Writing leaf ambient...done
Ready to Finish

Object names       Objects/Maxobjs  Memory / Maxmem  Fullness 
------------       ---------------  ---------------  -------- 
models                   1/4096           48/196608   ( 0.0%) 
brushes                 12/65535         144/786420   ( 0.0%) 
brushsides              72/655350        576/5242800  ( 0.0%) 
planes                 126/65536        2520/1310720  ( 0.2%) 
vertexes               313/65536        3756/786432   ( 0.5%) 
nodes                  305/65536        9760/2097152  ( 0.5%) 
texinfos                29/16384        2088/1179648  ( 0.2%) 
texdata                  2/8192           64/262144   ( 0.0%) 
dispinfos               31/0            5456/0        ( 0.0%) 
disp_verts            2511/0           50220/0        ( 0.0%) 
disp_tris             3968/0            7936/0        ( 0.0%) 
disp_multiblend          0/0               0/0        ( 0.0%) 
disp_lmsamples      177360/0          177360/0        ( 0.0%) 
faces                  267/65536       14952/3670016  ( 0.4%) 
hdr faces                0/65536           0/3670016  ( 0.0%) 
origfaces               43/65536        2408/3670016  ( 0.1%) 
leaves                 307/65536        9824/2097152  ( 0.5%) 
leaffaces              236/65536         472/131072   ( 0.4%) 
leafbrushes            236/65536         472/131072   ( 0.4%) 
areas                    3/1024           24/8192     ( 0.3%) 
surfedges             1240/512000       4960/2048000  ( 0.2%) 
edges                  657/256000       2628/1024000  ( 0.3%) 
LDR worldlights          2/8192          176/720896   ( 0.0%) 
HDR worldlights          0/8192            0/720896   ( 0.0%) 
leafwaterdata            0/32768           0/393216   ( 0.0%) 
waterstrips              0/32768           0/327680   ( 0.0%) 
waterverts               0/65536           0/786432   ( 0.0%) 
waterindices             0/65536           0/131072   ( 0.0%) 
cubemapsamples           0/1024            0/16384    ( 0.0%) 
overlays                 0/8192            0/2883584  ( 0.0%) 
LDR lightdata         [variable]      177484/0        ( 0.0%) 
HDR lightdata         [variable]           0/0        ( 0.0%) 
visdata               [variable]        1096/16777216 ( 0.0%) 
entdata               [variable]       14465/4194304  ( 0.3%) 
LDR ambient table      307/65536        1228/262144   ( 0.5%) 
HDR ambient table      307/65536        1228/262144   ( 0.5%) 
LDR leaf ambient       225/65536        6300/1835008  ( 0.3%) 
HDR leaf ambient       307/65536        8596/1835008  ( 0.5%) 
occluders                0/0               0/0        ( 0.0%) 
occluder polygons        0/0               0/0        ( 0.0%) 
occluder vert ind        0/0               0/0        ( 0.0%) 
detail props          [variable]          12/0        ( 0.0%) 
static props          [variable]        2726/0        ( 0.0%) 
static prop count       21/16384           0/0        ( 0.1%) 
pakfile               [variable]       70701/0        ( 0.0%) 
physics               [variable]        4384/4194304  ( 0.1%) 
physics terrain       [variable]       17283/1048576  ( 1.6%) 

Level flags = 0

Total triangle count: 534
Writing d:\juegos\steam\steamapps\common\garrysmod\garrysmod\custom\map\maps\xen1.bsp
2 seconds elapsed




materialPath: D:\Juegos\Steam\steamapps\common\GarrysMod\garrysmod\materials
Loading d:\juegos\steam\steamapps\common\garrysmod\garrysmod\custom\map\maps\xen1.vmf
Patching WVT material: maps/xen1/xeno/c4a1a_swmpwlb_wvt_patch
fixing up env_cubemap materials on brush sides...
ProcessBlock_Thread: 0...1...2...3...4...5...6...7...8...9...10 (0)
ProcessBlock_Thread: 0...1...2...3...4...5...6...7...8...9...10 (0)
Processing areas...done (0)
Building Faces...done (0)
FixTjuncs...
PruneNodes...
WriteBSP...
done (0)
writing d:\juegos\steam\steamapps\common\garrysmod\garrysmod\custom\map\maps\xen1.prt...
Building visibility clusters...
done (0)
KeyValues Error: RecursiveLoadFromBuffer:  got EOF instead of keyname in file materials/skybox/xenspace5_skyup.vmt
UnlitGeneric, (*proxies*), (*Clamp*), 
KeyValues Error: RecursiveLoadFromBuffer:  got EOF instead of keyname in file materials/skybox/xenspace5_skyup.vmt
UnlitGeneric, (*proxies*), (*Clamp*), 
Creating default LDR cubemaps for env_cubemap using skybox materials:
   skybox/xenspace5_sky*.vmt
 ! Run buildcubemaps in the engine to get the correct cube maps.
Creating default HDR cubemaps for env_cubemap using skybox materials:
   skybox/xenspace5_sky*.vmt
 ! Run buildcubemaps in the engine to get the correct cube maps.
Finding displacement neighbors...
Finding lightmap sample positions...
Displacement Alpha : 0...1...2...3...4...5...6...7...8...9...10
Building Physics collision data...
done (0) (4384 bytes)
Error! To use model "models/props_cets_aliens/xen_small_mold_cluster_1.mdl" with prop_static, it must be compiled with $staticprop!
Error loading studio model STATIC "models/props_cets_aliens/xen_small_mold_cluster_1.mdl"!
Placing detail props : 0...1...2...3...4...5...6...7...8...9...10
Compacting texture/material tables...
Reduced 142 texinfos to 29
Reduced 3 texdatas to 2 (76 bytes to 37)
Writing d:\juegos\steam\steamapps\common\garrysmod\garrysmod\custom\map\maps\xen1.bsp
0 seconds elapsed



16 threads
reading d:\juegos\steam\steamapps\common\garrysmod\garrysmod\custom\map\maps\xen1.bsp
reading d:\juegos\steam\steamapps\common\garrysmod\garrysmod\custom\map\maps\xen1.prt
  50 portalclusters
  84 numportals
BasePortalVis:       0...1...2...3...4...5...6...7...8...9...10 (4)
Optimized: 0 visible clusters (0.00%)
Total clusters visible: 2402
Average clusters visible: 48
Building PAS...
Average clusters audible: 48
visdatasize:1096  compressed from 800
writing d:\juegos\steam\steamapps\common\garrysmod\garrysmod\custom\map\maps\xen1.bsp
4 seconds elapsed



[Reading texlights from 'lights.rad']
[51 texlights parsed from 'lights.rad']
Loading d:\juegos\steam\steamapps\common\garrysmod\garrysmod\custom\map\maps\xen1.bsp
Unable to load vertex data "models/props_foliage_new\xen_shrub_a.vvd"
Unable to load vertex data "models/props_foliage_new\xen_vines_b.vvd"
BuildFacelights:     0...1...2...3...4...5...6...7...8...9...10 (0)
BuildStaticPropPatchlights: 0...1...2...3...4...5...6...7...8...9...10 (0)
BuildVisLeafs:       0...1...2...3...4...5...6...7...8...9...10 (0)
transfers 2763, max 48
static prop patch transfers 0
GatherLight:         0...1...2...3...4...5...6...7...8...9...10 (0)
GatherLight:         0...1...2...3...4...5...6...7...8...9...10 (0)
Build Patch/Sample Hash Table(s).....Done<0.0020 sec>
FinalLightFace:      0...1...2...3...4...5...6...7...8...9...10 (0)
FinalLightFace Done
0 of 0 (0% of) surface lights went in leaf ambient cubes.
ThreadComputeLeafAmbient: 0...1...2...3...4...5...6...7...8...9...10 (2)
Writing leaf ambient...done
Ready to Finish

Object names       Objects/Maxobjs  Memory / Maxmem  Fullness 
------------       ---------------  ---------------  -------- 
models                   1/4096           48/196608   ( 0.0%) 
brushes                 12/65535         144/786420   ( 0.0%) 
brushsides              72/655350        576/5242800  ( 0.0%) 
planes                 126/65536        2520/1310720  ( 0.2%) 
vertexes               313/65536        3756/786432   ( 0.5%) 
nodes                  305/65536        9760/2097152  ( 0.5%) 
texinfos                29/16384        2088/1179648  ( 0.2%) 
texdata                  2/8192           64/262144   ( 0.0%) 
dispinfos               31/0            5456/0        ( 0.0%) 
disp_verts            2511/0           50220/0        ( 0.0%) 
disp_tris             3968/0            7936/0        ( 0.0%) 
disp_multiblend          0/0               0/0        ( 0.0%) 
disp_lmsamples      177360/0          177360/0        ( 0.0%) 
faces                  267/65536       14952/3670016  ( 0.4%) 
hdr faces                0/65536           0/3670016  ( 0.0%) 
origfaces               43/65536        2408/3670016  ( 0.1%) 
leaves                 307/65536        9824/2097152  ( 0.5%) 
leaffaces              236/65536         472/131072   ( 0.4%) 
leafbrushes            236/65536         472/131072   ( 0.4%) 
areas                    3/1024           24/8192     ( 0.3%) 
surfedges             1240/512000       4960/2048000  ( 0.2%) 
edges                  657/256000       2628/1024000  ( 0.3%) 
LDR worldlights          2/8192          176/720896   ( 0.0%) 
HDR worldlights          0/8192            0/720896   ( 0.0%) 
leafwaterdata            0/32768           0/393216   ( 0.0%) 
waterstrips              0/32768           0/327680   ( 0.0%) 
waterverts               0/65536           0/786432   ( 0.0%) 
waterindices             0/65536           0/131072   ( 0.0%) 
cubemapsamples           0/1024            0/16384    ( 0.0%) 
overlays                 0/8192            0/2883584  ( 0.0%) 
LDR lightdata         [variable]      177484/0        ( 0.0%) 
HDR lightdata         [variable]           0/0        ( 0.0%) 
visdata               [variable]        1096/16777216 ( 0.0%) 
entdata               [variable]       14467/4194304  ( 0.3%) 
LDR ambient table      307/65536        1228/262144   ( 0.5%) 
HDR ambient table      307/65536        1228/262144   ( 0.5%) 
LDR leaf ambient       217/65536        6076/1835008  ( 0.3%) 
HDR leaf ambient       307/65536        8596/1835008  ( 0.5%) 
occluders                0/0               0/0        ( 0.0%) 
occluder polygons        0/0               0/0        ( 0.0%) 
occluder vert ind        0/0               0/0        ( 0.0%) 
detail props          [variable]          12/0        ( 0.0%) 
static props          [variable]        2726/0        ( 0.0%) 
static prop count       21/16384           0/0        ( 0.1%) 
pakfile               [variable]       70701/0        ( 0.0%) 
physics               [variable]        4384/4194304  ( 0.1%) 
physics terrain       [variable]       17283/1048576  ( 1.6%) 

Level flags = 0

Total triangle count: 534
Writing d:\juegos\steam\steamapps\common\garrysmod\garrysmod\custom\map\maps\xen1.bsp
2 seconds elapsed




materialPath: D:\Juegos\Steam\steamapps\common\GarrysMod\garrysmod\materials
Loading d:\juegos\steam\steamapps\common\garrysmod\garrysmod\custom\map\maps\xen1.vmf
Patching WVT material: maps/xen1/xeno/c4a1a_swmpwlb_wvt_patch
fixing up env_cubemap materials on brush sides...
ProcessBlock_Thread: 0...1...2...3...4...5...6...7...8...9...10 (0)
ProcessBlock_Thread: 0...1...2...3...4...5...6...7...8...9...10 (0)
Processing areas...done (0)
Building Faces...done (0)
FixTjuncs...
PruneNodes...
WriteBSP...
done (0)
writing d:\juegos\steam\steamapps\common\garrysmod\garrysmod\custom\map\maps\xen1.prt...
Building visibility clusters...
done (0)
KeyValues Error: RecursiveLoadFromBuffer:  got EOF instead of keyname in file materials/skybox/xenspace5_skyup.vmt
UnlitGeneric, (*proxies*), (*Clamp*), 
KeyValues Error: RecursiveLoadFromBuffer:  got EOF instead of keyname in file materials/skybox/xenspace5_skyup.vmt
UnlitGeneric, (*proxies*), (*Clamp*), 
Creating default LDR cubemaps for env_cubemap using skybox materials:
   skybox/xenspace5_sky*.vmt
 ! Run buildcubemaps in the engine to get the correct cube maps.
Creating default HDR cubemaps for env_cubemap using skybox materials:
   skybox/xenspace5_sky*.vmt
 ! Run buildcubemaps in the engine to get the correct cube maps.
Finding displacement neighbors...
Finding lightmap sample positions...
Displacement Alpha : 0...1...2...3...4...5...6...7...8...9...10
Building Physics collision data...
done (0) (4384 bytes)
Error! To use model "models/props_cets_aliens/xen_small_mold_cluster_1.mdl" with prop_static, it must be compiled with $staticprop!
Error loading studio model STATIC "models/props_cets_aliens/xen_small_mold_cluster_1.mdl"!
Placing detail props : 0...1...2...3...4...5...6...7...8...9...10
Compacting texture/material tables...
Reduced 142 texinfos to 29
Reduced 3 texdatas to 2 (76 bytes to 37)
Writing d:\juegos\steam\steamapps\common\garrysmod\garrysmod\custom\map\maps\xen1.bsp
0 seconds elapsed



16 threads
reading d:\juegos\steam\steamapps\common\garrysmod\garrysmod\custom\map\maps\xen1.bsp
reading d:\juegos\steam\steamapps\common\garrysmod\garrysmod\custom\map\maps\xen1.prt
  50 portalclusters
  84 numportals
BasePortalVis:       0...1...2...3...4...5...6...7...8...9...10 (0)
Optimized: 0 visible clusters (0.00%)
Total clusters visible: 2402
Average clusters visible: 48
Building PAS...
Average clusters audible: 48
visdatasize:1096  compressed from 800
writing d:\juegos\steam\steamapps\common\garrysmod\garrysmod\custom\map\maps\xen1.bsp
0 seconds elapsed



[Reading texlights from 'lights.rad']
[51 texlights parsed from 'lights.rad']
Loading d:\juegos\steam\steamapps\common\garrysmod\garrysmod\custom\map\maps\xen1.bsp
Unable to load vertex data "models/props_foliage_new\xen_shrub_a.vvd"
Unable to load vertex data "models/props_foliage_new\xen_vines_b.vvd"
BuildFacelights:     0...1...2...3...4...5...6...7...8...9...10 (0)
BuildStaticPropPatchlights: 0...1...2...3...4...5...6...7...8...9...10 (0)
BuildVisLeafs:       0...1...2...3...4...5...6...7...8...9...10 (0)
transfers 2763, max 48
static prop patch transfers 0
GatherLight:         0...1...2...3...4...5...6...7...8...9...10 (0)
GatherLight:         0...1...2...3...4...5...6...7...8...9...10 (0)
Build Patch/Sample Hash Table(s).....Done<0.0020 sec>
FinalLightFace:      0...1...2...3...4...5...6...7...8...9...10 (0)
FinalLightFace Done
0 of 0 (0% of) surface lights went in leaf ambient cubes.
ThreadComputeLeafAmbient: 0...1...2...3...4...5...6...7...8...9...10 (2)
Writing leaf ambient...done
Ready to Finish

Object names       Objects/Maxobjs  Memory / Maxmem  Fullness 
------------       ---------------  ---------------  -------- 
models                   1/4096           48/196608   ( 0.0%) 
brushes                 12/65535         144/786420   ( 0.0%) 
brushsides              72/655350        576/5242800  ( 0.0%) 
planes                 126/65536        2520/1310720  ( 0.2%) 
vertexes               313/65536        3756/786432   ( 0.5%) 
nodes                  305/65536        9760/2097152  ( 0.5%) 
texinfos                29/16384        2088/1179648  ( 0.2%) 
texdata                  2/8192           64/262144   ( 0.0%) 
dispinfos               31/0            5456/0        ( 0.0%) 
disp_verts            2511/0           50220/0        ( 0.0%) 
disp_tris             3968/0            7936/0        ( 0.0%) 
disp_multiblend          0/0               0/0        ( 0.0%) 
disp_lmsamples      177360/0          177360/0        ( 0.0%) 
faces                  267/65536       14952/3670016  ( 0.4%) 
hdr faces                0/65536           0/3670016  ( 0.0%) 
origfaces               43/65536        2408/3670016  ( 0.1%) 
leaves                 307/65536        9824/2097152  ( 0.5%) 
leaffaces              236/65536         472/131072   ( 0.4%) 
leafbrushes            236/65536         472/131072   ( 0.4%) 
areas                    3/1024           24/8192     ( 0.3%) 
surfedges             1240/512000       4960/2048000  ( 0.2%) 
edges                  657/256000       2628/1024000  ( 0.3%) 
LDR worldlights          2/8192          176/720896   ( 0.0%) 
HDR worldlights          0/8192            0/720896   ( 0.0%) 
leafwaterdata            0/32768           0/393216   ( 0.0%) 
waterstrips              0/32768           0/327680   ( 0.0%) 
waterverts               0/65536           0/786432   ( 0.0%) 
waterindices             0/65536           0/131072   ( 0.0%) 
cubemapsamples           0/1024            0/16384    ( 0.0%) 
overlays                 0/8192            0/2883584  ( 0.0%) 
LDR lightdata         [variable]      177484/0        ( 0.0%) 
HDR lightdata         [variable]           0/0        ( 0.0%) 
visdata               [variable]        1096/16777216 ( 0.0%) 
entdata               [variable]       14468/4194304  ( 0.3%) 
LDR ambient table      307/65536        1228/262144   ( 0.5%) 
HDR ambient table      307/65536        1228/262144   ( 0.5%) 
LDR leaf ambient       217/65536        6076/1835008  ( 0.3%) 
HDR leaf ambient       307/65536        8596/1835008  ( 0.5%) 
occluders                0/0               0/0        ( 0.0%) 
occluder polygons        0/0               0/0        ( 0.0%) 
occluder vert ind        0/0               0/0        ( 0.0%) 
detail props          [variable]          12/0        ( 0.0%) 
static props          [variable]        2726/0        ( 0.0%) 
static prop count       21/16384           0/0        ( 0.1%) 
pakfile               [variable]       70701/0        ( 0.0%) 
physics               [variable]        4384/4194304  ( 0.1%) 
physics terrain       [variable]       17283/1048576  ( 1.6%) 

Level flags = 0

Total triangle count: 534
Writing d:\juegos\steam\steamapps\common\garrysmod\garrysmod\custom\map\maps\xen1.bsp
2 seconds elapsed




materialPath: D:\Juegos\Steam\steamapps\common\GarrysMod\garrysmod\materials
Loading d:\juegos\steam\steamapps\common\garrysmod\garrysmod\custom\map\maps\xen1.vmf
Patching WVT material: maps/xen1/xeno/c4a1a_swmpwlb_wvt_patch
fixing up env_cubemap materials on brush sides...
ProcessBlock_Thread: 0...1...2...3...4...5...6...7...8...9...10 (0)
ProcessBlock_Thread: 0...1...2...3...4...5...6...7...8...9...10 (0)
Processing areas...done (0)
Building Faces...done (0)
FixTjuncs...
PruneNodes...
WriteBSP...
done (0)
writing d:\juegos\steam\steamapps\common\garrysmod\garrysmod\custom\map\maps\xen1.prt...
Building visibility clusters...
done (0)
KeyValues Error: RecursiveLoadFromBuffer:  got EOF instead of keyname in file materials/skybox/xenspace5_skyup.vmt
UnlitGeneric, (*proxies*), (*Clamp*), 
KeyValues Error: RecursiveLoadFromBuffer:  got EOF instead of keyname in file materials/skybox/xenspace5_skyup.vmt
UnlitGeneric, (*proxies*), (*Clamp*), 
Creating default LDR cubemaps for env_cubemap using skybox materials:
   skybox/xenspace5_sky*.vmt
 ! Run buildcubemaps in the engine to get the correct cube maps.
Creating default HDR cubemaps for env_cubemap using skybox materials:
   skybox/xenspace5_sky*.vmt
 ! Run buildcubemaps in the engine to get the correct cube maps.
Finding displacement neighbors...
Finding lightmap sample positions...
Displacement Alpha : 0...1...2...3...4...5...6...7...8...9...10
Building Physics collision data...
done (0) (4384 bytes)
Error! To use model "models/props_cets_aliens/xen_small_mold_cluster_1.mdl" with prop_static, it must be compiled with $staticprop!
Error loading studio model STATIC "models/props_cets_aliens/xen_small_mold_cluster_1.mdl"!
Placing detail props : 0...1...2...3...4...5...6...7...8...9...10
Compacting texture/material tables...
Reduced 142 texinfos to 29
Reduced 3 texdatas to 2 (76 bytes to 37)
Writing d:\juegos\steam\steamapps\common\garrysmod\garrysmod\custom\map\maps\xen1.bsp
0 seconds elapsed



16 threads
reading d:\juegos\steam\steamapps\common\garrysmod\garrysmod\custom\map\maps\xen1.bsp
reading d:\juegos\steam\steamapps\common\garrysmod\garrysmod\custom\map\maps\xen1.prt
  50 portalclusters
  84 numportals
BasePortalVis:       0...1...2...3...4...5...6...7...8...9...10 (0)
Optimized: 0 visible clusters (0.00%)
Total clusters visible: 2402
Average clusters visible: 48
Building PAS...
Average clusters audible: 48
visdatasize:1096  compressed from 800
writing d:\juegos\steam\steamapps\common\garrysmod\garrysmod\custom\map\maps\xen1.bsp
0 seconds elapsed



[Reading texlights from 'lights.rad']
[51 texlights parsed from 'lights.rad']
Loading d:\juegos\steam\steamapps\common\garrysmod\garrysmod\custom\map\maps\xen1.bsp
Unable to load vertex data "models/props_foliage_new\xen_shrub_a.vvd"
Unable to load vertex data "models/props_foliage_new\xen_vines_b.vvd"
BuildFacelights:     0...1...2...3...4...5...6...7...8...9...10 (0)
BuildStaticPropPatchlights: 0...1...2...3...4...5...6...7...8...9...10 (0)
BuildVisLeafs:       0...1...2...3...4...5...6...7...8...9...10 (0)
transfers 2763, max 48
static prop patch transfers 0
GatherLight:         0...1...2...3...4...5...6...7...8...9...10 (0)
GatherLight:         0...1...2...3...4...5...6...7...8...9...10 (0)
Build Patch/Sample Hash Table(s).....Done<0.0020 sec>
FinalLightFace:      0...1...2...3...4...5...6...7...8...9...10 (0)
FinalLightFace Done
0 of 0 (0% of) surface lights went in leaf ambient cubes.
ThreadComputeLeafAmbient: 0...1...2...3...4...5...6...7...8...9...10 (2)
Writing leaf ambient...done
Ready to Finish

Object names       Objects/Maxobjs  Memory / Maxmem  Fullness 
------------       ---------------  ---------------  -------- 
models                   1/4096           48/196608   ( 0.0%) 
brushes                 12/65535         144/786420   ( 0.0%) 
brushsides              72/655350        576/5242800  ( 0.0%) 
planes                 126/65536        2520/1310720  ( 0.2%) 
vertexes               313/65536        3756/786432   ( 0.5%) 
nodes                  305/65536        9760/2097152  ( 0.5%) 
texinfos                29/16384        2088/1179648  ( 0.2%) 
texdata                  2/8192           64/262144   ( 0.0%) 
dispinfos               31/0            5456/0        ( 0.0%) 
disp_verts            2511/0           50220/0        ( 0.0%) 
disp_tris             3968/0            7936/0        ( 0.0%) 
disp_multiblend          0/0               0/0        ( 0.0%) 
disp_lmsamples      177360/0          177360/0        ( 0.0%) 
faces                  267/65536       14952/3670016  ( 0.4%) 
hdr faces                0/65536           0/3670016  ( 0.0%) 
origfaces               43/65536        2408/3670016  ( 0.1%) 
leaves                 307/65536        9824/2097152  ( 0.5%) 
leaffaces              236/65536         472/131072   ( 0.4%) 
leafbrushes            236/65536         472/131072   ( 0.4%) 
areas                    3/1024           24/8192     ( 0.3%) 
surfedges             1240/512000       4960/2048000  ( 0.2%) 
edges                  657/256000       2628/1024000  ( 0.3%) 
LDR worldlights          2/8192          176/720896   ( 0.0%) 
HDR worldlights          0/8192            0/720896   ( 0.0%) 
leafwaterdata            0/32768           0/393216   ( 0.0%) 
waterstrips              0/32768           0/327680   ( 0.0%) 
waterverts               0/65536           0/786432   ( 0.0%) 
waterindices             0/65536           0/131072   ( 0.0%) 
cubemapsamples           0/1024            0/16384    ( 0.0%) 
overlays                 0/8192            0/2883584  ( 0.0%) 
LDR lightdata         [variable]      177484/0        ( 0.0%) 
HDR lightdata         [variable]           0/0        ( 0.0%) 
visdata               [variable]        1096/16777216 ( 0.0%) 
entdata               [variable]       14468/4194304  ( 0.3%) 
LDR ambient table      307/65536        1228/262144   ( 0.5%) 
HDR ambient table      307/65536        1228/262144   ( 0.5%) 
LDR leaf ambient       217/65536        6076/1835008  ( 0.3%) 
HDR leaf ambient       307/65536        8596/1835008  ( 0.5%) 
occluders                0/0               0/0        ( 0.0%) 
occluder polygons        0/0               0/0        ( 0.0%) 
occluder vert ind        0/0               0/0        ( 0.0%) 
detail props          [variable]          12/0        ( 0.0%) 
static props          [variable]        2726/0        ( 0.0%) 
static prop count       21/16384           0/0        ( 0.1%) 
pakfile               [variable]       70701/0        ( 0.0%) 
physics               [variable]        4384/4194304  ( 0.1%) 
physics terrain       [variable]       17283/1048576  ( 1.6%) 

Level flags = 0

Total triangle count: 534
Writing d:\juegos\steam\steamapps\common\garrysmod\garrysmod\custom\map\maps\xen1.bsp
2 seconds elapsed




materialPath: D:\Juegos\Steam\steamapps\common\GarrysMod\garrysmod\materials
Loading d:\juegos\steam\steamapps\common\garrysmod\garrysmod\custom\map\maps\xen1.vmf
Patching WVT material: maps/xen1/xeno/c4a1a_swmpwlb_wvt_patch
fixing up env_cubemap materials on brush sides...
ProcessBlock_Thread: 0...1...2...3...4...5...6...7...8...9...10 (0)
ProcessBlock_Thread: 0...1...2...3...4...5...6...7...8...9...10 (0)
Processing areas...done (0)
Building Faces...done (0)
FixTjuncs...
PruneNodes...
WriteBSP...
done (0)
writing d:\juegos\steam\steamapps\common\garrysmod\garrysmod\custom\map\maps\xen1.prt...
Building visibility clusters...
done (0)
KeyValues Error: RecursiveLoadFromBuffer:  got EOF instead of keyname in file materials/skybox/xenspace5_skyup.vmt
UnlitGeneric, (*proxies*), (*Clamp*), 
KeyValues Error: RecursiveLoadFromBuffer:  got EOF instead of keyname in file materials/skybox/xenspace5_skyup.vmt
UnlitGeneric, (*proxies*), (*Clamp*), 
Creating default LDR cubemaps for env_cubemap using skybox materials:
   skybox/xenspace5_sky*.vmt
 ! Run buildcubemaps in the engine to get the correct cube maps.
Creating default HDR cubemaps for env_cubemap using skybox materials:
   skybox/xenspace5_sky*.vmt
 ! Run buildcubemaps in the engine to get the correct cube maps.
Finding displacement neighbors...
Finding lightmap sample positions...
Displacement Alpha : 0...1...2...3...4...5...6...7...8...9...10
Building Physics collision data...
done (0) (4384 bytes)
Error! To use model "models/props_cets_aliens/xen_small_mold_cluster_1.mdl" with prop_static, it must be compiled with $staticprop!
Error loading studio model STATIC "models/props_cets_aliens/xen_small_mold_cluster_1.mdl"!
Placing detail props : 0...1...2...3...4...5...6...7...8...9...10
Compacting texture/material tables...
Reduced 142 texinfos to 29
Reduced 3 texdatas to 2 (76 bytes to 37)
Writing d:\juegos\steam\steamapps\common\garrysmod\garrysmod\custom\map\maps\xen1.bsp
0 seconds elapsed



16 threads
reading d:\juegos\steam\steamapps\common\garrysmod\garrysmod\custom\map\maps\xen1.bsp
reading d:\juegos\steam\steamapps\common\garrysmod\garrysmod\custom\map\maps\xen1.prt
  50 portalclusters
  84 numportals
BasePortalVis:       0...1...2...3...4...5...6...7...8...9...10 (0)
Optimized: 0 visible clusters (0.00%)
Total clusters visible: 2402
Average clusters visible: 48
Building PAS...
Average clusters audible: 48
visdatasize:1096  compressed from 800
writing d:\juegos\steam\steamapps\common\garrysmod\garrysmod\custom\map\maps\xen1.bsp
0 seconds elapsed



[Reading texlights from 'lights.rad']
[51 texlights parsed from 'lights.rad']
Loading d:\juegos\steam\steamapps\common\garrysmod\garrysmod\custom\map\maps\xen1.bsp
Unable to load vertex data "models/props_foliage_new\xen_shrub_a.vvd"
Unable to load vertex data "models/props_foliage_new\xen_vines_b.vvd"
BuildFacelights:     0...1...2...3...4...5...6...7...8...9...10 (0)
BuildStaticPropPatchlights: 0...1...2...3...4...5...6...7...8...9...10 (0)
BuildVisLeafs:       0...1...2...3...4...5...6...7...8...9...10 (0)
transfers 2763, max 48
static prop patch transfers 0
GatherLight:         0...1...2...3...4...5...6...7...8...9...10 (0)
GatherLight:         0...1...2...3...4...5...6...7...8...9...10 (0)
Build Patch/Sample Hash Table(s).....Done<0.0020 sec>
FinalLightFace:      0...1...2...3...4...5...6...7...8...9...10 (0)
FinalLightFace Done
0 of 0 (0% of) surface lights went in leaf ambient cubes.
ThreadComputeLeafAmbient: 0...1...2...3...4...5...6...7...8...9...10 (2)
Writing leaf ambient...done
Ready to Finish

Object names       Objects/Maxobjs  Memory / Maxmem  Fullness 
------------       ---------------  ---------------  -------- 
models                   1/4096           48/196608   ( 0.0%) 
brushes                 12/65535         144/786420   ( 0.0%) 
brushsides              72/655350        576/5242800  ( 0.0%) 
planes                 126/65536        2520/1310720  ( 0.2%) 
vertexes               313/65536        3756/786432   ( 0.5%) 
nodes                  305/65536        9760/2097152  ( 0.5%) 
texinfos                29/16384        2088/1179648  ( 0.2%) 
texdata                  2/8192           64/262144   ( 0.0%) 
dispinfos               31/0            5456/0        ( 0.0%) 
disp_verts            2511/0           50220/0        ( 0.0%) 
disp_tris             3968/0            7936/0        ( 0.0%) 
disp_multiblend          0/0               0/0        ( 0.0%) 
disp_lmsamples      177360/0          177360/0        ( 0.0%) 
faces                  267/65536       14952/3670016  ( 0.4%) 
hdr faces                0/65536           0/3670016  ( 0.0%) 
origfaces               43/65536        2408/3670016  ( 0.1%) 
leaves                 307/65536        9824/2097152  ( 0.5%) 
leaffaces              236/65536         472/131072   ( 0.4%) 
leafbrushes            236/65536         472/131072   ( 0.4%) 
areas                    3/1024           24/8192     ( 0.3%) 
surfedges             1240/512000       4960/2048000  ( 0.2%) 
edges                  657/256000       2628/1024000  ( 0.3%) 
LDR worldlights          2/8192          176/720896   ( 0.0%) 
HDR worldlights          0/8192            0/720896   ( 0.0%) 
leafwaterdata            0/32768           0/393216   ( 0.0%) 
waterstrips              0/32768           0/327680   ( 0.0%) 
waterverts               0/65536           0/786432   ( 0.0%) 
waterindices             0/65536           0/131072   ( 0.0%) 
cubemapsamples           0/1024            0/16384    ( 0.0%) 
overlays                 0/8192            0/2883584  ( 0.0%) 
LDR lightdata         [variable]      177484/0        ( 0.0%) 
HDR lightdata         [variable]           0/0        ( 0.0%) 
visdata               [variable]        1096/16777216 ( 0.0%) 
entdata               [variable]       14466/4194304  ( 0.3%) 
LDR ambient table      307/65536        1228/262144   ( 0.5%) 
HDR ambient table      307/65536        1228/262144   ( 0.5%) 
LDR leaf ambient       221/65536        6188/1835008  ( 0.3%) 
HDR leaf ambient       307/65536        8596/1835008  ( 0.5%) 
occluders                0/0               0/0        ( 0.0%) 
occluder polygons        0/0               0/0        ( 0.0%) 
occluder vert ind        0/0               0/0        ( 0.0%) 
detail props          [variable]          12/0        ( 0.0%) 
static props          [variable]        2726/0        ( 0.0%) 
static prop count       21/16384           0/0        ( 0.1%) 
pakfile               [variable]       70701/0        ( 0.0%) 
physics               [variable]        4384/4194304  ( 0.1%) 
physics terrain       [variable]       17283/1048576  ( 1.6%) 

Level flags = 0

Total triangle count: 534
Writing d:\juegos\steam\steamapps\common\garrysmod\garrysmod\custom\map\maps\xen1.bsp
3 seconds elapsed




materialPath: D:\Juegos\Steam\steamapps\common\GarrysMod\garrysmod\materials
Loading d:\juegos\steam\steamapps\common\garrysmod\garrysmod\custom\map\maps\xen1.vmf
Patching WVT material: maps/xen1/xeno/c4a1a_swmpwlb_wvt_patch
fixing up env_cubemap materials on brush sides...
ProcessBlock_Thread: 0...1...2...3...4...5...6...7...8...9...10 (0)
ProcessBlock_Thread: 0...1...2...3...4...5...6...7...8...9...10 (0)
Processing areas...done (0)
Building Faces...done (0)
FixTjuncs...
PruneNodes...
WriteBSP...
done (0)
writing d:\juegos\steam\steamapps\common\garrysmod\garrysmod\custom\map\maps\xen1.prt...
Building visibility clusters...
done (0)
KeyValues Error: RecursiveLoadFromBuffer:  got EOF instead of keyname in file materials/skybox/xenspace5_skyup.vmt
UnlitGeneric, (*proxies*), (*Clamp*), 
KeyValues Error: RecursiveLoadFromBuffer:  got EOF instead of keyname in file materials/skybox/xenspace5_skyup.vmt
UnlitGeneric, (*proxies*), (*Clamp*), 
Creating default LDR cubemaps for env_cubemap using skybox materials:
   skybox/xenspace5_sky*.vmt
 ! Run buildcubemaps in the engine to get the correct cube maps.
Creating default HDR cubemaps for env_cubemap using skybox materials:
   skybox/xenspace5_sky*.vmt
 ! Run buildcubemaps in the engine to get the correct cube maps.
Finding displacement neighbors...
Finding lightmap sample positions...
Displacement Alpha : 0...1...2...3...4...5...6...7...8...9...10
Building Physics collision data...
done (0) (4384 bytes)
Error! To use model "models/props_cets_aliens/xen_small_mold_cluster_1.mdl" with prop_static, it must be compiled with $staticprop!
Error loading studio model STATIC "models/props_cets_aliens/xen_small_mold_cluster_1.mdl"!
Placing detail props : 0...1...2...3...4...5...6...7...8...9...10
Compacting texture/material tables...
Reduced 142 texinfos to 29
Reduced 3 texdatas to 2 (76 bytes to 37)
Writing d:\juegos\steam\steamapps\common\garrysmod\garrysmod\custom\map\maps\xen1.bsp
0 seconds elapsed



materialPath: D:\Juegos\Steam\steamapps\common\GarrysMod\garrysmod\materials
Loading d:\juegos\steam\steamapps\common\garrysmod\garrysmod\custom\map\maps\xen1.vmf
Patching WVT material: maps/xen1/xeno/c4a1a_swmpwlb_wvt_patch
fixing up env_cubemap materials on brush sides...
ProcessBlock_Thread: 0...1...2...3...4...5...6...7...8...9...10 (0)
ProcessBlock_Thread: 0...1...2...3...4...5...6...7...8...9...10 (0)
Processing areas...done (0)
Building Faces...done (0)
FixTjuncs...
PruneNodes...
WriteBSP...
done (0)
writing d:\juegos\steam\steamapps\common\garrysmod\garrysmod\custom\map\maps\xen1.prt...
Building visibility clusters...
done (0)
KeyValues Error: RecursiveLoadFromBuffer:  got EOF instead of keyname in file materials/skybox/xenspace5_skyup.vmt
UnlitGeneric, (*proxies*), (*Clamp*), 
KeyValues Error: RecursiveLoadFromBuffer:  got EOF instead of keyname in file materials/skybox/xenspace5_skyup.vmt
UnlitGeneric, (*proxies*), (*Clamp*), 
Creating default LDR cubemaps for env_cubemap using skybox materials:
   skybox/xenspace5_sky*.vmt
 ! Run buildcubemaps in the engine to get the correct cube maps.
Creating default HDR cubemaps for env_cubemap using skybox materials:
   skybox/xenspace5_sky*.vmt
 ! Run buildcubemaps in the engine to get the correct cube maps.
Finding displacement neighbors...
Finding lightmap sample positions...
Displacement Alpha : 0...1...2...3...4...5...6...7...8...9...10
Building Physics collision data...
done (0) (4384 bytes)
Error! To use model "models/props_cets_aliens/xen_small_mold_cluster_1.mdl" with prop_static, it must be compiled with $staticprop!
Error loading studio model STATIC "models/props_cets_aliens/xen_small_mold_cluster_1.mdl"!
Placing detail props : 0...1...2...3...4...5...6...7...8...9...10
Compacting texture/material tables...
Reduced 142 texinfos to 29
Reduced 3 texdatas to 2 (76 bytes to 37)
Writing d:\juegos\steam\steamapps\common\garrysmod\garrysmod\custom\map\maps\xen1.bsp
0 seconds elapsed



16 threads
reading d:\juegos\steam\steamapps\common\garrysmod\garrysmod\custom\map\maps\xen1.bsp
reading d:\juegos\steam\steamapps\common\garrysmod\garrysmod\custom\map\maps\xen1.prt
  50 portalclusters
  84 numportals
BasePortalVis:       0...1...2...3...4...5...6...7...8...9...10 (0)
Optimized: 0 visible clusters (0.00%)
Total clusters visible: 2402
Average clusters visible: 48
Building PAS...
Average clusters audible: 48
visdatasize:1096  compressed from 800
writing d:\juegos\steam\steamapps\common\garrysmod\garrysmod\custom\map\maps\xen1.bsp
0 seconds elapsed



[Reading texlights from 'lights.rad']
[51 texlights parsed from 'lights.rad']
Loading d:\juegos\steam\steamapps\common\garrysmod\garrysmod\custom\map\maps\xen1.bsp
Unable to load vertex data "models/props_foliage_new\xen_shrub_a.vvd"
Unable to load vertex data "models/props_foliage_new\xen_vines_b.vvd"
BuildFacelights:     0...1...2...3...4...5...6...7...8...9...10 (0)
BuildStaticPropPatchlights: 0...1...2...3...4...5...6...7...8...9...10 (0)
BuildVisLeafs:       0...1...2...3...4...5...6...7...8...9...10 (0)
transfers 2763, max 48
static prop patch transfers 0
GatherLight:         0...1...2...3...4...5...6...7...8...9...10 (0)
GatherLight:         0...1...2...3...4...5...6...7...8...9...10 (0)
Build Patch/Sample Hash Table(s).....Done<0.0019 sec>
FinalLightFace:      0...1...2...3...4...5...6...7...8...9...10 (0)
FinalLightFace Done
0 of 0 (0% of) surface lights went in leaf ambient cubes.
ThreadComputeLeafAmbient: 0...1...2...3...4...5...6...7...8...9...10 (3)
Writing leaf ambient...done
Ready to Finish

Object names       Objects/Maxobjs  Memory / Maxmem  Fullness 
------------       ---------------  ---------------  -------- 
models                   1/4096           48/196608   ( 0.0%) 
brushes                 12/65535         144/786420   ( 0.0%) 
brushsides              72/655350        576/5242800  ( 0.0%) 
planes                 138/65536        2760/1310720  ( 0.2%) 
vertexes               327/65536        3924/786432   ( 0.5%) 
nodes                  324/65536       10368/2097152  ( 0.5%) 
texinfos                29/16384        2088/1179648  ( 0.2%) 
texdata                  2/8192           64/262144   ( 0.0%) 
dispinfos               31/0            5456/0        ( 0.0%) 
disp_verts            2511/0           50220/0        ( 0.0%) 
disp_tris             3968/0            7936/0        ( 0.0%) 
disp_multiblend          0/0               0/0        ( 0.0%) 
disp_lmsamples      177360/0          177360/0        ( 0.0%) 
faces                  281/65536       15736/3670016  ( 0.4%) 
hdr faces                0/65536           0/3670016  ( 0.0%) 
origfaces               43/65536        2408/3670016  ( 0.1%) 
leaves                 326/65536       10432/2097152  ( 0.5%) 
leaffaces              250/65536         500/131072   ( 0.4%) 
leafbrushes            262/65536         524/131072   ( 0.4%) 
areas                    3/1024           24/8192     ( 0.3%) 
surfedges             1296/512000       5184/2048000  ( 0.3%) 
edges                  685/256000       2740/1024000  ( 0.3%) 
LDR worldlights          2/8192          176/720896   ( 0.0%) 
HDR worldlights          0/8192            0/720896   ( 0.0%) 
leafwaterdata            0/32768           0/393216   ( 0.0%) 
waterstrips              0/32768           0/327680   ( 0.0%) 
waterverts               0/65536           0/786432   ( 0.0%) 
waterindices             0/65536           0/131072   ( 0.0%) 
cubemapsamples           0/1024            0/16384    ( 0.0%) 
overlays                 0/8192            0/2883584  ( 0.0%) 
LDR lightdata         [variable]      177484/0        ( 0.0%) 
HDR lightdata         [variable]           0/0        ( 0.0%) 
visdata               [variable]        1096/16777216 ( 0.0%) 
entdata               [variable]       14472/4194304  ( 0.3%) 
LDR ambient table      326/65536        1304/262144   ( 0.5%) 
HDR ambient table      326/65536        1304/262144   ( 0.5%) 
LDR leaf ambient       303/65536        8484/1835008  ( 0.5%) 
HDR leaf ambient       326/65536        9128/1835008  ( 0.5%) 
occluders                0/0               0/0        ( 0.0%) 
occluder polygons        0/0               0/0        ( 0.0%) 
occluder vert ind        0/0               0/0        ( 0.0%) 
detail props          [variable]          12/0        ( 0.0%) 
static props          [variable]        2726/0        ( 0.0%) 
static prop count       21/16384           0/0        ( 0.1%) 
pakfile               [variable]       70701/0        ( 0.0%) 
physics               [variable]        4384/4194304  ( 0.1%) 
physics terrain       [variable]       17283/1048576  ( 1.6%) 

Level flags = 0

Total triangle count: 562
Writing d:\juegos\steam\steamapps\common\garrysmod\garrysmod\custom\map\maps\xen1.bsp
3 seconds elapsed




materialPath: D:\Juegos\Steam\steamapps\common\GarrysMod\garrysmod\materials
Loading d:\juegos\steam\steamapps\common\garrysmod\garrysmod\custom\map\maps\xen1.vmf
Patching WVT material: maps/xen1/xeno/c4a1a_swmpwlb_wvt_patch
fixing up env_cubemap materials on brush sides...
ProcessBlock_Thread: 0...1...2...3...4...5...6...7...8...9...10 (0)
ProcessBlock_Thread: 0...1...2...3...4...5...6...7...8...9...10 (0)
Processing areas...done (0)
Building Faces...done (0)
FixTjuncs...
PruneNodes...
WriteBSP...
done (0)
writing d:\juegos\steam\steamapps\common\garrysmod\garrysmod\custom\map\maps\xen1.prt...
Building visibility clusters...
done (0)
KeyValues Error: RecursiveLoadFromBuffer:  got EOF instead of keyname in file materials/skybox/xenspace5_skyup.vmt
UnlitGeneric, (*proxies*), (*Clamp*), 
KeyValues Error: RecursiveLoadFromBuffer:  got EOF instead of keyname in file materials/skybox/xenspace5_skyup.vmt
UnlitGeneric, (*proxies*), (*Clamp*), 
Creating default LDR cubemaps for env_cubemap using skybox materials:
   skybox/xenspace5_sky*.vmt
 ! Run buildcubemaps in the engine to get the correct cube maps.
Creating default HDR cubemaps for env_cubemap using skybox materials:
   skybox/xenspace5_sky*.vmt
 ! Run buildcubemaps in the engine to get the correct cube maps.
Finding displacement neighbors...
Finding lightmap sample positions...
Displacement Alpha : 0...1...2...3...4...5...6...7...8...9...10
Building Physics collision data...
done (0) (4384 bytes)
Error! To use model "models/props_cets_aliens/xen_small_mold_cluster_1.mdl" with prop_static, it must be compiled with $staticprop!
Error loading studio model STATIC "models/props_cets_aliens/xen_small_mold_cluster_1.mdl"!
Placing detail props : 0...1...2...3...4...5...6...7...8...9...10
Compacting texture/material tables...
Reduced 142 texinfos to 29
Reduced 3 texdatas to 2 (76 bytes to 37)
Writing d:\juegos\steam\steamapps\common\garrysmod\garrysmod\custom\map\maps\xen1.bsp
0 seconds elapsed



16 threads
reading d:\juegos\steam\steamapps\common\garrysmod\garrysmod\custom\map\maps\xen1.bsp
reading d:\juegos\steam\steamapps\common\garrysmod\garrysmod\custom\map\maps\xen1.prt
  50 portalclusters
  84 numportals
BasePortalVis:       0...1...2...3...4...5...6...7...8...9...10 (0)
Optimized: 0 visible clusters (0.00%)
Total clusters visible: 2402
Average clusters visible: 48
Building PAS...
Average clusters audible: 48
visdatasize:1096  compressed from 800
writing d:\juegos\steam\steamapps\common\garrysmod\garrysmod\custom\map\maps\xen1.bsp
0 seconds elapsed



[Reading texlights from 'lights.rad']
[51 texlights parsed from 'lights.rad']
Loading d:\juegos\steam\steamapps\common\garrysmod\garrysmod\custom\map\maps\xen1.bsp
Unable to load vertex data "models/props_foliage_new\xen_shrub_a.vvd"
Unable to load vertex data "models/props_foliage_new\xen_vines_b.vvd"
BuildFacelights:     0...1...2...3...4...5...6...7...8...9...10 (0)
BuildStaticPropPatchlights: 0...1...2...3...4...5...6...7...8...9...10 (0)
BuildVisLeafs:       0...1...2...3...4...5...6...7...8...9...10 (0)
transfers 2763, max 48
static prop patch transfers 0
GatherLight:         0...1...2...3...4...5...6...7...8...9...10 (0)
GatherLight:         0...1...2...3...4...5...6...7...8...9...10 (0)
Build Patch/Sample Hash Table(s).....Done<0.0019 sec>
FinalLightFace:      0...1...2...3...4...5...6...7...8...9...10 (0)
FinalLightFace Done
0 of 0 (0% of) surface lights went in leaf ambient cubes.
ThreadComputeLeafAmbient: 0...1...2...3...4...5...6...7...8...9...10 (3)
Writing leaf ambient...done
Ready to Finish

Object names       Objects/Maxobjs  Memory / Maxmem  Fullness 
------------       ---------------  ---------------  -------- 
models                   1/4096           48/196608   ( 0.0%) 
brushes                 12/65535         144/786420   ( 0.0%) 
brushsides              72/655350        576/5242800  ( 0.0%) 
planes                 138/65536        2760/1310720  ( 0.2%) 
vertexes               327/65536        3924/786432   ( 0.5%) 
nodes                  324/65536       10368/2097152  ( 0.5%) 
texinfos                29/16384        2088/1179648  ( 0.2%) 
texdata                  2/8192           64/262144   ( 0.0%) 
dispinfos               31/0            5456/0        ( 0.0%) 
disp_verts            2511/0           50220/0        ( 0.0%) 
disp_tris             3968/0            7936/0        ( 0.0%) 
disp_multiblend          0/0               0/0        ( 0.0%) 
disp_lmsamples      177360/0          177360/0        ( 0.0%) 
faces                  281/65536       15736/3670016  ( 0.4%) 
hdr faces                0/65536           0/3670016  ( 0.0%) 
origfaces               43/65536        2408/3670016  ( 0.1%) 
leaves                 326/65536       10432/2097152  ( 0.5%) 
leaffaces              250/65536         500/131072   ( 0.4%) 
leafbrushes            262/65536         524/131072   ( 0.4%) 
areas                    3/1024           24/8192     ( 0.3%) 
surfedges             1296/512000       5184/2048000  ( 0.3%) 
edges                  685/256000       2740/1024000  ( 0.3%) 
LDR worldlights          2/8192          176/720896   ( 0.0%) 
HDR worldlights          0/8192            0/720896   ( 0.0%) 
leafwaterdata            0/32768           0/393216   ( 0.0%) 
waterstrips              0/32768           0/327680   ( 0.0%) 
waterverts               0/65536           0/786432   ( 0.0%) 
waterindices             0/65536           0/131072   ( 0.0%) 
cubemapsamples           0/1024            0/16384    ( 0.0%) 
overlays                 0/8192            0/2883584  ( 0.0%) 
LDR lightdata         [variable]      177484/0        ( 0.0%) 
HDR lightdata         [variable]           0/0        ( 0.0%) 
visdata               [variable]        1096/16777216 ( 0.0%) 
entdata               [variable]       14472/4194304  ( 0.3%) 
LDR ambient table      326/65536        1304/262144   ( 0.5%) 
HDR ambient table      326/65536        1304/262144   ( 0.5%) 
LDR leaf ambient       303/65536        8484/1835008  ( 0.5%) 
HDR leaf ambient       326/65536        9128/1835008  ( 0.5%) 
occluders                0/0               0/0        ( 0.0%) 
occluder polygons        0/0               0/0        ( 0.0%) 
occluder vert ind        0/0               0/0        ( 0.0%) 
detail props          [variable]          12/0        ( 0.0%) 
static props          [variable]        2726/0        ( 0.0%) 
static prop count       21/16384           0/0        ( 0.1%) 
pakfile               [variable]       70701/0        ( 0.0%) 
physics               [variable]        4384/4194304  ( 0.1%) 
physics terrain       [variable]       17283/1048576  ( 1.6%) 

Level flags = 0

Total triangle count: 562
Writing d:\juegos\steam\steamapps\common\garrysmod\garrysmod\custom\map\maps\xen1.bsp
3 seconds elapsed




materialPath: D:\Juegos\Steam\steamapps\common\GarrysMod\garrysmod\materials
Loading d:\juegos\steam\steamapps\common\garrysmod\garrysmod\custom\map\maps\xen1.vmf
Patching WVT material: maps/xen1/xeno/c4a1a_swmpwlb_wvt_patch
fixing up env_cubemap materials on brush sides...
ProcessBlock_Thread: 0...1...2...3...4...5...6...7...8...9...10 (0)
ProcessBlock_Thread: 0...1...2...3...4...5...6...7...8...9...10 (0)
Processing areas...done (0)
Building Faces...done (0)
FixTjuncs...
PruneNodes...
WriteBSP...
done (0)
writing d:\juegos\steam\steamapps\common\garrysmod\garrysmod\custom\map\maps\xen1.prt...
Building visibility clusters...
done (0)
KeyValues Error: RecursiveLoadFromBuffer:  got EOF instead of keyname in file materials/skybox/xenspace5_skyup.vmt
UnlitGeneric, (*proxies*), (*Clamp*), 
KeyValues Error: RecursiveLoadFromBuffer:  got EOF instead of keyname in file materials/skybox/xenspace5_skyup.vmt
UnlitGeneric, (*proxies*), (*Clamp*), 
Creating default LDR cubemaps for env_cubemap using skybox materials:
   skybox/xenspace5_sky*.vmt
 ! Run buildcubemaps in the engine to get the correct cube maps.
Creating default HDR cubemaps for env_cubemap using skybox materials:
   skybox/xenspace5_sky*.vmt
 ! Run buildcubemaps in the engine to get the correct cube maps.
Finding displacement neighbors...
Finding lightmap sample positions...
Displacement Alpha : 0...1...2...3...4...5...6...7...8...9...10
Building Physics collision data...
done (0) (4384 bytes)
Error! To use model "models/props_cets_aliens/xen_small_mold_cluster_1.mdl" with prop_static, it must be compiled with $staticprop!
Error loading studio model STATIC "models/props_cets_aliens/xen_small_mold_cluster_1.mdl"!
Placing detail props : 0...1...2...3...4...5...6...7...8...9...10
Compacting texture/material tables...
Reduced 142 texinfos to 29
Reduced 3 texdatas to 2 (76 bytes to 37)
Writing d:\juegos\steam\steamapps\common\garrysmod\garrysmod\custom\map\maps\xen1.bsp
0 seconds elapsed



16 threads
reading d:\juegos\steam\steamapps\common\garrysmod\garrysmod\custom\map\maps\xen1.bsp
reading d:\juegos\steam\steamapps\common\garrysmod\garrysmod\custom\map\maps\xen1.prt
  50 portalclusters
  84 numportals
BasePortalVis:       0...1...2...3...4...5...6...7...8...9...10 (0)
Optimized: 0 visible clusters (0.00%)
Total clusters visible: 2402
Average clusters visible: 48
Building PAS...
Average clusters audible: 48
visdatasize:1096  compressed from 800
writing d:\juegos\steam\steamapps\common\garrysmod\garrysmod\custom\map\maps\xen1.bsp
0 seconds elapsed



[Reading texlights from 'lights.rad']
[51 texlights parsed from 'lights.rad']
Loading d:\juegos\steam\steamapps\common\garrysmod\garrysmod\custom\map\maps\xen1.bsp
Unable to load vertex data "models/props_foliage_new\xen_shrub_a.vvd"
Unable to load vertex data "models/props_foliage_new\xen_vines_b.vvd"
BuildFacelights:     0...1...2...3...4...5...6...7...8...9...10 (0)
BuildStaticPropPatchlights: 0...1...2...3...4...5...6...7...8...9...10 (0)
BuildVisLeafs:       0...1...2...3...4...5...6...7...8...9...10 (0)
transfers 2763, max 48
static prop patch transfers 0
GatherLight:         0...1...2...3...4...5...6...7...8...9...10 (0)
GatherLight:         0...1...2...3...4...5...6...7...8...9...10 (0)
Build Patch/Sample Hash Table(s).....Done<0.0020 sec>
FinalLightFace:      0...1...2...3...4...5...6...7...8...9...10 (0)
FinalLightFace Done
0 of 0 (0% of) surface lights went in leaf ambient cubes.
ThreadComputeLeafAmbient: 0...1...2...3...4...5...6...7...8...9...10 (3)
Writing leaf ambient...done
Ready to Finish

Object names       Objects/Maxobjs  Memory / Maxmem  Fullness 
------------       ---------------  ---------------  -------- 
models                   1/4096           48/196608   ( 0.0%) 
brushes                 12/65535         144/786420   ( 0.0%) 
brushsides              72/655350        576/5242800  ( 0.0%) 
planes                 138/65536        2760/1310720  ( 0.2%) 
vertexes               327/65536        3924/786432   ( 0.5%) 
nodes                  324/65536       10368/2097152  ( 0.5%) 
texinfos                29/16384        2088/1179648  ( 0.2%) 
texdata                  2/8192           64/262144   ( 0.0%) 
dispinfos               31/0            5456/0        ( 0.0%) 
disp_verts            2511/0           50220/0        ( 0.0%) 
disp_tris             3968/0            7936/0        ( 0.0%) 
disp_multiblend          0/0               0/0        ( 0.0%) 
disp_lmsamples      177360/0          177360/0        ( 0.0%) 
faces                  281/65536       15736/3670016  ( 0.4%) 
hdr faces                0/65536           0/3670016  ( 0.0%) 
origfaces               43/65536        2408/3670016  ( 0.1%) 
leaves                 326/65536       10432/2097152  ( 0.5%) 
leaffaces              250/65536         500/131072   ( 0.4%) 
leafbrushes            262/65536         524/131072   ( 0.4%) 
areas                    3/1024           24/8192     ( 0.3%) 
surfedges             1296/512000       5184/2048000  ( 0.3%) 
edges                  685/256000       2740/1024000  ( 0.3%) 
LDR worldlights          2/8192          176/720896   ( 0.0%) 
HDR worldlights          0/8192            0/720896   ( 0.0%) 
leafwaterdata            0/32768           0/393216   ( 0.0%) 
waterstrips              0/32768           0/327680   ( 0.0%) 
waterverts               0/65536           0/786432   ( 0.0%) 
waterindices             0/65536           0/131072   ( 0.0%) 
cubemapsamples           0/1024            0/16384    ( 0.0%) 
overlays                 0/8192            0/2883584  ( 0.0%) 
LDR lightdata         [variable]      177484/0        ( 0.0%) 
HDR lightdata         [variable]           0/0        ( 0.0%) 
visdata               [variable]        1096/16777216 ( 0.0%) 
entdata               [variable]       14472/4194304  ( 0.3%) 
LDR ambient table      326/65536        1304/262144   ( 0.5%) 
HDR ambient table      326/65536        1304/262144   ( 0.5%) 
LDR leaf ambient       303/65536        8484/1835008  ( 0.5%) 
HDR leaf ambient       326/65536        9128/1835008  ( 0.5%) 
occluders                0/0               0/0        ( 0.0%) 
occluder polygons        0/0               0/0        ( 0.0%) 
occluder vert ind        0/0               0/0        ( 0.0%) 
detail props          [variable]          12/0        ( 0.0%) 
static props          [variable]        2726/0        ( 0.0%) 
static prop count       21/16384           0/0        ( 0.1%) 
pakfile               [variable]       70701/0        ( 0.0%) 
physics               [variable]        4384/4194304  ( 0.1%) 
physics terrain       [variable]       17283/1048576  ( 1.6%) 

Level flags = 0

Total triangle count: 562
Writing d:\juegos\steam\steamapps\common\garrysmod\garrysmod\custom\map\maps\xen1.bsp
3 seconds elapsed




materialPath: D:\Juegos\Steam\steamapps\common\GarrysMod\garrysmod\materials
Loading d:\juegos\steam\steamapps\common\garrysmod\garrysmod\custom\map\maps\xen1.vmf
Patching WVT material: maps/xen1/xeno/c4a1a_swmpwlb_wvt_patch
fixing up env_cubemap materials on brush sides...
ProcessBlock_Thread: 0...1...2...3...4...5...6...7...8...9...10 (0)
ProcessBlock_Thread: 0...1...2...3...4...5...6...7...8...9...10 (0)
Processing areas...done (0)
Building Faces...done (0)
FixTjuncs...
PruneNodes...
WriteBSP...
done (0)
writing d:\juegos\steam\steamapps\common\garrysmod\garrysmod\custom\map\maps\xen1.prt...
Building visibility clusters...
done (0)
KeyValues Error: RecursiveLoadFromBuffer:  got EOF instead of keyname in file materials/skybox/xenspace5_skyup.vmt
UnlitGeneric, (*proxies*), (*Clamp*), 
KeyValues Error: RecursiveLoadFromBuffer:  got EOF instead of keyname in file materials/skybox/xenspace5_skyup.vmt
UnlitGeneric, (*proxies*), (*Clamp*), 
Creating default LDR cubemaps for env_cubemap using skybox materials:
   skybox/xenspace5_sky*.vmt
 ! Run buildcubemaps in the engine to get the correct cube maps.
Creating default HDR cubemaps for env_cubemap using skybox materials:
   skybox/xenspace5_sky*.vmt
 ! Run buildcubemaps in the engine to get the correct cube maps.
Finding displacement neighbors...
Finding lightmap sample positions...
Displacement Alpha : 0...1...2...3...4...5...6...7...8...9...10
Building Physics collision data...
done (0) (4384 bytes)
Error! To use model "models/props_cets_aliens/xen_small_mold_cluster_1.mdl" with prop_static, it must be compiled with $staticprop!
Error loading studio model STATIC "models/props_cets_aliens/xen_small_mold_cluster_1.mdl"!
Placing detail props : 0...1...2...3...4...5...6...7...8...9...10
Compacting texture/material tables...
Reduced 142 texinfos to 29
Reduced 3 texdatas to 2 (76 bytes to 37)
Writing d:\juegos\steam\steamapps\common\garrysmod\garrysmod\custom\map\maps\xen1.bsp
0 seconds elapsed



16 threads
reading d:\juegos\steam\steamapps\common\garrysmod\garrysmod\custom\map\maps\xen1.bsp
reading d:\juegos\steam\steamapps\common\garrysmod\garrysmod\custom\map\maps\xen1.prt
  50 portalclusters
  84 numportals
BasePortalVis:       0...1...2...3...4...5...6...7...8...9...10 (0)
Optimized: 0 visible clusters (0.00%)
Total clusters visible: 2402
Average clusters visible: 48
Building PAS...
Average clusters audible: 48
visdatasize:1096  compressed from 800
writing d:\juegos\steam\steamapps\common\garrysmod\garrysmod\custom\map\maps\xen1.bsp
0 seconds elapsed



[Reading texlights from 'lights.rad']
[51 texlights parsed from 'lights.rad']
Loading d:\juegos\steam\steamapps\common\garrysmod\garrysmod\custom\map\maps\xen1.bsp
Unable to load vertex data "models/props_foliage_new\xen_shrub_a.vvd"
Unable to load vertex data "models/props_foliage_new\xen_vines_b.vvd"
BuildFacelights:     0...1...2...3...4...5...6...7...8...9...10 (0)
BuildStaticPropPatchlights: 0...1...2...3...4...5...6...7...8...9...10 (0)
BuildVisLeafs:       0...1...2...3...4...5...6...7...8...9...10 (0)
transfers 2763, max 48
static prop patch transfers 0
GatherLight:         0...1...2...3...4...5...6...7...8...9...10 (0)
GatherLight:         0...1...2...3...4...5...6...7...8...9...10 (0)
Build Patch/Sample Hash Table(s).....Done<0.0020 sec>
FinalLightFace:      0...1...2...3...4...5...6...7...8...9...10 (0)
FinalLightFace Done
0 of 0 (0% of) surface lights went in leaf ambient cubes.
ThreadComputeLeafAmbient: 0...1...2...3...4...5...6...7...8...9...10 (3)
Writing leaf ambient...done
Ready to Finish

Object names       Objects/Maxobjs  Memory / Maxmem  Fullness 
------------       ---------------  ---------------  -------- 
models                   1/4096           48/196608   ( 0.0%) 
brushes                 12/65535         144/786420   ( 0.0%) 
brushsides              72/655350        576/5242800  ( 0.0%) 
planes                 138/65536        2760/1310720  ( 0.2%) 
vertexes               327/65536        3924/786432   ( 0.5%) 
nodes                  324/65536       10368/2097152  ( 0.5%) 
texinfos                29/16384        2088/1179648  ( 0.2%) 
texdata                  2/8192           64/262144   ( 0.0%) 
dispinfos               31/0            5456/0        ( 0.0%) 
disp_verts            2511/0           50220/0        ( 0.0%) 
disp_tris             3968/0            7936/0        ( 0.0%) 
disp_multiblend          0/0               0/0        ( 0.0%) 
disp_lmsamples      177360/0          177360/0        ( 0.0%) 
faces                  281/65536       15736/3670016  ( 0.4%) 
hdr faces                0/65536           0/3670016  ( 0.0%) 
origfaces               43/65536        2408/3670016  ( 0.1%) 
leaves                 326/65536       10432/2097152  ( 0.5%) 
leaffaces              250/65536         500/131072   ( 0.4%) 
leafbrushes            262/65536         524/131072   ( 0.4%) 
areas                    3/1024           24/8192     ( 0.3%) 
surfedges             1296/512000       5184/2048000  ( 0.3%) 
edges                  685/256000       2740/1024000  ( 0.3%) 
LDR worldlights          2/8192          176/720896   ( 0.0%) 
HDR worldlights          0/8192            0/720896   ( 0.0%) 
leafwaterdata            0/32768           0/393216   ( 0.0%) 
waterstrips              0/32768           0/327680   ( 0.0%) 
waterverts               0/65536           0/786432   ( 0.0%) 
waterindices             0/65536           0/131072   ( 0.0%) 
cubemapsamples           0/1024            0/16384    ( 0.0%) 
overlays                 0/8192            0/2883584  ( 0.0%) 
LDR lightdata         [variable]      177484/0        ( 0.0%) 
HDR lightdata         [variable]           0/0        ( 0.0%) 
visdata               [variable]        1096/16777216 ( 0.0%) 
entdata               [variable]       14472/4194304  ( 0.3%) 
LDR ambient table      326/65536        1304/262144   ( 0.5%) 
HDR ambient table      326/65536        1304/262144   ( 0.5%) 
LDR leaf ambient       303/65536        8484/1835008  ( 0.5%) 
HDR leaf ambient       326/65536        9128/1835008  ( 0.5%) 
occluders                0/0               0/0        ( 0.0%) 
occluder polygons        0/0               0/0        ( 0.0%) 
occluder vert ind        0/0               0/0        ( 0.0%) 
detail props          [variable]          12/0        ( 0.0%) 
static props          [variable]        2726/0        ( 0.0%) 
static prop count       21/16384           0/0        ( 0.1%) 
pakfile               [variable]       70701/0        ( 0.0%) 
physics               [variable]        4384/4194304  ( 0.1%) 
physics terrain       [variable]       17283/1048576  ( 1.6%) 

Level flags = 0

Total triangle count: 562
Writing d:\juegos\steam\steamapps\common\garrysmod\garrysmod\custom\map\maps\xen1.bsp
3 seconds elapsed




materialPath: D:\Juegos\Steam\steamapps\common\GarrysMod\garrysmod\materials
Loading d:\juegos\steam\steamapps\common\garrysmod\garrysmod\custom\map\maps\xen1.vmf
Patching WVT material: maps/xen1/xeno/c4a1a_swmpwlb_wvt_patch
fixing up env_cubemap materials on brush sides...
ProcessBlock_Thread: 0...1...2...3...4...5...6...7...8...9...10 (0)
ProcessBlock_Thread: 0...1...2...3...4...5...6...7...8...9...10 (0)
Processing areas...done (0)
Building Faces...done (0)
FixTjuncs...
PruneNodes...
WriteBSP...
done (0)
writing d:\juegos\steam\steamapps\common\garrysmod\garrysmod\custom\map\maps\xen1.prt...
Building visibility clusters...
done (0)
KeyValues Error: RecursiveLoadFromBuffer:  got EOF instead of keyname in file materials/skybox/xenspace5_skyup.vmt
UnlitGeneric, (*proxies*), (*Clamp*), 
KeyValues Error: RecursiveLoadFromBuffer:  got EOF instead of keyname in file materials/skybox/xenspace5_skyup.vmt
UnlitGeneric, (*proxies*), (*Clamp*), 
Creating default LDR cubemaps for env_cubemap using skybox materials:
   skybox/xenspace5_sky*.vmt
 ! Run buildcubemaps in the engine to get the correct cube maps.
Creating default HDR cubemaps for env_cubemap using skybox materials:
   skybox/xenspace5_sky*.vmt
 ! Run buildcubemaps in the engine to get the correct cube maps.
Finding displacement neighbors...
Finding lightmap sample positions...
Displacement Alpha : 0...1...2...3...4...5...6...7...8...9...10
Building Physics collision data...
done (0) (4384 bytes)
Error! To use model "models/props_cets_aliens/xen_small_mold_cluster_1.mdl" with prop_static, it must be compiled with $staticprop!
Error loading studio model STATIC "models/props_cets_aliens/xen_small_mold_cluster_1.mdl"!
Placing detail props : 0...1...2...3...4...5...6...7...8...9...10
Compacting texture/material tables...
Reduced 142 texinfos to 29
Reduced 3 texdatas to 2 (76 bytes to 37)
Writing d:\juegos\steam\steamapps\common\garrysmod\garrysmod\custom\map\maps\xen1.bsp
0 seconds elapsed



16 threads
reading d:\juegos\steam\steamapps\common\garrysmod\garrysmod\custom\map\maps\xen1.bsp
reading d:\juegos\steam\steamapps\common\garrysmod\garrysmod\custom\map\maps\xen1.prt
  50 portalclusters
  84 numportals
BasePortalVis:       0...1...2...3...4...5...6...7...8...9...10 (0)
Optimized: 0 visible clusters (0.00%)
Total clusters visible: 2402
Average clusters visible: 48
Building PAS...
Average clusters audible: 48
visdatasize:1096  compressed from 800
writing d:\juegos\steam\steamapps\common\garrysmod\garrysmod\custom\map\maps\xen1.bsp
0 seconds elapsed



[Reading texlights from 'lights.rad']
[51 texlights parsed from 'lights.rad']
Loading d:\juegos\steam\steamapps\common\garrysmod\garrysmod\custom\map\maps\xen1.bsp
Unable to load vertex data "models/props_foliage_new\xen_shrub_a.vvd"
Unable to load vertex data "models/props_foliage_new\xen_vines_b.vvd"
BuildFacelights:     0...1...2...3...4...5...6...7...8...9...10 (0)
BuildStaticPropPatchlights: 0...1...2...3...4...5...6...7...8...9...10 (0)
BuildVisLeafs:       0...1...2...3...4...5...6...7...8...9...10 (0)
transfers 2963, max 52
static prop patch transfers 0
GatherLight:         0...1...2...3...4...5...6...7...8...9...10 (0)
GatherLight:         0...1...2...3...4...5...6...7...8...9...10 (0)
Build Patch/Sample Hash Table(s).....Done<0.0020 sec>
FinalLightFace:      0...1...2...3...4...5...6...7...8...9...10 (0)
FinalLightFace Done
0 of 0 (0% of) surface lights went in leaf ambient cubes.
ThreadComputeLeafAmbient: 0...1...2...3...4...5...6...7...8...9...10 (3)
Writing leaf ambient...done
Ready to Finish

Object names       Objects/Maxobjs  Memory / Maxmem  Fullness 
------------       ---------------  ---------------  -------- 
models                   1/4096           48/196608   ( 0.0%) 
brushes                 12/65535         144/786420   ( 0.0%) 
brushsides              72/655350        576/5242800  ( 0.0%) 
planes                 138/65536        2760/1310720  ( 0.2%) 
vertexes               327/65536        3924/786432   ( 0.5%) 
nodes                  324/65536       10368/2097152  ( 0.5%) 
texinfos                29/16384        2088/1179648  ( 0.2%) 
texdata                  2/8192           64/262144   ( 0.0%) 
dispinfos               31/0            5456/0        ( 0.0%) 
disp_verts            2511/0           50220/0        ( 0.0%) 
disp_tris             3968/0            7936/0        ( 0.0%) 
disp_multiblend          0/0               0/0        ( 0.0%) 
disp_lmsamples      177360/0          177360/0        ( 0.0%) 
faces                  281/65536       15736/3670016  ( 0.4%) 
hdr faces                0/65536           0/3670016  ( 0.0%) 
origfaces               43/65536        2408/3670016  ( 0.1%) 
leaves                 326/65536       10432/2097152  ( 0.5%) 
leaffaces              250/65536         500/131072   ( 0.4%) 
leafbrushes            262/65536         524/131072   ( 0.4%) 
areas                    3/1024           24/8192     ( 0.3%) 
surfedges             1296/512000       5184/2048000  ( 0.3%) 
edges                  685/256000       2740/1024000  ( 0.3%) 
LDR worldlights          2/8192          176/720896   ( 0.0%) 
HDR worldlights          0/8192            0/720896   ( 0.0%) 
leafwaterdata            0/32768           0/393216   ( 0.0%) 
waterstrips              0/32768           0/327680   ( 0.0%) 
waterverts               0/65536           0/786432   ( 0.0%) 
waterindices             0/65536           0/131072   ( 0.0%) 
cubemapsamples           0/1024            0/16384    ( 0.0%) 
overlays                 0/8192            0/2883584  ( 0.0%) 
LDR lightdata         [variable]      177484/0        ( 0.0%) 
HDR lightdata         [variable]           0/0        ( 0.0%) 
visdata               [variable]        1096/16777216 ( 0.0%) 
entdata               [variable]       14472/4194304  ( 0.3%) 
LDR ambient table      326/65536        1304/262144   ( 0.5%) 
HDR ambient table      326/65536        1304/262144   ( 0.5%) 
LDR leaf ambient       305/65536        8540/1835008  ( 0.5%) 
HDR leaf ambient       326/65536        9128/1835008  ( 0.5%) 
occluders                0/0               0/0        ( 0.0%) 
occluder polygons        0/0               0/0        ( 0.0%) 
occluder vert ind        0/0               0/0        ( 0.0%) 
detail props          [variable]          12/0        ( 0.0%) 
static props          [variable]        2726/0        ( 0.0%) 
static prop count       21/16384           0/0        ( 0.1%) 
pakfile               [variable]       70701/0        ( 0.0%) 
physics               [variable]        4384/4194304  ( 0.1%) 
physics terrain       [variable]       17283/1048576  ( 1.6%) 

Level flags = 0

Total triangle count: 562
Writing d:\juegos\steam\steamapps\common\garrysmod\garrysmod\custom\map\maps\xen1.bsp
3 seconds elapsed




materialPath: D:\Juegos\Steam\steamapps\common\GarrysMod\garrysmod\materials
Loading d:\juegos\steam\steamapps\common\garrysmod\garrysmod\custom\map\maps\xen1.vmf
Patching WVT material: maps/xen1/xeno/c4a1a_swmpwlb_wvt_patch
fixing up env_cubemap materials on brush sides...
ProcessBlock_Thread: 0...1...2...3...4...5...6...7...8...9...10 (0)
ProcessBlock_Thread: 0...1...2...3...4...5...6...7...8...9...10 (0)
Processing areas...done (0)
Building Faces...done (0)
FixTjuncs...
PruneNodes...
WriteBSP...
done (0)
writing d:\juegos\steam\steamapps\common\garrysmod\garrysmod\custom\map\maps\xen1.prt...
Building visibility clusters...
done (0)
KeyValues Error: RecursiveLoadFromBuffer:  got EOF instead of keyname in file materials/skybox/xenspace5_skyup.vmt
UnlitGeneric, (*proxies*), (*Clamp*), 
KeyValues Error: RecursiveLoadFromBuffer:  got EOF instead of keyname in file materials/skybox/xenspace5_skyup.vmt
UnlitGeneric, (*proxies*), (*Clamp*), 
Creating default LDR cubemaps for env_cubemap using skybox materials:
   skybox/xenspace5_sky*.vmt
 ! Run buildcubemaps in the engine to get the correct cube maps.
Creating default HDR cubemaps for env_cubemap using skybox materials:
   skybox/xenspace5_sky*.vmt
 ! Run buildcubemaps in the engine to get the correct cube maps.
Finding displacement neighbors...
Finding lightmap sample positions...
Displacement Alpha : 0...1...2...3...4...5...6...7...8...9...10
Building Physics collision data...
done (0) (4384 bytes)
Error! To use model "models/props_cets_aliens/xen_small_mold_cluster_1.mdl" with prop_static, it must be compiled with $staticprop!
Error loading studio model STATIC "models/props_cets_aliens/xen_small_mold_cluster_1.mdl"!
Placing detail props : 0...1...2...3...4...5...6...7...8...9...10
Compacting texture/material tables...
Reduced 142 texinfos to 29
Reduced 3 texdatas to 2 (76 bytes to 37)
Writing d:\juegos\steam\steamapps\common\garrysmod\garrysmod\custom\map\maps\xen1.bsp
0 seconds elapsed



16 threads
reading d:\juegos\steam\steamapps\common\garrysmod\garrysmod\custom\map\maps\xen1.bsp
reading d:\juegos\steam\steamapps\common\garrysmod\garrysmod\custom\map\maps\xen1.prt
  50 portalclusters
  84 numportals
BasePortalVis:       0...1...2...3...4...5...6...7...8...9...10 (0)
Optimized: 0 visible clusters (0.00%)
Total clusters visible: 2402
Average clusters visible: 48
Building PAS...
Average clusters audible: 48
visdatasize:1096  compressed from 800
writing d:\juegos\steam\steamapps\common\garrysmod\garrysmod\custom\map\maps\xen1.bsp
0 seconds elapsed



[Reading texlights from 'lights.rad']
[51 texlights parsed from 'lights.rad']
Loading d:\juegos\steam\steamapps\common\garrysmod\garrysmod\custom\map\maps\xen1.bsp
Unable to load vertex data "models/props_foliage_new\xen_shrub_a.vvd"
Unable to load vertex data "models/props_foliage_new\xen_vines_b.vvd"
BuildFacelights:     0...1...2...3...4...5...6...7...8...9...10 (0)
BuildStaticPropPatchlights: 0...1...2...3...4...5...6...7...8...9...10 (0)
BuildVisLeafs:       0...1...2...3...4...5...6...7...8...9...10 (0)
transfers 2963, max 52
static prop patch transfers 0
GatherLight:         0...1...2...3...4...5...6...7...8...9...10 (0)
GatherLight:         0...1...2...3...4...5...6...7...8...9...10 (0)
Build Patch/Sample Hash Table(s).....Done<0.0020 sec>
FinalLightFace:      0...1...2...3...4...5...6...7...8...9...10 (0)
FinalLightFace Done
0 of 0 (0% of) surface lights went in leaf ambient cubes.
ThreadComputeLeafAmbient: 0...1...2...3...4...5...6...7...8...9...10 (3)
Writing leaf ambient...done
Ready to Finish

Object names       Objects/Maxobjs  Memory / Maxmem  Fullness 
------------       ---------------  ---------------  -------- 
models                   1/4096           48/196608   ( 0.0%) 
brushes                 12/65535         144/786420   ( 0.0%) 
brushsides              72/655350        576/5242800  ( 0.0%) 
planes                 138/65536        2760/1310720  ( 0.2%) 
vertexes               327/65536        3924/786432   ( 0.5%) 
nodes                  324/65536       10368/2097152  ( 0.5%) 
texinfos                29/16384        2088/1179648  ( 0.2%) 
texdata                  2/8192           64/262144   ( 0.0%) 
dispinfos               31/0            5456/0        ( 0.0%) 
disp_verts            2511/0           50220/0        ( 0.0%) 
disp_tris             3968/0            7936/0        ( 0.0%) 
disp_multiblend          0/0               0/0        ( 0.0%) 
disp_lmsamples      177360/0          177360/0        ( 0.0%) 
faces                  281/65536       15736/3670016  ( 0.4%) 
hdr faces                0/65536           0/3670016  ( 0.0%) 
origfaces               43/65536        2408/3670016  ( 0.1%) 
leaves                 326/65536       10432/2097152  ( 0.5%) 
leaffaces              250/65536         500/131072   ( 0.4%) 
leafbrushes            262/65536         524/131072   ( 0.4%) 
areas                    3/1024           24/8192     ( 0.3%) 
surfedges             1296/512000       5184/2048000  ( 0.3%) 
edges                  685/256000       2740/1024000  ( 0.3%) 
LDR worldlights          2/8192          176/720896   ( 0.0%) 
HDR worldlights          0/8192            0/720896   ( 0.0%) 
leafwaterdata            0/32768           0/393216   ( 0.0%) 
waterstrips              0/32768           0/327680   ( 0.0%) 
waterverts               0/65536           0/786432   ( 0.0%) 
waterindices             0/65536           0/131072   ( 0.0%) 
cubemapsamples           0/1024            0/16384    ( 0.0%) 
overlays                 0/8192            0/2883584  ( 0.0%) 
LDR lightdata         [variable]      177484/0        ( 0.0%) 
HDR lightdata         [variable]           0/0        ( 0.0%) 
visdata               [variable]        1096/16777216 ( 0.0%) 
entdata               [variable]       14472/4194304  ( 0.3%) 
LDR ambient table      326/65536        1304/262144   ( 0.5%) 
HDR ambient table      326/65536        1304/262144   ( 0.5%) 
LDR leaf ambient       305/65536        8540/1835008  ( 0.5%) 
HDR leaf ambient       326/65536        9128/1835008  ( 0.5%) 
occluders                0/0               0/0        ( 0.0%) 
occluder polygons        0/0               0/0        ( 0.0%) 
occluder vert ind        0/0               0/0        ( 0.0%) 
detail props          [variable]          12/0        ( 0.0%) 
static props          [variable]        2726/0        ( 0.0%) 
static prop count       21/16384           0/0        ( 0.1%) 
pakfile               [variable]       70701/0        ( 0.0%) 
physics               [variable]        4384/4194304  ( 0.1%) 
physics terrain       [variable]       17283/1048576  ( 1.6%) 

Level flags = 0

Total triangle count: 562
Writing d:\juegos\steam\steamapps\common\garrysmod\garrysmod\custom\map\maps\xen1.bsp
3 seconds elapsed




materialPath: D:\Juegos\Steam\steamapps\common\GarrysMod\garrysmod\materials
Loading d:\juegos\steam\steamapps\common\garrysmod\garrysmod\custom\map\maps\xen1.vmf
Patching WVT material: maps/xen1/xeno/c4a1a_swmpwlb_wvt_patch
fixing up env_cubemap materials on brush sides...
ProcessBlock_Thread: 0...1...2...3...4...5...6...7...8...9...10 (0)
ProcessBlock_Thread: 0...1...2...3...4...5...6...7...8...9...10 (0)
Processing areas...done (0)
Building Faces...done (0)
FixTjuncs...
PruneNodes...
WriteBSP...
done (0)
writing d:\juegos\steam\steamapps\common\garrysmod\garrysmod\custom\map\maps\xen1.prt...
Building visibility clusters...
done (0)
KeyValues Error: RecursiveLoadFromBuffer:  got EOF instead of keyname in file materials/skybox/xenspace5_skyup.vmt
UnlitGeneric, (*proxies*), (*Clamp*), 
KeyValues Error: RecursiveLoadFromBuffer:  got EOF instead of keyname in file materials/skybox/xenspace5_skyup.vmt
UnlitGeneric, (*proxies*), (*Clamp*), 
Creating default LDR cubemaps for env_cubemap using skybox materials:
   skybox/xenspace5_sky*.vmt
 ! Run buildcubemaps in the engine to get the correct cube maps.
Creating default HDR cubemaps for env_cubemap using skybox materials:
   skybox/xenspace5_sky*.vmt
 ! Run buildcubemaps in the engine to get the correct cube maps.
Finding displacement neighbors...
Finding lightmap sample positions...
Displacement Alpha : 0...1...2...3...4...5...6...7...8...9...10
Building Physics collision data...
done (0) (4384 bytes)
Error! To use model "models/props_cets_aliens/xen_small_mold_cluster_1.mdl" with prop_static, it must be compiled with $staticprop!
Error loading studio model STATIC "models/props_cets_aliens/xen_small_mold_cluster_1.mdl"!
Placing detail props : 0...1...2...3...4...5...6...7...8...9...10
Compacting texture/material tables...
Reduced 142 texinfos to 29
Reduced 3 texdatas to 2 (76 bytes to 37)
Writing d:\juegos\steam\steamapps\common\garrysmod\garrysmod\custom\map\maps\xen1.bsp
0 seconds elapsed



16 threads
reading d:\juegos\steam\steamapps\common\garrysmod\garrysmod\custom\map\maps\xen1.bsp
reading d:\juegos\steam\steamapps\common\garrysmod\garrysmod\custom\map\maps\xen1.prt
  50 portalclusters
  84 numportals
BasePortalVis:       0...1...2...3...4...5...6...7...8...9...10 (0)
Optimized: 0 visible clusters (0.00%)
Total clusters visible: 2402
Average clusters visible: 48
Building PAS...
Average clusters audible: 48
visdatasize:1096  compressed from 800
writing d:\juegos\steam\steamapps\common\garrysmod\garrysmod\custom\map\maps\xen1.bsp
0 seconds elapsed



[Reading texlights from 'lights.rad']
[51 texlights parsed from 'lights.rad']
Loading d:\juegos\steam\steamapps\common\garrysmod\garrysmod\custom\map\maps\xen1.bsp
Unable to load vertex data "models/props_foliage_new\xen_shrub_a.vvd"
Unable to load vertex data "models/props_foliage_new\xen_vines_b.vvd"
BuildFacelights:     0...1...2...3...4...5...6...7...8...9...10 (0)
BuildStaticPropPatchlights: 0...1...2...3...4...5...6...7...8...9...10 (0)
BuildVisLeafs:       0...1...2...3...4...5...6...7...8...9...10 (0)
transfers 2963, max 52
static prop patch transfers 0
GatherLight:         0...1...2...3...4...5...6...7...8...9...10 (0)
GatherLight:         0...1...2...3...4...5...6...7...8...9...10 (0)
Build Patch/Sample Hash Table(s).....Done<0.0020 sec>
FinalLightFace:      0...1...2...3...4...5...6...7...8...9...10 (0)
FinalLightFace Done
0 of 0 (0% of) surface lights went in leaf ambient cubes.
ThreadComputeLeafAmbient: 0...1...2...3...4...5...6...7...8...9...10 (6)
Writing leaf ambient...done
Ready to Finish

Object names       Objects/Maxobjs  Memory / Maxmem  Fullness 
------------       ---------------  ---------------  -------- 
models                   1/4096           48/196608   ( 0.0%) 
brushes                 12/65535         144/786420   ( 0.0%) 
brushsides              72/655350        576/5242800  ( 0.0%) 
planes                 162/65536        3240/1310720  ( 0.2%) 
vertexes               591/65536        7092/786432   ( 0.9%) 
nodes                  716/65536       22912/2097152  ( 1.1%) 
texinfos                29/16384        2088/1179648  ( 0.2%) 
texdata                  2/8192           64/262144   ( 0.0%) 
dispinfos               31/0            5456/0        ( 0.0%) 
disp_verts            2511/0           50220/0        ( 0.0%) 
disp_tris             3968/0            7936/0        ( 0.0%) 
disp_multiblend          0/0               0/0        ( 0.0%) 
disp_lmsamples      177360/0          177360/0        ( 0.0%) 
faces                  545/65536       30520/3670016  ( 0.8%) 
hdr faces                0/65536           0/3670016  ( 0.0%) 
origfaces               43/65536        2408/3670016  ( 0.1%) 
leaves                 718/65536       22976/2097152  ( 1.1%) 
leaffaces              514/65536        1028/131072   ( 0.8%) 
leafbrushes            535/65536        1070/131072   ( 0.8%) 
areas                    3/1024           24/8192     ( 0.3%) 
surfedges             2352/512000       9408/2048000  ( 0.5%) 
edges                 1213/256000       4852/1024000  ( 0.5%) 
LDR worldlights          2/8192          176/720896   ( 0.0%) 
HDR worldlights          0/8192            0/720896   ( 0.0%) 
leafwaterdata            0/32768           0/393216   ( 0.0%) 
waterstrips              0/32768           0/327680   ( 0.0%) 
waterverts               0/65536           0/786432   ( 0.0%) 
waterindices             0/65536           0/131072   ( 0.0%) 
cubemapsamples           0/1024            0/16384    ( 0.0%) 
overlays                 0/8192            0/2883584  ( 0.0%) 
LDR lightdata         [variable]      177484/0        ( 0.0%) 
HDR lightdata         [variable]           0/0        ( 0.0%) 
visdata               [variable]        1096/16777216 ( 0.0%) 
entdata               [variable]       14472/4194304  ( 0.3%) 
LDR ambient table      718/65536        2872/262144   ( 1.1%) 
HDR ambient table      718/65536        2872/262144   ( 1.1%) 
LDR leaf ambient       426/65536       11928/1835008  ( 0.7%) 
HDR leaf ambient       718/65536       20104/1835008  ( 1.1%) 
occluders                0/0               0/0        ( 0.0%) 
occluder polygons        0/0               0/0        ( 0.0%) 
occluder vert ind        0/0               0/0        ( 0.0%) 
detail props          [variable]          12/0        ( 0.0%) 
static props          [variable]        2726/0        ( 0.0%) 
static prop count       21/16384           0/0        ( 0.1%) 
pakfile               [variable]       70701/0        ( 0.0%) 
physics               [variable]        4384/4194304  ( 0.1%) 
physics terrain       [variable]       17283/1048576  ( 1.6%) 

Level flags = 0

Total triangle count: 1090
Writing d:\juegos\steam\steamapps\common\garrysmod\garrysmod\custom\map\maps\xen1.bsp
6 seconds elapsed




materialPath: D:\Juegos\Steam\steamapps\common\GarrysMod\garrysmod\materials
Loading d:\juegos\steam\steamapps\common\garrysmod\garrysmod\custom\map\maps\xen1.vmf
Patching WVT material: maps/xen1/xeno/c4a1a_swmpwlb_wvt_patch
fixing up env_cubemap materials on brush sides...
ProcessBlock_Thread: 0...1...2...3...4...5...6...7...8...9...10 (0)
ProcessBlock_Thread: 0...1...2...3...4...5...6...7...8...9...10 (0)
Processing areas...done (0)
Building Faces...done (0)
FixTjuncs...
PruneNodes...
WriteBSP...
done (0)
writing d:\juegos\steam\steamapps\common\garrysmod\garrysmod\custom\map\maps\xen1.prt...
Building visibility clusters...
done (0)
KeyValues Error: RecursiveLoadFromBuffer:  got EOF instead of keyname in file materials/skybox/xenspace5_skyup.vmt
UnlitGeneric, (*proxies*), (*Clamp*), 
KeyValues Error: RecursiveLoadFromBuffer:  got EOF instead of keyname in file materials/skybox/xenspace5_skyup.vmt
UnlitGeneric, (*proxies*), (*Clamp*), 
Creating default LDR cubemaps for env_cubemap using skybox materials:
   skybox/xenspace5_sky*.vmt
 ! Run buildcubemaps in the engine to get the correct cube maps.
Creating default HDR cubemaps for env_cubemap using skybox materials:
   skybox/xenspace5_sky*.vmt
 ! Run buildcubemaps in the engine to get the correct cube maps.
Finding displacement neighbors...
Finding lightmap sample positions...
Displacement Alpha : 0...1...2...3...4...5...6...7...8...9...10
Building Physics collision data...
done (0) (4384 bytes)
Error! To use model "models/props_cets_aliens/xen_small_mold_cluster_1.mdl" with prop_static, it must be compiled with $staticprop!
Error loading studio model STATIC "models/props_cets_aliens/xen_small_mold_cluster_1.mdl"!
Placing detail props : 0...1...2...3...4...5...6...7...8...9...10
Compacting texture/material tables...
Reduced 142 texinfos to 29
Reduced 3 texdatas to 2 (76 bytes to 37)
Writing d:\juegos\steam\steamapps\common\garrysmod\garrysmod\custom\map\maps\xen1.bsp
0 seconds elapsed



16 threads
reading d:\juegos\steam\steamapps\common\garrysmod\garrysmod\custom\map\maps\xen1.bsp
reading d:\juegos\steam\steamapps\common\garrysmod\garrysmod\custom\map\maps\xen1.prt
  50 portalclusters
  84 numportals
BasePortalVis:       0...1...2...3...4...5...6...7...8...9...10 (0)
Optimized: 0 visible clusters (0.00%)
Total clusters visible: 2402
Average clusters visible: 48
Building PAS...
Average clusters audible: 48
visdatasize:1096  compressed from 800
writing d:\juegos\steam\steamapps\common\garrysmod\garrysmod\custom\map\maps\xen1.bsp
0 seconds elapsed



[Reading texlights from 'lights.rad']
[51 texlights parsed from 'lights.rad']
Loading d:\juegos\steam\steamapps\common\garrysmod\garrysmod\custom\map\maps\xen1.bsp
Unable to load vertex data "models/props_foliage_new\xen_shrub_a.vvd"
Unable to load vertex data "models/props_foliage_new\xen_vines_b.vvd"
BuildFacelights:     0...1...2...3...4...5...6...7...8...9...10 (0)
BuildStaticPropPatchlights: 0...1...2...3...4...5...6...7...8...9...10 (0)
BuildVisLeafs:       0...1...2...3...4...5...6...7...8...9...10 (0)
transfers 2963, max 52
static prop patch transfers 0
GatherLight:         0...1...2...3...4...5...6...7...8...9...10 (0)
GatherLight:         0...1...2...3...4...5...6...7...8...9...10 (0)
Build Patch/Sample Hash Table(s).....Done<0.0020 sec>
FinalLightFace:      0...1...2...3...4...5...6...7...8...9...10 (0)
FinalLightFace Done
0 of 0 (0% of) surface lights went in leaf ambient cubes.
ThreadComputeLeafAmbient: 0...1...2...3...4...5...6...7...8...9...10 (6)
Writing leaf ambient...done
Ready to Finish

Object names       Objects/Maxobjs  Memory / Maxmem  Fullness 
------------       ---------------  ---------------  -------- 
models                   1/4096           48/196608   ( 0.0%) 
brushes                 12/65535         144/786420   ( 0.0%) 
brushsides              72/655350        576/5242800  ( 0.0%) 
planes                 162/65536        3240/1310720  ( 0.2%) 
vertexes               591/65536        7092/786432   ( 0.9%) 
nodes                  716/65536       22912/2097152  ( 1.1%) 
texinfos                29/16384        2088/1179648  ( 0.2%) 
texdata                  2/8192           64/262144   ( 0.0%) 
dispinfos               31/0            5456/0        ( 0.0%) 
disp_verts            2511/0           50220/0        ( 0.0%) 
disp_tris             3968/0            7936/0        ( 0.0%) 
disp_multiblend          0/0               0/0        ( 0.0%) 
disp_lmsamples      177360/0          177360/0        ( 0.0%) 
faces                  545/65536       30520/3670016  ( 0.8%) 
hdr faces                0/65536           0/3670016  ( 0.0%) 
origfaces               43/65536        2408/3670016  ( 0.1%) 
leaves                 718/65536       22976/2097152  ( 1.1%) 
leaffaces              514/65536        1028/131072   ( 0.8%) 
leafbrushes            535/65536        1070/131072   ( 0.8%) 
areas                    3/1024           24/8192     ( 0.3%) 
surfedges             2352/512000       9408/2048000  ( 0.5%) 
edges                 1213/256000       4852/1024000  ( 0.5%) 
LDR worldlights          2/8192          176/720896   ( 0.0%) 
HDR worldlights          0/8192            0/720896   ( 0.0%) 
leafwaterdata            0/32768           0/393216   ( 0.0%) 
waterstrips              0/32768           0/327680   ( 0.0%) 
waterverts               0/65536           0/786432   ( 0.0%) 
waterindices             0/65536           0/131072   ( 0.0%) 
cubemapsamples           0/1024            0/16384    ( 0.0%) 
overlays                 0/8192            0/2883584  ( 0.0%) 
LDR lightdata         [variable]      177484/0        ( 0.0%) 
HDR lightdata         [variable]           0/0        ( 0.0%) 
visdata               [variable]        1096/16777216 ( 0.0%) 
entdata               [variable]       14470/4194304  ( 0.3%) 
LDR ambient table      718/65536        2872/262144   ( 1.1%) 
HDR ambient table      718/65536        2872/262144   ( 1.1%) 
LDR leaf ambient       426/65536       11928/1835008  ( 0.7%) 
HDR leaf ambient       718/65536       20104/1835008  ( 1.1%) 
occluders                0/0               0/0        ( 0.0%) 
occluder polygons        0/0               0/0        ( 0.0%) 
occluder vert ind        0/0               0/0        ( 0.0%) 
detail props          [variable]          12/0        ( 0.0%) 
static props          [variable]        2726/0        ( 0.0%) 
static prop count       21/16384           0/0        ( 0.1%) 
pakfile               [variable]       70701/0        ( 0.0%) 
physics               [variable]        4384/4194304  ( 0.1%) 
physics terrain       [variable]       17283/1048576  ( 1.6%) 

Level flags = 0

Total triangle count: 1090
Writing d:\juegos\steam\steamapps\common\garrysmod\garrysmod\custom\map\maps\xen1.bsp
6 seconds elapsed




materialPath: D:\Juegos\Steam\steamapps\common\GarrysMod\garrysmod\materials
Loading d:\juegos\steam\steamapps\common\garrysmod\garrysmod\custom\map\maps\xen1.vmf
Patching WVT material: maps/xen1/xeno/c4a1a_swmpwlb_wvt_patch
fixing up env_cubemap materials on brush sides...
ProcessBlock_Thread: 0...1...2...3...4...5...6...7...8...9...10 (0)
ProcessBlock_Thread: 0...1...2...3...4...5...6...7...8...9...10 (0)
Processing areas...done (0)
Building Faces...done (0)
FixTjuncs...
PruneNodes...
WriteBSP...
done (0)
writing d:\juegos\steam\steamapps\common\garrysmod\garrysmod\custom\map\maps\xen1.prt...
Building visibility clusters...
done (0)
KeyValues Error: RecursiveLoadFromBuffer:  got EOF instead of keyname in file materials/skybox/xenspace5_skyup.vmt
UnlitGeneric, (*proxies*), (*Clamp*), 
KeyValues Error: RecursiveLoadFromBuffer:  got EOF instead of keyname in file materials/skybox/xenspace5_skyup.vmt
UnlitGeneric, (*proxies*), (*Clamp*), 
Creating default LDR cubemaps for env_cubemap using skybox materials:
   skybox/xenspace5_sky*.vmt
 ! Run buildcubemaps in the engine to get the correct cube maps.
Creating default HDR cubemaps for env_cubemap using skybox materials:
   skybox/xenspace5_sky*.vmt
 ! Run buildcubemaps in the engine to get the correct cube maps.
Finding displacement neighbors...
Finding lightmap sample positions...
Displacement Alpha : 0...1...2...3...4...5...6...7...8...9...10
Building Physics collision data...
WARNING: Map using power 4 displacements, terrain physics cannot be compressed, map will need additional memory and CPU.
done (0) (1891372 bytes)
Placing detail props : 0...1...2...3...4...5...6...7...8...9...10
Compacting texture/material tables...
Reduced 177 texinfos to 65
Reduced 3 texdatas to 2 (76 bytes to 37)
Writing d:\juegos\steam\steamapps\common\garrysmod\garrysmod\custom\map\maps\xen1.bsp
2 seconds elapsed



16 threads
reading d:\juegos\steam\steamapps\common\garrysmod\garrysmod\custom\map\maps\xen1.bsp
reading d:\juegos\steam\steamapps\common\garrysmod\garrysmod\custom\map\maps\xen1.prt
  64 portalclusters
 112 numportals
BasePortalVis:       0...1...2...3...4...5...6...7...8...9...10 (0)
Optimized: 0 visible clusters (0.00%)
Total clusters visible: 4096
Average clusters visible: 64
Building PAS...
Average clusters audible: 64
visdatasize:1540  compressed from 1024
writing d:\juegos\steam\steamapps\common\garrysmod\garrysmod\custom\map\maps\xen1.bsp
0 seconds elapsed



[Reading texlights from 'lights.rad']
[51 texlights parsed from 'lights.rad']
Loading d:\juegos\steam\steamapps\common\garrysmod\garrysmod\custom\map\maps\xen1.bsp
Unable to load vertex data "models/props_foliage_new\xen_shrub_a.vvd"
Unable to load vertex data "models/props_foliage_new\xen_shrub_b.vvd"
BuildFacelights:     0...1...2...3...4...5...6...7...8...9...10 (1)
BuildStaticPropPatchlights: 0...1...2...3...4...5...6...7...8...9...10 (0)
BuildVisLeafs:       0...1...2...3...4...5...6...7...8...9...10 (0)
transfers 15167, max 58
static prop patch transfers 0
GatherLight:         0...1...2...3...4...5...6...7...8...9...10 (0)
Build Patch/Sample Hash Table(s).....Done<0.0077 sec>
FinalLightFace:      0...1...2...3...4...5...6...7...8...9...10 (0)
FinalLightFace Done
0 of 0 (0% of) surface lights went in leaf ambient cubes.
ThreadComputeLeafAmbient: 0...1...2...3...4...5...6...7...8...9...10 (2)
Writing leaf ambient...done
Ready to Finish

Object names       Objects/Maxobjs  Memory / Maxmem  Fullness 
------------       ---------------  ---------------  -------- 
models                   1/4096           48/196608   ( 0.0%) 
brushes                  6/65535          72/786420   ( 0.0%) 
brushsides              36/655350        288/5242800  ( 0.0%) 
planes                 292/65536        5840/1310720  ( 0.4%) 
vertexes               279/65536        3348/786432   ( 0.4%) 
nodes                  247/65536        7904/2097152  ( 0.4%) 
texinfos                65/16384        4680/1179648  ( 0.4%) 
texdata                  2/8192           64/262144   ( 0.0%) 
dispinfos               74/0           13024/0        ( 0.0%) 
disp_verts            9738/0          194760/0        ( 0.0%) 
disp_tris            16384/0           32768/0        ( 0.0%) 
disp_multiblend          0/0               0/0        ( 0.0%) 
disp_lmsamples      731096/0          731096/0        ( 0.0%) 
faces                  234/65536       13104/3670016  ( 0.4%) 
hdr faces                0/65536           0/3670016  ( 0.0%) 
origfaces               80/65536        4480/3670016  ( 0.1%) 
leaves                 249/65536        7968/2097152  ( 0.4%) 
leaffaces              160/65536         320/131072   ( 0.2%) 
leafbrushes            160/65536         320/131072   ( 0.2%) 
areas                    2/1024           16/8192     ( 0.2%) 
surfedges             1256/512000       5024/2048000  ( 0.2%) 
edges                  669/256000       2676/1024000  ( 0.3%) 
LDR worldlights          0/8192            0/720896   ( 0.0%) 
HDR worldlights          0/8192            0/720896   ( 0.0%) 
leafwaterdata            0/32768           0/393216   ( 0.0%) 
waterstrips              0/32768           0/327680   ( 0.0%) 
waterverts               0/65536           0/786432   ( 0.0%) 
waterindices             0/65536           0/131072   ( 0.0%) 
cubemapsamples           0/1024            0/16384    ( 0.0%) 
overlays                 0/8192            0/2883584  ( 0.0%) 
LDR lightdata         [variable]      680932/0        ( 0.0%) 
HDR lightdata         [variable]           0/0        ( 0.0%) 
visdata               [variable]        1540/16777216 ( 0.0%) 
entdata               [variable]       21400/4194304  ( 0.5%) 
LDR ambient table      249/65536         996/262144   ( 0.4%) 
HDR ambient table      249/65536         996/262144   ( 0.4%) 
LDR leaf ambient        64/65536        1792/1835008  ( 0.1%) 
HDR leaf ambient       249/65536        6972/1835008  ( 0.4%) 
occluders                0/0               0/0        ( 0.0%) 
occluder polygons        0/0               0/0        ( 0.0%) 
occluder vert ind        0/0               0/0        ( 0.0%) 
detail props          [variable]          12/0        ( 0.0%) 
static props          [variable]        4308/0        ( 0.0%) 
static prop count       42/16384           0/0        ( 0.3%) 
pakfile               [variable]       70701/0        ( 0.0%) 
physics               [variable]     1891372/4194304  (45.1%) 
physics terrain       [variable]           0/1048576  ( 0.0%) 

Level flags = 0

Total triangle count: 468
Writing d:\juegos\steam\steamapps\common\garrysmod\garrysmod\custom\map\maps\xen1.bsp
4 seconds elapsed




materialPath: D:\Juegos\Steam\steamapps\common\GarrysMod\garrysmod\materials
Loading d:\juegos\steam\steamapps\common\garrysmod\garrysmod\custom\map\maps\xen1.vmf
Patching WVT material: maps/xen1/xeno/c4a1a_swmpwlb_wvt_patch
fixing up env_cubemap materials on brush sides...
ProcessBlock_Thread: 0...1...2...3...4...5...6...7...8...9...10 (0)
ProcessBlock_Thread: 0...1...2...3...4...5...6...7...8...9...10 (0)
Processing areas...done (0)
Building Faces...done (0)
FixTjuncs...
PruneNodes...
WriteBSP...
done (0)
writing d:\juegos\steam\steamapps\common\garrysmod\garrysmod\custom\map\maps\xen1.prt...
Building visibility clusters...
done (0)
KeyValues Error: RecursiveLoadFromBuffer:  got EOF instead of keyname in file materials/skybox/xenspace5_skyup.vmt
UnlitGeneric, (*proxies*), (*Clamp*), 
KeyValues Error: RecursiveLoadFromBuffer:  got EOF instead of keyname in file materials/skybox/xenspace5_skyup.vmt
UnlitGeneric, (*proxies*), (*Clamp*), 
Creating default LDR cubemaps for env_cubemap using skybox materials:
   skybox/xenspace5_sky*.vmt
 ! Run buildcubemaps in the engine to get the correct cube maps.
Creating default HDR cubemaps for env_cubemap using skybox materials:
   skybox/xenspace5_sky*.vmt
 ! Run buildcubemaps in the engine to get the correct cube maps.
Finding displacement neighbors...
Finding lightmap sample positions...
Displacement Alpha : 0...1...2...3...4...5...6...7...8...9...10
Building Physics collision data...
WARNING: Map using power 4 displacements, terrain physics cannot be compressed, map will need additional memory and CPU.
done (0) (1888076 bytes)
Error! To use model "models/props_cets_aliens/xen_small_mold_cluster_1.mdl" with prop_static, it must be compiled with $staticprop!
Error loading studio model STATIC "models/props_cets_aliens/xen_small_mold_cluster_1.mdl"!
Error! To use model "models/props_cets_aliens/xen_v2_danglies_floories.mdl" with prop_static, it must be compiled with $staticprop!
Error loading studio model STATIC "models/props_cets_aliens/xen_v2_danglies_floories.mdl"!
Placing detail props : 0...1...2...3...4...5...6...7...8...9...10
Compacting texture/material tables...
Reduced 173 texinfos to 65
Reduced 3 texdatas to 2 (76 bytes to 37)
Writing d:\juegos\steam\steamapps\common\garrysmod\garrysmod\custom\map\maps\xen1.bsp
1 second elapsed



16 threads
reading d:\juegos\steam\steamapps\common\garrysmod\garrysmod\custom\map\maps\xen1.bsp
reading d:\juegos\steam\steamapps\common\garrysmod\garrysmod\custom\map\maps\xen1.prt
  64 portalclusters
 112 numportals
BasePortalVis:       0...1...2...3...4...5...6...7...8...9...10 (0)
Optimized: 0 visible clusters (0.00%)
Total clusters visible: 4096
Average clusters visible: 64
Building PAS...
Average clusters audible: 64
visdatasize:1540  compressed from 1024
writing d:\juegos\steam\steamapps\common\garrysmod\garrysmod\custom\map\maps\xen1.bsp
0 seconds elapsed



[Reading texlights from 'lights.rad']
[51 texlights parsed from 'lights.rad']
Loading d:\juegos\steam\steamapps\common\garrysmod\garrysmod\custom\map\maps\xen1.bsp
Unable to load vertex data "models/props_foliage_new\xen_shrub_a.vvd"
Unable to load vertex data "models/props_foliage_new\xen_shrub_b.vvd"
BuildFacelights:     0...1...2...3...4...5...6...7...8...9...10 (1)
BuildStaticPropPatchlights: 0...1...2...3...4...5...6...7...8...9...10 (0)
BuildVisLeafs:       0...1...2...3...4...5...6...7...8...9...10 (0)
transfers 15467, max 66
static prop patch transfers 0
GatherLight:         0...1...2...3...4...5...6...7...8...9...10 (0)
GatherLight:         0...1...2...3...4...5...6...7...8...9...10 (0)
Build Patch/Sample Hash Table(s).....Done<0.0074 sec>
FinalLightFace:      0...1...2...3...4...5...6...7...8...9...10 (0)
FinalLightFace Done
0 of 0 (0% of) surface lights went in leaf ambient cubes.
ThreadComputeLeafAmbient: 0...1...2...3...4...5...6...7...8...9...10 (2)
Writing leaf ambient...done
Ready to Finish

Object names       Objects/Maxobjs  Memory / Maxmem  Fullness 
------------       ---------------  ---------------  -------- 
models                   1/4096           48/196608   ( 0.0%) 
brushes                  6/65535          72/786420   ( 0.0%) 
brushsides              36/655350        288/5242800  ( 0.0%) 
planes                 284/65536        5680/1310720  ( 0.4%) 
vertexes               279/65536        3348/786432   ( 0.4%) 
nodes                  247/65536        7904/2097152  ( 0.4%) 
texinfos                65/16384        4680/1179648  ( 0.4%) 
texdata                  2/8192           64/262144   ( 0.0%) 
dispinfos               74/0           13024/0        ( 0.0%) 
disp_verts            9738/0          194760/0        ( 0.0%) 
disp_tris            16384/0           32768/0        ( 0.0%) 
disp_multiblend          0/0               0/0        ( 0.0%) 
disp_lmsamples      724648/0          724648/0        ( 0.0%) 
faces                  234/65536       13104/3670016  ( 0.4%) 
hdr faces                0/65536           0/3670016  ( 0.0%) 
origfaces               80/65536        4480/3670016  ( 0.1%) 
leaves                 249/65536        7968/2097152  ( 0.4%) 
leaffaces              160/65536         320/131072   ( 0.2%) 
leafbrushes            160/65536         320/131072   ( 0.2%) 
areas                    2/1024           16/8192     ( 0.2%) 
surfedges             1256/512000       5024/2048000  ( 0.2%) 
edges                  669/256000       2676/1024000  ( 0.3%) 
LDR worldlights          2/8192          176/720896   ( 0.0%) 
HDR worldlights          0/8192            0/720896   ( 0.0%) 
leafwaterdata            0/32768           0/393216   ( 0.0%) 
waterstrips              0/32768           0/327680   ( 0.0%) 
waterverts               0/65536           0/786432   ( 0.0%) 
waterindices             0/65536           0/131072   ( 0.0%) 
cubemapsamples           0/1024            0/16384    ( 0.0%) 
overlays                 0/8192            0/2883584  ( 0.0%) 
LDR lightdata         [variable]      674484/0        ( 0.0%) 
HDR lightdata         [variable]           0/0        ( 0.0%) 
visdata               [variable]        1540/16777216 ( 0.0%) 
entdata               [variable]       22383/4194304  ( 0.5%) 
LDR ambient table      249/65536         996/262144   ( 0.4%) 
HDR ambient table      249/65536         996/262144   ( 0.4%) 
LDR leaf ambient       486/65536       13608/1835008  ( 0.7%) 
HDR leaf ambient       249/65536        6972/1835008  ( 0.4%) 
occluders                0/0               0/0        ( 0.0%) 
occluder polygons        0/0               0/0        ( 0.0%) 
occluder vert ind        0/0               0/0        ( 0.0%) 
detail props          [variable]          12/0        ( 0.0%) 
static props          [variable]        5036/0        ( 0.0%) 
static prop count       50/16384           0/0        ( 0.3%) 
pakfile               [variable]       70701/0        ( 0.0%) 
physics               [variable]     1888076/4194304  (45.0%) 
physics terrain       [variable]           0/1048576  ( 0.0%) 

Level flags = 0

Total triangle count: 468
Writing d:\juegos\steam\steamapps\common\garrysmod\garrysmod\custom\map\maps\xen1.bsp
3 seconds elapsed




materialPath: D:\Juegos\Steam\steamapps\common\GarrysMod\garrysmod\materials
Loading d:\juegos\steam\steamapps\common\garrysmod\garrysmod\custom\map\maps\xen1.vmf
Patching WVT material: maps/xen1/xeno/c4a1a_swmpwlb_wvt_patch
fixing up env_cubemap materials on brush sides...
ProcessBlock_Thread: 0...1...2...3...4...5...6...7...8...9...10 (0)
ProcessBlock_Thread: 0...1...2...3...4...5...6...7...8...9...10 (0)
Processing areas...done (0)
Building Faces...done (0)
FixTjuncs...
PruneNodes...
WriteBSP...
done (0)
writing d:\juegos\steam\steamapps\common\garrysmod\garrysmod\custom\map\maps\xen1.prt...
Building visibility clusters...
done (0)
KeyValues Error: RecursiveLoadFromBuffer:  got EOF instead of keyname in file materials/skybox/xenspace5_skyup.vmt
UnlitGeneric, (*proxies*), (*Clamp*), 
KeyValues Error: RecursiveLoadFromBuffer:  got EOF instead of keyname in file materials/skybox/xenspace5_skyup.vmt
UnlitGeneric, (*proxies*), (*Clamp*), 
Creating default LDR cubemaps for env_cubemap using skybox materials:
   skybox/xenspace5_sky*.vmt
 ! Run buildcubemaps in the engine to get the correct cube maps.
Creating default HDR cubemaps for env_cubemap using skybox materials:
   skybox/xenspace5_sky*.vmt
 ! Run buildcubemaps in the engine to get the correct cube maps.
Finding displacement neighbors...
Finding lightmap sample positions...
Displacement Alpha : 0...1...2...3...4...5...6...7...8...9...10
Building Physics collision data...
WARNING: Map using power 4 displacements, terrain physics cannot be compressed, map will need additional memory and CPU.
done (0) (1888076 bytes)
Error! To use model "models/props_cets_aliens/xen_v2_danglies_floories.mdl" with prop_static, it must be compiled with $staticprop!
Error loading studio model STATIC "models/props_cets_aliens/xen_v2_danglies_floories.mdl"!
Placing detail props : 0...1...2...3...4...5...6...7...8...9...10
Compacting texture/material tables...
Reduced 173 texinfos to 65
Reduced 3 texdatas to 2 (76 bytes to 37)
Writing d:\juegos\steam\steamapps\common\garrysmod\garrysmod\custom\map\maps\xen1.bsp
1 second elapsed



16 threads
reading d:\juegos\steam\steamapps\common\garrysmod\garrysmod\custom\map\maps\xen1.bsp
reading d:\juegos\steam\steamapps\common\garrysmod\garrysmod\custom\map\maps\xen1.prt
  64 portalclusters
 112 numportals
BasePortalVis:       0...1...2...3...4...5...6...7...8...9...10 (0)
Optimized: 0 visible clusters (0.00%)
Total clusters visible: 4096
Average clusters visible: 64
Building PAS...
Average clusters audible: 64
visdatasize:1540  compressed from 1024
writing d:\juegos\steam\steamapps\common\garrysmod\garrysmod\custom\map\maps\xen1.bsp
0 seconds elapsed



[Reading texlights from 'lights.rad']
[51 texlights parsed from 'lights.rad']
Loading d:\juegos\steam\steamapps\common\garrysmod\garrysmod\custom\map\maps\xen1.bsp
Unable to load vertex data "models/props_foliage_new\xen_shrub_a.vvd"
Unable to load vertex data "models/props_foliage_new\xen_shrub_b.vvd"
BuildFacelights:     0...1...2...3...4...5...6...7...8...9...10 (1)
BuildStaticPropPatchlights: 0...1...2...3...4...5...6...7...8...9...10 (0)
BuildVisLeafs:       0...1...2...3...4...5...6...7...8...9...10 (0)
transfers 15467, max 66
static prop patch transfers 0
GatherLight:         0...1...2...3...4...5...6...7...8...9...10 (0)
GatherLight:         0...1...2...3...4...5...6...7...8...9...10 (0)
Build Patch/Sample Hash Table(s).....Done<0.0075 sec>
FinalLightFace:      0...1...2...3...4...5...6...7...8...9...10 (0)
FinalLightFace Done
0 of 0 (0% of) surface lights went in leaf ambient cubes.
ThreadComputeLeafAmbient: 0...1...2...3...4...5...6...7...8...9...10 (2)
Writing leaf ambient...done
Ready to Finish

Object names       Objects/Maxobjs  Memory / Maxmem  Fullness 
------------       ---------------  ---------------  -------- 
models                   1/4096           48/196608   ( 0.0%) 
brushes                  6/65535          72/786420   ( 0.0%) 
brushsides              36/655350        288/5242800  ( 0.0%) 
planes                 284/65536        5680/1310720  ( 0.4%) 
vertexes               279/65536        3348/786432   ( 0.4%) 
nodes                  247/65536        7904/2097152  ( 0.4%) 
texinfos                65/16384        4680/1179648  ( 0.4%) 
texdata                  2/8192           64/262144   ( 0.0%) 
dispinfos               74/0           13024/0        ( 0.0%) 
disp_verts            9738/0          194760/0        ( 0.0%) 
disp_tris            16384/0           32768/0        ( 0.0%) 
disp_multiblend          0/0               0/0        ( 0.0%) 
disp_lmsamples      724648/0          724648/0        ( 0.0%) 
faces                  234/65536       13104/3670016  ( 0.4%) 
hdr faces                0/65536           0/3670016  ( 0.0%) 
origfaces               80/65536        4480/3670016  ( 0.1%) 
leaves                 249/65536        7968/2097152  ( 0.4%) 
leaffaces              160/65536         320/131072   ( 0.2%) 
leafbrushes            160/65536         320/131072   ( 0.2%) 
areas                    2/1024           16/8192     ( 0.2%) 
surfedges             1256/512000       5024/2048000  ( 0.2%) 
edges                  669/256000       2676/1024000  ( 0.3%) 
LDR worldlights          2/8192          176/720896   ( 0.0%) 
HDR worldlights          0/8192            0/720896   ( 0.0%) 
leafwaterdata            0/32768           0/393216   ( 0.0%) 
waterstrips              0/32768           0/327680   ( 0.0%) 
waterverts               0/65536           0/786432   ( 0.0%) 
waterindices             0/65536           0/131072   ( 0.0%) 
cubemapsamples           0/1024            0/16384    ( 0.0%) 
overlays                 0/8192            0/2883584  ( 0.0%) 
LDR lightdata         [variable]      674484/0        ( 0.0%) 
HDR lightdata         [variable]           0/0        ( 0.0%) 
visdata               [variable]        1540/16777216 ( 0.0%) 
entdata               [variable]       23103/4194304  ( 0.6%) 
LDR ambient table      249/65536         996/262144   ( 0.4%) 
HDR ambient table      249/65536         996/262144   ( 0.4%) 
LDR leaf ambient       481/65536       13468/1835008  ( 0.7%) 
HDR leaf ambient       249/65536        6972/1835008  ( 0.4%) 
occluders                0/0               0/0        ( 0.0%) 
occluder polygons        0/0               0/0        ( 0.0%) 
occluder vert ind        0/0               0/0        ( 0.0%) 
detail props          [variable]          12/0        ( 0.0%) 
static props          [variable]        5802/0        ( 0.0%) 
static prop count       60/16384           0/0        ( 0.4%) 
pakfile               [variable]       70701/0        ( 0.0%) 
physics               [variable]     1888076/4194304  (45.0%) 
physics terrain       [variable]           0/1048576  ( 0.0%) 

Level flags = 0

Total triangle count: 468
Writing d:\juegos\steam\steamapps\common\garrysmod\garrysmod\custom\map\maps\xen1.bsp
3 seconds elapsed




materialPath: D:\Juegos\Steam\steamapps\common\GarrysMod\garrysmod\materials
Loading d:\juegos\steam\steamapps\common\garrysmod\garrysmod\custom\map\maps\xen1.vmf
KeyValues Error: LoadFromBuffer: missing { in file materials/xeno/c4a1a_swmpwlb.vmt
(*WorldVertexTransition*), 
KeyValues Error: LoadFromBuffer: missing { in file materials/xeno/c4a1a_swmpwlb.vmt
(*WorldVertexTransition*), 
KeyValues Error: LoadFromBuffer: missing { in file materials/xeno/c4a1a_swmpwlb.vmt
(*WorldVertexTransition*), 
KeyValues Error: LoadFromBuffer: missing { in file materials/xeno/c4a1a_swmpwlb.vmt
(*Proxies*), (*TextureTransform*), 
KeyValues Error: LoadFromBuffer: missing { in file materials/xeno/c4a1a_swmpwlb.vmt
(*WorldVertexTransition*), 
KeyValues Error: LoadFromBuffer: missing { in file materials/xeno/c4a1a_swmpwlb.vmt
(*WorldVertexTransition*), 
KeyValues Error: LoadFromBuffer: missing { in file materials/xeno/c4a1a_swmpwlb.vmt
(*WorldVertexTransition*), 
KeyValues Error: LoadFromBuffer: missing { in file materials/xeno/c4a1a_swmpwlb.vmt
(*Proxies*), (*TextureTransform*), 
KeyValues Error: LoadFromBuffer: missing { in file materials/XENO/C4A1A_SWMPWLB.vmt
(*WorldVertexTransition*), 
KeyValues Error: LoadFromBuffer: missing { in file materials/XENO/C4A1A_SWMPWLB.vmt
(*WorldVertexTransition*), 
KeyValues Error: LoadFromBuffer: missing { in file materials/XENO/C4A1A_SWMPWLB.vmt
(*WorldVertexTransition*), 
KeyValues Error: LoadFromBuffer: missing { in file materials/XENO/C4A1A_SWMPWLB.vmt
(*Proxies*), (*TextureTransform*), 
Patching WVT material: maps/xen1/xeno/c4a1a_swmpwlb_wvt_patch
fixing up env_cubemap materials on brush sides...
KeyValues Error: LoadFromBuffer: missing { in file materials/XENO/C4A1A_SWMPWLB.vmt
(*WorldVertexTransition*), 
KeyValues Error: LoadFromBuffer: missing { in file materials/XENO/C4A1A_SWMPWLB.vmt
(*WorldVertexTransition*), 
KeyValues Error: LoadFromBuffer: missing { in file materials/XENO/C4A1A_SWMPWLB.vmt
(*WorldVertexTransition*), 
KeyValues Error: LoadFromBuffer: missing { in file materials/XENO/C4A1A_SWMPWLB.vmt
(*Proxies*), (*TextureTransform*), 
KeyValues Error: LoadFromBuffer: missing { in file materials/XENO/C4A1A_SWMPWLB.vmt
(*WorldVertexTransition*), 
KeyValues Error: LoadFromBuffer: missing { in file materials/XENO/C4A1A_SWMPWLB.vmt
(*WorldVertexTransition*), 
KeyValues Error: LoadFromBuffer: missing { in file materials/XENO/C4A1A_SWMPWLB.vmt
(*WorldVertexTransition*), 
KeyValues Error: LoadFromBuffer: missing { in file materials/XENO/C4A1A_SWMPWLB.vmt
(*Proxies*), (*TextureTransform*), 
KeyValues Error: LoadFromBuffer: missing { in file materials/XENO/C4A1A_SWMPWLB.vmt
(*WorldVertexTransition*), 
KeyValues Error: LoadFromBuffer: missing { in file materials/XENO/C4A1A_SWMPWLB.vmt
(*WorldVertexTransition*), 
KeyValues Error: LoadFromBuffer: missing { in file materials/XENO/C4A1A_SWMPWLB.vmt
(*WorldVertexTransition*), 
KeyValues Error: LoadFromBuffer: missing { in file materials/XENO/C4A1A_SWMPWLB.vmt
(*Proxies*), (*TextureTransform*), 
KeyValues Error: LoadFromBuffer: missing { in file materials/XENO/C4A1A_SWMPWLB.vmt
(*WorldVertexTransition*), 
KeyValues Error: LoadFromBuffer: missing { in file materials/XENO/C4A1A_SWMPWLB.vmt
(*WorldVertexTransition*), 
KeyValues Error: LoadFromBuffer: missing { in file materials/XENO/C4A1A_SWMPWLB.vmt
(*WorldVertexTransition*), 
KeyValues Error: LoadFromBuffer: missing { in file materials/XENO/C4A1A_SWMPWLB.vmt
(*Proxies*), (*TextureTransform*), 
ProcessBlock_Thread: 0...1...2...3...4...5...6...7...8...9...10 (0)
ProcessBlock_Thread: 0...1...2...3...4...5...6...7...8...9...10 (0)
Processing areas...done (0)
Building Faces...done (0)
FixTjuncs...
PruneNodes...
WriteBSP...
done (0)
writing d:\juegos\steam\steamapps\common\garrysmod\garrysmod\custom\map\maps\xen1.prt...
Building visibility clusters...
done (0)
KeyValues Error: RecursiveLoadFromBuffer:  got EOF instead of keyname in file materials/skybox/xenspace5_skyup.vmt
UnlitGeneric, (*proxies*), (*Clamp*), 
KeyValues Error: RecursiveLoadFromBuffer:  got EOF instead of keyname in file materials/skybox/xenspace5_skyup.vmt
UnlitGeneric, (*proxies*), (*Clamp*), 
Creating default LDR cubemaps for env_cubemap using skybox materials:
   skybox/xenspace5_sky*.vmt
 ! Run buildcubemaps in the engine to get the correct cube maps.
Creating default HDR cubemaps for env_cubemap using skybox materials:
   skybox/xenspace5_sky*.vmt
 ! Run buildcubemaps in the engine to get the correct cube maps.
Finding displacement neighbors...
Finding lightmap sample positions...
Displacement Alpha : 0...1...2...3...4...5...6...7...8...9...10
Building Physics collision data...
WARNING: Map using power 4 displacements, terrain physics cannot be compressed, map will need additional memory and CPU.
done (0) (1859484 bytes)
Placing detail props : 0...1...2...3...4...5...6...7...8...9...10
Compacting texture/material tables...
Reduced 174 texinfos to 63
Reduced 3 texdatas to 2 (76 bytes to 37)
Writing d:\juegos\steam\steamapps\common\garrysmod\garrysmod\custom\map\maps\xen1.bsp
1 second elapsed



16 threads
reading d:\juegos\steam\steamapps\common\garrysmod\garrysmod\custom\map\maps\xen1.bsp
reading d:\juegos\steam\steamapps\common\garrysmod\garrysmod\custom\map\maps\xen1.prt
  64 portalclusters
 112 numportals
BasePortalVis:       0...1...2...3...4...5...6...7...8...9...10 (0)
Optimized: 0 visible clusters (0.00%)
Total clusters visible: 4096
Average clusters visible: 64
Building PAS...
Average clusters audible: 64
visdatasize:1540  compressed from 1024
writing d:\juegos\steam\steamapps\common\garrysmod\garrysmod\custom\map\maps\xen1.bsp
0 seconds elapsed



[Reading texlights from 'lights.rad']
[51 texlights parsed from 'lights.rad']
Loading d:\juegos\steam\steamapps\common\garrysmod\garrysmod\custom\map\maps\xen1.bsp
Unable to load vertex data "models/props_foliage_new\xen_shrub_a.vvd"
Unable to load vertex data "models/props_foliage_new\xen_shrub_b.vvd"
BuildFacelights:     0...1...2...3...4...5...6...7...8...9...10 (1)
BuildStaticPropPatchlights: 0...1...2...3...4...5...6...7...8...9...10 (0)
BuildVisLeafs:       0...1...2...3...4...5...6...7...8...9...10 (0)
transfers 15377, max 66
static prop patch transfers 0
GatherLight:         0...1...2...3...4...5...6...7...8...9...10 (0)
GatherLight:         0...1...2...3...4...5...6...7...8...9...10 (0)
Build Patch/Sample Hash Table(s).....Done<0.0075 sec>
FinalLightFace:      0...1...2...3...4...5...6...7...8...9...10 (0)
FinalLightFace Done
0 of 0 (0% of) surface lights went in leaf ambient cubes.
ThreadComputeLeafAmbient: 0...1...2...3...4...5...6...7...8...9...10 (2)
Writing leaf ambient...done
Ready to Finish

Object names       Objects/Maxobjs  Memory / Maxmem  Fullness 
------------       ---------------  ---------------  -------- 
models                   1/4096           48/196608   ( 0.0%) 
brushes                  6/65535          72/786420   ( 0.0%) 
brushsides              36/655350        288/5242800  ( 0.0%) 
planes                 284/65536        5680/1310720  ( 0.4%) 
vertexes               279/65536        3348/786432   ( 0.4%) 
nodes                  247/65536        7904/2097152  ( 0.4%) 
texinfos                63/16384        4536/1179648  ( 0.4%) 
texdata                  2/8192           64/262144   ( 0.0%) 
dispinfos               72/0           12672/0        ( 0.0%) 
disp_verts            9576/0          191520/0        ( 0.0%) 
disp_tris            16128/0           32256/0        ( 0.0%) 
disp_multiblend          0/0               0/0        ( 0.0%) 
disp_lmsamples      724556/0          724556/0        ( 0.0%) 
faces                  232/65536       12992/3670016  ( 0.4%) 
hdr faces                0/65536           0/3670016  ( 0.0%) 
origfaces               78/65536        4368/3670016  ( 0.1%) 
leaves                 249/65536        7968/2097152  ( 0.4%) 
leaffaces              160/65536         320/131072   ( 0.2%) 
leafbrushes            160/65536         320/131072   ( 0.2%) 
areas                    2/1024           16/8192     ( 0.2%) 
surfedges             1240/512000       4960/2048000  ( 0.2%) 
edges                  667/256000       2668/1024000  ( 0.3%) 
LDR worldlights          2/8192          176/720896   ( 0.0%) 
HDR worldlights          0/8192            0/720896   ( 0.0%) 
leafwaterdata            0/32768           0/393216   ( 0.0%) 
waterstrips              0/32768           0/327680   ( 0.0%) 
waterverts               0/65536           0/786432   ( 0.0%) 
waterindices             0/65536           0/131072   ( 0.0%) 
cubemapsamples           0/1024            0/16384    ( 0.0%) 
overlays                 0/8192            0/2883584  ( 0.0%) 
LDR lightdata         [variable]      674384/0        ( 0.0%) 
HDR lightdata         [variable]           0/0        ( 0.0%) 
visdata               [variable]        1540/16777216 ( 0.0%) 
entdata               [variable]       24431/4194304  ( 0.6%) 
LDR ambient table      249/65536         996/262144   ( 0.4%) 
HDR ambient table      249/65536         996/262144   ( 0.4%) 
LDR leaf ambient       484/65536       13552/1835008  ( 0.7%) 
HDR leaf ambient       249/65536        6972/1835008  ( 0.4%) 
occluders                0/0               0/0        ( 0.0%) 
occluder polygons        0/0               0/0        ( 0.0%) 
occluder vert ind        0/0               0/0        ( 0.0%) 
detail props          [variable]          12/0        ( 0.0%) 
static props          [variable]        5876/0        ( 0.0%) 
static prop count       61/16384           0/0        ( 0.4%) 
pakfile               [variable]       70503/0        ( 0.0%) 
physics               [variable]     1859484/4194304  (44.3%) 
physics terrain       [variable]           0/1048576  ( 0.0%) 

Level flags = 0

Total triangle count: 464
Writing d:\juegos\steam\steamapps\common\garrysmod\garrysmod\custom\map\maps\xen1.bsp
3 seconds elapsed




materialPath: D:\Juegos\Steam\steamapps\common\GarrysMod\garrysmod\materials
Loading d:\juegos\steam\steamapps\common\garrysmod\garrysmod\addons\vjguardfixim_maps_src\maps\src\xen1.vmf
KeyValues Error: LoadFromBuffer: missing { in file materials/xeno/c4a1a_swmpwlb.vmt
(*WorldVertexTransition*), 
KeyValues Error: LoadFromBuffer: missing { in file materials/xeno/c4a1a_swmpwlb.vmt
(*WorldVertexTransition*), 
KeyValues Error: LoadFromBuffer: missing { in file materials/xeno/c4a1a_swmpwlb.vmt
(*WorldVertexTransition*), 
KeyValues Error: LoadFromBuffer: missing { in file materials/xeno/c4a1a_swmpwlb.vmt
(*Proxies*), (*TextureTransform*), 
KeyValues Error: LoadFromBuffer: missing { in file materials/xeno/c4a1a_swmpwlb.vmt
(*WorldVertexTransition*), 
KeyValues Error: LoadFromBuffer: missing { in file materials/xeno/c4a1a_swmpwlb.vmt
(*WorldVertexTransition*), 
KeyValues Error: LoadFromBuffer: missing { in file materials/xeno/c4a1a_swmpwlb.vmt
(*WorldVertexTransition*), 
KeyValues Error: LoadFromBuffer: missing { in file materials/xeno/c4a1a_swmpwlb.vmt
(*Proxies*), (*TextureTransform*), 
KeyValues Error: LoadFromBuffer: missing { in file materials/XENO/C4A1A_SWMPWLB.vmt
(*WorldVertexTransition*), 
KeyValues Error: LoadFromBuffer: missing { in file materials/XENO/C4A1A_SWMPWLB.vmt
(*WorldVertexTransition*), 
KeyValues Error: LoadFromBuffer: missing { in file materials/XENO/C4A1A_SWMPWLB.vmt
(*WorldVertexTransition*), 
KeyValues Error: LoadFromBuffer: missing { in file materials/XENO/C4A1A_SWMPWLB.vmt
(*Proxies*), (*TextureTransform*), 
Patching WVT material: maps/xen1/xeno/c4a1a_swmpwlb_wvt_patch
fixing up env_cubemap materials on brush sides...
KeyValues Error: LoadFromBuffer: missing { in file materials/XENO/C4A1A_SWMPWLB.vmt
(*WorldVertexTransition*), 
KeyValues Error: LoadFromBuffer: missing { in file materials/XENO/C4A1A_SWMPWLB.vmt
(*WorldVertexTransition*), 
KeyValues Error: LoadFromBuffer: missing { in file materials/XENO/C4A1A_SWMPWLB.vmt
(*WorldVertexTransition*), 
KeyValues Error: LoadFromBuffer: missing { in file materials/XENO/C4A1A_SWMPWLB.vmt
(*Proxies*), (*TextureTransform*), 
KeyValues Error: LoadFromBuffer: missing { in file materials/XENO/C4A1A_SWMPWLB.vmt
(*WorldVertexTransition*), 
KeyValues Error: LoadFromBuffer: missing { in file materials/XENO/C4A1A_SWMPWLB.vmt
(*WorldVertexTransition*), 
KeyValues Error: LoadFromBuffer: missing { in file materials/XENO/C4A1A_SWMPWLB.vmt
(*WorldVertexTransition*), 
KeyValues Error: LoadFromBuffer: missing { in file materials/XENO/C4A1A_SWMPWLB.vmt
(*Proxies*), (*TextureTransform*), 
KeyValues Error: LoadFromBuffer: missing { in file materials/XENO/C4A1A_SWMPWLB.vmt
(*WorldVertexTransition*), 
KeyValues Error: LoadFromBuffer: missing { in file materials/XENO/C4A1A_SWMPWLB.vmt
(*WorldVertexTransition*), 
KeyValues Error: LoadFromBuffer: missing { in file materials/XENO/C4A1A_SWMPWLB.vmt
(*WorldVertexTransition*), 
KeyValues Error: LoadFromBuffer: missing { in file materials/XENO/C4A1A_SWMPWLB.vmt
(*Proxies*), (*TextureTransform*), 
KeyValues Error: LoadFromBuffer: missing { in file materials/XENO/C4A1A_SWMPWLB.vmt
(*WorldVertexTransition*), 
KeyValues Error: LoadFromBuffer: missing { in file materials/XENO/C4A1A_SWMPWLB.vmt
(*WorldVertexTransition*), 
KeyValues Error: LoadFromBuffer: missing { in file materials/XENO/C4A1A_SWMPWLB.vmt
(*WorldVertexTransition*), 
KeyValues Error: LoadFromBuffer: missing { in file materials/XENO/C4A1A_SWMPWLB.vmt
(*Proxies*), (*TextureTransform*), 
ProcessBlock_Thread: 0...1...2...3...4...5...6...7...8...9...10 (0)
ProcessBlock_Thread: 0...1...2...3...4...5...6...7...8...9...10 (0)
Processing areas...done (0)
Building Faces...done (0)
FixTjuncs...
PruneNodes...
WriteBSP...
done (0)
writing d:\juegos\steam\steamapps\common\garrysmod\garrysmod\addons\vjguardfixim_maps_src\maps\src\xen1.prt...
Building visibility clusters...
done (0)
KeyValues Error: RecursiveLoadFromBuffer:  got EOF instead of keyname in file materials/skybox/xenspace5_skyup.vmt
UnlitGeneric, (*proxies*), (*Clamp*), 
KeyValues Error: RecursiveLoadFromBuffer:  got EOF instead of keyname in file materials/skybox/xenspace5_skyup.vmt
UnlitGeneric, (*proxies*), (*Clamp*), 
Creating default LDR cubemaps for env_cubemap using skybox materials:
   skybox/xenspace5_sky*.vmt
 ! Run buildcubemaps in the engine to get the correct cube maps.
Creating default HDR cubemaps for env_cubemap using skybox materials:
   skybox/xenspace5_sky*.vmt
 ! Run buildcubemaps in the engine to get the correct cube maps.
Finding displacement neighbors...
Finding lightmap sample positions...
Displacement Alpha : 0...1...2...3...4...5...6...7...8...9...10
Building Physics collision data...
WARNING: Map using power 4 displacements, terrain physics cannot be compressed, map will need additional memory and CPU.
done (0) (1946948 bytes)
Placing detail props : 0...1...2...3...4...5...6...7...8...9...10
Water found with no water_lod_control entity, creating a default one.
Compacting texture/material tables...
Reduced 211 texinfos to 81
Reduced 7 texdatas to 5 (158 bytes to 87)
Writing d:\juegos\steam\steamapps\common\garrysmod\garrysmod\addons\vjguardfixim_maps_src\maps\src\xen1.bsp
13 seconds elapsed



16 threads
reading d:\juegos\steam\steamapps\common\garrysmod\garrysmod\addons\vjguardfixim_maps_src\maps\src\xen1.bsp
reading d:\juegos\steam\steamapps\common\garrysmod\garrysmod\addons\vjguardfixim_maps_src\maps\src\xen1.prt
  74 portalclusters
 162 numportals
BasePortalVis:       0...1...2...3...4...5...6...7...8...9...10 (0)
Optimized: 0 visible clusters (0.00%)
Total clusters visible: 5476
Average clusters visible: 74
Building PAS...
Average clusters audible: 74
visdatasize:2076  compressed from 2368
writing d:\juegos\steam\steamapps\common\garrysmod\garrysmod\addons\vjguardfixim_maps_src\maps\src\xen1.bsp
0 seconds elapsed



[Reading texlights from 'lights.rad']
[51 texlights parsed from 'lights.rad']
Loading d:\juegos\steam\steamapps\common\garrysmod\garrysmod\addons\vjguardfixim_maps_src\maps\src\xen1.bsp
Unable to load vertex data "models/props_foliage_new\xen_shrub_a.vvd"
Unable to load vertex data "models/props_foliage_new\xen_shrub_b.vvd"
BuildFacelights:     0...1...2...3...4...5...6...7...8...9...10 (0)
BuildStaticPropPatchlights: 0...1...2...3...4...5...6...7...8...9...10 (0)
BuildVisLeafs:       0...1...2...3...4...5...6...7...8...9...10 (0)
transfers 16879, max 66
static prop patch transfers 0
GatherLight:         0...1...2...3...4...5...6...7...8...9...10 (0)
GatherLight:         0...1...2...3...4...5...6...7...8...9...10 (1)
Build Patch/Sample Hash Table(s).....Done<0.0075 sec>
FinalLightFace:      0...1...2...3...4...5...6...7...8...9...10 (0)
FinalLightFace Done
0 of 0 (0% of) surface lights went in leaf ambient cubes.
ThreadComputeLeafAmbient: 0...1...2...3...4...5...6...7...8...9...10 (2)
Writing leaf ambient...done
Ready to Finish

Object names       Objects/Maxobjs  Memory / Maxmem  Fullness 
------------       ---------------  ---------------  -------- 
models                   2/4096           96/196608   ( 0.0%) 
brushes                  8/65535          96/786420   ( 0.0%) 
brushsides              62/655350        496/5242800  ( 0.0%) 
planes                 354/65536        7080/1310720  ( 0.5%) 
vertexes               319/65536        3828/786432   ( 0.5%) 
nodes                  267/65536        8544/2097152  ( 0.4%) 
texinfos                81/16384        5832/1179648  ( 0.5%) 
texdata                  5/8192          160/262144   ( 0.1%) 
dispinfos               78/0           13728/0        ( 0.0%) 
disp_verts           10062/0          201240/0        ( 0.0%) 
disp_tris            16896/0           33792/0        ( 0.0%) 
disp_multiblend          0/0               0/0        ( 0.0%) 
disp_lmsamples      795308/0          795308/0        ( 0.0%) 
faces                  250/65536       14000/3670016  ( 0.4%) 
hdr faces                0/65536           0/3670016  ( 0.0%) 
origfaces               96/65536        5376/3670016  ( 0.1%) 
leaves                 270/65536        8640/2097152  ( 0.4%) 
leaffaces              172/65536         344/131072   ( 0.3%) 
leafbrushes            162/65536         324/131072   ( 0.2%) 
areas                    2/1024           16/8192     ( 0.2%) 
surfedges             1416/512000       5664/2048000  ( 0.3%) 
edges                  763/256000       3052/1024000  ( 0.3%) 
LDR worldlights          3/8192          264/720896   ( 0.0%) 
HDR worldlights          0/8192            0/720896   ( 0.0%) 
leafwaterdata            1/32768          12/393216   ( 0.0%) 
waterstrips              0/32768           0/327680   ( 0.0%) 
waterverts               0/65536           0/786432   ( 0.0%) 
waterindices             0/65536           0/131072   ( 0.0%) 
cubemapsamples           0/1024            0/16384    ( 0.0%) 
overlays                 0/8192            0/2883584  ( 0.0%) 
LDR lightdata         [variable]      754416/0        ( 0.0%) 
HDR lightdata         [variable]           0/0        ( 0.0%) 
visdata               [variable]        2076/16777216 ( 0.0%) 
entdata               [variable]       34670/4194304  ( 0.8%) 
LDR ambient table      270/65536        1080/262144   ( 0.4%) 
HDR ambient table      270/65536        1080/262144   ( 0.4%) 
LDR leaf ambient       635/65536       17780/1835008  ( 1.0%) 
HDR leaf ambient       270/65536        7560/1835008  ( 0.4%) 
occluders                0/0               0/0        ( 0.0%) 
occluder polygons        0/0               0/0        ( 0.0%) 
occluder vert ind        0/0               0/0        ( 0.0%) 
detail props          [variable]          12/0        ( 0.0%) 
static props          [variable]        7398/0        ( 0.0%) 
static prop count       72/16384           0/0        ( 0.4%) 
pakfile               [variable]       70768/0        ( 0.0%) 
physics               [variable]     1946948/4194304  (46.4%) 
physics terrain       [variable]           0/1048576  ( 0.0%) 

Level flags = 0

Total triangle count: 516
Writing d:\juegos\steam\steamapps\common\garrysmod\garrysmod\addons\vjguardfixim_maps_src\maps\src\xen1.bsp
4 seconds elapsed




materialPath: D:\Juegos\Steam\steamapps\common\GarrysMod\garrysmod\materials
Loading d:\juegos\steam\steamapps\common\garrysmod\garrysmod\addons\vjguardfixim_maps_src\maps\src\xen1.vmf
KeyValues Error: LoadFromBuffer: missing { in file materials/xeno/c4a1a_swmpwlb.vmt
(*WorldVertexTransition*), 
KeyValues Error: LoadFromBuffer: missing { in file materials/xeno/c4a1a_swmpwlb.vmt
(*WorldVertexTransition*), 
KeyValues Error: LoadFromBuffer: missing { in file materials/xeno/c4a1a_swmpwlb.vmt
(*WorldVertexTransition*), 
KeyValues Error: LoadFromBuffer: missing { in file materials/xeno/c4a1a_swmpwlb.vmt
(*Proxies*), (*TextureTransform*), 
KeyValues Error: LoadFromBuffer: missing { in file materials/xeno/c4a1a_swmpwlb.vmt
(*WorldVertexTransition*), 
KeyValues Error: LoadFromBuffer: missing { in file materials/xeno/c4a1a_swmpwlb.vmt
(*WorldVertexTransition*), 
KeyValues Error: LoadFromBuffer: missing { in file materials/xeno/c4a1a_swmpwlb.vmt
(*WorldVertexTransition*), 
KeyValues Error: LoadFromBuffer: missing { in file materials/xeno/c4a1a_swmpwlb.vmt
(*Proxies*), (*TextureTransform*), 
KeyValues Error: LoadFromBuffer: missing { in file materials/XENO/C4A1A_SWMPWLB.vmt
(*WorldVertexTransition*), 
KeyValues Error: LoadFromBuffer: missing { in file materials/XENO/C4A1A_SWMPWLB.vmt
(*WorldVertexTransition*), 
KeyValues Error: LoadFromBuffer: missing { in file materials/XENO/C4A1A_SWMPWLB.vmt
(*WorldVertexTransition*), 
KeyValues Error: LoadFromBuffer: missing { in file materials/XENO/C4A1A_SWMPWLB.vmt
(*Proxies*), (*TextureTransform*), 
Patching WVT material: maps/xen1/xeno/c4a1a_swmpwlb_wvt_patch
fixing up env_cubemap materials on brush sides...
KeyValues Error: LoadFromBuffer: missing { in file materials/XENO/C4A1A_SWMPWLB.vmt
(*WorldVertexTransition*), 
KeyValues Error: LoadFromBuffer: missing { in file materials/XENO/C4A1A_SWMPWLB.vmt
(*WorldVertexTransition*), 
KeyValues Error: LoadFromBuffer: missing { in file materials/XENO/C4A1A_SWMPWLB.vmt
(*WorldVertexTransition*), 
KeyValues Error: LoadFromBuffer: missing { in file materials/XENO/C4A1A_SWMPWLB.vmt
(*Proxies*), (*TextureTransform*), 
KeyValues Error: LoadFromBuffer: missing { in file materials/XENO/C4A1A_SWMPWLB.vmt
(*WorldVertexTransition*), 
KeyValues Error: LoadFromBuffer: missing { in file materials/XENO/C4A1A_SWMPWLB.vmt
(*WorldVertexTransition*), 
KeyValues Error: LoadFromBuffer: missing { in file materials/XENO/C4A1A_SWMPWLB.vmt
(*WorldVertexTransition*), 
KeyValues Error: LoadFromBuffer: missing { in file materials/XENO/C4A1A_SWMPWLB.vmt
(*Proxies*), (*TextureTransform*), 
KeyValues Error: LoadFromBuffer: missing { in file materials/XENO/C4A1A_SWMPWLB.vmt
(*WorldVertexTransition*), 
KeyValues Error: LoadFromBuffer: missing { in file materials/XENO/C4A1A_SWMPWLB.vmt
(*WorldVertexTransition*), 
KeyValues Error: LoadFromBuffer: missing { in file materials/XENO/C4A1A_SWMPWLB.vmt
(*WorldVertexTransition*), 
KeyValues Error: LoadFromBuffer: missing { in file materials/XENO/C4A1A_SWMPWLB.vmt
(*Proxies*), (*TextureTransform*), 
KeyValues Error: LoadFromBuffer: missing { in file materials/XENO/C4A1A_SWMPWLB.vmt
(*WorldVertexTransition*), 
KeyValues Error: LoadFromBuffer: missing { in file materials/XENO/C4A1A_SWMPWLB.vmt
(*WorldVertexTransition*), 
KeyValues Error: LoadFromBuffer: missing { in file materials/XENO/C4A1A_SWMPWLB.vmt
(*WorldVertexTransition*), 
KeyValues Error: LoadFromBuffer: missing { in file materials/XENO/C4A1A_SWMPWLB.vmt
(*Proxies*), (*TextureTransform*), 
ProcessBlock_Thread: 0...1...2...3...4...5...6...7...8...9...10 (0)
ProcessBlock_Thread: 0...1...2...3...4...5...6...7...8...9...10 (0)
Processing areas...done (0)
Building Faces...done (0)
FixTjuncs...
PruneNodes...
WriteBSP...
done (0)
writing d:\juegos\steam\steamapps\common\garrysmod\garrysmod\addons\vjguardfixim_maps_src\maps\src\xen1.prt...
Building visibility clusters...
done (0)
KeyValues Error: RecursiveLoadFromBuffer:  got EOF instead of keyname in file materials/skybox/xenspace5_skyup.vmt
UnlitGeneric, (*proxies*), (*Clamp*), 
KeyValues Error: RecursiveLoadFromBuffer:  got EOF instead of keyname in file materials/skybox/xenspace5_skyup.vmt
UnlitGeneric, (*proxies*), (*Clamp*), 
Creating default LDR cubemaps for env_cubemap using skybox materials:
   skybox/xenspace5_sky*.vmt
 ! Run buildcubemaps in the engine to get the correct cube maps.
Creating default HDR cubemaps for env_cubemap using skybox materials:
   skybox/xenspace5_sky*.vmt
 ! Run buildcubemaps in the engine to get the correct cube maps.
Finding displacement neighbors...
Finding lightmap sample positions...
Displacement Alpha : 0...1...2...3...4...5...6...7...8...9...10
Building Physics collision data...
WARNING: Map using power 4 displacements, terrain physics cannot be compressed, map will need additional memory and CPU.
done (0) (1946948 bytes)
Placing detail props : 0...1...2...3...4...5...6...7...8...9...10
Water found with no water_lod_control entity, creating a default one.
Compacting texture/material tables...
Reduced 211 texinfos to 81
Reduced 7 texdatas to 5 (158 bytes to 87)
Writing d:\juegos\steam\steamapps\common\garrysmod\garrysmod\addons\vjguardfixim_maps_src\maps\src\xen1.bsp
1 second elapsed



16 threads
reading d:\juegos\steam\steamapps\common\garrysmod\garrysmod\addons\vjguardfixim_maps_src\maps\src\xen1.bsp
reading d:\juegos\steam\steamapps\common\garrysmod\garrysmod\addons\vjguardfixim_maps_src\maps\src\xen1.prt
  74 portalclusters
 162 numportals
BasePortalVis:       0...1...2...3...4...5...6...7...8...9...10 (0)
Optimized: 0 visible clusters (0.00%)
Total clusters visible: 5476
Average clusters visible: 74
Building PAS...
Average clusters audible: 74
visdatasize:2076  compressed from 2368
writing d:\juegos\steam\steamapps\common\garrysmod\garrysmod\addons\vjguardfixim_maps_src\maps\src\xen1.bsp
0 seconds elapsed



[Reading texlights from 'lights.rad']
[51 texlights parsed from 'lights.rad']
Loading d:\juegos\steam\steamapps\common\garrysmod\garrysmod\addons\vjguardfixim_maps_src\maps\src\xen1.bsp
Unable to load vertex data "models/props_foliage_new\xen_shrub_a.vvd"
Unable to load vertex data "models/props_foliage_new\xen_shrub_b.vvd"
BuildFacelights:     0...1...2...3...4...5...6...7...8...9...10 (1)
BuildStaticPropPatchlights: 0...1...2...3...4...5...6...7...8...9...10 (0)
BuildVisLeafs:       0...1...2...3...4...5...6...7...8...9...10 (0)
transfers 16879, max 66
static prop patch transfers 0
GatherLight:         0...1...2...3...4...5...6...7...8...9...10 (0)
GatherLight:         0...1...2...3...4...5...6...7...8...9...10 (0)
Build Patch/Sample Hash Table(s).....Done<0.0089 sec>
FinalLightFace:      0...1...2...3...4...5...6...7...8...9...10 (1)
FinalLightFace Done
0 of 0 (0% of) surface lights went in leaf ambient cubes.
ThreadComputeLeafAmbient: 0...1...2...3...4...5...6...7...8...9...10 (1)
Writing leaf ambient...done
Ready to Finish

Object names       Objects/Maxobjs  Memory / Maxmem  Fullness 
------------       ---------------  ---------------  -------- 
models                   2/4096           96/196608   ( 0.0%) 
brushes                  8/65535          96/786420   ( 0.0%) 
brushsides              62/655350        496/5242800  ( 0.0%) 
planes                 354/65536        7080/1310720  ( 0.5%) 
vertexes               319/65536        3828/786432   ( 0.5%) 
nodes                  267/65536        8544/2097152  ( 0.4%) 
texinfos                81/16384        5832/1179648  ( 0.5%) 
texdata                  5/8192          160/262144   ( 0.1%) 
dispinfos               78/0           13728/0        ( 0.0%) 
disp_verts           10062/0          201240/0        ( 0.0%) 
disp_tris            16896/0           33792/0        ( 0.0%) 
disp_multiblend          0/0               0/0        ( 0.0%) 
disp_lmsamples      795308/0          795308/0        ( 0.0%) 
faces                  250/65536       14000/3670016  ( 0.4%) 
hdr faces                0/65536           0/3670016  ( 0.0%) 
origfaces               96/65536        5376/3670016  ( 0.1%) 
leaves                 270/65536        8640/2097152  ( 0.4%) 
leaffaces              172/65536         344/131072   ( 0.3%) 
leafbrushes            162/65536         324/131072   ( 0.2%) 
areas                    2/1024           16/8192     ( 0.2%) 
surfedges             1416/512000       5664/2048000  ( 0.3%) 
edges                  763/256000       3052/1024000  ( 0.3%) 
LDR worldlights          3/8192          264/720896   ( 0.0%) 
HDR worldlights          0/8192            0/720896   ( 0.0%) 
leafwaterdata            1/32768          12/393216   ( 0.0%) 
waterstrips              0/32768           0/327680   ( 0.0%) 
waterverts               0/65536           0/786432   ( 0.0%) 
waterindices             0/65536           0/131072   ( 0.0%) 
cubemapsamples           0/1024            0/16384    ( 0.0%) 
overlays                 0/8192            0/2883584  ( 0.0%) 
LDR lightdata         [variable]      754416/0        ( 0.0%) 
HDR lightdata         [variable]           0/0        ( 0.0%) 
visdata               [variable]        2076/16777216 ( 0.0%) 
entdata               [variable]       34670/4194304  ( 0.8%) 
LDR ambient table      270/65536        1080/262144   ( 0.4%) 
HDR ambient table      270/65536        1080/262144   ( 0.4%) 
LDR leaf ambient       635/65536       17780/1835008  ( 1.0%) 
HDR leaf ambient       270/65536        7560/1835008  ( 0.4%) 
occluders                0/0               0/0        ( 0.0%) 
occluder polygons        0/0               0/0        ( 0.0%) 
occluder vert ind        0/0               0/0        ( 0.0%) 
detail props          [variable]          12/0        ( 0.0%) 
static props          [variable]        7398/0        ( 0.0%) 
static prop count       72/16384           0/0        ( 0.4%) 
pakfile               [variable]       70768/0        ( 0.0%) 
physics               [variable]     1946948/4194304  (46.4%) 
physics terrain       [variable]           0/1048576  ( 0.0%) 

Level flags = 0

Total triangle count: 516
Writing d:\juegos\steam\steamapps\common\garrysmod\garrysmod\addons\vjguardfixim_maps_src\maps\src\xen1.bsp
4 seconds elapsed




materialPath: D:\Juegos\Steam\steamapps\common\GarrysMod\garrysmod\materials
Loading d:\juegos\steam\steamapps\common\garrysmod\garrysmod\addons\vjguardfixim_maps_src\maps\src\xen1.vmf
KeyValues Error: LoadFromBuffer: missing { in file materials/xeno/c4a1a_swmpwlb.vmt
(*WorldVertexTransition*), 
KeyValues Error: LoadFromBuffer: missing { in file materials/xeno/c4a1a_swmpwlb.vmt
(*WorldVertexTransition*), 
KeyValues Error: LoadFromBuffer: missing { in file materials/xeno/c4a1a_swmpwlb.vmt
(*WorldVertexTransition*), 
KeyValues Error: LoadFromBuffer: missing { in file materials/xeno/c4a1a_swmpwlb.vmt
(*Proxies*), (*TextureTransform*), 
KeyValues Error: LoadFromBuffer: missing { in file materials/xeno/c4a1a_swmpwlb.vmt
(*WorldVertexTransition*), 
KeyValues Error: LoadFromBuffer: missing { in file materials/xeno/c4a1a_swmpwlb.vmt
(*WorldVertexTransition*), 
KeyValues Error: LoadFromBuffer: missing { in file materials/xeno/c4a1a_swmpwlb.vmt
(*WorldVertexTransition*), 
KeyValues Error: LoadFromBuffer: missing { in file materials/xeno/c4a1a_swmpwlb.vmt
(*Proxies*), (*TextureTransform*), 
KeyValues Error: LoadFromBuffer: missing { in file materials/XENO/C4A1A_SWMPWLB.vmt
(*WorldVertexTransition*), 
KeyValues Error: LoadFromBuffer: missing { in file materials/XENO/C4A1A_SWMPWLB.vmt
(*WorldVertexTransition*), 
KeyValues Error: LoadFromBuffer: missing { in file materials/XENO/C4A1A_SWMPWLB.vmt
(*WorldVertexTransition*), 
KeyValues Error: LoadFromBuffer: missing { in file materials/XENO/C4A1A_SWMPWLB.vmt
(*Proxies*), (*TextureTransform*), 
Patching WVT material: maps/xen1/xeno/c4a1a_swmpwlb_wvt_patch
fixing up env_cubemap materials on brush sides...
KeyValues Error: LoadFromBuffer: missing { in file materials/XENO/C4A1A_SWMPWLB.vmt
(*WorldVertexTransition*), 
KeyValues Error: LoadFromBuffer: missing { in file materials/XENO/C4A1A_SWMPWLB.vmt
(*WorldVertexTransition*), 
KeyValues Error: LoadFromBuffer: missing { in file materials/XENO/C4A1A_SWMPWLB.vmt
(*WorldVertexTransition*), 
KeyValues Error: LoadFromBuffer: missing { in file materials/XENO/C4A1A_SWMPWLB.vmt
(*Proxies*), (*TextureTransform*), 
KeyValues Error: LoadFromBuffer: missing { in file materials/XENO/C4A1A_SWMPWLB.vmt
(*WorldVertexTransition*), 
KeyValues Error: LoadFromBuffer: missing { in file materials/XENO/C4A1A_SWMPWLB.vmt
(*WorldVertexTransition*), 
KeyValues Error: LoadFromBuffer: missing { in file materials/XENO/C4A1A_SWMPWLB.vmt
(*WorldVertexTransition*), 
KeyValues Error: LoadFromBuffer: missing { in file materials/XENO/C4A1A_SWMPWLB.vmt
(*Proxies*), (*TextureTransform*), 
KeyValues Error: LoadFromBuffer: missing { in file materials/XENO/C4A1A_SWMPWLB.vmt
(*WorldVertexTransition*), 
KeyValues Error: LoadFromBuffer: missing { in file materials/XENO/C4A1A_SWMPWLB.vmt
(*WorldVertexTransition*), 
KeyValues Error: LoadFromBuffer: missing { in file materials/XENO/C4A1A_SWMPWLB.vmt
(*WorldVertexTransition*), 
KeyValues Error: LoadFromBuffer: missing { in file materials/XENO/C4A1A_SWMPWLB.vmt
(*Proxies*), (*TextureTransform*), 
KeyValues Error: LoadFromBuffer: missing { in file materials/XENO/C4A1A_SWMPWLB.vmt
(*WorldVertexTransition*), 
KeyValues Error: LoadFromBuffer: missing { in file materials/XENO/C4A1A_SWMPWLB.vmt
(*WorldVertexTransition*), 
KeyValues Error: LoadFromBuffer: missing { in file materials/XENO/C4A1A_SWMPWLB.vmt
(*WorldVertexTransition*), 
KeyValues Error: LoadFromBuffer: missing { in file materials/XENO/C4A1A_SWMPWLB.vmt
(*Proxies*), (*TextureTransform*), 
ProcessBlock_Thread: 0...1...2...3...4...5...6...7...8...9...10 (0)
ProcessBlock_Thread: 0...1...2...3...4...5...6...7...8...9...10 (0)
Processing areas...done (0)
Building Faces...done (0)
FixTjuncs...
PruneNodes...
WriteBSP...
done (0)
writing d:\juegos\steam\steamapps\common\garrysmod\garrysmod\addons\vjguardfixim_maps_src\maps\src\xen1.prt...
Building visibility clusters...
done (0)
KeyValues Error: RecursiveLoadFromBuffer:  got EOF instead of keyname in file materials/skybox/xenspace5_skyup.vmt
UnlitGeneric, (*proxies*), (*Clamp*), 
KeyValues Error: RecursiveLoadFromBuffer:  got EOF instead of keyname in file materials/skybox/xenspace5_skyup.vmt
UnlitGeneric, (*proxies*), (*Clamp*), 
Creating default LDR cubemaps for env_cubemap using skybox materials:
   skybox/xenspace5_sky*.vmt
 ! Run buildcubemaps in the engine to get the correct cube maps.
Creating default HDR cubemaps for env_cubemap using skybox materials:
   skybox/xenspace5_sky*.vmt
 ! Run buildcubemaps in the engine to get the correct cube maps.
Finding displacement neighbors...
Finding lightmap sample positions...
Displacement Alpha : 0...1...2...3...4...5...6...7...8...9...10
Building Physics collision data...
WARNING: Map using power 4 displacements, terrain physics cannot be compressed, map will need additional memory and CPU.
done (1) (1948017 bytes)
Placing detail props : 0...1...2...3...4...5...6...7...8...9...10
Water found with no water_lod_control entity, creating a default one.
Compacting texture/material tables...
Reduced 225 texinfos to 87
Reduced 7 texdatas to 5 (158 bytes to 87)
Writing d:\juegos\steam\steamapps\common\garrysmod\garrysmod\addons\vjguardfixim_maps_src\maps\src\xen1.bsp
8 seconds elapsed



16 threads
reading d:\juegos\steam\steamapps\common\garrysmod\garrysmod\addons\vjguardfixim_maps_src\maps\src\xen1.bsp
reading d:\juegos\steam\steamapps\common\garrysmod\garrysmod\addons\vjguardfixim_maps_src\maps\src\xen1.prt
  74 portalclusters
 162 numportals
BasePortalVis:       0...1...2...3...4...5...6...7...8...9...10 (0)
Optimized: 0 visible clusters (0.00%)
Total clusters visible: 5476
Average clusters visible: 74
Building PAS...
Average clusters audible: 74
visdatasize:2076  compressed from 2368
writing d:\juegos\steam\steamapps\common\garrysmod\garrysmod\addons\vjguardfixim_maps_src\maps\src\xen1.bsp
0 seconds elapsed



[Reading texlights from 'lights.rad']
[51 texlights parsed from 'lights.rad']
Loading d:\juegos\steam\steamapps\common\garrysmod\garrysmod\addons\vjguardfixim_maps_src\maps\src\xen1.bsp
Unable to load vertex data "models/props_foliage_new\xen_shrub_a.vvd"
Unable to load vertex data "models/props_foliage_new\xen_shrub_b.vvd"
BuildFacelights:     0...1...2...3...4...5...6...7...8...9...10 (1)
BuildStaticPropPatchlights: 0...1...2...3...4...5...6...7...8...9...10 (0)
BuildVisLeafs:       0...1...2...3...4...5...6...7...8...9...10 (0)
transfers 17535, max 66
static prop patch transfers 0
GatherLight:         0...1...2...3...4...5...6...7...8...9...10 (0)
GatherLight:         0...1...2...3...4...5...6...7...8...9...10 (0)
Build Patch/Sample Hash Table(s).....Done<0.0086 sec>
FinalLightFace:      0...1...2...3...4...5...6...7...8...9...10 (1)
FinalLightFace Done
0 of 0 (0% of) surface lights went in leaf ambient cubes.
ThreadComputeLeafAmbient: 0...1...2...3...4...5...6...7...8...9...10 (2)
Writing leaf ambient...done
Ready to Finish

Object names       Objects/Maxobjs  Memory / Maxmem  Fullness 
------------       ---------------  ---------------  -------- 
models                   3/4096          144/196608   ( 0.1%) 
brushes                  9/65535         108/786420   ( 0.0%) 
brushsides              68/655350        544/5242800  ( 0.0%) 
planes                 378/65536        7560/1310720  ( 0.6%) 
vertexes               327/65536        3924/786432   ( 0.5%) 
nodes                  273/65536        8736/2097152  ( 0.4%) 
texinfos                87/16384        6264/1179648  ( 0.5%) 
texdata                  5/8192          160/262144   ( 0.1%) 
dispinfos               78/0           13728/0        ( 0.0%) 
disp_verts           10062/0          201240/0        ( 0.0%) 
disp_tris            16896/0           33792/0        ( 0.0%) 
disp_multiblend          0/0               0/0        ( 0.0%) 
disp_lmsamples      795308/0          795308/0        ( 0.0%) 
faces                  256/65536       14336/3670016  ( 0.4%) 
hdr faces                0/65536           0/3670016  ( 0.0%) 
origfaces              102/65536        5712/3670016  ( 0.2%) 
leaves                 277/65536        8864/2097152  ( 0.4%) 
leaffaces              178/65536         356/131072   ( 0.3%) 
leafbrushes            163/65536         326/131072   ( 0.2%) 
areas                    2/1024           16/8192     ( 0.2%) 
surfedges             1464/512000       5856/2048000  ( 0.3%) 
edges                  787/256000       3148/1024000  ( 0.3%) 
LDR worldlights          3/8192          264/720896   ( 0.0%) 
HDR worldlights          0/8192            0/720896   ( 0.0%) 
leafwaterdata            1/32768          12/393216   ( 0.0%) 
waterstrips              0/32768           0/327680   ( 0.0%) 
waterverts               0/65536           0/786432   ( 0.0%) 
waterindices             0/65536           0/131072   ( 0.0%) 
cubemapsamples           0/1024            0/16384    ( 0.0%) 
overlays                 0/8192            0/2883584  ( 0.0%) 
LDR lightdata         [variable]      754416/0        ( 0.0%) 
HDR lightdata         [variable]           0/0        ( 0.0%) 
visdata               [variable]        2076/16777216 ( 0.0%) 
entdata               [variable]       34864/4194304  ( 0.8%) 
LDR ambient table      277/65536        1108/262144   ( 0.4%) 
HDR ambient table      277/65536        1108/262144   ( 0.4%) 
LDR leaf ambient       680/65536       19040/1835008  ( 1.0%) 
HDR leaf ambient       277/65536        7756/1835008  ( 0.4%) 
occluders                0/0               0/0        ( 0.0%) 
occluder polygons        0/0               0/0        ( 0.0%) 
occluder vert ind        0/0               0/0        ( 0.0%) 
detail props          [variable]          12/0        ( 0.0%) 
static props          [variable]        7408/0        ( 0.0%) 
static prop count       72/16384           0/0        ( 0.4%) 
pakfile               [variable]       70768/0        ( 0.0%) 
physics               [variable]     1948017/4194304  (46.4%) 
physics terrain       [variable]           0/1048576  ( 0.0%) 

Level flags = 0

Total triangle count: 528
Writing d:\juegos\steam\steamapps\common\garrysmod\garrysmod\addons\vjguardfixim_maps_src\maps\src\xen1.bsp
4 seconds elapsed




materialPath: D:\Juegos\Steam\steamapps\common\GarrysMod\garrysmod\materials
Loading d:\juegos\steam\steamapps\common\garrysmod\garrysmod\addons\vjguardfixim_maps_src\maps\src\xen1.vmf
Patching WVT material: maps/xen1/xeno/c4a1a_swmpwlb_wvt_patch
fixing up env_cubemap materials on brush sides...
ProcessBlock_Thread: 0...1...2...3...4...5...6...7...8...9...10 (0)
ProcessBlock_Thread: 0...1...2...3...4...5...6...7...8...9...10 (0)
Processing areas...done (0)
Building Faces...done (0)
FixTjuncs...
PruneNodes...
WriteBSP...
done (0)
writing d:\juegos\steam\steamapps\common\garrysmod\garrysmod\addons\vjguardfixim_maps_src\maps\src\xen1.prt...
Building visibility clusters...
done (0)
KeyValues Error: RecursiveLoadFromBuffer:  got EOF instead of keyname in file materials/skybox/xenspace5_skyup.vmt
UnlitGeneric, (*proxies*), (*Clamp*), 
KeyValues Error: RecursiveLoadFromBuffer:  got EOF instead of keyname in file materials/skybox/xenspace5_skyup.vmt
UnlitGeneric, (*proxies*), (*Clamp*), 
Creating default LDR cubemaps for env_cubemap using skybox materials:
   skybox/xenspace5_sky*.vmt
 ! Run buildcubemaps in the engine to get the correct cube maps.
Creating default HDR cubemaps for env_cubemap using skybox materials:
   skybox/xenspace5_sky*.vmt
 ! Run buildcubemaps in the engine to get the correct cube maps.
Finding displacement neighbors...
Finding lightmap sample positions...
Displacement Alpha : 0...1...2...3...4...5...6...7...8...9...10
Building Physics collision data...
WARNING: Map using power 4 displacements, terrain physics cannot be compressed, map will need additional memory and CPU.
done (0) (1948015 bytes)
Placing detail props : 0...1...2...3...4...5...6...7...8...9...10
Water found with no water_lod_control entity, creating a default one.
Compacting texture/material tables...
Reduced 223 texinfos to 87
Reduced 7 texdatas to 5 (158 bytes to 87)
Writing d:\juegos\steam\steamapps\common\garrysmod\garrysmod\addons\vjguardfixim_maps_src\maps\src\xen1.bsp
1 second elapsed



16 threads
reading d:\juegos\steam\steamapps\common\garrysmod\garrysmod\addons\vjguardfixim_maps_src\maps\src\xen1.bsp
reading d:\juegos\steam\steamapps\common\garrysmod\garrysmod\addons\vjguardfixim_maps_src\maps\src\xen1.prt
  74 portalclusters
 162 numportals
BasePortalVis:       0...1...2...3...4...5...6...7...8...9...10 (0)
Optimized: 0 visible clusters (0.00%)
Total clusters visible: 5476
Average clusters visible: 74
Building PAS...
Average clusters audible: 74
visdatasize:2076  compressed from 2368
writing d:\juegos\steam\steamapps\common\garrysmod\garrysmod\addons\vjguardfixim_maps_src\maps\src\xen1.bsp
0 seconds elapsed



[Reading texlights from 'lights.rad']
[51 texlights parsed from 'lights.rad']
Loading d:\juegos\steam\steamapps\common\garrysmod\garrysmod\addons\vjguardfixim_maps_src\maps\src\xen1.bsp
Unable to load vertex data "models/props_foliage_new\xen_shrub_a.vvd"
Unable to load vertex data "models/props_foliage_new\xen_shrub_b.vvd"
BuildFacelights:     0...1...2...3...4...5...6...7...8...9...10 (1)
BuildStaticPropPatchlights: 0...1...2...3...4...5...6...7...8...9...10 (0)
BuildVisLeafs:       0...1...2...3...4...5...6...7...8...9...10 (0)
transfers 17535, max 66
static prop patch transfers 0
GatherLight:         0...1...2...3...4...5...6...7...8...9...10 (0)
GatherLight:         0...1...2...3...4...5...6...7...8...9...10 (0)
Build Patch/Sample Hash Table(s).....Done<0.0085 sec>
FinalLightFace:      0...1...2...3...4...5...6...7...8...9...10 (1)
FinalLightFace Done
0 of 0 (0% of) surface lights went in leaf ambient cubes.
ThreadComputeLeafAmbient: 0...1...2...3...4...5...6...7...8...9...10 (2)
Writing leaf ambient...done
Ready to Finish

Object names       Objects/Maxobjs  Memory / Maxmem  Fullness 
------------       ---------------  ---------------  -------- 
models                   3/4096          144/196608   ( 0.1%) 
brushes                  9/65535         108/786420   ( 0.0%) 
brushsides              68/655350        544/5242800  ( 0.0%) 
planes                 376/65536        7520/1310720  ( 0.6%) 
vertexes               327/65536        3924/786432   ( 0.5%) 
nodes                  273/65536        8736/2097152  ( 0.4%) 
texinfos                87/16384        6264/1179648  ( 0.5%) 
texdata                  5/8192          160/262144   ( 0.1%) 
dispinfos               78/0           13728/0        ( 0.0%) 
disp_verts           10062/0          201240/0        ( 0.0%) 
disp_tris            16896/0           33792/0        ( 0.0%) 
disp_multiblend          0/0               0/0        ( 0.0%) 
disp_lmsamples      795308/0          795308/0        ( 0.0%) 
faces                  256/65536       14336/3670016  ( 0.4%) 
hdr faces                0/65536           0/3670016  ( 0.0%) 
origfaces              102/65536        5712/3670016  ( 0.2%) 
leaves                 277/65536        8864/2097152  ( 0.4%) 
leaffaces              178/65536         356/131072   ( 0.3%) 
leafbrushes            163/65536         326/131072   ( 0.2%) 
areas                    2/1024           16/8192     ( 0.2%) 
surfedges             1464/512000       5856/2048000  ( 0.3%) 
edges                  787/256000       3148/1024000  ( 0.3%) 
LDR worldlights          3/8192          264/720896   ( 0.0%) 
HDR worldlights          0/8192            0/720896   ( 0.0%) 
leafwaterdata            1/32768          12/393216   ( 0.0%) 
waterstrips              0/32768           0/327680   ( 0.0%) 
waterverts               0/65536           0/786432   ( 0.0%) 
waterindices             0/65536           0/131072   ( 0.0%) 
cubemapsamples           0/1024            0/16384    ( 0.0%) 
overlays                 0/8192            0/2883584  ( 0.0%) 
LDR lightdata         [variable]      754416/0        ( 0.0%) 
HDR lightdata         [variable]           0/0        ( 0.0%) 
visdata               [variable]        2076/16777216 ( 0.0%) 
entdata               [variable]       35224/4194304  ( 0.8%) 
LDR ambient table      277/65536        1108/262144   ( 0.4%) 
HDR ambient table      277/65536        1108/262144   ( 0.4%) 
LDR leaf ambient       679/65536       19012/1835008  ( 1.0%) 
HDR leaf ambient       277/65536        7756/1835008  ( 0.4%) 
occluders                0/0               0/0        ( 0.0%) 
occluder polygons        0/0               0/0        ( 0.0%) 
occluder vert ind        0/0               0/0        ( 0.0%) 
detail props          [variable]          12/0        ( 0.0%) 
static props          [variable]        7408/0        ( 0.0%) 
static prop count       72/16384           0/0        ( 0.4%) 
pakfile               [variable]       70992/0        ( 0.0%) 
physics               [variable]     1948015/4194304  (46.4%) 
physics terrain       [variable]           0/1048576  ( 0.0%) 

Level flags = 0

Total triangle count: 528
Writing d:\juegos\steam\steamapps\common\garrysmod\garrysmod\addons\vjguardfixim_maps_src\maps\src\xen1.bsp
4 seconds elapsed




materialPath: D:\Juegos\Steam\steamapps\common\GarrysMod\garrysmod\materials
Loading d:\juegos\steam\steamapps\common\garrysmod\garrysmod\addons\vjguardfixim_maps_src\maps\src\xen1.vmf
Patching WVT material: maps/xen1/xeno/c4a1a_swmpwlb_wvt_patch
fixing up env_cubemap materials on brush sides...
ProcessBlock_Thread: 0...1...2...3...4...5...6...7...8...9...10 (0)
ProcessBlock_Thread: 0...1...2...3...4...5...6...7...8...9...10 (0)
Processing areas...done (0)
Building Faces...done (0)
FixTjuncs...
PruneNodes...
WriteBSP...
done (0)
writing d:\juegos\steam\steamapps\common\garrysmod\garrysmod\addons\vjguardfixim_maps_src\maps\src\xen1.prt...
Building visibility clusters...
done (0)
KeyValues Error: RecursiveLoadFromBuffer:  got EOF instead of keyname in file materials/skybox/xenspace5_skyup.vmt
UnlitGeneric, (*proxies*), (*Clamp*), 
KeyValues Error: RecursiveLoadFromBuffer:  got EOF instead of keyname in file materials/skybox/xenspace5_skyup.vmt
UnlitGeneric, (*proxies*), (*Clamp*), 
Creating default LDR cubemaps for env_cubemap using skybox materials:
   skybox/xenspace5_sky*.vmt
 ! Run buildcubemaps in the engine to get the correct cube maps.
Creating default HDR cubemaps for env_cubemap using skybox materials:
   skybox/xenspace5_sky*.vmt
 ! Run buildcubemaps in the engine to get the correct cube maps.
Finding displacement neighbors...
Finding lightmap sample positions...
Displacement Alpha : 0...1...2...3...4...5...6...7...8...9...10
Building Physics collision data...
WARNING: Map using power 4 displacements, terrain physics cannot be compressed, map will need additional memory and CPU.
done (0) (1948015 bytes)
Placing detail props : 0...1...2...3...4...5...6...7...8...9...10
Water found with no water_lod_control entity, creating a default one.
Compacting texture/material tables...
Reduced 223 texinfos to 87
Reduced 7 texdatas to 5 (158 bytes to 87)
Writing d:\juegos\steam\steamapps\common\garrysmod\garrysmod\addons\vjguardfixim_maps_src\maps\src\xen1.bsp
1 second elapsed



16 threads
reading d:\juegos\steam\steamapps\common\garrysmod\garrysmod\addons\vjguardfixim_maps_src\maps\src\xen1.bsp
reading d:\juegos\steam\steamapps\common\garrysmod\garrysmod\addons\vjguardfixim_maps_src\maps\src\xen1.prt
  74 portalclusters
 162 numportals
BasePortalVis:       0...1...2...3...4...5...6...7...8...9...10 (0)
Optimized: 0 visible clusters (0.00%)
Total clusters visible: 5476
Average clusters visible: 74
Building PAS...
Average clusters audible: 74
visdatasize:2076  compressed from 2368
writing d:\juegos\steam\steamapps\common\garrysmod\garrysmod\addons\vjguardfixim_maps_src\maps\src\xen1.bsp
0 seconds elapsed



[Reading texlights from 'lights.rad']
[51 texlights parsed from 'lights.rad']
Loading d:\juegos\steam\steamapps\common\garrysmod\garrysmod\addons\vjguardfixim_maps_src\maps\src\xen1.bsp
Unable to load vertex data "models/props_foliage_new\xen_shrub_a.vvd"
Unable to load vertex data "models/props_foliage_new\xen_shrub_b.vvd"
BuildFacelights:     0...1...2...3...4...5...6...7...8...9...10 (1)
BuildStaticPropPatchlights: 0...1...2...3...4...5...6...7...8...9...10 (0)
BuildVisLeafs:       0...1...2...3...4...5...6...7...8...9...10 (0)
transfers 17517, max 65
static prop patch transfers 0
GatherLight:         0...1...2...3...4...5...6...7...8...9...10 (0)
GatherLight:         0...1...2...3...4...5...6...7...8...9...10 (0)
Build Patch/Sample Hash Table(s).....Done<0.0087 sec>
FinalLightFace:      0...1...2...3...4...5...6...7...8...9...10 (1)
FinalLightFace Done
0 of 0 (0% of) surface lights went in leaf ambient cubes.
ThreadComputeLeafAmbient: 0...1...2...3...4...5...6...7...8...9...10 (2)
Writing leaf ambient...done
Ready to Finish

Object names       Objects/Maxobjs  Memory / Maxmem  Fullness 
------------       ---------------  ---------------  -------- 
models                   3/4096          144/196608   ( 0.1%) 
brushes                  9/65535         108/786420   ( 0.0%) 
brushsides              68/655350        544/5242800  ( 0.0%) 
planes                 376/65536        7520/1310720  ( 0.6%) 
vertexes               327/65536        3924/786432   ( 0.5%) 
nodes                  273/65536        8736/2097152  ( 0.4%) 
texinfos                87/16384        6264/1179648  ( 0.5%) 
texdata                  5/8192          160/262144   ( 0.1%) 
dispinfos               78/0           13728/0        ( 0.0%) 
disp_verts           10062/0          201240/0        ( 0.0%) 
disp_tris            16896/0           33792/0        ( 0.0%) 
disp_multiblend          0/0               0/0        ( 0.0%) 
disp_lmsamples      795308/0          795308/0        ( 0.0%) 
faces                  256/65536       14336/3670016  ( 0.4%) 
hdr faces                0/65536           0/3670016  ( 0.0%) 
origfaces              102/65536        5712/3670016  ( 0.2%) 
leaves                 277/65536        8864/2097152  ( 0.4%) 
leaffaces              178/65536         356/131072   ( 0.3%) 
leafbrushes            163/65536         326/131072   ( 0.2%) 
areas                    2/1024           16/8192     ( 0.2%) 
surfedges             1464/512000       5856/2048000  ( 0.3%) 
edges                  787/256000       3148/1024000  ( 0.3%) 
LDR worldlights          3/8192          264/720896   ( 0.0%) 
HDR worldlights          0/8192            0/720896   ( 0.0%) 
leafwaterdata            1/32768          12/393216   ( 0.0%) 
waterstrips              0/32768           0/327680   ( 0.0%) 
waterverts               0/65536           0/786432   ( 0.0%) 
waterindices             0/65536           0/131072   ( 0.0%) 
cubemapsamples           0/1024            0/16384    ( 0.0%) 
overlays                 0/8192            0/2883584  ( 0.0%) 
LDR lightdata         [variable]      754416/0        ( 0.0%) 
HDR lightdata         [variable]           0/0        ( 0.0%) 
visdata               [variable]        2076/16777216 ( 0.0%) 
entdata               [variable]       36555/4194304  ( 0.9%) 
LDR ambient table      277/65536        1108/262144   ( 0.4%) 
HDR ambient table      277/65536        1108/262144   ( 0.4%) 
LDR leaf ambient       679/65536       19012/1835008  ( 1.0%) 
HDR leaf ambient       277/65536        7756/1835008  ( 0.4%) 
occluders                0/0               0/0        ( 0.0%) 
occluder polygons        0/0               0/0        ( 0.0%) 
occluder vert ind        0/0               0/0        ( 0.0%) 
detail props          [variable]          12/0        ( 0.0%) 
static props          [variable]        7408/0        ( 0.0%) 
static prop count       72/16384           0/0        ( 0.4%) 
pakfile               [variable]       70992/0        ( 0.0%) 
physics               [variable]     1948015/4194304  (46.4%) 
physics terrain       [variable]           0/1048576  ( 0.0%) 

Level flags = 0

Total triangle count: 528
Writing d:\juegos\steam\steamapps\common\garrysmod\garrysmod\addons\vjguardfixim_maps_src\maps\src\xen1.bsp
4 seconds elapsed




materialPath: D:\Juegos\Steam\steamapps\common\GarrysMod\garrysmod\materials
Loading d:\juegos\steam\steamapps\common\garrysmod\garrysmod\addons\vjguardfixim_maps_src\maps\src\xen1.vmf
Patching WVT material: maps/xen1/xeno/c4a1a_swmpwlb_wvt_patch
fixing up env_cubemap materials on brush sides...
ProcessBlock_Thread: 0...1...2...3...4...5...6...7...8...9...10 (0)
ProcessBlock_Thread: 0...1...2...3...4...5...6...7...8...9...10 (0)
Processing areas...done (0)
Building Faces...done (0)
FixTjuncs...
PruneNodes...
WriteBSP...
done (0)
writing d:\juegos\steam\steamapps\common\garrysmod\garrysmod\addons\vjguardfixim_maps_src\maps\src\xen1.prt...
Building visibility clusters...
done (0)
KeyValues Error: RecursiveLoadFromBuffer:  got EOF instead of keyname in file materials/skybox/xenspace5_skyup.vmt
UnlitGeneric, (*proxies*), (*Clamp*), 
KeyValues Error: RecursiveLoadFromBuffer:  got EOF instead of keyname in file materials/skybox/xenspace5_skyup.vmt
UnlitGeneric, (*proxies*), (*Clamp*), 
Creating default LDR cubemaps for env_cubemap using skybox materials:
   skybox/xenspace5_sky*.vmt
 ! Run buildcubemaps in the engine to get the correct cube maps.
Creating default HDR cubemaps for env_cubemap using skybox materials:
   skybox/xenspace5_sky*.vmt
 ! Run buildcubemaps in the engine to get the correct cube maps.
Finding displacement neighbors...
Finding lightmap sample positions...
Displacement Alpha : 0...1...2...3...4...5...6...7...8...9...10
Building Physics collision data...
WARNING: Map using power 4 displacements, terrain physics cannot be compressed, map will need additional memory and CPU.
done (0) (1949117 bytes)
Placing detail props : 0...1...2...3...4...5...6...7...8...9...10
Water found with no water_lod_control entity, creating a default one.
Compacting texture/material tables...
Reduced 235 texinfos to 93
Reduced 9 texdatas to 6 (190 bytes to 101)
Writing d:\juegos\steam\steamapps\common\garrysmod\garrysmod\addons\vjguardfixim_maps_src\maps\src\xen1.bsp
1 second elapsed



16 threads
reading d:\juegos\steam\steamapps\common\garrysmod\garrysmod\addons\vjguardfixim_maps_src\maps\src\xen1.bsp
reading d:\juegos\steam\steamapps\common\garrysmod\garrysmod\addons\vjguardfixim_maps_src\maps\src\xen1.prt
  74 portalclusters
 162 numportals
BasePortalVis:       0...1...2...3...4...5...6...7...8...9...10 (0)
Optimized: 0 visible clusters (0.00%)
Total clusters visible: 5476
Average clusters visible: 74
Building PAS...
Average clusters audible: 74
visdatasize:2076  compressed from 2368
writing d:\juegos\steam\steamapps\common\garrysmod\garrysmod\addons\vjguardfixim_maps_src\maps\src\xen1.bsp
0 seconds elapsed



[Reading texlights from 'lights.rad']
[51 texlights parsed from 'lights.rad']
Loading d:\juegos\steam\steamapps\common\garrysmod\garrysmod\addons\vjguardfixim_maps_src\maps\src\xen1.bsp
Unable to load vertex data "models/props_foliage_new\xen_shrub_a.vvd"
Unable to load vertex data "models/props_foliage_new\xen_shrub_b.vvd"
BuildFacelights:     0...1...2...3...4...5...6...7...8...9...10 (1)
BuildStaticPropPatchlights: 0...1...2...3...4...5...6...7...8...9...10 (0)
BuildVisLeafs:       0...1...2...3...4...5...6...7...8...9...10 (0)
transfers 22096, max 104
static prop patch transfers 0
GatherLight:         0...1...2...3...4...5...6...7...8...9...10 (0)
GatherLight:         0...1...2...3...4...5...6...7...8...9...10 (0)
Build Patch/Sample Hash Table(s).....Done<0.0086 sec>
FinalLightFace:      0...1...2...3...4...5...6...7...8...9...10 (1)
FinalLightFace Done
0 of 0 (0% of) surface lights went in leaf ambient cubes.
ThreadComputeLeafAmbient: 0...1...2...3...4...5...6...7...8...9...10 (2)
Writing leaf ambient...done
Ready to Finish

Object names       Objects/Maxobjs  Memory / Maxmem  Fullness 
------------       ---------------  ---------------  -------- 
models                   5/4096          240/196608   ( 0.1%) 
brushes                 11/65535         132/786420   ( 0.0%) 
brushsides              80/655350        640/5242800  ( 0.0%) 
planes                 430/65536        8600/1310720  ( 0.7%) 
vertexes               343/65536        4116/786432   ( 0.5%) 
nodes                  285/65536        9120/2097152  ( 0.4%) 
texinfos                93/16384        6696/1179648  ( 0.6%) 
texdata                  6/8192          192/262144   ( 0.1%) 
dispinfos               78/0           13728/0        ( 0.0%) 
disp_verts           10062/0          201240/0        ( 0.0%) 
disp_tris            16896/0           33792/0        ( 0.0%) 
disp_multiblend          0/0               0/0        ( 0.0%) 
disp_lmsamples      795308/0          795308/0        ( 0.0%) 
faces                  268/65536       15008/3670016  ( 0.4%) 
hdr faces                0/65536           0/3670016  ( 0.0%) 
origfaces              114/65536        6384/3670016  ( 0.2%) 
leaves                 291/65536        9312/2097152  ( 0.4%) 
leaffaces              190/65536         380/131072   ( 0.3%) 
leafbrushes            165/65536         330/131072   ( 0.3%) 
areas                    2/1024           16/8192     ( 0.2%) 
surfedges             1560/512000       6240/2048000  ( 0.3%) 
edges                  835/256000       3340/1024000  ( 0.3%) 
LDR worldlights          3/8192          264/720896   ( 0.0%) 
HDR worldlights          0/8192            0/720896   ( 0.0%) 
leafwaterdata            1/32768          12/393216   ( 0.0%) 
waterstrips              0/32768           0/327680   ( 0.0%) 
waterverts               0/65536           0/786432   ( 0.0%) 
waterindices             0/65536           0/131072   ( 0.0%) 
cubemapsamples           0/1024            0/16384    ( 0.0%) 
overlays                 0/8192            0/2883584  ( 0.0%) 
LDR lightdata         [variable]      767808/0        ( 0.0%) 
HDR lightdata         [variable]           0/0        ( 0.0%) 
visdata               [variable]        2076/16777216 ( 0.0%) 
entdata               [variable]       37139/4194304  ( 0.9%) 
LDR ambient table      291/65536        1164/262144   ( 0.4%) 
HDR ambient table      291/65536        1164/262144   ( 0.4%) 
LDR leaf ambient       692/65536       19376/1835008  ( 1.1%) 
HDR leaf ambient       291/65536        8148/1835008  ( 0.4%) 
occluders                0/0               0/0        ( 0.0%) 
occluder polygons        0/0               0/0        ( 0.0%) 
occluder vert ind        0/0               0/0        ( 0.0%) 
detail props          [variable]          12/0        ( 0.0%) 
static props          [variable]        7408/0        ( 0.0%) 
static prop count       72/16384           0/0        ( 0.4%) 
pakfile               [variable]       70992/0        ( 0.0%) 
physics               [variable]     1949117/4194304  (46.5%) 
physics terrain       [variable]           0/1048576  ( 0.0%) 

Level flags = 0

Total triangle count: 552
Writing d:\juegos\steam\steamapps\common\garrysmod\garrysmod\addons\vjguardfixim_maps_src\maps\src\xen1.bsp
4 seconds elapsed




materialPath: D:\Juegos\Steam\steamapps\common\GarrysMod\garrysmod\materials
Loading d:\juegos\steam\steamapps\common\garrysmod\garrysmod\addons\vjguardfixim_maps_src\maps\src\xen1.vmf
Patching WVT material: maps/xen1/xeno/c4a1a_swmpwlb_wvt_patch
fixing up env_cubemap materials on brush sides...
ProcessBlock_Thread: 0...1...2...3...4...5...6...7...8...9...10 (0)
ProcessBlock_Thread: 0...1...2...3...4...5...6...7...8...9...10 (0)
Processing areas...done (0)
Building Faces...done (0)
FixTjuncs...
PruneNodes...
WriteBSP...
done (0)
writing d:\juegos\steam\steamapps\common\garrysmod\garrysmod\addons\vjguardfixim_maps_src\maps\src\xen1.prt...
Building visibility clusters...
done (0)
KeyValues Error: RecursiveLoadFromBuffer:  got EOF instead of keyname in file materials/skybox/xenspace5_skyup.vmt
UnlitGeneric, (*proxies*), (*Clamp*), 
KeyValues Error: RecursiveLoadFromBuffer:  got EOF instead of keyname in file materials/skybox/xenspace5_skyup.vmt
UnlitGeneric, (*proxies*), (*Clamp*), 
Creating default LDR cubemaps for env_cubemap using skybox materials:
   skybox/xenspace5_sky*.vmt
 ! Run buildcubemaps in the engine to get the correct cube maps.
Creating default HDR cubemaps for env_cubemap using skybox materials:
   skybox/xenspace5_sky*.vmt
 ! Run buildcubemaps in the engine to get the correct cube maps.
Finding displacement neighbors...
Finding lightmap sample positions...
Displacement Alpha : 0...1...2...3...4...5...6...7...8...9...10
Building Physics collision data...
WARNING: Map using power 4 displacements, terrain physics cannot be compressed, map will need additional memory and CPU.
done (0) (1948015 bytes)
Placing detail props : 0...1...2...3...4...5...6...7...8...9...10
Water found with no water_lod_control entity, creating a default one.
Compacting texture/material tables...
Reduced 223 texinfos to 87
Reduced 7 texdatas to 5 (158 bytes to 87)
Writing d:\juegos\steam\steamapps\common\garrysmod\garrysmod\addons\vjguardfixim_maps_src\maps\src\xen1.bsp
1 second elapsed



16 threads
reading d:\juegos\steam\steamapps\common\garrysmod\garrysmod\addons\vjguardfixim_maps_src\maps\src\xen1.bsp
reading d:\juegos\steam\steamapps\common\garrysmod\garrysmod\addons\vjguardfixim_maps_src\maps\src\xen1.prt
  74 portalclusters
 161 numportals
BasePortalVis:       0...1...2...3...4...5...6...7...8...9...10 (0)
Optimized: 0 visible clusters (0.00%)
Total clusters visible: 5476
Average clusters visible: 74
Building PAS...
Average clusters audible: 74
visdatasize:2076  compressed from 2368
writing d:\juegos\steam\steamapps\common\garrysmod\garrysmod\addons\vjguardfixim_maps_src\maps\src\xen1.bsp
0 seconds elapsed



[Reading texlights from 'lights.rad']
[51 texlights parsed from 'lights.rad']
Loading d:\juegos\steam\steamapps\common\garrysmod\garrysmod\addons\vjguardfixim_maps_src\maps\src\xen1.bsp
Unable to load vertex data "models/props_foliage_new\xen_shrub_a.vvd"
Unable to load vertex data "models/props_foliage_new\xen_shrub_b.vvd"
BuildFacelights:     0...1...2...3...4...5...6...7...8...9...10 (1)
BuildStaticPropPatchlights: 0...1...2...3...4...5...6...7...8...9...10 (0)
BuildVisLeafs:       0...1...2...3...4...5...6...7...8...9...10 (0)
transfers 17517, max 65
static prop patch transfers 0
GatherLight:         0...1...2...3...4...5...6...7...8...9...10 (0)
GatherLight:         0...1...2...3...4...5...6...7...8...9...10 (0)
Build Patch/Sample Hash Table(s).....Done<0.0085 sec>
FinalLightFace:      0...1...2...3...4...5...6...7...8...9...10 (1)
FinalLightFace Done
0 of 0 (0% of) surface lights went in leaf ambient cubes.
ThreadComputeLeafAmbient: 0...1...2...3...4...5...6...7...8...9...10 (2)
Writing leaf ambient...done
Ready to Finish

Object names       Objects/Maxobjs  Memory / Maxmem  Fullness 
------------       ---------------  ---------------  -------- 
models                   3/4096          144/196608   ( 0.1%) 
brushes                  9/65535         108/786420   ( 0.0%) 
brushsides              68/655350        544/5242800  ( 0.0%) 
planes                 376/65536        7520/1310720  ( 0.6%) 
vertexes               327/65536        3924/786432   ( 0.5%) 
nodes                  273/65536        8736/2097152  ( 0.4%) 
texinfos                87/16384        6264/1179648  ( 0.5%) 
texdata                  5/8192          160/262144   ( 0.1%) 
dispinfos               78/0           13728/0        ( 0.0%) 
disp_verts           10062/0          201240/0        ( 0.0%) 
disp_tris            16896/0           33792/0        ( 0.0%) 
disp_multiblend          0/0               0/0        ( 0.0%) 
disp_lmsamples      795308/0          795308/0        ( 0.0%) 
faces                  256/65536       14336/3670016  ( 0.4%) 
hdr faces                0/65536           0/3670016  ( 0.0%) 
origfaces              102/65536        5712/3670016  ( 0.2%) 
leaves                 277/65536        8864/2097152  ( 0.4%) 
leaffaces              179/65536         358/131072   ( 0.3%) 
leafbrushes            163/65536         326/131072   ( 0.2%) 
areas                    2/1024           16/8192     ( 0.2%) 
surfedges             1464/512000       5856/2048000  ( 0.3%) 
edges                  787/256000       3148/1024000  ( 0.3%) 
LDR worldlights          3/8192          264/720896   ( 0.0%) 
HDR worldlights          0/8192            0/720896   ( 0.0%) 
leafwaterdata            1/32768          12/393216   ( 0.0%) 
waterstrips              0/32768           0/327680   ( 0.0%) 
waterverts               0/65536           0/786432   ( 0.0%) 
waterindices             0/65536           0/131072   ( 0.0%) 
cubemapsamples           0/1024            0/16384    ( 0.0%) 
overlays                 0/8192            0/2883584  ( 0.0%) 
LDR lightdata         [variable]      754416/0        ( 0.0%) 
HDR lightdata         [variable]           0/0        ( 0.0%) 
visdata               [variable]        2076/16777216 ( 0.0%) 
entdata               [variable]       35632/4194304  ( 0.8%) 
LDR ambient table      277/65536        1108/262144   ( 0.4%) 
HDR ambient table      277/65536        1108/262144   ( 0.4%) 
LDR leaf ambient       674/65536       18872/1835008  ( 1.0%) 
HDR leaf ambient       277/65536        7756/1835008  ( 0.4%) 
occluders                0/0               0/0        ( 0.0%) 
occluder polygons        0/0               0/0        ( 0.0%) 
occluder vert ind        0/0               0/0        ( 0.0%) 
detail props          [variable]          12/0        ( 0.0%) 
static props          [variable]        7404/0        ( 0.0%) 
static prop count       72/16384           0/0        ( 0.4%) 
pakfile               [variable]       70992/0        ( 0.0%) 
physics               [variable]     1948015/4194304  (46.4%) 
physics terrain       [variable]           0/1048576  ( 0.0%) 

Level flags = 0

Total triangle count: 528
Writing d:\juegos\steam\steamapps\common\garrysmod\garrysmod\addons\vjguardfixim_maps_src\maps\src\xen1.bsp
4 seconds elapsed




materialPath: D:\Juegos\Steam\steamapps\common\GarrysMod\garrysmod\materials
Loading d:\juegos\steam\steamapps\common\garrysmod\garrysmod\addons\vjguardfixim_maps_src\maps\src\xen1.vmf
Patching WVT material: maps/xen1/xeno/c4a1a_swmpwlb_wvt_patch
fixing up env_cubemap materials on brush sides...
ProcessBlock_Thread: 0...1...2...3...4...5...6...7...8...9...10 (0)
ProcessBlock_Thread: 0...1...2...3...4...5...6...7...8...9...10 (0)
Processing areas...done (0)
Building Faces...done (0)
FixTjuncs...
PruneNodes...
WriteBSP...
done (0)
writing d:\juegos\steam\steamapps\common\garrysmod\garrysmod\addons\vjguardfixim_maps_src\maps\src\xen1.prt...
Building visibility clusters...
done (0)
KeyValues Error: RecursiveLoadFromBuffer:  got EOF instead of keyname in file materials/skybox/xenspace5_skyup.vmt
UnlitGeneric, (*proxies*), (*Clamp*), 
KeyValues Error: RecursiveLoadFromBuffer:  got EOF instead of keyname in file materials/skybox/xenspace5_skyup.vmt
UnlitGeneric, (*proxies*), (*Clamp*), 
Creating default LDR cubemaps for env_cubemap using skybox materials:
   skybox/xenspace5_sky*.vmt
 ! Run buildcubemaps in the engine to get the correct cube maps.
Creating default HDR cubemaps for env_cubemap using skybox materials:
   skybox/xenspace5_sky*.vmt
 ! Run buildcubemaps in the engine to get the correct cube maps.
Finding displacement neighbors...
Finding lightmap sample positions...
Displacement Alpha : 0...1...2...3...4...5...6...7...8...9...10
Building Physics collision data...
WARNING: Map using power 4 displacements, terrain physics cannot be compressed, map will need additional memory and CPU.
done (0) (1948015 bytes)
Placing detail props : 0...1...2...3...4...5...6...7...8...9...10
Water found with no water_lod_control entity, creating a default one.
Compacting texture/material tables...
Reduced 223 texinfos to 87
Reduced 7 texdatas to 5 (158 bytes to 87)
Writing d:\juegos\steam\steamapps\common\garrysmod\garrysmod\addons\vjguardfixim_maps_src\maps\src\xen1.bsp
1 second elapsed



16 threads
reading d:\juegos\steam\steamapps\common\garrysmod\garrysmod\addons\vjguardfixim_maps_src\maps\src\xen1.bsp
reading d:\juegos\steam\steamapps\common\garrysmod\garrysmod\addons\vjguardfixim_maps_src\maps\src\xen1.prt
  74 portalclusters
 161 numportals
BasePortalVis:       0...1...2...3...4...5...6...7...8...9...10 (0)
Optimized: 0 visible clusters (0.00%)
Total clusters visible: 5476
Average clusters visible: 74
Building PAS...
Average clusters audible: 74
visdatasize:2076  compressed from 2368
writing d:\juegos\steam\steamapps\common\garrysmod\garrysmod\addons\vjguardfixim_maps_src\maps\src\xen1.bsp
0 seconds elapsed



[Reading texlights from 'lights.rad']
[51 texlights parsed from 'lights.rad']
Loading d:\juegos\steam\steamapps\common\garrysmod\garrysmod\addons\vjguardfixim_maps_src\maps\src\xen1.bsp
Unable to load vertex data "models/props_foliage_new\xen_shrub_a.vvd"
Unable to load vertex data "models/props_foliage_new\xen_shrub_b.vvd"
BuildFacelights:     0...1...2...3...4...5...6...7...8...9...10 (1)
BuildStaticPropPatchlights: 0...1...2...3...4...5...6...7...8...9...10 (0)
BuildVisLeafs:       0...1...2...3...4...5...6...7...8...9...10 (0)
transfers 17517, max 65
static prop patch transfers 0
GatherLight:         0...1...2...3...4...5...6...7...8...9...10 (0)
GatherLight:         0...1...2...3...4...5...6...7...8...9...10 (0)
Build Patch/Sample Hash Table(s).....Done<0.0082 sec>
FinalLightFace:      0...1...2...3...4...5...6...7...8...9...10 (1)
FinalLightFace Done
0 of 0 (0% of) surface lights went in leaf ambient cubes.
ThreadComputeLeafAmbient: 0...1...2...3...4...5...6...7...8...9...10 (2)
Writing leaf ambient...done
Ready to Finish

Object names       Objects/Maxobjs  Memory / Maxmem  Fullness 
------------       ---------------  ---------------  -------- 
models                   3/4096          144/196608   ( 0.1%) 
brushes                  9/65535         108/786420   ( 0.0%) 
brushsides              68/655350        544/5242800  ( 0.0%) 
planes                 376/65536        7520/1310720  ( 0.6%) 
vertexes               327/65536        3924/786432   ( 0.5%) 
nodes                  273/65536        8736/2097152  ( 0.4%) 
texinfos                87/16384        6264/1179648  ( 0.5%) 
texdata                  5/8192          160/262144   ( 0.1%) 
dispinfos               78/0           13728/0        ( 0.0%) 
disp_verts           10062/0          201240/0        ( 0.0%) 
disp_tris            16896/0           33792/0        ( 0.0%) 
disp_multiblend          0/0               0/0        ( 0.0%) 
disp_lmsamples      795308/0          795308/0        ( 0.0%) 
faces                  256/65536       14336/3670016  ( 0.4%) 
hdr faces                0/65536           0/3670016  ( 0.0%) 
origfaces              102/65536        5712/3670016  ( 0.2%) 
leaves                 277/65536        8864/2097152  ( 0.4%) 
leaffaces              179/65536         358/131072   ( 0.3%) 
leafbrushes            163/65536         326/131072   ( 0.2%) 
areas                    2/1024           16/8192     ( 0.2%) 
surfedges             1464/512000       5856/2048000  ( 0.3%) 
edges                  787/256000       3148/1024000  ( 0.3%) 
LDR worldlights          3/8192          264/720896   ( 0.0%) 
HDR worldlights          0/8192            0/720896   ( 0.0%) 
leafwaterdata            1/32768          12/393216   ( 0.0%) 
waterstrips              0/32768           0/327680   ( 0.0%) 
waterverts               0/65536           0/786432   ( 0.0%) 
waterindices             0/65536           0/131072   ( 0.0%) 
cubemapsamples           0/1024            0/16384    ( 0.0%) 
overlays                 0/8192            0/2883584  ( 0.0%) 
LDR lightdata         [variable]      754416/0        ( 0.0%) 
HDR lightdata         [variable]           0/0        ( 0.0%) 
visdata               [variable]        2076/16777216 ( 0.0%) 
entdata               [variable]       35632/4194304  ( 0.8%) 
LDR ambient table      277/65536        1108/262144   ( 0.4%) 
HDR ambient table      277/65536        1108/262144   ( 0.4%) 
LDR leaf ambient       674/65536       18872/1835008  ( 1.0%) 
HDR leaf ambient       277/65536        7756/1835008  ( 0.4%) 
occluders                0/0               0/0        ( 0.0%) 
occluder polygons        0/0               0/0        ( 0.0%) 
occluder vert ind        0/0               0/0        ( 0.0%) 
detail props          [variable]          12/0        ( 0.0%) 
static props          [variable]        7404/0        ( 0.0%) 
static prop count       72/16384           0/0        ( 0.4%) 
pakfile               [variable]       70992/0        ( 0.0%) 
physics               [variable]     1948015/4194304  (46.4%) 
physics terrain       [variable]           0/1048576  ( 0.0%) 

Level flags = 0

Total triangle count: 528
Writing d:\juegos\steam\steamapps\common\garrysmod\garrysmod\addons\vjguardfixim_maps_src\maps\src\xen1.bsp
4 seconds elapsed




materialPath: D:\Juegos\Steam\steamapps\common\GarrysMod\garrysmod\materials
Loading d:\juegos\steam\steamapps\common\garrysmod\garrysmod\addons\vjguardfixim_maps_src\maps\src\xen1.vmf
Patching WVT material: maps/xen1/xeno/c4a1a_swmpwlb_wvt_patch
fixing up env_cubemap materials on brush sides...
ProcessBlock_Thread: 0...1...2...3...4...5...6...7...8...9...10 (0)
**** leaked ****
Entity func_train (-13096.00 13501.00 824.00) leaked!

FindPortalSide: Couldn't find a good match for which brush to assign to a portal near (4288.0 3072.0 -4040.0)
Leaf 0 contents: CONTENTS_SOLID 
Leaf 1 contents: 
viscontents (node 0 contents ^ node 1 contents): CONTENTS_SOLID 
This means that none of the brushes in leaf 0 or 1 that touches the portal has CONTENTS_SOLID 
Check for a huge brush enclosing the coordinates above that has contents CONTENTS_SOLID 
Candidate brush IDs: 


FindPortalSide: Couldn't find a good match for which brush to assign to a portal near (4800.0 3072.0 -4021.2)
Leaf 0 contents: CONTENTS_SOLID 
Leaf 1 contents: 
viscontents (node 0 contents ^ node 1 contents): CONTENTS_SOLID 
This means that none of the brushes in leaf 0 or 1 that touches the portal has CONTENTS_SOLID 
Check for a huge brush enclosing the coordinates above that has contents CONTENTS_SOLID 
Candidate brush IDs: 


FindPortalSide: Couldn't find a good match for which brush to assign to a portal near (4800.0 3072.0 -992.0)
Leaf 0 contents: CONTENTS_SOLID 
Leaf 1 contents: 
viscontents (node 0 contents ^ node 1 contents): CONTENTS_SOLID 
This means that none of the brushes in leaf 0 or 1 that touches the portal has CONTENTS_SOLID 
Check for a huge brush enclosing the coordinates above that has contents CONTENTS_SOLID 
Candidate brush IDs: 


FindPortalSide: Couldn't find a good match for which brush to assign to a portal near (4288.0 3072.0 2056.0)
Leaf 0 contents: CONTENTS_SOLID 
Leaf 1 contents: 
viscontents (node 0 contents ^ node 1 contents): CONTENTS_SOLID 
This means that none of the brushes in leaf 0 or 1 that touches the portal has CONTENTS_SOLID 
Check for a huge brush enclosing the coordinates above that has contents CONTENTS_SOLID 
Candidate brush IDs: 


FindPortalSide: Couldn't find a good match for which brush to assign to a portal near (4800.0 3072.0 2037.2)
Leaf 0 contents: CONTENTS_SOLID 
Leaf 1 contents: 
viscontents (node 0 contents ^ node 1 contents): CONTENTS_SOLID 
This means that none of the brushes in leaf 0 or 1 that touches the portal has CONTENTS_SOLID 
Check for a huge brush enclosing the coordinates above that has contents CONTENTS_SOLID 
Candidate brush IDs: 


FindPortalSide: Couldn't find a good match for which brush to assign to a portal near (4608.0 4096.0 -992.0)
Leaf 0 contents: 
Leaf 1 contents: CONTENTS_SOLID 
viscontents (node 0 contents ^ node 1 contents): CONTENTS_SOLID 
This means that none of the brushes in leaf 0 or 1 that touches the portal has CONTENTS_SOLID 
Check for a huge brush enclosing the coordinates above that has contents CONTENTS_SOLID 
Candidate brush IDs: 


FindPortalSide: Couldn't find a good match for which brush to assign to a portal near (5120.0 3584.0 -992.0)
Leaf 0 contents: 
Leaf 1 contents: CONTENTS_SOLID 
viscontents (node 0 contents ^ node 1 contents): CONTENTS_SOLID 
This means that none of the brushes in leaf 0 or 1 that touches the portal has CONTENTS_SOLID 
Check for a huge brush enclosing the coordinates above that has contents CONTENTS_SOLID 
Candidate brush IDs: 


FindPortalSide: Couldn't find a good match for which brush to assign to a portal near (3584.0 3072.0 -4040.0)
Leaf 0 contents: CONTENTS_SOLID 
Leaf 1 contents: 
viscontents (node 0 contents ^ node 1 contents): CONTENTS_SOLID 
This means that none of the brushes in leaf 0 or 1 that touches the portal has CONTENTS_SOLID 
Check for a huge brush enclosing the coordinates above that has contents CONTENTS_SOLID 
Candidate brush IDs: 

*** Suppressing further FindPortalSide errors.... ***
Processing areas...done (0)
Building Faces...done (0)
FixTjuncs...
PruneNodes...
WriteBSP...
done (0)
KeyValues Error: RecursiveLoadFromBuffer:  got EOF instead of keyname in file materials/skybox/xenspace5_skyup.vmt
UnlitGeneric, (*proxies*), (*Clamp*), 
KeyValues Error: RecursiveLoadFromBuffer:  got EOF instead of keyname in file materials/skybox/xenspace5_skyup.vmt
UnlitGeneric, (*proxies*), (*Clamp*), 
Creating default LDR cubemaps for env_cubemap using skybox materials:
   skybox/xenspace5_sky*.vmt
 ! Run buildcubemaps in the engine to get the correct cube maps.
Creating default HDR cubemaps for env_cubemap using skybox materials:
   skybox/xenspace5_sky*.vmt
 ! Run buildcubemaps in the engine to get the correct cube maps.
Finding displacement neighbors...
Finding lightmap sample positions...
Displacement Alpha : 0...1...2...3...4...5...6...7...8...9...10
Building Physics collision data...
WARNING: Map using power 4 displacements, terrain physics cannot be compressed, map will need additional memory and CPU.
done (0) (1949123 bytes)
Placing detail props : 0...1...2...3...4...5...6...7...8...9...10
Water found with no water_lod_control entity, creating a default one.
Compacting texture/material tables...
Reduced 234 texinfos to 87
Reduced 7 texdatas to 5 (158 bytes to 87)
Writing d:\juegos\steam\steamapps\common\garrysmod\garrysmod\addons\vjguardfixim_maps_src\maps\src\xen1.bsp
1 second elapsed



16 threads
reading d:\juegos\steam\steamapps\common\garrysmod\garrysmod\addons\vjguardfixim_maps_src\maps\src\xen1.bsp
reading d:\juegos\steam\steamapps\common\garrysmod\garrysmod\addons\vjguardfixim_maps_src\maps\src\xen1.prt
LoadPortals: couldn't read d:\juegos\steam\steamapps\common\garrysmod\garrysmod\addons\vjguardfixim_maps_src\maps\src\xen1.prt



materialPath: D:\Juegos\Steam\steamapps\common\GarrysMod\garrysmod\materials
Loading d:\juegos\steam\steamapps\common\garrysmod\garrysmod\addons\vjguardfixim_maps_src\maps\src\xen1.vmf
Patching WVT material: maps/xen1/xeno/c4a1a_swmpwlb_wvt_patch
fixing up env_cubemap materials on brush sides...
ProcessBlock_Thread: 0...1...2...3...4...5...6...7...8...9...10 (0)
**** leaked ****
Entity func_train (-13096.00 13501.00 824.00) leaked!

FindPortalSide: Couldn't find a good match for which brush to assign to a portal near (4288.0 3072.0 -4040.0)
Leaf 0 contents: CONTENTS_SOLID 
Leaf 1 contents: 
viscontents (node 0 contents ^ node 1 contents): CONTENTS_SOLID 
This means that none of the brushes in leaf 0 or 1 that touches the portal has CONTENTS_SOLID 
Check for a huge brush enclosing the coordinates above that has contents CONTENTS_SOLID 
Candidate brush IDs: 


FindPortalSide: Couldn't find a good match for which brush to assign to a portal near (4800.0 3072.0 -4021.2)
Leaf 0 contents: CONTENTS_SOLID 
Leaf 1 contents: 
viscontents (node 0 contents ^ node 1 contents): CONTENTS_SOLID 
This means that none of the brushes in leaf 0 or 1 that touches the portal has CONTENTS_SOLID 
Check for a huge brush enclosing the coordinates above that has contents CONTENTS_SOLID 
Candidate brush IDs: 


FindPortalSide: Couldn't find a good match for which brush to assign to a portal near (4800.0 3072.0 -992.0)
Leaf 0 contents: CONTENTS_SOLID 
Leaf 1 contents: 
viscontents (node 0 contents ^ node 1 contents): CONTENTS_SOLID 
This means that none of the brushes in leaf 0 or 1 that touches the portal has CONTENTS_SOLID 
Check for a huge brush enclosing the coordinates above that has contents CONTENTS_SOLID 
Candidate brush IDs: 


FindPortalSide: Couldn't find a good match for which brush to assign to a portal near (4288.0 3072.0 2056.0)
Leaf 0 contents: CONTENTS_SOLID 
Leaf 1 contents: 
viscontents (node 0 contents ^ node 1 contents): CONTENTS_SOLID 
This means that none of the brushes in leaf 0 or 1 that touches the portal has CONTENTS_SOLID 
Check for a huge brush enclosing the coordinates above that has contents CONTENTS_SOLID 
Candidate brush IDs: 


FindPortalSide: Couldn't find a good match for which brush to assign to a portal near (4800.0 3072.0 2037.2)
Leaf 0 contents: CONTENTS_SOLID 
Leaf 1 contents: 
viscontents (node 0 contents ^ node 1 contents): CONTENTS_SOLID 
This means that none of the brushes in leaf 0 or 1 that touches the portal has CONTENTS_SOLID 
Check for a huge brush enclosing the coordinates above that has contents CONTENTS_SOLID 
Candidate brush IDs: 


FindPortalSide: Couldn't find a good match for which brush to assign to a portal near (4608.0 4096.0 -992.0)
Leaf 0 contents: 
Leaf 1 contents: CONTENTS_SOLID 
viscontents (node 0 contents ^ node 1 contents): CONTENTS_SOLID 
This means that none of the brushes in leaf 0 or 1 that touches the portal has CONTENTS_SOLID 
Check for a huge brush enclosing the coordinates above that has contents CONTENTS_SOLID 
Candidate brush IDs: 


FindPortalSide: Couldn't find a good match for which brush to assign to a portal near (5120.0 3584.0 -992.0)
Leaf 0 contents: 
Leaf 1 contents: CONTENTS_SOLID 
viscontents (node 0 contents ^ node 1 contents): CONTENTS_SOLID 
This means that none of the brushes in leaf 0 or 1 that touches the portal has CONTENTS_SOLID 
Check for a huge brush enclosing the coordinates above that has contents CONTENTS_SOLID 
Candidate brush IDs: 


FindPortalSide: Couldn't find a good match for which brush to assign to a portal near (3584.0 3072.0 -4040.0)
Leaf 0 contents: CONTENTS_SOLID 
Leaf 1 contents: 
viscontents (node 0 contents ^ node 1 contents): CONTENTS_SOLID 
This means that none of the brushes in leaf 0 or 1 that touches the portal has CONTENTS_SOLID 
Check for a huge brush enclosing the coordinates above that has contents CONTENTS_SOLID 
Candidate brush IDs: 

*** Suppressing further FindPortalSide errors.... ***
Processing areas...done (0)
Building Faces...done (0)
FixTjuncs...
PruneNodes...
WriteBSP...
done (0)
KeyValues Error: RecursiveLoadFromBuffer:  got EOF instead of keyname in file materials/skybox/xenspace5_skyup.vmt
UnlitGeneric, (*proxies*), (*Clamp*), 
KeyValues Error: RecursiveLoadFromBuffer:  got EOF instead of keyname in file materials/skybox/xenspace5_skyup.vmt
UnlitGeneric, (*proxies*), (*Clamp*), 
Creating default LDR cubemaps for env_cubemap using skybox materials:
   skybox/xenspace5_sky*.vmt
 ! Run buildcubemaps in the engine to get the correct cube maps.
Creating default HDR cubemaps for env_cubemap using skybox materials:
   skybox/xenspace5_sky*.vmt
 ! Run buildcubemaps in the engine to get the correct cube maps.
Finding displacement neighbors...
Finding lightmap sample positions...
Displacement Alpha : 0...1...2...3...4...5...6...7...8...9...10
Building Physics collision data...
WARNING: Map using power 4 displacements, terrain physics cannot be compressed, map will need additional memory and CPU.
done (0) (1949123 bytes)



materialPath: D:\Juegos\Steam\steamapps\common\GarrysMod\garrysmod\materials
Loading d:\juegos\steam\steamapps\common\garrysmod\garrysmod\addons\vjguardfixim_maps_src\maps\src\xen1.vmf
Patching WVT material: maps/xen1/xeno/c4a1a_swmpwlb_wvt_patch
fixing up env_cubemap materials on brush sides...
ProcessBlock_Thread: 0...1...2...3...4...5...6...7...8...9...10 (0)
**** leaked ****
Entity func_train (-13096.00 13501.00 824.00) leaked!

FindPortalSide: Couldn't find a good match for which brush to assign to a portal near (4288.0 3072.0 -4040.0)
Leaf 0 contents: CONTENTS_SOLID 
Leaf 1 contents: 
viscontents (node 0 contents ^ node 1 contents): CONTENTS_SOLID 
This means that none of the brushes in leaf 0 or 1 that touches the portal has CONTENTS_SOLID 
Check for a huge brush enclosing the coordinates above that has contents CONTENTS_SOLID 
Candidate brush IDs: 


FindPortalSide: Couldn't find a good match for which brush to assign to a portal near (4800.0 3072.0 -4021.2)
Leaf 0 contents: CONTENTS_SOLID 
Leaf 1 contents: 
viscontents (node 0 contents ^ node 1 contents): CONTENTS_SOLID 
This means that none of the brushes in leaf 0 or 1 that touches the portal has CONTENTS_SOLID 
Check for a huge brush enclosing the coordinates above that has contents CONTENTS_SOLID 
Candidate brush IDs: 


FindPortalSide: Couldn't find a good match for which brush to assign to a portal near (4800.0 3072.0 -992.0)
Leaf 0 contents: CONTENTS_SOLID 
Leaf 1 contents: 
viscontents (node 0 contents ^ node 1 contents): CONTENTS_SOLID 
This means that none of the brushes in leaf 0 or 1 that touches the portal has CONTENTS_SOLID 
Check for a huge brush enclosing the coordinates above that has contents CONTENTS_SOLID 
Candidate brush IDs: 


FindPortalSide: Couldn't find a good match for which brush to assign to a portal near (4288.0 3072.0 2056.0)
Leaf 0 contents: CONTENTS_SOLID 
Leaf 1 contents: 
viscontents (node 0 contents ^ node 1 contents): CONTENTS_SOLID 
This means that none of the brushes in leaf 0 or 1 that touches the portal has CONTENTS_SOLID 
Check for a huge brush enclosing the coordinates above that has contents CONTENTS_SOLID 
Candidate brush IDs: 


FindPortalSide: Couldn't find a good match for which brush to assign to a portal near (4800.0 3072.0 2037.2)
Leaf 0 contents: CONTENTS_SOLID 
Leaf 1 contents: 
viscontents (node 0 contents ^ node 1 contents): CONTENTS_SOLID 
This means that none of the brushes in leaf 0 or 1 that touches the portal has CONTENTS_SOLID 
Check for a huge brush enclosing the coordinates above that has contents CONTENTS_SOLID 
Candidate brush IDs: 


FindPortalSide: Couldn't find a good match for which brush to assign to a portal near (4608.0 4096.0 -992.0)
Leaf 0 contents: 
Leaf 1 contents: CONTENTS_SOLID 
viscontents (node 0 contents ^ node 1 contents): CONTENTS_SOLID 
This means that none of the brushes in leaf 0 or 1 that touches the portal has CONTENTS_SOLID 
Check for a huge brush enclosing the coordinates above that has contents CONTENTS_SOLID 
Candidate brush IDs: 


FindPortalSide: Couldn't find a good match for which brush to assign to a portal near (5120.0 3584.0 -992.0)
Leaf 0 contents: 
Leaf 1 contents: CONTENTS_SOLID 
viscontents (node 0 contents ^ node 1 contents): CONTENTS_SOLID 
This means that none of the brushes in leaf 0 or 1 that touches the portal has CONTENTS_SOLID 
Check for a huge brush enclosing the coordinates above that has contents CONTENTS_SOLID 
Candidate brush IDs: 


FindPortalSide: Couldn't find a good match for which brush to assign to a portal near (3584.0 3072.0 -4040.0)
Leaf 0 contents: CONTENTS_SOLID 
Leaf 1 contents: 
viscontents (node 0 contents ^ node 1 contents): CONTENTS_SOLID 
This means that none of the brushes in leaf 0 or 1 that touches the portal has CONTENTS_SOLID 
Check for a huge brush enclosing the coordinates above that has contents CONTENTS_SOLID 
Candidate brush IDs: 

*** Suppressing further FindPortalSide errors.... ***
Processing areas...done (0)
Building Faces...done (0)
FixTjuncs...
PruneNodes...
WriteBSP...
done (0)
KeyValues Error: RecursiveLoadFromBuffer:  got EOF instead of keyname in file materials/skybox/xenspace5_skyup.vmt
UnlitGeneric, (*proxies*), (*Clamp*), 
KeyValues Error: RecursiveLoadFromBuffer:  got EOF instead of keyname in file materials/skybox/xenspace5_skyup.vmt
UnlitGeneric, (*proxies*), (*Clamp*), 
Creating default LDR cubemaps for env_cubemap using skybox materials:
   skybox/xenspace5_sky*.vmt
 ! Run buildcubemaps in the engine to get the correct cube maps.
Creating default HDR cubemaps for env_cubemap using skybox materials:
   skybox/xenspace5_sky*.vmt
 ! Run buildcubemaps in the engine to get the correct cube maps.
Finding displacement neighbors...
Finding lightmap sample positions...
Displacement Alpha : 0...1...2...3...4...5...6...7...8...9...10
Building Physics collision data...
WARNING: Map using power 4 displacements, terrain physics cannot be compressed, map will need additional memory and CPU.
done (0) (1949123 bytes)
Placing detail props : 0...1...2...3...4...5...6...7...8...9...10
Water found with no water_lod_control entity, creating a default one.
Compacting texture/material tables...
Reduced 234 texinfos to 87
Reduced 7 texdatas to 5 (158 bytes to 87)
Writing d:\juegos\steam\steamapps\common\garrysmod\garrysmod\addons\vjguardfixim_maps_src\maps\src\xen1.bsp
1 second elapsed



16 threads
reading d:\juegos\steam\steamapps\common\garrysmod\garrysmod\addons\vjguardfixim_maps_src\maps\src\xen1.bsp
reading d:\juegos\steam\steamapps\common\garrysmod\garrysmod\addons\vjguardfixim_maps_src\maps\src\xen1.prt
LoadPortals: couldn't read d:\juegos\steam\steamapps\common\garrysmod\garrysmod\addons\vjguardfixim_maps_src\maps\src\xen1.prt



materialPath: D:\Juegos\Steam\steamapps\common\GarrysMod\garrysmod\materials
Loading d:\juegos\steam\steamapps\common\garrysmod\garrysmod\addons\vjguardfixim_maps_src\maps\src\xen1.vmf
Patching WVT material: maps/xen1/xeno/c4a1a_swmpwlb_wvt_patch
fixing up env_cubemap materials on brush sides...
ProcessBlock_Thread: 0...1...2...3...4...5...6...7...8...9...10 (0)
**** leaked ****
Entity func_train (-13096.00 13501.00 824.00) leaked!
Processing areas...done (0)
Building Faces...done (0)
FixTjuncs...
PruneNodes...
WriteBSP...
done (0)
KeyValues Error: RecursiveLoadFromBuffer:  got EOF instead of keyname in file materials/skybox/xenspace5_skyup.vmt
UnlitGeneric, (*proxies*), (*Clamp*), 
KeyValues Error: RecursiveLoadFromBuffer:  got EOF instead of keyname in file materials/skybox/xenspace5_skyup.vmt
UnlitGeneric, (*proxies*), (*Clamp*), 
Creating default LDR cubemaps for env_cubemap using skybox materials:
   skybox/xenspace5_sky*.vmt
 ! Run buildcubemaps in the engine to get the correct cube maps.
Creating default HDR cubemaps for env_cubemap using skybox materials:
   skybox/xenspace5_sky*.vmt
 ! Run buildcubemaps in the engine to get the correct cube maps.
Finding displacement neighbors...
Finding lightmap sample positions...
Displacement Alpha : 0...1...2...3...4...5...6...7...8...9...10
Building Physics collision data...
WARNING: Map using power 4 displacements, terrain physics cannot be compressed, map will need additional memory and CPU.
done (0) (1949123 bytes)



materialPath: D:\Juegos\Steam\steamapps\common\GarrysMod\garrysmod\materials
Loading d:\juegos\steam\steamapps\common\garrysmod\garrysmod\addons\vjguardfixim_maps_src\maps\src\xen1.vmf
Patching WVT material: maps/xen1/xeno/c4a1a_swmpwlb_wvt_patch
fixing up env_cubemap materials on brush sides...
ProcessBlock_Thread: 0...1...2...3...4...5...6...7...8...9...10 (0)
ProcessBlock_Thread: 0...1...2...3...4...5...6...7...8...9...10 (0)
Processing areas...done (0)
Building Faces...done (0)
FixTjuncs...
PruneNodes...
WriteBSP...
done (0)
writing d:\juegos\steam\steamapps\common\garrysmod\garrysmod\addons\vjguardfixim_maps_src\maps\src\xen1.prt...
Building visibility clusters...
done (0)
KeyValues Error: RecursiveLoadFromBuffer:  got EOF instead of keyname in file materials/skybox/xenspace5_skyup.vmt
UnlitGeneric, (*proxies*), (*Clamp*), 
KeyValues Error: RecursiveLoadFromBuffer:  got EOF instead of keyname in file materials/skybox/xenspace5_skyup.vmt
UnlitGeneric, (*proxies*), (*Clamp*), 
Creating default LDR cubemaps for env_cubemap using skybox materials:
   skybox/xenspace5_sky*.vmt
 ! Run buildcubemaps in the engine to get the correct cube maps.
Creating default HDR cubemaps for env_cubemap using skybox materials:
   skybox/xenspace5_sky*.vmt
 ! Run buildcubemaps in the engine to get the correct cube maps.
Finding displacement neighbors...
Finding lightmap sample positions...
Displacement Alpha : 0...1...2...3...4...5...6...7...8...9...10
Building Physics collision data...
WARNING: Map using power 4 displacements, terrain physics cannot be compressed, map will need additional memory and CPU.
done (0) (1949123 bytes)
Placing detail props : 0...1...2...3...4...5...6...7...8...9...10
Water found with no water_lod_control entity, creating a default one.
Compacting texture/material tables...
Reduced 234 texinfos to 87
Reduced 7 texdatas to 5 (158 bytes to 87)
Writing d:\juegos\steam\steamapps\common\garrysmod\garrysmod\addons\vjguardfixim_maps_src\maps\src\xen1.bsp
1 second elapsed



16 threads
reading d:\juegos\steam\steamapps\common\garrysmod\garrysmod\addons\vjguardfixim_maps_src\maps\src\xen1.bsp
reading d:\juegos\steam\steamapps\common\garrysmod\garrysmod\addons\vjguardfixim_maps_src\maps\src\xen1.prt
 451 portalclusters
 889 numportals
BasePortalVis:       0...1...2...3...4...5...6...7...8...9...10 (0)
Optimized: 0 visible clusters (0.00%)
Total clusters visible: 203401
Average clusters visible: 451
Building PAS...
Average clusters audible: 451
visdatasize:55026  compressed from 57728
writing d:\juegos\steam\steamapps\common\garrysmod\garrysmod\addons\vjguardfixim_maps_src\maps\src\xen1.bsp
0 seconds elapsed



[Reading texlights from 'lights.rad']
[51 texlights parsed from 'lights.rad']
Loading d:\juegos\steam\steamapps\common\garrysmod\garrysmod\addons\vjguardfixim_maps_src\maps\src\xen1.bsp
Unable to load vertex data "models/props_foliage_new\xen_shrub_a.vvd"
Unable to load vertex data "models/props_foliage_new\xen_shrub_b.vvd"
BuildFacelights:     0...1...2...3...4...5...6...7...8...9...10 (1)
BuildStaticPropPatchlights: 0...1...2...3...4...5...6...7...8...9...10 (0)
BuildVisLeafs:       0...1...2...3...4...5...6...7...8...9...10 (1)
transfers 18662, max 65
static prop patch transfers 0
GatherLight:         0...1...2...3...4...5...6...7...8...9...10 (0)
GatherLight:         0...1...2...3...4...5...6...7...8...9...10 (0)
Build Patch/Sample Hash Table(s).....Done<0.0082 sec>
FinalLightFace:      0...1...2...3...4...5...6...7...8...9...10 (0)
FinalLightFace Done
0 of 0 (0% of) surface lights went in leaf ambient cubes.
ThreadComputeLeafAmbient: 0...1...2...3...4...5...6...7...8...9...10 (13)
Writing leaf ambient...done
Ready to Finish

Object names       Objects/Maxobjs  Memory / Maxmem  Fullness 
------------       ---------------  ---------------  -------- 
models                   5/4096          240/196608   ( 0.1%) 
brushes                 11/65535         132/786420   ( 0.0%) 
brushsides              80/655350        640/5242800  ( 0.0%) 
planes                 478/65536        9560/1310720  ( 0.7%) 
vertexes              1149/65536       13788/786432   ( 1.8%) 
nodes                 1524/65536       48768/2097152  ( 2.3%) 
texinfos                87/16384        6264/1179648  ( 0.5%) 
texdata                  5/8192          160/262144   ( 0.1%) 
dispinfos               78/0           13728/0        ( 0.0%) 
disp_verts           10062/0          201240/0        ( 0.0%) 
disp_tris            16896/0           33792/0        ( 0.0%) 
disp_multiblend          0/0               0/0        ( 0.0%) 
disp_lmsamples      795308/0          795308/0        ( 0.0%) 
faces                 1062/65536       59472/3670016  ( 1.6%) 
hdr faces                0/65536           0/3670016  ( 0.0%) 
origfaces              102/65536        5712/3670016  ( 0.2%) 
leaves                1530/65536       48960/2097152  ( 2.3%) 
leaffaces              985/65536        1970/131072   ( 1.5%) 
leafbrushes           1018/65536        2036/131072   ( 1.6%) 
areas                    2/1024           16/8192     ( 0.2%) 
surfedges             4688/512000      18752/2048000  ( 0.9%) 
edges                 2399/256000       9596/1024000  ( 0.9%) 
LDR worldlights          3/8192          264/720896   ( 0.0%) 
HDR worldlights          0/8192            0/720896   ( 0.0%) 
leafwaterdata            1/32768          12/393216   ( 0.0%) 
waterstrips              0/32768           0/327680   ( 0.0%) 
waterverts               0/65536           0/786432   ( 0.0%) 
waterindices             0/65536           0/131072   ( 0.0%) 
cubemapsamples           0/1024            0/16384    ( 0.0%) 
overlays                 0/8192            0/2883584  ( 0.0%) 
LDR lightdata         [variable]      754416/0        ( 0.0%) 
HDR lightdata         [variable]           0/0        ( 0.0%) 
visdata               [variable]       55026/16777216 ( 0.3%) 
entdata               [variable]       39004/4194304  ( 0.9%) 
LDR ambient table     1530/65536        6120/262144   ( 2.3%) 
HDR ambient table     1530/65536        6120/262144   ( 2.3%) 
LDR leaf ambient      1021/65536       28588/1835008  ( 1.6%) 
HDR leaf ambient      1530/65536       42840/1835008  ( 2.3%) 
occluders                0/0               0/0        ( 0.0%) 
occluder polygons        0/0               0/0        ( 0.0%) 
occluder vert ind        0/0               0/0        ( 0.0%) 
detail props          [variable]          12/0        ( 0.0%) 
static props          [variable]        7404/0        ( 0.0%) 
static prop count       72/16384           0/0        ( 0.4%) 
pakfile               [variable]       70992/0        ( 0.0%) 
physics               [variable]     1949123/4194304  (46.5%) 
physics terrain       [variable]           0/1048576  ( 0.0%) 

Level flags = 0

Total triangle count: 2140
Writing d:\juegos\steam\steamapps\common\garrysmod\garrysmod\addons\vjguardfixim_maps_src\maps\src\xen1.bsp
15 seconds elapsed




materialPath: D:\Juegos\Steam\steamapps\common\GarrysMod\garrysmod\materials
Loading d:\juegos\steam\steamapps\common\garrysmod\garrysmod\addons\vjguardfixim_maps_src\maps\src\xen1.vmf
Patching WVT material: maps/xen1/xeno/c4a1a_swmpwlb_wvt_patch
fixing up env_cubemap materials on brush sides...
ProcessBlock_Thread: 0...1...2...3...4...5...6...7...8...9...10 (0)
ProcessBlock_Thread: 0...1...2...3...4...5...6...7...8...9...10 (0)
Processing areas...done (0)
Building Faces...done (0)
FixTjuncs...
PruneNodes...
WriteBSP...
done (0)
writing d:\juegos\steam\steamapps\common\garrysmod\garrysmod\addons\vjguardfixim_maps_src\maps\src\xen1.prt...
Building visibility clusters...
done (0)
KeyValues Error: RecursiveLoadFromBuffer:  got EOF instead of keyname in file materials/skybox/xenspace5_skyup.vmt
UnlitGeneric, (*proxies*), (*Clamp*), 
KeyValues Error: RecursiveLoadFromBuffer:  got EOF instead of keyname in file materials/skybox/xenspace5_skyup.vmt
UnlitGeneric, (*proxies*), (*Clamp*), 
Creating default LDR cubemaps for env_cubemap using skybox materials:
   skybox/xenspace5_sky*.vmt
 ! Run buildcubemaps in the engine to get the correct cube maps.
Creating default HDR cubemaps for env_cubemap using skybox materials:
   skybox/xenspace5_sky*.vmt
 ! Run buildcubemaps in the engine to get the correct cube maps.
Finding displacement neighbors...
Finding lightmap sample positions...
Displacement Alpha : 0...1...2...3...4...5...6...7...8...9...10
Building Physics collision data...
WARNING: Map using power 4 displacements, terrain physics cannot be compressed, map will need additional memory and CPU.
done (0) (1949117 bytes)
Placing detail props : 0...1...2...3...4...5...6...7...8...9...10
Water found with no water_lod_control entity, creating a default one.
Compacting texture/material tables...
Reduced 247 texinfos to 87
Reduced 7 texdatas to 5 (158 bytes to 87)
Writing d:\juegos\steam\steamapps\common\garrysmod\garrysmod\addons\vjguardfixim_maps_src\maps\src\xen1.bsp
1 second elapsed



16 threads
reading d:\juegos\steam\steamapps\common\garrysmod\garrysmod\addons\vjguardfixim_maps_src\maps\src\xen1.bsp
reading d:\juegos\steam\steamapps\common\garrysmod\garrysmod\addons\vjguardfixim_maps_src\maps\src\xen1.prt
  74 portalclusters
 161 numportals
BasePortalVis:       0...1...2...3...4...5...6...7...8...9...10 (0)
Optimized: 0 visible clusters (0.00%)
Total clusters visible: 5476
Average clusters visible: 74
Building PAS...
Average clusters audible: 74
visdatasize:2076  compressed from 2368
writing d:\juegos\steam\steamapps\common\garrysmod\garrysmod\addons\vjguardfixim_maps_src\maps\src\xen1.bsp
0 seconds elapsed



[Reading texlights from 'lights.rad']
[51 texlights parsed from 'lights.rad']
Loading d:\juegos\steam\steamapps\common\garrysmod\garrysmod\addons\vjguardfixim_maps_src\maps\src\xen1.bsp
Unable to load vertex data "models/props_foliage_new\xen_shrub_a.vvd"
Unable to load vertex data "models/props_foliage_new\xen_shrub_b.vvd"
BuildFacelights:     0...1...2...3...4...5...6...7...8...9...10 (1)
BuildStaticPropPatchlights: 0...1...2...3...4...5...6...7...8...9...10 (0)
BuildVisLeafs:       0...1...2...3...4...5...6...7...8...9...10 (0)
transfers 17517, max 65
static prop patch transfers 0
GatherLight:         0...1...2...3...4...5...6...7...8...9...10 (0)
GatherLight:         0...1...2...3...4...5...6...7...8...9...10 (0)
Build Patch/Sample Hash Table(s).....Done<0.0082 sec>
FinalLightFace:      0...1...2...3...4...5...6...7...8...9...10 (1)
FinalLightFace Done
0 of 0 (0% of) surface lights went in leaf ambient cubes.
ThreadComputeLeafAmbient: 0...1...2...3...4...5...6...7...8...9...10 (2)
Writing leaf ambient...done
Ready to Finish

Object names       Objects/Maxobjs  Memory / Maxmem  Fullness 
------------       ---------------  ---------------  -------- 
models                   5/4096          240/196608   ( 0.1%) 
brushes                 11/65535         132/786420   ( 0.0%) 
brushsides              80/655350        640/5242800  ( 0.0%) 
planes                 412/65536        8240/1310720  ( 0.6%) 
vertexes               343/65536        4116/786432   ( 0.5%) 
nodes                  285/65536        9120/2097152  ( 0.4%) 
texinfos                87/16384        6264/1179648  ( 0.5%) 
texdata                  5/8192          160/262144   ( 0.1%) 
dispinfos               78/0           13728/0        ( 0.0%) 
disp_verts           10062/0          201240/0        ( 0.0%) 
disp_tris            16896/0           33792/0        ( 0.0%) 
disp_multiblend          0/0               0/0        ( 0.0%) 
disp_lmsamples      795308/0          795308/0        ( 0.0%) 
faces                  256/65536       14336/3670016  ( 0.4%) 
hdr faces                0/65536           0/3670016  ( 0.0%) 
origfaces              102/65536        5712/3670016  ( 0.2%) 
leaves                 291/65536        9312/2097152  ( 0.4%) 
leaffaces              179/65536         358/131072   ( 0.3%) 
leafbrushes            165/65536         330/131072   ( 0.3%) 
areas                    2/1024           16/8192     ( 0.2%) 
surfedges             1464/512000       5856/2048000  ( 0.3%) 
edges                  787/256000       3148/1024000  ( 0.3%) 
LDR worldlights          3/8192          264/720896   ( 0.0%) 
HDR worldlights          0/8192            0/720896   ( 0.0%) 
leafwaterdata            1/32768          12/393216   ( 0.0%) 
waterstrips              0/32768           0/327680   ( 0.0%) 
waterverts               0/65536           0/786432   ( 0.0%) 
waterindices             0/65536           0/131072   ( 0.0%) 
cubemapsamples           0/1024            0/16384    ( 0.0%) 
overlays                 0/8192            0/2883584  ( 0.0%) 
LDR lightdata         [variable]      754416/0        ( 0.0%) 
HDR lightdata         [variable]           0/0        ( 0.0%) 
visdata               [variable]        2076/16777216 ( 0.0%) 
entdata               [variable]       38284/4194304  ( 0.9%) 
LDR ambient table      291/65536        1164/262144   ( 0.4%) 
HDR ambient table      291/65536        1164/262144   ( 0.4%) 
LDR leaf ambient       686/65536       19208/1835008  ( 1.0%) 
HDR leaf ambient       291/65536        8148/1835008  ( 0.4%) 
occluders                0/0               0/0        ( 0.0%) 
occluder polygons        0/0               0/0        ( 0.0%) 
occluder vert ind        0/0               0/0        ( 0.0%) 
detail props          [variable]          12/0        ( 0.0%) 
static props          [variable]        7404/0        ( 0.0%) 
static prop count       72/16384           0/0        ( 0.4%) 
pakfile               [variable]       70992/0        ( 0.0%) 
physics               [variable]     1949117/4194304  (46.5%) 
physics terrain       [variable]           0/1048576  ( 0.0%) 

Level flags = 0

Total triangle count: 528
Writing d:\juegos\steam\steamapps\common\garrysmod\garrysmod\addons\vjguardfixim_maps_src\maps\src\xen1.bsp
4 seconds elapsed




materialPath: D:\Juegos\Steam\steamapps\common\GarrysMod\garrysmod\materials
Loading d:\juegos\steam\steamapps\common\garrysmod\garrysmod\addons\vjguardfixim_maps_src\maps\src\xen1.vmf
Patching WVT material: maps/xen1/xeno/c4a1a_swmpwlb_wvt_patch
fixing up env_cubemap materials on brush sides...
ProcessBlock_Thread: 0...1...2...3...4...5...6...7...8...9...10 (0)
ProcessBlock_Thread: 0...1...2...3...4...5...6...7...8...9...10 (0)
Processing areas...done (0)
Building Faces...done (0)
FixTjuncs...
PruneNodes...
WriteBSP...
done (0)
writing d:\juegos\steam\steamapps\common\garrysmod\garrysmod\addons\vjguardfixim_maps_src\maps\src\xen1.prt...
Building visibility clusters...
done (0)
KeyValues Error: RecursiveLoadFromBuffer:  got EOF instead of keyname in file materials/skybox/xenspace5_skyup.vmt
UnlitGeneric, (*proxies*), (*Clamp*), 
KeyValues Error: RecursiveLoadFromBuffer:  got EOF instead of keyname in file materials/skybox/xenspace5_skyup.vmt
UnlitGeneric, (*proxies*), (*Clamp*), 
Creating default LDR cubemaps for env_cubemap using skybox materials:
   skybox/xenspace5_sky*.vmt
 ! Run buildcubemaps in the engine to get the correct cube maps.
Creating default HDR cubemaps for env_cubemap using skybox materials:
   skybox/xenspace5_sky*.vmt
 ! Run buildcubemaps in the engine to get the correct cube maps.
Finding displacement neighbors...
Finding lightmap sample positions...
Displacement Alpha : 0...1...2...3...4...5...6...7...8...9...10
Building Physics collision data...
WARNING: Map using power 4 displacements, terrain physics cannot be compressed, map will need additional memory and CPU.
done (0) (1949117 bytes)
Placing detail props : 0...1...2...3...4...5...6...7...8...9...10
Water found with no water_lod_control entity, creating a default one.
Compacting texture/material tables...
Reduced 247 texinfos to 87
Reduced 7 texdatas to 5 (158 bytes to 87)
Writing d:\juegos\steam\steamapps\common\garrysmod\garrysmod\addons\vjguardfixim_maps_src\maps\src\xen1.bsp
1 second elapsed



16 threads
reading d:\juegos\steam\steamapps\common\garrysmod\garrysmod\addons\vjguardfixim_maps_src\maps\src\xen1.bsp
reading d:\juegos\steam\steamapps\common\garrysmod\garrysmod\addons\vjguardfixim_maps_src\maps\src\xen1.prt
  74 portalclusters
 161 numportals
BasePortalVis:       0...1...2...3...4...5...6...7...8...9...10 (0)
Optimized: 0 visible clusters (0.00%)
Total clusters visible: 5476
Average clusters visible: 74
Building PAS...
Average clusters audible: 74
visdatasize:2076  compressed from 2368
writing d:\juegos\steam\steamapps\common\garrysmod\garrysmod\addons\vjguardfixim_maps_src\maps\src\xen1.bsp
0 seconds elapsed



[Reading texlights from 'lights.rad']
[51 texlights parsed from 'lights.rad']
Loading d:\juegos\steam\steamapps\common\garrysmod\garrysmod\addons\vjguardfixim_maps_src\maps\src\xen1.bsp
Unable to load vertex data "models/props_foliage_new\xen_shrub_a.vvd"
Unable to load vertex data "models/props_foliage_new\xen_shrub_b.vvd"
BuildFacelights:     0...1...2...3...4...5...6...7...8...9...10 (1)
BuildStaticPropPatchlights: 0...1...2...3...4...5...6...7...8...9...10 (0)
BuildVisLeafs:       0...1...2...3...4...5...6...7...8...9...10 (0)
transfers 17517, max 65
static prop patch transfers 0
GatherLight:         0...1...2...3...4...5...6...7...8...9...10 (0)
GatherLight:         0...1...2...3...4...5...6...7...8...9...10 (0)
Build Patch/Sample Hash Table(s).....Done<0.0083 sec>
FinalLightFace:      0...1...2...3...4...5...6...7...8...9...10 (1)
FinalLightFace Done
0 of 0 (0% of) surface lights went in leaf ambient cubes.
ThreadComputeLeafAmbient: 0...1...2...3...4...5...6...7...8...9...10 (2)
Writing leaf ambient...done
Ready to Finish

Object names       Objects/Maxobjs  Memory / Maxmem  Fullness 
------------       ---------------  ---------------  -------- 
models                   5/4096          240/196608   ( 0.1%) 
brushes                 11/65535         132/786420   ( 0.0%) 
brushsides              80/655350        640/5242800  ( 0.0%) 
planes                 412/65536        8240/1310720  ( 0.6%) 
vertexes               343/65536        4116/786432   ( 0.5%) 
nodes                  285/65536        9120/2097152  ( 0.4%) 
texinfos                87/16384        6264/1179648  ( 0.5%) 
texdata                  5/8192          160/262144   ( 0.1%) 
dispinfos               78/0           13728/0        ( 0.0%) 
disp_verts           10062/0          201240/0        ( 0.0%) 
disp_tris            16896/0           33792/0        ( 0.0%) 
disp_multiblend          0/0               0/0        ( 0.0%) 
disp_lmsamples      795308/0          795308/0        ( 0.0%) 
faces                  256/65536       14336/3670016  ( 0.4%) 
hdr faces                0/65536           0/3670016  ( 0.0%) 
origfaces              102/65536        5712/3670016  ( 0.2%) 
leaves                 291/65536        9312/2097152  ( 0.4%) 
leaffaces              179/65536         358/131072   ( 0.3%) 
leafbrushes            165/65536         330/131072   ( 0.3%) 
areas                    2/1024           16/8192     ( 0.2%) 
surfedges             1464/512000       5856/2048000  ( 0.3%) 
edges                  787/256000       3148/1024000  ( 0.3%) 
LDR worldlights          3/8192          264/720896   ( 0.0%) 
HDR worldlights          0/8192            0/720896   ( 0.0%) 
leafwaterdata            1/32768          12/393216   ( 0.0%) 
waterstrips              0/32768           0/327680   ( 0.0%) 
waterverts               0/65536           0/786432   ( 0.0%) 
waterindices             0/65536           0/131072   ( 0.0%) 
cubemapsamples           0/1024            0/16384    ( 0.0%) 
overlays                 0/8192            0/2883584  ( 0.0%) 
LDR lightdata         [variable]      754416/0        ( 0.0%) 
HDR lightdata         [variable]           0/0        ( 0.0%) 
visdata               [variable]        2076/16777216 ( 0.0%) 
entdata               [variable]       38345/4194304  ( 0.9%) 
LDR ambient table      291/65536        1164/262144   ( 0.4%) 
HDR ambient table      291/65536        1164/262144   ( 0.4%) 
LDR leaf ambient       686/65536       19208/1835008  ( 1.0%) 
HDR leaf ambient       291/65536        8148/1835008  ( 0.4%) 
occluders                0/0               0/0        ( 0.0%) 
occluder polygons        0/0               0/0        ( 0.0%) 
occluder vert ind        0/0               0/0        ( 0.0%) 
detail props          [variable]          12/0        ( 0.0%) 
static props          [variable]        7404/0        ( 0.0%) 
static prop count       72/16384           0/0        ( 0.4%) 
pakfile               [variable]       70992/0        ( 0.0%) 
physics               [variable]     1949117/4194304  (46.5%) 
physics terrain       [variable]           0/1048576  ( 0.0%) 

Level flags = 0

Total triangle count: 528
Writing d:\juegos\steam\steamapps\common\garrysmod\garrysmod\addons\vjguardfixim_maps_src\maps\src\xen1.bsp
4 seconds elapsed




materialPath: D:\Juegos\Steam\steamapps\common\GarrysMod\garrysmod\materials
Loading d:\juegos\steam\steamapps\common\garrysmod\garrysmod\addons\vjguardfixim_maps_src\maps\src\xen1.vmf
Patching WVT material: maps/xen1/xeno/c4a1a_swmpwlb_wvt_patch
fixing up env_cubemap materials on brush sides...
ProcessBlock_Thread: 0...1...2...3...4...5...6...7...8...9...10 (0)
ProcessBlock_Thread: 0...1...2...3...4...5...6...7...8...9...10 (0)
Processing areas...done (0)
Building Faces...done (0)
FixTjuncs...
PruneNodes...
WriteBSP...
done (0)
writing d:\juegos\steam\steamapps\common\garrysmod\garrysmod\addons\vjguardfixim_maps_src\maps\src\xen1.prt...
Building visibility clusters...
done (0)
KeyValues Error: RecursiveLoadFromBuffer:  got EOF instead of keyname in file materials/skybox/xenspace5_skyup.vmt
UnlitGeneric, (*proxies*), (*Clamp*), 
KeyValues Error: RecursiveLoadFromBuffer:  got EOF instead of keyname in file materials/skybox/xenspace5_skyup.vmt
UnlitGeneric, (*proxies*), (*Clamp*), 
Creating default LDR cubemaps for env_cubemap using skybox materials:
   skybox/xenspace5_sky*.vmt
 ! Run buildcubemaps in the engine to get the correct cube maps.
Creating default HDR cubemaps for env_cubemap using skybox materials:
   skybox/xenspace5_sky*.vmt
 ! Run buildcubemaps in the engine to get the correct cube maps.
Finding displacement neighbors...
Finding lightmap sample positions...
Displacement Alpha : 0...1...2...3...4...5...6...7...8...9...10
Building Physics collision data...
WARNING: Map using power 4 displacements, terrain physics cannot be compressed, map will need additional memory and CPU.
done (0) (1949117 bytes)
Placing detail props : 0...1...2...3...4...5...6...7...8...9...10
Water found with no water_lod_control entity, creating a default one.
Compacting texture/material tables...
Reduced 247 texinfos to 87
Reduced 7 texdatas to 5 (158 bytes to 87)
Writing d:\juegos\steam\steamapps\common\garrysmod\garrysmod\addons\vjguardfixim_maps_src\maps\src\xen1.bsp
1 second elapsed



16 threads
reading d:\juegos\steam\steamapps\common\garrysmod\garrysmod\addons\vjguardfixim_maps_src\maps\src\xen1.bsp
reading d:\juegos\steam\steamapps\common\garrysmod\garrysmod\addons\vjguardfixim_maps_src\maps\src\xen1.prt
  74 portalclusters
 161 numportals
BasePortalVis:       0...1...2...3...4...5...6...7...8...9...10 (0)
Optimized: 0 visible clusters (0.00%)
Total clusters visible: 5476
Average clusters visible: 74
Building PAS...
Average clusters audible: 74
visdatasize:2076  compressed from 2368
writing d:\juegos\steam\steamapps\common\garrysmod\garrysmod\addons\vjguardfixim_maps_src\maps\src\xen1.bsp
0 seconds elapsed



[Reading texlights from 'lights.rad']
[51 texlights parsed from 'lights.rad']
Loading d:\juegos\steam\steamapps\common\garrysmod\garrysmod\addons\vjguardfixim_maps_src\maps\src\xen1.bsp
Unable to load vertex data "models/props_foliage_new\xen_shrub_a.vvd"
Unable to load vertex data "models/props_foliage_new\xen_shrub_b.vvd"
BuildFacelights:     0...1...2...3...4...5...6...7...8...9...10 (1)
BuildStaticPropPatchlights: 0...1...2...3...4...5...6...7...8...9...10 (0)
BuildVisLeafs:       0...1...2...3...4...5...6...7...8...9...10 (0)
transfers 17517, max 65
static prop patch transfers 0
GatherLight:         0...1...2...3...4...5...6...7...8...9...10 (0)
GatherLight:         0...1...2...3...4...5...6...7...8...9...10 (0)
Build Patch/Sample Hash Table(s).....Done<0.0082 sec>
FinalLightFace:      0...1...2...3...4...5...6...7...8...9...10 (1)
FinalLightFace Done
0 of 0 (0% of) surface lights went in leaf ambient cubes.
ThreadComputeLeafAmbient: 0...1...2...3...4...5...6...7...8...9...10 (2)
Writing leaf ambient...done
Ready to Finish

Object names       Objects/Maxobjs  Memory / Maxmem  Fullness 
------------       ---------------  ---------------  -------- 
models                   5/4096          240/196608   ( 0.1%) 
brushes                 11/65535         132/786420   ( 0.0%) 
brushsides              80/655350        640/5242800  ( 0.0%) 
planes                 412/65536        8240/1310720  ( 0.6%) 
vertexes               343/65536        4116/786432   ( 0.5%) 
nodes                  285/65536        9120/2097152  ( 0.4%) 
texinfos                87/16384        6264/1179648  ( 0.5%) 
texdata                  5/8192          160/262144   ( 0.1%) 
dispinfos               78/0           13728/0        ( 0.0%) 
disp_verts           10062/0          201240/0        ( 0.0%) 
disp_tris            16896/0           33792/0        ( 0.0%) 
disp_multiblend          0/0               0/0        ( 0.0%) 
disp_lmsamples      795308/0          795308/0        ( 0.0%) 
faces                  256/65536       14336/3670016  ( 0.4%) 
hdr faces                0/65536           0/3670016  ( 0.0%) 
origfaces              102/65536        5712/3670016  ( 0.2%) 
leaves                 291/65536        9312/2097152  ( 0.4%) 
leaffaces              179/65536         358/131072   ( 0.3%) 
leafbrushes            165/65536         330/131072   ( 0.3%) 
areas                    2/1024           16/8192     ( 0.2%) 
surfedges             1464/512000       5856/2048000  ( 0.3%) 
edges                  787/256000       3148/1024000  ( 0.3%) 
LDR worldlights          3/8192          264/720896   ( 0.0%) 
HDR worldlights          0/8192            0/720896   ( 0.0%) 
leafwaterdata            1/32768          12/393216   ( 0.0%) 
waterstrips              0/32768           0/327680   ( 0.0%) 
waterverts               0/65536           0/786432   ( 0.0%) 
waterindices             0/65536           0/131072   ( 0.0%) 
cubemapsamples           0/1024            0/16384    ( 0.0%) 
overlays                 0/8192            0/2883584  ( 0.0%) 
LDR lightdata         [variable]      754416/0        ( 0.0%) 
HDR lightdata         [variable]           0/0        ( 0.0%) 
visdata               [variable]        2076/16777216 ( 0.0%) 
entdata               [variable]       38480/4194304  ( 0.9%) 
LDR ambient table      291/65536        1164/262144   ( 0.4%) 
HDR ambient table      291/65536        1164/262144   ( 0.4%) 
LDR leaf ambient       686/65536       19208/1835008  ( 1.0%) 
HDR leaf ambient       291/65536        8148/1835008  ( 0.4%) 
occluders                0/0               0/0        ( 0.0%) 
occluder polygons        0/0               0/0        ( 0.0%) 
occluder vert ind        0/0               0/0        ( 0.0%) 
detail props          [variable]          12/0        ( 0.0%) 
static props          [variable]        7404/0        ( 0.0%) 
static prop count       72/16384           0/0        ( 0.4%) 
pakfile               [variable]       70992/0        ( 0.0%) 
physics               [variable]     1949117/4194304  (46.5%) 
physics terrain       [variable]           0/1048576  ( 0.0%) 

Level flags = 0

Total triangle count: 528
Writing d:\juegos\steam\steamapps\common\garrysmod\garrysmod\addons\vjguardfixim_maps_src\maps\src\xen1.bsp
4 seconds elapsed




materialPath: D:\Juegos\Steam\steamapps\common\GarrysMod\garrysmod\materials
Loading d:\juegos\steam\steamapps\common\garrysmod\garrysmod\addons\vjguardfixim_maps_src\maps\src\xen1.vmf
Patching WVT material: maps/xen1/xeno/c4a1a_swmpwlb_wvt_patch
fixing up env_cubemap materials on brush sides...
ProcessBlock_Thread: 0...1...2...3...4...5...6...7...8...9...10 (0)
ProcessBlock_Thread: 0...1...2...3...4...5...6...7...8...9...10 (0)
Processing areas...done (0)
Building Faces...done (0)
FixTjuncs...
PruneNodes...
WriteBSP...
done (0)
writing d:\juegos\steam\steamapps\common\garrysmod\garrysmod\addons\vjguardfixim_maps_src\maps\src\xen1.prt...
Building visibility clusters...
done (0)
KeyValues Error: RecursiveLoadFromBuffer:  got EOF instead of keyname in file materials/skybox/xenspace5_skyup.vmt
UnlitGeneric, (*proxies*), (*Clamp*), 
KeyValues Error: RecursiveLoadFromBuffer:  got EOF instead of keyname in file materials/skybox/xenspace5_skyup.vmt
UnlitGeneric, (*proxies*), (*Clamp*), 
Creating default LDR cubemaps for env_cubemap using skybox materials:
   skybox/xenspace5_sky*.vmt
 ! Run buildcubemaps in the engine to get the correct cube maps.
Creating default HDR cubemaps for env_cubemap using skybox materials:
   skybox/xenspace5_sky*.vmt
 ! Run buildcubemaps in the engine to get the correct cube maps.
Finding displacement neighbors...
Finding lightmap sample positions...
Displacement Alpha : 0...1...2...3...4...5...6...7...8...9...10
Building Physics collision data...
WARNING: Map using power 4 displacements, terrain physics cannot be compressed, map will need additional memory and CPU.
done (0) (1949117 bytes)
Placing detail props : 0...1...2...3...4...5...6...7...8...9...10
Water found with no water_lod_control entity, creating a default one.
Compacting texture/material tables...
Reduced 247 texinfos to 87
Reduced 7 texdatas to 5 (158 bytes to 87)
Writing d:\juegos\steam\steamapps\common\garrysmod\garrysmod\addons\vjguardfixim_maps_src\maps\src\xen1.bsp
1 second elapsed



16 threads
reading d:\juegos\steam\steamapps\common\garrysmod\garrysmod\addons\vjguardfixim_maps_src\maps\src\xen1.bsp
reading d:\juegos\steam\steamapps\common\garrysmod\garrysmod\addons\vjguardfixim_maps_src\maps\src\xen1.prt
  74 portalclusters
 161 numportals
BasePortalVis:       0...1...2...3...4...5...6...7...8...9...10 (0)
Optimized: 0 visible clusters (0.00%)
Total clusters visible: 5476
Average clusters visible: 74
Building PAS...
Average clusters audible: 74
visdatasize:2076  compressed from 2368
writing d:\juegos\steam\steamapps\common\garrysmod\garrysmod\addons\vjguardfixim_maps_src\maps\src\xen1.bsp
0 seconds elapsed



[Reading texlights from 'lights.rad']
[51 texlights parsed from 'lights.rad']
Loading d:\juegos\steam\steamapps\common\garrysmod\garrysmod\addons\vjguardfixim_maps_src\maps\src\xen1.bsp
Unable to load vertex data "models/props_foliage_new\xen_shrub_a.vvd"
Unable to load vertex data "models/props_foliage_new\xen_shrub_b.vvd"
BuildFacelights:     0...1...2...3...4...5...6...7...8...9...10 (1)
BuildStaticPropPatchlights: 0...1...2...3...4...5...6...7...8...9...10 (0)
BuildVisLeafs:       0...1...2...3...4...5...6...7...8...9...10 (0)
transfers 17517, max 65
static prop patch transfers 0
GatherLight:         0...1...2...3...4...5...6...7...8...9...10 (0)
GatherLight:         0...1...2...3...4...5...6...7...8...9...10 (0)
Build Patch/Sample Hash Table(s).....Done<0.0086 sec>
FinalLightFace:      0...1...2...3...4...5...6...7...8...9...10 (1)
FinalLightFace Done
0 of 0 (0% of) surface lights went in leaf ambient cubes.
ThreadComputeLeafAmbient: 0...1...2...3...4...5...6...7...8...9...10 (2)
Writing leaf ambient...done
Ready to Finish

Object names       Objects/Maxobjs  Memory / Maxmem  Fullness 
------------       ---------------  ---------------  -------- 
models                   5/4096          240/196608   ( 0.1%) 
brushes                 11/65535         132/786420   ( 0.0%) 
brushsides              80/655350        640/5242800  ( 0.0%) 
planes                 412/65536        8240/1310720  ( 0.6%) 
vertexes               343/65536        4116/786432   ( 0.5%) 
nodes                  285/65536        9120/2097152  ( 0.4%) 
texinfos                87/16384        6264/1179648  ( 0.5%) 
texdata                  5/8192          160/262144   ( 0.1%) 
dispinfos               78/0           13728/0        ( 0.0%) 
disp_verts           10062/0          201240/0        ( 0.0%) 
disp_tris            16896/0           33792/0        ( 0.0%) 
disp_multiblend          0/0               0/0        ( 0.0%) 
disp_lmsamples      795308/0          795308/0        ( 0.0%) 
faces                  256/65536       14336/3670016  ( 0.4%) 
hdr faces                0/65536           0/3670016  ( 0.0%) 
origfaces              102/65536        5712/3670016  ( 0.2%) 
leaves                 291/65536        9312/2097152  ( 0.4%) 
leaffaces              179/65536         358/131072   ( 0.3%) 
leafbrushes            165/65536         330/131072   ( 0.3%) 
areas                    2/1024           16/8192     ( 0.2%) 
surfedges             1464/512000       5856/2048000  ( 0.3%) 
edges                  787/256000       3148/1024000  ( 0.3%) 
LDR worldlights          3/8192          264/720896   ( 0.0%) 
HDR worldlights          0/8192            0/720896   ( 0.0%) 
leafwaterdata            1/32768          12/393216   ( 0.0%) 
waterstrips              0/32768           0/327680   ( 0.0%) 
waterverts               0/65536           0/786432   ( 0.0%) 
waterindices             0/65536           0/131072   ( 0.0%) 
cubemapsamples           0/1024            0/16384    ( 0.0%) 
overlays                 0/8192            0/2883584  ( 0.0%) 
LDR lightdata         [variable]      754416/0        ( 0.0%) 
HDR lightdata         [variable]           0/0        ( 0.0%) 
visdata               [variable]        2076/16777216 ( 0.0%) 
entdata               [variable]       38320/4194304  ( 0.9%) 
LDR ambient table      291/65536        1164/262144   ( 0.4%) 
HDR ambient table      291/65536        1164/262144   ( 0.4%) 
LDR leaf ambient       686/65536       19208/1835008  ( 1.0%) 
HDR leaf ambient       291/65536        8148/1835008  ( 0.4%) 
occluders                0/0               0/0        ( 0.0%) 
occluder polygons        0/0               0/0        ( 0.0%) 
occluder vert ind        0/0               0/0        ( 0.0%) 
detail props          [variable]          12/0        ( 0.0%) 
static props          [variable]        7404/0        ( 0.0%) 
static prop count       72/16384           0/0        ( 0.4%) 
pakfile               [variable]       70992/0        ( 0.0%) 
physics               [variable]     1949117/4194304  (46.5%) 
physics terrain       [variable]           0/1048576  ( 0.0%) 

Level flags = 0

Total triangle count: 528
Writing d:\juegos\steam\steamapps\common\garrysmod\garrysmod\addons\vjguardfixim_maps_src\maps\src\xen1.bsp
4 seconds elapsed




materialPath: D:\Juegos\Steam\steamapps\common\GarrysMod\garrysmod\materials
Loading d:\juegos\steam\steamapps\common\garrysmod\garrysmod\addons\vjguardfixim_maps_src\maps\src\xen1.vmf
Patching WVT material: maps/xen1/xeno/c4a1a_swmpwlb_wvt_patch
fixing up env_cubemap materials on brush sides...
ProcessBlock_Thread: 0...1...2...3...4...5...6...7...8...9...10 (0)
ProcessBlock_Thread: 0...1...2...3...4...5...6...7...8...9...10 (0)
Processing areas...done (0)
Building Faces...done (0)
FixTjuncs...
PruneNodes...
WriteBSP...
done (0)
writing d:\juegos\steam\steamapps\common\garrysmod\garrysmod\addons\vjguardfixim_maps_src\maps\src\xen1.prt...
Building visibility clusters...
done (0)
KeyValues Error: RecursiveLoadFromBuffer:  got EOF instead of keyname in file materials/skybox/xenspace5_skyup.vmt
UnlitGeneric, (*proxies*), (*Clamp*), 
KeyValues Error: RecursiveLoadFromBuffer:  got EOF instead of keyname in file materials/skybox/xenspace5_skyup.vmt
UnlitGeneric, (*proxies*), (*Clamp*), 
Creating default LDR cubemaps for env_cubemap using skybox materials:
   skybox/xenspace5_sky*.vmt
 ! Run buildcubemaps in the engine to get the correct cube maps.
Creating default HDR cubemaps for env_cubemap using skybox materials:
   skybox/xenspace5_sky*.vmt
 ! Run buildcubemaps in the engine to get the correct cube maps.
Finding displacement neighbors...
Finding lightmap sample positions...
Displacement Alpha : 0...1...2...3...4...5...6...7...8...9...10
Building Physics collision data...
WARNING: Map using power 4 displacements, terrain physics cannot be compressed, map will need additional memory and CPU.
done (0) (1949117 bytes)
Placing detail props : 0...1...2...3...4...5...6...7...8...9...10
Water found with no water_lod_control entity, creating a default one.
Compacting texture/material tables...
Reduced 247 texinfos to 87
Reduced 7 texdatas to 5 (158 bytes to 87)
Writing d:\juegos\steam\steamapps\common\garrysmod\garrysmod\addons\vjguardfixim_maps_src\maps\src\xen1.bsp
1 second elapsed



16 threads
reading d:\juegos\steam\steamapps\common\garrysmod\garrysmod\addons\vjguardfixim_maps_src\maps\src\xen1.bsp
reading d:\juegos\steam\steamapps\common\garrysmod\garrysmod\addons\vjguardfixim_maps_src\maps\src\xen1.prt
  74 portalclusters
 161 numportals
BasePortalVis:       0...1...2...3...4...5...6...7...8...9...10 (0)
Optimized: 0 visible clusters (0.00%)
Total clusters visible: 5476
Average clusters visible: 74
Building PAS...
Average clusters audible: 74
visdatasize:2076  compressed from 2368
writing d:\juegos\steam\steamapps\common\garrysmod\garrysmod\addons\vjguardfixim_maps_src\maps\src\xen1.bsp
0 seconds elapsed



[Reading texlights from 'lights.rad']
[51 texlights parsed from 'lights.rad']
Loading d:\juegos\steam\steamapps\common\garrysmod\garrysmod\addons\vjguardfixim_maps_src\maps\src\xen1.bsp
Unable to load vertex data "models/props_foliage_new\xen_shrub_a.vvd"
Unable to load vertex data "models/props_foliage_new\xen_shrub_b.vvd"
BuildFacelights:     0...1...2...3...4...5...6...7...8...9...10 (1)
BuildStaticPropPatchlights: 0...1...2...3...4...5...6...7...8...9...10 (0)
BuildVisLeafs:       0...1...2...3...4...5...6...7...8...9...10 (0)
transfers 17517, max 65
static prop patch transfers 0
GatherLight:         0...1...2...3...4...5...6...7...8...9...10 (0)
GatherLight:         0...1...2...3...4...5...6...7...8...9...10 (0)
Build Patch/Sample Hash Table(s).....Done<0.0083 sec>
FinalLightFace:      0...1...2...3...4...5...6...7...8...9...10 (1)
FinalLightFace Done
0 of 0 (0% of) surface lights went in leaf ambient cubes.
ThreadComputeLeafAmbient: 0...1...2...3...4...5...6...7...8...9...10 (2)
Writing leaf ambient...done
Ready to Finish

Object names       Objects/Maxobjs  Memory / Maxmem  Fullness 
------------       ---------------  ---------------  -------- 
models                   5/4096          240/196608   ( 0.1%) 
brushes                 11/65535         132/786420   ( 0.0%) 
brushsides              80/655350        640/5242800  ( 0.0%) 
planes                 412/65536        8240/1310720  ( 0.6%) 
vertexes               343/65536        4116/786432   ( 0.5%) 
nodes                  285/65536        9120/2097152  ( 0.4%) 
texinfos                87/16384        6264/1179648  ( 0.5%) 
texdata                  5/8192          160/262144   ( 0.1%) 
dispinfos               78/0           13728/0        ( 0.0%) 
disp_verts           10062/0          201240/0        ( 0.0%) 
disp_tris            16896/0           33792/0        ( 0.0%) 
disp_multiblend          0/0               0/0        ( 0.0%) 
disp_lmsamples      795308/0          795308/0        ( 0.0%) 
faces                  256/65536       14336/3670016  ( 0.4%) 
hdr faces                0/65536           0/3670016  ( 0.0%) 
origfaces              102/65536        5712/3670016  ( 0.2%) 
leaves                 291/65536        9312/2097152  ( 0.4%) 
leaffaces              179/65536         358/131072   ( 0.3%) 
leafbrushes            165/65536         330/131072   ( 0.3%) 
areas                    2/1024           16/8192     ( 0.2%) 
surfedges             1464/512000       5856/2048000  ( 0.3%) 
edges                  787/256000       3148/1024000  ( 0.3%) 
LDR worldlights          3/8192          264/720896   ( 0.0%) 
HDR worldlights          0/8192            0/720896   ( 0.0%) 
leafwaterdata            1/32768          12/393216   ( 0.0%) 
waterstrips              0/32768           0/327680   ( 0.0%) 
waterverts               0/65536           0/786432   ( 0.0%) 
waterindices             0/65536           0/131072   ( 0.0%) 
cubemapsamples           0/1024            0/16384    ( 0.0%) 
overlays                 0/8192            0/2883584  ( 0.0%) 
LDR lightdata         [variable]      754416/0        ( 0.0%) 
HDR lightdata         [variable]           0/0        ( 0.0%) 
visdata               [variable]        2076/16777216 ( 0.0%) 
entdata               [variable]       38609/4194304  ( 0.9%) 
LDR ambient table      291/65536        1164/262144   ( 0.4%) 
HDR ambient table      291/65536        1164/262144   ( 0.4%) 
LDR leaf ambient       686/65536       19208/1835008  ( 1.0%) 
HDR leaf ambient       291/65536        8148/1835008  ( 0.4%) 
occluders                0/0               0/0        ( 0.0%) 
occluder polygons        0/0               0/0        ( 0.0%) 
occluder vert ind        0/0               0/0        ( 0.0%) 
detail props          [variable]          12/0        ( 0.0%) 
static props          [variable]        7404/0        ( 0.0%) 
static prop count       72/16384           0/0        ( 0.4%) 
pakfile               [variable]       70992/0        ( 0.0%) 
physics               [variable]     1949117/4194304  (46.5%) 
physics terrain       [variable]           0/1048576  ( 0.0%) 

Level flags = 0

Total triangle count: 528
Writing d:\juegos\steam\steamapps\common\garrysmod\garrysmod\addons\vjguardfixim_maps_src\maps\src\xen1.bsp
4 seconds elapsed




materialPath: D:\Juegos\Steam\steamapps\common\GarrysMod\garrysmod\materials
Loading d:\juegos\steam\steamapps\common\garrysmod\garrysmod\addons\vjguardfixim_maps_src\maps\src\xen1.vmf
Patching WVT material: maps/xen1/xeno/c4a1a_swmpwlb_wvt_patch
fixing up env_cubemap materials on brush sides...
ProcessBlock_Thread: 0...1...2...3...4...5...6...7...8...9...10 (0)
ProcessBlock_Thread: 0...1...2...3...4...5...6...7...8...9...10 (0)
Processing areas...done (0)
Building Faces...done (0)
FixTjuncs...
PruneNodes...
WriteBSP...
done (0)
writing d:\juegos\steam\steamapps\common\garrysmod\garrysmod\addons\vjguardfixim_maps_src\maps\src\xen1.prt...
Building visibility clusters...
done (0)
KeyValues Error: RecursiveLoadFromBuffer:  got EOF instead of keyname in file materials/skybox/xenspace5_skyup.vmt
UnlitGeneric, (*proxies*), (*Clamp*), 
KeyValues Error: RecursiveLoadFromBuffer:  got EOF instead of keyname in file materials/skybox/xenspace5_skyup.vmt
UnlitGeneric, (*proxies*), (*Clamp*), 
Creating default LDR cubemaps for env_cubemap using skybox materials:
   skybox/xenspace5_sky*.vmt
 ! Run buildcubemaps in the engine to get the correct cube maps.
Creating default HDR cubemaps for env_cubemap using skybox materials:
   skybox/xenspace5_sky*.vmt
 ! Run buildcubemaps in the engine to get the correct cube maps.
Finding displacement neighbors...
Finding lightmap sample positions...
Displacement Alpha : 0...1...2...3...4...5...6...7...8...9...10
Building Physics collision data...
WARNING: Map using power 4 displacements, terrain physics cannot be compressed, map will need additional memory and CPU.
done (0) (1949117 bytes)
Placing detail props : 0...1...2...3...4...5...6...7...8...9...10
Water found with no water_lod_control entity, creating a default one.
Compacting texture/material tables...
Reduced 247 texinfos to 87
Reduced 7 texdatas to 5 (158 bytes to 87)
Writing d:\juegos\steam\steamapps\common\garrysmod\garrysmod\addons\vjguardfixim_maps_src\maps\src\xen1.bsp
1 second elapsed



16 threads
reading d:\juegos\steam\steamapps\common\garrysmod\garrysmod\addons\vjguardfixim_maps_src\maps\src\xen1.bsp
reading d:\juegos\steam\steamapps\common\garrysmod\garrysmod\addons\vjguardfixim_maps_src\maps\src\xen1.prt
  74 portalclusters
 161 numportals
BasePortalVis:       0...1...2...3...4...5...6...7...8...9...10 (0)
Optimized: 0 visible clusters (0.00%)
Total clusters visible: 5476
Average clusters visible: 74
Building PAS...
Average clusters audible: 74
visdatasize:2076  compressed from 2368
writing d:\juegos\steam\steamapps\common\garrysmod\garrysmod\addons\vjguardfixim_maps_src\maps\src\xen1.bsp
0 seconds elapsed



[Reading texlights from 'lights.rad']
[51 texlights parsed from 'lights.rad']
Loading d:\juegos\steam\steamapps\common\garrysmod\garrysmod\addons\vjguardfixim_maps_src\maps\src\xen1.bsp
Unable to load vertex data "models/props_foliage_new\xen_shrub_a.vvd"
Unable to load vertex data "models/props_foliage_new\xen_shrub_b.vvd"
BuildFacelights:     0...1...2...3...4...5...6...7...8...9...10 (1)
BuildStaticPropPatchlights: 0...1...2...3...4...5...6...7...8...9...10 (0)
BuildVisLeafs:       0...1...2...3...4...5...6...7...8...9...10 (0)
transfers 17517, max 65
static prop patch transfers 0
GatherLight:         0...1...2...3...4...5...6...7...8...9...10 (0)
GatherLight:         0...1...2...3...4...5...6...7...8...9...10 (0)
Build Patch/Sample Hash Table(s).....Done<0.0084 sec>
FinalLightFace:      0...1...2...3...4...5...6...7...8...9...10 (1)
FinalLightFace Done
0 of 0 (0% of) surface lights went in leaf ambient cubes.
ThreadComputeLeafAmbient: 0...1...2...3...4...5...6...7...8...9...10 (2)
Writing leaf ambient...done
Ready to Finish

Object names       Objects/Maxobjs  Memory / Maxmem  Fullness 
------------       ---------------  ---------------  -------- 
models                   5/4096          240/196608   ( 0.1%) 
brushes                 11/65535         132/786420   ( 0.0%) 
brushsides              80/655350        640/5242800  ( 0.0%) 
planes                 412/65536        8240/1310720  ( 0.6%) 
vertexes               343/65536        4116/786432   ( 0.5%) 
nodes                  285/65536        9120/2097152  ( 0.4%) 
texinfos                87/16384        6264/1179648  ( 0.5%) 
texdata                  5/8192          160/262144   ( 0.1%) 
dispinfos               78/0           13728/0        ( 0.0%) 
disp_verts           10062/0          201240/0        ( 0.0%) 
disp_tris            16896/0           33792/0        ( 0.0%) 
disp_multiblend          0/0               0/0        ( 0.0%) 
disp_lmsamples      795308/0          795308/0        ( 0.0%) 
faces                  256/65536       14336/3670016  ( 0.4%) 
hdr faces                0/65536           0/3670016  ( 0.0%) 
origfaces              102/65536        5712/3670016  ( 0.2%) 
leaves                 291/65536        9312/2097152  ( 0.4%) 
leaffaces              179/65536         358/131072   ( 0.3%) 
leafbrushes            165/65536         330/131072   ( 0.3%) 
areas                    2/1024           16/8192     ( 0.2%) 
surfedges             1464/512000       5856/2048000  ( 0.3%) 
edges                  787/256000       3148/1024000  ( 0.3%) 
LDR worldlights          3/8192          264/720896   ( 0.0%) 
HDR worldlights          0/8192            0/720896   ( 0.0%) 
leafwaterdata            1/32768          12/393216   ( 0.0%) 
waterstrips              0/32768           0/327680   ( 0.0%) 
waterverts               0/65536           0/786432   ( 0.0%) 
waterindices             0/65536           0/131072   ( 0.0%) 
cubemapsamples           0/1024            0/16384    ( 0.0%) 
overlays                 0/8192            0/2883584  ( 0.0%) 
LDR lightdata         [variable]      754416/0        ( 0.0%) 
HDR lightdata         [variable]           0/0        ( 0.0%) 
visdata               [variable]        2076/16777216 ( 0.0%) 
entdata               [variable]       38378/4194304  ( 0.9%) 
LDR ambient table      291/65536        1164/262144   ( 0.4%) 
HDR ambient table      291/65536        1164/262144   ( 0.4%) 
LDR leaf ambient       686/65536       19208/1835008  ( 1.0%) 
HDR leaf ambient       291/65536        8148/1835008  ( 0.4%) 
occluders                0/0               0/0        ( 0.0%) 
occluder polygons        0/0               0/0        ( 0.0%) 
occluder vert ind        0/0               0/0        ( 0.0%) 
detail props          [variable]          12/0        ( 0.0%) 
static props          [variable]        7404/0        ( 0.0%) 
static prop count       72/16384           0/0        ( 0.4%) 
pakfile               [variable]       70992/0        ( 0.0%) 
physics               [variable]     1949117/4194304  (46.5%) 
physics terrain       [variable]           0/1048576  ( 0.0%) 

Level flags = 0

Total triangle count: 528
Writing d:\juegos\steam\steamapps\common\garrysmod\garrysmod\addons\vjguardfixim_maps_src\maps\src\xen1.bsp
4 seconds elapsed




materialPath: D:\Juegos\Steam\steamapps\common\GarrysMod\garrysmod\materials
Loading d:\juegos\steam\steamapps\common\garrysmod\garrysmod\addons\vjguardfixim_maps_src\maps\src\xen1.vmf
Patching WVT material: maps/xen1/xeno/c4a1a_swmpwlb_wvt_patch
fixing up env_cubemap materials on brush sides...
ProcessBlock_Thread: 0...1...2...3...4...5...6...7...8...9...10 (0)
ProcessBlock_Thread: 0...1...2...3...4...5...6...7...8...9...10 (0)
Processing areas...done (0)
Building Faces...done (0)
FixTjuncs...
PruneNodes...
WriteBSP...
done (0)
writing d:\juegos\steam\steamapps\common\garrysmod\garrysmod\addons\vjguardfixim_maps_src\maps\src\xen1.prt...
Building visibility clusters...
done (0)
KeyValues Error: RecursiveLoadFromBuffer:  got EOF instead of keyname in file materials/skybox/xenspace5_skyup.vmt
UnlitGeneric, (*proxies*), (*Clamp*), 
KeyValues Error: RecursiveLoadFromBuffer:  got EOF instead of keyname in file materials/skybox/xenspace5_skyup.vmt
UnlitGeneric, (*proxies*), (*Clamp*), 
Creating default LDR cubemaps for env_cubemap using skybox materials:
   skybox/xenspace5_sky*.vmt
 ! Run buildcubemaps in the engine to get the correct cube maps.
Creating default HDR cubemaps for env_cubemap using skybox materials:
   skybox/xenspace5_sky*.vmt
 ! Run buildcubemaps in the engine to get the correct cube maps.
Finding displacement neighbors...
Finding lightmap sample positions...
Displacement Alpha : 0...1...2...3...4...5...6...7...8...9...10
Building Physics collision data...
WARNING: Map using power 4 displacements, terrain physics cannot be compressed, map will need additional memory and CPU.
done (0) (1949117 bytes)
Placing detail props : 0...1...2...3...4...5...6...7...8...9...10
Water found with no water_lod_control entity, creating a default one.
Compacting texture/material tables...
Reduced 247 texinfos to 87
Reduced 7 texdatas to 5 (158 bytes to 87)
Writing d:\juegos\steam\steamapps\common\garrysmod\garrysmod\addons\vjguardfixim_maps_src\maps\src\xen1.bsp
1 second elapsed



16 threads
reading d:\juegos\steam\steamapps\common\garrysmod\garrysmod\addons\vjguardfixim_maps_src\maps\src\xen1.bsp
reading d:\juegos\steam\steamapps\common\garrysmod\garrysmod\addons\vjguardfixim_maps_src\maps\src\xen1.prt
  74 portalclusters
 161 numportals
BasePortalVis:       0...1...2...3...4...5...6...7...8...9...10 (0)
Optimized: 0 visible clusters (0.00%)
Total clusters visible: 5476
Average clusters visible: 74
Building PAS...
Average clusters audible: 74
visdatasize:2076  compressed from 2368
writing d:\juegos\steam\steamapps\common\garrysmod\garrysmod\addons\vjguardfixim_maps_src\maps\src\xen1.bsp
0 seconds elapsed



[Reading texlights from 'lights.rad']
[51 texlights parsed from 'lights.rad']
Loading d:\juegos\steam\steamapps\common\garrysmod\garrysmod\addons\vjguardfixim_maps_src\maps\src\xen1.bsp
Unable to load vertex data "models/props_foliage_new\xen_shrub_a.vvd"
Unable to load vertex data "models/props_foliage_new\xen_shrub_b.vvd"
BuildFacelights:     0...1...2...3...4...5...6...7...8...9...10 (1)
BuildStaticPropPatchlights: 0...1...2...3...4...5...6...7...8...9...10 (0)
BuildVisLeafs:       0...1...2...3...4...5...6...7...8...9...10 (0)
transfers 17517, max 65
static prop patch transfers 0
GatherLight:         0...1...2...3...4...5...6...7...8...9...10 (0)
GatherLight:         0...1...2...3...4...5...6...7...8...9...10 (0)
Build Patch/Sample Hash Table(s).....Done<0.0083 sec>
FinalLightFace:      0...1...2...3...4...5...6...7...8...9...10 (1)
FinalLightFace Done
0 of 0 (0% of) surface lights went in leaf ambient cubes.
ThreadComputeLeafAmbient: 0...1...2...3...4...5...6...7...8...9...10 (2)
Writing leaf ambient...done
Ready to Finish

Object names       Objects/Maxobjs  Memory / Maxmem  Fullness 
------------       ---------------  ---------------  -------- 
models                   5/4096          240/196608   ( 0.1%) 
brushes                 11/65535         132/786420   ( 0.0%) 
brushsides              80/655350        640/5242800  ( 0.0%) 
planes                 412/65536        8240/1310720  ( 0.6%) 
vertexes               343/65536        4116/786432   ( 0.5%) 
nodes                  285/65536        9120/2097152  ( 0.4%) 
texinfos                87/16384        6264/1179648  ( 0.5%) 
texdata                  5/8192          160/262144   ( 0.1%) 
dispinfos               78/0           13728/0        ( 0.0%) 
disp_verts           10062/0          201240/0        ( 0.0%) 
disp_tris            16896/0           33792/0        ( 0.0%) 
disp_multiblend          0/0               0/0        ( 0.0%) 
disp_lmsamples      795308/0          795308/0        ( 0.0%) 
faces                  256/65536       14336/3670016  ( 0.4%) 
hdr faces                0/65536           0/3670016  ( 0.0%) 
origfaces              102/65536        5712/3670016  ( 0.2%) 
leaves                 291/65536        9312/2097152  ( 0.4%) 
leaffaces              179/65536         358/131072   ( 0.3%) 
leafbrushes            165/65536         330/131072   ( 0.3%) 
areas                    2/1024           16/8192     ( 0.2%) 
surfedges             1464/512000       5856/2048000  ( 0.3%) 
edges                  787/256000       3148/1024000  ( 0.3%) 
LDR worldlights          3/8192          264/720896   ( 0.0%) 
HDR worldlights          0/8192            0/720896   ( 0.0%) 
leafwaterdata            1/32768          12/393216   ( 0.0%) 
waterstrips              0/32768           0/327680   ( 0.0%) 
waterverts               0/65536           0/786432   ( 0.0%) 
waterindices             0/65536           0/131072   ( 0.0%) 
cubemapsamples           0/1024            0/16384    ( 0.0%) 
overlays                 0/8192            0/2883584  ( 0.0%) 
LDR lightdata         [variable]      754416/0        ( 0.0%) 
HDR lightdata         [variable]           0/0        ( 0.0%) 
visdata               [variable]        2076/16777216 ( 0.0%) 
entdata               [variable]       38367/4194304  ( 0.9%) 
LDR ambient table      291/65536        1164/262144   ( 0.4%) 
HDR ambient table      291/65536        1164/262144   ( 0.4%) 
LDR leaf ambient       686/65536       19208/1835008  ( 1.0%) 
HDR leaf ambient       291/65536        8148/1835008  ( 0.4%) 
occluders                0/0               0/0        ( 0.0%) 
occluder polygons        0/0               0/0        ( 0.0%) 
occluder vert ind        0/0               0/0        ( 0.0%) 
detail props          [variable]          12/0        ( 0.0%) 
static props          [variable]        7404/0        ( 0.0%) 
static prop count       72/16384           0/0        ( 0.4%) 
pakfile               [variable]       70992/0        ( 0.0%) 
physics               [variable]     1949117/4194304  (46.5%) 
physics terrain       [variable]           0/1048576  ( 0.0%) 

Level flags = 0

Total triangle count: 528
Writing d:\juegos\steam\steamapps\common\garrysmod\garrysmod\addons\vjguardfixim_maps_src\maps\src\xen1.bsp
4 seconds elapsed




materialPath: D:\Juegos\Steam\steamapps\common\GarrysMod\garrysmod\materials
Loading d:\juegos\steam\steamapps\common\garrysmod\garrysmod\addons\vjguardfixim_maps_src\maps\src\xen1.vmf
Patching WVT material: maps/xen1/xeno/c4a1a_swmpwlb_wvt_patch
fixing up env_cubemap materials on brush sides...
ProcessBlock_Thread: 0...1...2...3...4...5...6...7...8...9...10 (0)
ProcessBlock_Thread: 0...1...2...3...4...5...6...7...8...9...10 (0)
Processing areas...done (0)
Building Faces...done (0)
FixTjuncs...
PruneNodes...
WriteBSP...
done (0)
writing d:\juegos\steam\steamapps\common\garrysmod\garrysmod\addons\vjguardfixim_maps_src\maps\src\xen1.prt...
Building visibility clusters...
done (0)
KeyValues Error: RecursiveLoadFromBuffer:  got EOF instead of keyname in file materials/skybox/xenspace5_skyup.vmt
UnlitGeneric, (*proxies*), (*Clamp*), 
KeyValues Error: RecursiveLoadFromBuffer:  got EOF instead of keyname in file materials/skybox/xenspace5_skyup.vmt
UnlitGeneric, (*proxies*), (*Clamp*), 
Creating default LDR cubemaps for env_cubemap using skybox materials:
   skybox/xenspace5_sky*.vmt
 ! Run buildcubemaps in the engine to get the correct cube maps.
Creating default HDR cubemaps for env_cubemap using skybox materials:
   skybox/xenspace5_sky*.vmt
 ! Run buildcubemaps in the engine to get the correct cube maps.
Finding displacement neighbors...
Finding lightmap sample positions...
Displacement Alpha : 0...1...2...3...4...5...6...7...8...9...10
Building Physics collision data...
WARNING: Map using power 4 displacements, terrain physics cannot be compressed, map will need additional memory and CPU.
done (0) (1949117 bytes)
Placing detail props : 0...1...2...3...4...5...6...7...8...9...10
Water found with no water_lod_control entity, creating a default one.
Compacting texture/material tables...
Reduced 247 texinfos to 87
Reduced 7 texdatas to 5 (158 bytes to 87)
Writing d:\juegos\steam\steamapps\common\garrysmod\garrysmod\addons\vjguardfixim_maps_src\maps\src\xen1.bsp
1 second elapsed



16 threads
reading d:\juegos\steam\steamapps\common\garrysmod\garrysmod\addons\vjguardfixim_maps_src\maps\src\xen1.bsp
reading d:\juegos\steam\steamapps\common\garrysmod\garrysmod\addons\vjguardfixim_maps_src\maps\src\xen1.prt
  74 portalclusters
 161 numportals
BasePortalVis:       0...1...2...3...4...5...6...7...8...9...10 (0)
Optimized: 0 visible clusters (0.00%)
Total clusters visible: 5476
Average clusters visible: 74
Building PAS...
Average clusters audible: 74
visdatasize:2076  compressed from 2368
writing d:\juegos\steam\steamapps\common\garrysmod\garrysmod\addons\vjguardfixim_maps_src\maps\src\xen1.bsp
0 seconds elapsed



[Reading texlights from 'lights.rad']
[51 texlights parsed from 'lights.rad']
Loading d:\juegos\steam\steamapps\common\garrysmod\garrysmod\addons\vjguardfixim_maps_src\maps\src\xen1.bsp
Unable to load vertex data "models/props_foliage_new\xen_shrub_a.vvd"
Unable to load vertex data "models/props_foliage_new\xen_shrub_b.vvd"
BuildFacelights:     0...1...2...3...4...5...6...7...8...9...10 (1)
BuildStaticPropPatchlights: 0...1...2...3...4...5...6...7...8...9...10 (0)
BuildVisLeafs:       0...1...2...3...4...5...6...7...8...9...10 (0)
transfers 17517, max 65
static prop patch transfers 0
GatherLight:         0...1...2...3...4...5...6...7...8...9...10 (0)
GatherLight:         0...1...2...3...4...5...6...7...8...9...10 (0)
Build Patch/Sample Hash Table(s).....Done<0.0086 sec>
FinalLightFace:      0...1...2...3...4...5...6...7...8...9...10 (1)
FinalLightFace Done
0 of 0 (0% of) surface lights went in leaf ambient cubes.
ThreadComputeLeafAmbient: 0...1...2...3...4...5...6...7...8...9...10 (2)
Writing leaf ambient...done
Ready to Finish

Object names       Objects/Maxobjs  Memory / Maxmem  Fullness 
------------       ---------------  ---------------  -------- 
models                   5/4096          240/196608   ( 0.1%) 
brushes                 11/65535         132/786420   ( 0.0%) 
brushsides              80/655350        640/5242800  ( 0.0%) 
planes                 412/65536        8240/1310720  ( 0.6%) 
vertexes               343/65536        4116/786432   ( 0.5%) 
nodes                  285/65536        9120/2097152  ( 0.4%) 
texinfos                87/16384        6264/1179648  ( 0.5%) 
texdata                  5/8192          160/262144   ( 0.1%) 
dispinfos               78/0           13728/0        ( 0.0%) 
disp_verts           10062/0          201240/0        ( 0.0%) 
disp_tris            16896/0           33792/0        ( 0.0%) 
disp_multiblend          0/0               0/0        ( 0.0%) 
disp_lmsamples      795308/0          795308/0        ( 0.0%) 
faces                  256/65536       14336/3670016  ( 0.4%) 
hdr faces                0/65536           0/3670016  ( 0.0%) 
origfaces              102/65536        5712/3670016  ( 0.2%) 
leaves                 291/65536        9312/2097152  ( 0.4%) 
leaffaces              179/65536         358/131072   ( 0.3%) 
leafbrushes            165/65536         330/131072   ( 0.3%) 
areas                    2/1024           16/8192     ( 0.2%) 
surfedges             1464/512000       5856/2048000  ( 0.3%) 
edges                  787/256000       3148/1024000  ( 0.3%) 
LDR worldlights          3/8192          264/720896   ( 0.0%) 
HDR worldlights          0/8192            0/720896   ( 0.0%) 
leafwaterdata            1/32768          12/393216   ( 0.0%) 
waterstrips              0/32768           0/327680   ( 0.0%) 
waterverts               0/65536           0/786432   ( 0.0%) 
waterindices             0/65536           0/131072   ( 0.0%) 
cubemapsamples           0/1024            0/16384    ( 0.0%) 
overlays                 0/8192            0/2883584  ( 0.0%) 
LDR lightdata         [variable]      754416/0        ( 0.0%) 
HDR lightdata         [variable]           0/0        ( 0.0%) 
visdata               [variable]        2076/16777216 ( 0.0%) 
entdata               [variable]       38367/4194304  ( 0.9%) 
LDR ambient table      291/65536        1164/262144   ( 0.4%) 
HDR ambient table      291/65536        1164/262144   ( 0.4%) 
LDR leaf ambient       686/65536       19208/1835008  ( 1.0%) 
HDR leaf ambient       291/65536        8148/1835008  ( 0.4%) 
occluders                0/0               0/0        ( 0.0%) 
occluder polygons        0/0               0/0        ( 0.0%) 
occluder vert ind        0/0               0/0        ( 0.0%) 
detail props          [variable]          12/0        ( 0.0%) 
static props          [variable]        7404/0        ( 0.0%) 
static prop count       72/16384           0/0        ( 0.4%) 
pakfile               [variable]       70992/0        ( 0.0%) 
physics               [variable]     1949117/4194304  (46.5%) 
physics terrain       [variable]           0/1048576  ( 0.0%) 

Level flags = 0

Total triangle count: 528
Writing d:\juegos\steam\steamapps\common\garrysmod\garrysmod\addons\vjguardfixim_maps_src\maps\src\xen1.bsp
4 seconds elapsed




materialPath: D:\Juegos\Steam\steamapps\common\GarrysMod\garrysmod\materials
Loading d:\juegos\steam\steamapps\common\garrysmod\garrysmod\addons\vjguardfixim_maps_src\maps\src\xen1.vmf
Patching WVT material: maps/xen1/xeno/c4a1a_swmpwlb_wvt_patch
fixing up env_cubemap materials on brush sides...
ProcessBlock_Thread: 0...1...2...3...4...5...6...7...8...9...10 (0)
ProcessBlock_Thread: 0...1...2...3...4...5...6...7...8...9...10 (0)
Processing areas...done (0)
Building Faces...done (0)
FixTjuncs...
PruneNodes...
WriteBSP...
done (0)
writing d:\juegos\steam\steamapps\common\garrysmod\garrysmod\addons\vjguardfixim_maps_src\maps\src\xen1.prt...
Building visibility clusters...
done (0)
KeyValues Error: RecursiveLoadFromBuffer:  got EOF instead of keyname in file materials/skybox/xenspace5_skyup.vmt
UnlitGeneric, (*proxies*), (*Clamp*), 
KeyValues Error: RecursiveLoadFromBuffer:  got EOF instead of keyname in file materials/skybox/xenspace5_skyup.vmt
UnlitGeneric, (*proxies*), (*Clamp*), 
Creating default LDR cubemaps for env_cubemap using skybox materials:
   skybox/xenspace5_sky*.vmt
 ! Run buildcubemaps in the engine to get the correct cube maps.
Creating default HDR cubemaps for env_cubemap using skybox materials:
   skybox/xenspace5_sky*.vmt
 ! Run buildcubemaps in the engine to get the correct cube maps.
Finding displacement neighbors...
Finding lightmap sample positions...
Displacement Alpha : 0...1...2...3...4...5...6...7...8...9...10
Building Physics collision data...
WARNING: Map using power 4 displacements, terrain physics cannot be compressed, map will need additional memory and CPU.
done (0) (1949117 bytes)
Placing detail props : 0...1...2...3...4...5...6...7...8...9...10
Water found with no water_lod_control entity, creating a default one.
Compacting texture/material tables...
Reduced 247 texinfos to 87
Reduced 7 texdatas to 5 (158 bytes to 87)
Writing d:\juegos\steam\steamapps\common\garrysmod\garrysmod\addons\vjguardfixim_maps_src\maps\src\xen1.bsp
1 second elapsed



16 threads
reading d:\juegos\steam\steamapps\common\garrysmod\garrysmod\addons\vjguardfixim_maps_src\maps\src\xen1.bsp
reading d:\juegos\steam\steamapps\common\garrysmod\garrysmod\addons\vjguardfixim_maps_src\maps\src\xen1.prt
  74 portalclusters
 161 numportals
BasePortalVis:       0...1...2...3...4...5...6...7...8...9...10 (0)
Optimized: 0 visible clusters (0.00%)
Total clusters visible: 5476
Average clusters visible: 74
Building PAS...
Average clusters audible: 74
visdatasize:2076  compressed from 2368
writing d:\juegos\steam\steamapps\common\garrysmod\garrysmod\addons\vjguardfixim_maps_src\maps\src\xen1.bsp
0 seconds elapsed



[Reading texlights from 'lights.rad']
[51 texlights parsed from 'lights.rad']
Loading d:\juegos\steam\steamapps\common\garrysmod\garrysmod\addons\vjguardfixim_maps_src\maps\src\xen1.bsp
Unable to load vertex data "models/props_foliage_new\xen_shrub_a.vvd"
Unable to load vertex data "models/props_foliage_new\xen_shrub_b.vvd"
BuildFacelights:     0...1...2...3...4...5...6...7...8...9...10 (1)
BuildStaticPropPatchlights: 0...1...2...3...4...5...6...7...8...9...10 (0)
BuildVisLeafs:       0...1...2...3...4...5...6...7...8...9...10 (0)
transfers 17517, max 65
static prop patch transfers 0
GatherLight:         0...1...2...3...4...5...6...7...8...9...10 (0)
GatherLight:         0...1...2...3...4...5...6...7...8...9...10 (0)
Build Patch/Sample Hash Table(s).....Done<0.0083 sec>
FinalLightFace:      0...1...2...3...4...5...6...7...8...9...10 (1)
FinalLightFace Done
0 of 0 (0% of) surface lights went in leaf ambient cubes.
ThreadComputeLeafAmbient: 0...1...2...3...4...5...6...7...8...9...10 (2)
Writing leaf ambient...done
Ready to Finish

Object names       Objects/Maxobjs  Memory / Maxmem  Fullness 
------------       ---------------  ---------------  -------- 
models                   5/4096          240/196608   ( 0.1%) 
brushes                 11/65535         132/786420   ( 0.0%) 
brushsides              80/655350        640/5242800  ( 0.0%) 
planes                 412/65536        8240/1310720  ( 0.6%) 
vertexes               343/65536        4116/786432   ( 0.5%) 
nodes                  285/65536        9120/2097152  ( 0.4%) 
texinfos                87/16384        6264/1179648  ( 0.5%) 
texdata                  5/8192          160/262144   ( 0.1%) 
dispinfos               78/0           13728/0        ( 0.0%) 
disp_verts           10062/0          201240/0        ( 0.0%) 
disp_tris            16896/0           33792/0        ( 0.0%) 
disp_multiblend          0/0               0/0        ( 0.0%) 
disp_lmsamples      795308/0          795308/0        ( 0.0%) 
faces                  256/65536       14336/3670016  ( 0.4%) 
hdr faces                0/65536           0/3670016  ( 0.0%) 
origfaces              102/65536        5712/3670016  ( 0.2%) 
leaves                 291/65536        9312/2097152  ( 0.4%) 
leaffaces              179/65536         358/131072   ( 0.3%) 
leafbrushes            165/65536         330/131072   ( 0.3%) 
areas                    2/1024           16/8192     ( 0.2%) 
surfedges             1464/512000       5856/2048000  ( 0.3%) 
edges                  787/256000       3148/1024000  ( 0.3%) 
LDR worldlights          3/8192          264/720896   ( 0.0%) 
HDR worldlights          0/8192            0/720896   ( 0.0%) 
leafwaterdata            1/32768          12/393216   ( 0.0%) 
waterstrips              0/32768           0/327680   ( 0.0%) 
waterverts               0/65536           0/786432   ( 0.0%) 
waterindices             0/65536           0/131072   ( 0.0%) 
cubemapsamples           0/1024            0/16384    ( 0.0%) 
overlays                 0/8192            0/2883584  ( 0.0%) 
LDR lightdata         [variable]      754416/0        ( 0.0%) 
HDR lightdata         [variable]           0/0        ( 0.0%) 
visdata               [variable]        2076/16777216 ( 0.0%) 
entdata               [variable]       38404/4194304  ( 0.9%) 
LDR ambient table      291/65536        1164/262144   ( 0.4%) 
HDR ambient table      291/65536        1164/262144   ( 0.4%) 
LDR leaf ambient       686/65536       19208/1835008  ( 1.0%) 
HDR leaf ambient       291/65536        8148/1835008  ( 0.4%) 
occluders                0/0               0/0        ( 0.0%) 
occluder polygons        0/0               0/0        ( 0.0%) 
occluder vert ind        0/0               0/0        ( 0.0%) 
detail props          [variable]          12/0        ( 0.0%) 
static props          [variable]        7404/0        ( 0.0%) 
static prop count       72/16384           0/0        ( 0.4%) 
pakfile               [variable]       70992/0        ( 0.0%) 
physics               [variable]     1949117/4194304  (46.5%) 
physics terrain       [variable]           0/1048576  ( 0.0%) 

Level flags = 0

Total triangle count: 528
Writing d:\juegos\steam\steamapps\common\garrysmod\garrysmod\addons\vjguardfixim_maps_src\maps\src\xen1.bsp
4 seconds elapsed




materialPath: D:\Juegos\Steam\steamapps\common\GarrysMod\garrysmod\materials
Loading d:\juegos\steam\steamapps\common\garrysmod\garrysmod\addons\vjguardfixim_maps_src\maps\src\xen1.vmf
Patching WVT material: maps/xen1/xeno/c4a1a_swmpwlb_wvt_patch
fixing up env_cubemap materials on brush sides...
ProcessBlock_Thread: 0...1...2...3...4...5...6...7...8...9...10 (0)
ProcessBlock_Thread: 0...1...2...3...4...5...6...7...8...9...10 (0)
Processing areas...done (0)
Building Faces...done (0)
FixTjuncs...
PruneNodes...
WriteBSP...
done (0)
writing d:\juegos\steam\steamapps\common\garrysmod\garrysmod\addons\vjguardfixim_maps_src\maps\src\xen1.prt...
Building visibility clusters...
done (0)
KeyValues Error: RecursiveLoadFromBuffer:  got EOF instead of keyname in file materials/skybox/xenspace5_skyup.vmt
UnlitGeneric, (*proxies*), (*Clamp*), 
KeyValues Error: RecursiveLoadFromBuffer:  got EOF instead of keyname in file materials/skybox/xenspace5_skyup.vmt
UnlitGeneric, (*proxies*), (*Clamp*), 
Creating default LDR cubemaps for env_cubemap using skybox materials:
   skybox/xenspace5_sky*.vmt
 ! Run buildcubemaps in the engine to get the correct cube maps.
Creating default HDR cubemaps for env_cubemap using skybox materials:
   skybox/xenspace5_sky*.vmt
 ! Run buildcubemaps in the engine to get the correct cube maps.
Finding displacement neighbors...
Finding lightmap sample positions...
Displacement Alpha : 0...1...2...3...4...5...6...7...8...9...10
Building Physics collision data...
WARNING: Map using power 4 displacements, terrain physics cannot be compressed, map will need additional memory and CPU.
done (0) (1949117 bytes)
Placing detail props : 0...1...2...3...4...5...6...7...8...9...10
Water found with no water_lod_control entity, creating a default one.
Compacting texture/material tables...
Reduced 247 texinfos to 87
Reduced 7 texdatas to 5 (158 bytes to 87)
Writing d:\juegos\steam\steamapps\common\garrysmod\garrysmod\addons\vjguardfixim_maps_src\maps\src\xen1.bsp
1 second elapsed



16 threads
reading d:\juegos\steam\steamapps\common\garrysmod\garrysmod\addons\vjguardfixim_maps_src\maps\src\xen1.bsp
reading d:\juegos\steam\steamapps\common\garrysmod\garrysmod\addons\vjguardfixim_maps_src\maps\src\xen1.prt
  74 portalclusters
 161 numportals
BasePortalVis:       0...1...2...3...4...5...6...7...8...9...10 (0)
Optimized: 0 visible clusters (0.00%)
Total clusters visible: 5476
Average clusters visible: 74
Building PAS...
Average clusters audible: 74
visdatasize:2076  compressed from 2368
writing d:\juegos\steam\steamapps\common\garrysmod\garrysmod\addons\vjguardfixim_maps_src\maps\src\xen1.bsp
0 seconds elapsed



[Reading texlights from 'lights.rad']
[51 texlights parsed from 'lights.rad']
Loading d:\juegos\steam\steamapps\common\garrysmod\garrysmod\addons\vjguardfixim_maps_src\maps\src\xen1.bsp
Unable to load vertex data "models/props_foliage_new\xen_shrub_a.vvd"
Unable to load vertex data "models/props_foliage_new\xen_shrub_b.vvd"
BuildFacelights:     0...1...2...3...4...5...6...7...8...9...10 (1)
BuildStaticPropPatchlights: 0...1...2...3...4...5...6...7...8...9...10 (0)
BuildVisLeafs:       0...1...2...3...4...5...6...7...8...9...10 (0)
transfers 17517, max 65
static prop patch transfers 0
GatherLight:         0...1...2...3...4...5...6...7...8...9...10 (0)
GatherLight:         0...1...2...3...4...5...6...7...8...9...10 (0)
Build Patch/Sample Hash Table(s).....Done<0.0083 sec>
FinalLightFace:      0...1...2...3...4...5...6...7...8...9...10 (1)
FinalLightFace Done
0 of 0 (0% of) surface lights went in leaf ambient cubes.
ThreadComputeLeafAmbient: 0...1...2...3...4...5...6...7...8...9...10 (2)
Writing leaf ambient...done
Ready to Finish

Object names       Objects/Maxobjs  Memory / Maxmem  Fullness 
------------       ---------------  ---------------  -------- 
models                   5/4096          240/196608   ( 0.1%) 
brushes                 11/65535         132/786420   ( 0.0%) 
brushsides              80/655350        640/5242800  ( 0.0%) 
planes                 412/65536        8240/1310720  ( 0.6%) 
vertexes               343/65536        4116/786432   ( 0.5%) 
nodes                  285/65536        9120/2097152  ( 0.4%) 
texinfos                87/16384        6264/1179648  ( 0.5%) 
texdata                  5/8192          160/262144   ( 0.1%) 
dispinfos               78/0           13728/0        ( 0.0%) 
disp_verts           10062/0          201240/0        ( 0.0%) 
disp_tris            16896/0           33792/0        ( 0.0%) 
disp_multiblend          0/0               0/0        ( 0.0%) 
disp_lmsamples      795308/0          795308/0        ( 0.0%) 
faces                  256/65536       14336/3670016  ( 0.4%) 
hdr faces                0/65536           0/3670016  ( 0.0%) 
origfaces              102/65536        5712/3670016  ( 0.2%) 
leaves                 291/65536        9312/2097152  ( 0.4%) 
leaffaces              179/65536         358/131072   ( 0.3%) 
leafbrushes            165/65536         330/131072   ( 0.3%) 
areas                    2/1024           16/8192     ( 0.2%) 
surfedges             1464/512000       5856/2048000  ( 0.3%) 
edges                  787/256000       3148/1024000  ( 0.3%) 
LDR worldlights          3/8192          264/720896   ( 0.0%) 
HDR worldlights          0/8192            0/720896   ( 0.0%) 
leafwaterdata            1/32768          12/393216   ( 0.0%) 
waterstrips              0/32768           0/327680   ( 0.0%) 
waterverts               0/65536           0/786432   ( 0.0%) 
waterindices             0/65536           0/131072   ( 0.0%) 
cubemapsamples           0/1024            0/16384    ( 0.0%) 
overlays                 0/8192            0/2883584  ( 0.0%) 
LDR lightdata         [variable]      754416/0        ( 0.0%) 
HDR lightdata         [variable]           0/0        ( 0.0%) 
visdata               [variable]        2076/16777216 ( 0.0%) 
entdata               [variable]       38456/4194304  ( 0.9%) 
LDR ambient table      291/65536        1164/262144   ( 0.4%) 
HDR ambient table      291/65536        1164/262144   ( 0.4%) 
LDR leaf ambient       686/65536       19208/1835008  ( 1.0%) 
HDR leaf ambient       291/65536        8148/1835008  ( 0.4%) 
occluders                0/0               0/0        ( 0.0%) 
occluder polygons        0/0               0/0        ( 0.0%) 
occluder vert ind        0/0               0/0        ( 0.0%) 
detail props          [variable]          12/0        ( 0.0%) 
static props          [variable]        7404/0        ( 0.0%) 
static prop count       72/16384           0/0        ( 0.4%) 
pakfile               [variable]       70992/0        ( 0.0%) 
physics               [variable]     1949117/4194304  (46.5%) 
physics terrain       [variable]           0/1048576  ( 0.0%) 

Level flags = 0

Total triangle count: 528
Writing d:\juegos\steam\steamapps\common\garrysmod\garrysmod\addons\vjguardfixim_maps_src\maps\src\xen1.bsp
4 seconds elapsed




materialPath: D:\Juegos\Steam\steamapps\common\GarrysMod\garrysmod\materials
Loading d:\juegos\steam\steamapps\common\garrysmod\garrysmod\addons\vjguardfixim_maps_src\maps\src\xen1.vmf
Patching WVT material: maps/xen1/xeno/c4a1a_swmpwlb_wvt_patch
fixing up env_cubemap materials on brush sides...
ProcessBlock_Thread: 0...1...2...3...4...5...6...7...8...9...10 (0)
ProcessBlock_Thread: 0...1...2...3...4...5...6...7...8...9...10 (0)
Processing areas...done (0)
Building Faces...done (0)
FixTjuncs...
PruneNodes...
WriteBSP...
done (0)
writing d:\juegos\steam\steamapps\common\garrysmod\garrysmod\addons\vjguardfixim_maps_src\maps\src\xen1.prt...
Building visibility clusters...
done (0)
KeyValues Error: RecursiveLoadFromBuffer:  got EOF instead of keyname in file materials/skybox/xenspace5_skyup.vmt
UnlitGeneric, (*proxies*), (*Clamp*), 
KeyValues Error: RecursiveLoadFromBuffer:  got EOF instead of keyname in file materials/skybox/xenspace5_skyup.vmt
UnlitGeneric, (*proxies*), (*Clamp*), 
Creating default LDR cubemaps for env_cubemap using skybox materials:
   skybox/xenspace5_sky*.vmt
 ! Run buildcubemaps in the engine to get the correct cube maps.
Creating default HDR cubemaps for env_cubemap using skybox materials:
   skybox/xenspace5_sky*.vmt
 ! Run buildcubemaps in the engine to get the correct cube maps.
Finding displacement neighbors...
Finding lightmap sample positions...
Displacement Alpha : 0...1...2...3...4...5...6...7...8...9...10
Building Physics collision data...
WARNING: Map using power 4 displacements, terrain physics cannot be compressed, map will need additional memory and CPU.
done (0) (1949117 bytes)
Placing detail props : 0...1...2...3...4...5...6...7...8...9...10
Water found with no water_lod_control entity, creating a default one.
Compacting texture/material tables...
Reduced 247 texinfos to 87
Reduced 7 texdatas to 5 (158 bytes to 87)
Writing d:\juegos\steam\steamapps\common\garrysmod\garrysmod\addons\vjguardfixim_maps_src\maps\src\xen1.bsp
1 second elapsed



16 threads
reading d:\juegos\steam\steamapps\common\garrysmod\garrysmod\addons\vjguardfixim_maps_src\maps\src\xen1.bsp
reading d:\juegos\steam\steamapps\common\garrysmod\garrysmod\addons\vjguardfixim_maps_src\maps\src\xen1.prt
  74 portalclusters
 161 numportals
BasePortalVis:       0...1...2...3...4...5...6...7...8...9...10 (0)
Optimized: 0 visible clusters (0.00%)
Total clusters visible: 5476
Average clusters visible: 74
Building PAS...
Average clusters audible: 74
visdatasize:2076  compressed from 2368
writing d:\juegos\steam\steamapps\common\garrysmod\garrysmod\addons\vjguardfixim_maps_src\maps\src\xen1.bsp
0 seconds elapsed



[Reading texlights from 'lights.rad']
[51 texlights parsed from 'lights.rad']
Loading d:\juegos\steam\steamapps\common\garrysmod\garrysmod\addons\vjguardfixim_maps_src\maps\src\xen1.bsp
Unable to load vertex data "models/props_foliage_new\xen_shrub_a.vvd"
Unable to load vertex data "models/props_foliage_new\xen_shrub_b.vvd"
BuildFacelights:     0...1...2...3...4...5...6...7...8...9...10 (1)
BuildStaticPropPatchlights: 0...1...2...3...4...5...6...7...8...9...10 (0)
BuildVisLeafs:       0...1...2...3...4...5...6...7...8...9...10 (0)
transfers 17517, max 65
static prop patch transfers 0
GatherLight:         0...1...2...3...4...5...6...7...8...9...10 (0)
GatherLight:         0...1...2...3...4...5...6...7...8...9...10 (0)
Build Patch/Sample Hash Table(s).....Done<0.0084 sec>
FinalLightFace:      0...1...2...3...4...5...6...7...8...9...10 (1)
FinalLightFace Done
0 of 0 (0% of) surface lights went in leaf ambient cubes.
ThreadComputeLeafAmbient: 0...1...2...3...4...5...6...7...8...9...10 (2)
Writing leaf ambient...done
Ready to Finish

Object names       Objects/Maxobjs  Memory / Maxmem  Fullness 
------------       ---------------  ---------------  -------- 
models                   5/4096          240/196608   ( 0.1%) 
brushes                 11/65535         132/786420   ( 0.0%) 
brushsides              80/655350        640/5242800  ( 0.0%) 
planes                 412/65536        8240/1310720  ( 0.6%) 
vertexes               343/65536        4116/786432   ( 0.5%) 
nodes                  285/65536        9120/2097152  ( 0.4%) 
texinfos                87/16384        6264/1179648  ( 0.5%) 
texdata                  5/8192          160/262144   ( 0.1%) 
dispinfos               78/0           13728/0        ( 0.0%) 
disp_verts           10062/0          201240/0        ( 0.0%) 
disp_tris            16896/0           33792/0        ( 0.0%) 
disp_multiblend          0/0               0/0        ( 0.0%) 
disp_lmsamples      795308/0          795308/0        ( 0.0%) 
faces                  256/65536       14336/3670016  ( 0.4%) 
hdr faces                0/65536           0/3670016  ( 0.0%) 
origfaces              102/65536        5712/3670016  ( 0.2%) 
leaves                 291/65536        9312/2097152  ( 0.4%) 
leaffaces              179/65536         358/131072   ( 0.3%) 
leafbrushes            165/65536         330/131072   ( 0.3%) 
areas                    2/1024           16/8192     ( 0.2%) 
surfedges             1464/512000       5856/2048000  ( 0.3%) 
edges                  787/256000       3148/1024000  ( 0.3%) 
LDR worldlights          3/8192          264/720896   ( 0.0%) 
HDR worldlights          0/8192            0/720896   ( 0.0%) 
leafwaterdata            1/32768          12/393216   ( 0.0%) 
waterstrips              0/32768           0/327680   ( 0.0%) 
waterverts               0/65536           0/786432   ( 0.0%) 
waterindices             0/65536           0/131072   ( 0.0%) 
cubemapsamples           0/1024            0/16384    ( 0.0%) 
overlays                 0/8192            0/2883584  ( 0.0%) 
LDR lightdata         [variable]      754416/0        ( 0.0%) 
HDR lightdata         [variable]           0/0        ( 0.0%) 
visdata               [variable]        2076/16777216 ( 0.0%) 
entdata               [variable]       38493/4194304  ( 0.9%) 
LDR ambient table      291/65536        1164/262144   ( 0.4%) 
HDR ambient table      291/65536        1164/262144   ( 0.4%) 
LDR leaf ambient       686/65536       19208/1835008  ( 1.0%) 
HDR leaf ambient       291/65536        8148/1835008  ( 0.4%) 
occluders                0/0               0/0        ( 0.0%) 
occluder polygons        0/0               0/0        ( 0.0%) 
occluder vert ind        0/0               0/0        ( 0.0%) 
detail props          [variable]          12/0        ( 0.0%) 
static props          [variable]        7404/0        ( 0.0%) 
static prop count       72/16384           0/0        ( 0.4%) 
pakfile               [variable]       70992/0        ( 0.0%) 
physics               [variable]     1949117/4194304  (46.5%) 
physics terrain       [variable]           0/1048576  ( 0.0%) 

Level flags = 0

Total triangle count: 528
Writing d:\juegos\steam\steamapps\common\garrysmod\garrysmod\addons\vjguardfixim_maps_src\maps\src\xen1.bsp
4 seconds elapsed




materialPath: D:\Juegos\Steam\steamapps\common\GarrysMod\garrysmod\materials
Loading d:\juegos\steam\steamapps\common\garrysmod\garrysmod\addons\vjguardfixim_maps_src\maps\src\xen1.vmf
Patching WVT material: maps/xen1/xeno/c4a1a_swmpwlb_wvt_patch
fixing up env_cubemap materials on brush sides...
ProcessBlock_Thread: 0...1...2...3...4...5...6...7...8...9...10 (0)
ProcessBlock_Thread: 0...1...2...3...4...5...6...7...8...9...10 (0)
Processing areas...done (0)
Building Faces...done (0)
FixTjuncs...
PruneNodes...
WriteBSP...
done (0)
writing d:\juegos\steam\steamapps\common\garrysmod\garrysmod\addons\vjguardfixim_maps_src\maps\src\xen1.prt...
Building visibility clusters...
done (0)
KeyValues Error: RecursiveLoadFromBuffer:  got EOF instead of keyname in file materials/skybox/xenspace5_skyup.vmt
UnlitGeneric, (*proxies*), (*Clamp*), 
KeyValues Error: RecursiveLoadFromBuffer:  got EOF instead of keyname in file materials/skybox/xenspace5_skyup.vmt
UnlitGeneric, (*proxies*), (*Clamp*), 
Creating default LDR cubemaps for env_cubemap using skybox materials:
   skybox/xenspace5_sky*.vmt
 ! Run buildcubemaps in the engine to get the correct cube maps.
Creating default HDR cubemaps for env_cubemap using skybox materials:
   skybox/xenspace5_sky*.vmt
 ! Run buildcubemaps in the engine to get the correct cube maps.
Finding displacement neighbors...
Finding lightmap sample positions...
Displacement Alpha : 0...1...2...3...4...5...6...7...8...9...10
Building Physics collision data...
WARNING: Map using power 4 displacements, terrain physics cannot be compressed, map will need additional memory and CPU.
done (0) (1949117 bytes)
Placing detail props : 0...1...2...3...4...5...6...7...8...9...10
Water found with no water_lod_control entity, creating a default one.
Compacting texture/material tables...
Reduced 247 texinfos to 87
Reduced 7 texdatas to 5 (158 bytes to 87)
Writing d:\juegos\steam\steamapps\common\garrysmod\garrysmod\addons\vjguardfixim_maps_src\maps\src\xen1.bsp
1 second elapsed



16 threads
reading d:\juegos\steam\steamapps\common\garrysmod\garrysmod\addons\vjguardfixim_maps_src\maps\src\xen1.bsp
reading d:\juegos\steam\steamapps\common\garrysmod\garrysmod\addons\vjguardfixim_maps_src\maps\src\xen1.prt
  74 portalclusters
 161 numportals
BasePortalVis:       0...1...2...3...4...5...6...7...8...9...10 (0)
Optimized: 0 visible clusters (0.00%)
Total clusters visible: 5476
Average clusters visible: 74
Building PAS...
Average clusters audible: 74
visdatasize:2076  compressed from 2368
writing d:\juegos\steam\steamapps\common\garrysmod\garrysmod\addons\vjguardfixim_maps_src\maps\src\xen1.bsp
0 seconds elapsed



[Reading texlights from 'lights.rad']
[51 texlights parsed from 'lights.rad']
Loading d:\juegos\steam\steamapps\common\garrysmod\garrysmod\addons\vjguardfixim_maps_src\maps\src\xen1.bsp
Unable to load vertex data "models/props_foliage_new\xen_shrub_a.vvd"
Unable to load vertex data "models/props_foliage_new\xen_shrub_b.vvd"
BuildFacelights:     0...1...2...3...4...5...6...7...8...9...10 (1)
BuildStaticPropPatchlights: 0...1...2...3...4...5...6...7...8...9...10 (0)
BuildVisLeafs:       0...1...2...3...4...5...6...7...8...9...10 (0)
transfers 17517, max 65
static prop patch transfers 0
GatherLight:         0...1...2...3...4...5...6...7...8...9...10 (0)
GatherLight:         0...1...2...3...4...5...6...7...8...9...10 (0)
Build Patch/Sample Hash Table(s).....Done<0.0083 sec>
FinalLightFace:      0...1...2...3...4...5...6...7...8...9...10 (1)
FinalLightFace Done
0 of 0 (0% of) surface lights went in leaf ambient cubes.
ThreadComputeLeafAmbient: 0...1...2...3...4...5...6...7...8...9...10 (2)
Writing leaf ambient...done
Ready to Finish

Object names       Objects/Maxobjs  Memory / Maxmem  Fullness 
------------       ---------------  ---------------  -------- 
models                   5/4096          240/196608   ( 0.1%) 
brushes                 11/65535         132/786420   ( 0.0%) 
brushsides              80/655350        640/5242800  ( 0.0%) 
planes                 412/65536        8240/1310720  ( 0.6%) 
vertexes               343/65536        4116/786432   ( 0.5%) 
nodes                  285/65536        9120/2097152  ( 0.4%) 
texinfos                87/16384        6264/1179648  ( 0.5%) 
texdata                  5/8192          160/262144   ( 0.1%) 
dispinfos               78/0           13728/0        ( 0.0%) 
disp_verts           10062/0          201240/0        ( 0.0%) 
disp_tris            16896/0           33792/0        ( 0.0%) 
disp_multiblend          0/0               0/0        ( 0.0%) 
disp_lmsamples      795308/0          795308/0        ( 0.0%) 
faces                  256/65536       14336/3670016  ( 0.4%) 
hdr faces                0/65536           0/3670016  ( 0.0%) 
origfaces              102/65536        5712/3670016  ( 0.2%) 
leaves                 291/65536        9312/2097152  ( 0.4%) 
leaffaces              179/65536         358/131072   ( 0.3%) 
leafbrushes            165/65536         330/131072   ( 0.3%) 
areas                    2/1024           16/8192     ( 0.2%) 
surfedges             1464/512000       5856/2048000  ( 0.3%) 
edges                  787/256000       3148/1024000  ( 0.3%) 
LDR worldlights          3/8192          264/720896   ( 0.0%) 
HDR worldlights          0/8192            0/720896   ( 0.0%) 
leafwaterdata            1/32768          12/393216   ( 0.0%) 
waterstrips              0/32768           0/327680   ( 0.0%) 
waterverts               0/65536           0/786432   ( 0.0%) 
waterindices             0/65536           0/131072   ( 0.0%) 
cubemapsamples           0/1024            0/16384    ( 0.0%) 
overlays                 0/8192            0/2883584  ( 0.0%) 
LDR lightdata         [variable]      754416/0        ( 0.0%) 
HDR lightdata         [variable]           0/0        ( 0.0%) 
visdata               [variable]        2076/16777216 ( 0.0%) 
entdata               [variable]       38503/4194304  ( 0.9%) 
LDR ambient table      291/65536        1164/262144   ( 0.4%) 
HDR ambient table      291/65536        1164/262144   ( 0.4%) 
LDR leaf ambient       686/65536       19208/1835008  ( 1.0%) 
HDR leaf ambient       291/65536        8148/1835008  ( 0.4%) 
occluders                0/0               0/0        ( 0.0%) 
occluder polygons        0/0               0/0        ( 0.0%) 
occluder vert ind        0/0               0/0        ( 0.0%) 
detail props          [variable]          12/0        ( 0.0%) 
static props          [variable]        7404/0        ( 0.0%) 
static prop count       72/16384           0/0        ( 0.4%) 
pakfile               [variable]       70992/0        ( 0.0%) 
physics               [variable]     1949117/4194304  (46.5%) 
physics terrain       [variable]           0/1048576  ( 0.0%) 

Level flags = 0

Total triangle count: 528
Writing d:\juegos\steam\steamapps\common\garrysmod\garrysmod\addons\vjguardfixim_maps_src\maps\src\xen1.bsp
4 seconds elapsed




materialPath: D:\Juegos\Steam\steamapps\common\GarrysMod\garrysmod\materials
Loading d:\juegos\steam\steamapps\common\garrysmod\garrysmod\addons\vjguardfixim_maps_src\maps\src\xen1.vmf
Patching WVT material: maps/xen1/xeno/c4a1a_swmpwlb_wvt_patch
fixing up env_cubemap materials on brush sides...
ProcessBlock_Thread: 0...1...2...3...4...5...6...7...8...9...10 (0)
ProcessBlock_Thread: 0...1...2...3...4...5...6...7...8...9...10 (0)
Processing areas...done (0)
Building Faces...done (0)
FixTjuncs...
PruneNodes...
WriteBSP...
done (0)
writing d:\juegos\steam\steamapps\common\garrysmod\garrysmod\addons\vjguardfixim_maps_src\maps\src\xen1.prt...
Building visibility clusters...
done (0)
KeyValues Error: RecursiveLoadFromBuffer:  got EOF instead of keyname in file materials/skybox/xenspace5_skyup.vmt
UnlitGeneric, (*proxies*), (*Clamp*), 
KeyValues Error: RecursiveLoadFromBuffer:  got EOF instead of keyname in file materials/skybox/xenspace5_skyup.vmt
UnlitGeneric, (*proxies*), (*Clamp*), 
Creating default LDR cubemaps for env_cubemap using skybox materials:
   skybox/xenspace5_sky*.vmt
 ! Run buildcubemaps in the engine to get the correct cube maps.
Creating default HDR cubemaps for env_cubemap using skybox materials:
   skybox/xenspace5_sky*.vmt
 ! Run buildcubemaps in the engine to get the correct cube maps.
Finding displacement neighbors...
Finding lightmap sample positions...
Displacement Alpha : 0...1...2...3...4...5...6...7...8...9...10
Building Physics collision data...
WARNING: Map using power 4 displacements, terrain physics cannot be compressed, map will need additional memory and CPU.
done (0) (1949117 bytes)
Placing detail props : 0...1...2...3...4...5...6...7...8...9...10
Water found with no water_lod_control entity, creating a default one.
Compacting texture/material tables...
Reduced 247 texinfos to 87
Reduced 7 texdatas to 5 (158 bytes to 87)
Writing d:\juegos\steam\steamapps\common\garrysmod\garrysmod\addons\vjguardfixim_maps_src\maps\src\xen1.bsp
1 second elapsed



16 threads
reading d:\juegos\steam\steamapps\common\garrysmod\garrysmod\addons\vjguardfixim_maps_src\maps\src\xen1.bsp
reading d:\juegos\steam\steamapps\common\garrysmod\garrysmod\addons\vjguardfixim_maps_src\maps\src\xen1.prt
  74 portalclusters
 161 numportals
BasePortalVis:       0...1...2...3...4...5...6...7...8...9...10 (0)
Optimized: 0 visible clusters (0.00%)
Total clusters visible: 5476
Average clusters visible: 74
Building PAS...
Average clusters audible: 74
visdatasize:2076  compressed from 2368
writing d:\juegos\steam\steamapps\common\garrysmod\garrysmod\addons\vjguardfixim_maps_src\maps\src\xen1.bsp
0 seconds elapsed



[Reading texlights from 'lights.rad']
[51 texlights parsed from 'lights.rad']
Loading d:\juegos\steam\steamapps\common\garrysmod\garrysmod\addons\vjguardfixim_maps_src\maps\src\xen1.bsp
Unable to load vertex data "models/props_foliage_new\xen_shrub_a.vvd"
Unable to load vertex data "models/props_foliage_new\xen_shrub_b.vvd"
BuildFacelights:     0...1...2...3...4...5...6...7...8...9...10 (1)
BuildStaticPropPatchlights: 0...1...2...3...4...5...6...7...8...9...10 (0)
BuildVisLeafs:       0...1...2...3...4...5...6...7...8...9...10 (0)
transfers 17517, max 65
static prop patch transfers 0
GatherLight:         0...1...2...3...4...5...6...7...8...9...10 (0)
GatherLight:         0...1...2...3...4...5...6...7...8...9...10 (0)
Build Patch/Sample Hash Table(s).....Done<0.0083 sec>
FinalLightFace:      0...1...2...3...4...5...6...7...8...9...10 (1)
FinalLightFace Done
0 of 0 (0% of) surface lights went in leaf ambient cubes.
ThreadComputeLeafAmbient: 0...1...2...3...4...5...6...7...8...9...10 (2)
Writing leaf ambient...done
Ready to Finish

Object names       Objects/Maxobjs  Memory / Maxmem  Fullness 
------------       ---------------  ---------------  -------- 
models                   5/4096          240/196608   ( 0.1%) 
brushes                 11/65535         132/786420   ( 0.0%) 
brushsides              80/655350        640/5242800  ( 0.0%) 
planes                 412/65536        8240/1310720  ( 0.6%) 
vertexes               343/65536        4116/786432   ( 0.5%) 
nodes                  285/65536        9120/2097152  ( 0.4%) 
texinfos                87/16384        6264/1179648  ( 0.5%) 
texdata                  5/8192          160/262144   ( 0.1%) 
dispinfos               78/0           13728/0        ( 0.0%) 
disp_verts           10062/0          201240/0        ( 0.0%) 
disp_tris            16896/0           33792/0        ( 0.0%) 
disp_multiblend          0/0               0/0        ( 0.0%) 
disp_lmsamples      795308/0          795308/0        ( 0.0%) 
faces                  256/65536       14336/3670016  ( 0.4%) 
hdr faces                0/65536           0/3670016  ( 0.0%) 
origfaces              102/65536        5712/3670016  ( 0.2%) 
leaves                 291/65536        9312/2097152  ( 0.4%) 
leaffaces              179/65536         358/131072   ( 0.3%) 
leafbrushes            165/65536         330/131072   ( 0.3%) 
areas                    2/1024           16/8192     ( 0.2%) 
surfedges             1464/512000       5856/2048000  ( 0.3%) 
edges                  787/256000       3148/1024000  ( 0.3%) 
LDR worldlights          3/8192          264/720896   ( 0.0%) 
HDR worldlights          0/8192            0/720896   ( 0.0%) 
leafwaterdata            1/32768          12/393216   ( 0.0%) 
waterstrips              0/32768           0/327680   ( 0.0%) 
waterverts               0/65536           0/786432   ( 0.0%) 
waterindices             0/65536           0/131072   ( 0.0%) 
cubemapsamples           0/1024            0/16384    ( 0.0%) 
overlays                 0/8192            0/2883584  ( 0.0%) 
LDR lightdata         [variable]      754416/0        ( 0.0%) 
HDR lightdata         [variable]           0/0        ( 0.0%) 
visdata               [variable]        2076/16777216 ( 0.0%) 
entdata               [variable]       38565/4194304  ( 0.9%) 
LDR ambient table      291/65536        1164/262144   ( 0.4%) 
HDR ambient table      291/65536        1164/262144   ( 0.4%) 
LDR leaf ambient       686/65536       19208/1835008  ( 1.0%) 
HDR leaf ambient       291/65536        8148/1835008  ( 0.4%) 
occluders                0/0               0/0        ( 0.0%) 
occluder polygons        0/0               0/0        ( 0.0%) 
occluder vert ind        0/0               0/0        ( 0.0%) 
detail props          [variable]          12/0        ( 0.0%) 
static props          [variable]        7404/0        ( 0.0%) 
static prop count       72/16384           0/0        ( 0.4%) 
pakfile               [variable]       70992/0        ( 0.0%) 
physics               [variable]     1949117/4194304  (46.5%) 
physics terrain       [variable]           0/1048576  ( 0.0%) 

Level flags = 0

Total triangle count: 528
Writing d:\juegos\steam\steamapps\common\garrysmod\garrysmod\addons\vjguardfixim_maps_src\maps\src\xen1.bsp
4 seconds elapsed




materialPath: D:\Juegos\Steam\steamapps\common\GarrysMod\garrysmod\materials
Loading d:\juegos\steam\steamapps\common\garrysmod\garrysmod\addons\vjguardfixim_maps_src\maps\src\xen1.vmf
Patching WVT material: maps/xen1/xeno/c4a1a_swmpwlb_wvt_patch
fixing up env_cubemap materials on brush sides...
ProcessBlock_Thread: 0...1...2...3...4...5...6...7...8...9...10 (0)
ProcessBlock_Thread: 0...1...2...3...4...5...6...7...8...9...10 (0)
Processing areas...done (0)
Building Faces...done (0)
FixTjuncs...
PruneNodes...
WriteBSP...
done (0)
writing d:\juegos\steam\steamapps\common\garrysmod\garrysmod\addons\vjguardfixim_maps_src\maps\src\xen1.prt...
Building visibility clusters...
done (0)
KeyValues Error: RecursiveLoadFromBuffer:  got EOF instead of keyname in file materials/skybox/xenspace5_skyup.vmt
UnlitGeneric, (*proxies*), (*Clamp*), 
KeyValues Error: RecursiveLoadFromBuffer:  got EOF instead of keyname in file materials/skybox/xenspace5_skyup.vmt
UnlitGeneric, (*proxies*), (*Clamp*), 
Creating default LDR cubemaps for env_cubemap using skybox materials:
   skybox/xenspace5_sky*.vmt
 ! Run buildcubemaps in the engine to get the correct cube maps.
Creating default HDR cubemaps for env_cubemap using skybox materials:
   skybox/xenspace5_sky*.vmt
 ! Run buildcubemaps in the engine to get the correct cube maps.
Finding displacement neighbors...
Finding lightmap sample positions...
Displacement Alpha : 0...1...2...3...4...5...6...7...8...9...10
Building Physics collision data...
WARNING: Map using power 4 displacements, terrain physics cannot be compressed, map will need additional memory and CPU.
done (0) (1949117 bytes)
Placing detail props : 0...1...2...3...4...5...6...7...8...9...10
Water found with no water_lod_control entity, creating a default one.
Compacting texture/material tables...
Reduced 247 texinfos to 87
Reduced 7 texdatas to 5 (158 bytes to 87)
Writing d:\juegos\steam\steamapps\common\garrysmod\garrysmod\addons\vjguardfixim_maps_src\maps\src\xen1.bsp
1 second elapsed



16 threads
reading d:\juegos\steam\steamapps\common\garrysmod\garrysmod\addons\vjguardfixim_maps_src\maps\src\xen1.bsp
reading d:\juegos\steam\steamapps\common\garrysmod\garrysmod\addons\vjguardfixim_maps_src\maps\src\xen1.prt
  74 portalclusters
 161 numportals
BasePortalVis:       0...1...2...3...4...5...6...7...8...9...10 (0)
Optimized: 0 visible clusters (0.00%)
Total clusters visible: 5476
Average clusters visible: 74
Building PAS...
Average clusters audible: 74
visdatasize:2076  compressed from 2368
writing d:\juegos\steam\steamapps\common\garrysmod\garrysmod\addons\vjguardfixim_maps_src\maps\src\xen1.bsp
0 seconds elapsed



[Reading texlights from 'lights.rad']
[51 texlights parsed from 'lights.rad']
Loading d:\juegos\steam\steamapps\common\garrysmod\garrysmod\addons\vjguardfixim_maps_src\maps\src\xen1.bsp
Unable to load vertex data "models/props_foliage_new\xen_shrub_a.vvd"
Unable to load vertex data "models/props_foliage_new\xen_shrub_b.vvd"
BuildFacelights:     0...1...2...3...4...5...6...7...8...9...10 (1)
BuildStaticPropPatchlights: 0...1...2...3...4...5...6...7...8...9...10 (0)
BuildVisLeafs:       0...1...2...3...4...5...6...7...8...9...10 (0)
transfers 17517, max 65
static prop patch transfers 0
GatherLight:         0...1...2...3...4...5...6...7...8...9...10 (0)
GatherLight:         0...1...2...3...4...5...6...7...8...9...10 (0)
Build Patch/Sample Hash Table(s).....Done<0.0082 sec>
FinalLightFace:      0...1...2...3...4...5...6...7...8...9...10 (1)
FinalLightFace Done
0 of 0 (0% of) surface lights went in leaf ambient cubes.
ThreadComputeLeafAmbient: 0...1...2...3...4...5...6...7...8...9...10 (2)
Writing leaf ambient...done
Ready to Finish

Object names       Objects/Maxobjs  Memory / Maxmem  Fullness 
------------       ---------------  ---------------  -------- 
models                   5/4096          240/196608   ( 0.1%) 
brushes                 11/65535         132/786420   ( 0.0%) 
brushsides              80/655350        640/5242800  ( 0.0%) 
planes                 412/65536        8240/1310720  ( 0.6%) 
vertexes               343/65536        4116/786432   ( 0.5%) 
nodes                  285/65536        9120/2097152  ( 0.4%) 
texinfos                87/16384        6264/1179648  ( 0.5%) 
texdata                  5/8192          160/262144   ( 0.1%) 
dispinfos               78/0           13728/0        ( 0.0%) 
disp_verts           10062/0          201240/0        ( 0.0%) 
disp_tris            16896/0           33792/0        ( 0.0%) 
disp_multiblend          0/0               0/0        ( 0.0%) 
disp_lmsamples      795308/0          795308/0        ( 0.0%) 
faces                  256/65536       14336/3670016  ( 0.4%) 
hdr faces                0/65536           0/3670016  ( 0.0%) 
origfaces              102/65536        5712/3670016  ( 0.2%) 
leaves                 291/65536        9312/2097152  ( 0.4%) 
leaffaces              179/65536         358/131072   ( 0.3%) 
leafbrushes            165/65536         330/131072   ( 0.3%) 
areas                    2/1024           16/8192     ( 0.2%) 
surfedges             1464/512000       5856/2048000  ( 0.3%) 
edges                  787/256000       3148/1024000  ( 0.3%) 
LDR worldlights          3/8192          264/720896   ( 0.0%) 
HDR worldlights          0/8192            0/720896   ( 0.0%) 
leafwaterdata            1/32768          12/393216   ( 0.0%) 
waterstrips              0/32768           0/327680   ( 0.0%) 
waterverts               0/65536           0/786432   ( 0.0%) 
waterindices             0/65536           0/131072   ( 0.0%) 
cubemapsamples           0/1024            0/16384    ( 0.0%) 
overlays                 0/8192            0/2883584  ( 0.0%) 
LDR lightdata         [variable]      754416/0        ( 0.0%) 
HDR lightdata         [variable]           0/0        ( 0.0%) 
visdata               [variable]        2076/16777216 ( 0.0%) 
entdata               [variable]       38565/4194304  ( 0.9%) 
LDR ambient table      291/65536        1164/262144   ( 0.4%) 
HDR ambient table      291/65536        1164/262144   ( 0.4%) 
LDR leaf ambient       686/65536       19208/1835008  ( 1.0%) 
HDR leaf ambient       291/65536        8148/1835008  ( 0.4%) 
occluders                0/0               0/0        ( 0.0%) 
occluder polygons        0/0               0/0        ( 0.0%) 
occluder vert ind        0/0               0/0        ( 0.0%) 
detail props          [variable]          12/0        ( 0.0%) 
static props          [variable]        7404/0        ( 0.0%) 
static prop count       72/16384           0/0        ( 0.4%) 
pakfile               [variable]       70992/0        ( 0.0%) 
physics               [variable]     1949117/4194304  (46.5%) 
physics terrain       [variable]           0/1048576  ( 0.0%) 

Level flags = 0

Total triangle count: 528
Writing d:\juegos\steam\steamapps\common\garrysmod\garrysmod\addons\vjguardfixim_maps_src\maps\src\xen1.bsp
4 seconds elapsed




materialPath: D:\Juegos\Steam\steamapps\common\GarrysMod\garrysmod\materials
Loading d:\juegos\steam\steamapps\common\garrysmod\garrysmod\addons\vjguardfixim_maps_src\maps\src\xen1.vmf
Patching WVT material: maps/xen1/xeno/c4a1a_swmpwlb_wvt_patch
fixing up env_cubemap materials on brush sides...
ProcessBlock_Thread: 0...1...2...3...4...5...6...7...8...9...10 (0)
ProcessBlock_Thread: 0...1...2...3...4...5...6...7...8...9...10 (0)
Processing areas...done (0)
Building Faces...done (0)
FixTjuncs...
PruneNodes...
WriteBSP...
done (0)
writing d:\juegos\steam\steamapps\common\garrysmod\garrysmod\addons\vjguardfixim_maps_src\maps\src\xen1.prt...
Building visibility clusters...
done (0)
KeyValues Error: RecursiveLoadFromBuffer:  got EOF instead of keyname in file materials/skybox/xenspace5_skyup.vmt
UnlitGeneric, (*proxies*), (*Clamp*), 
KeyValues Error: RecursiveLoadFromBuffer:  got EOF instead of keyname in file materials/skybox/xenspace5_skyup.vmt
UnlitGeneric, (*proxies*), (*Clamp*), 
Creating default LDR cubemaps for env_cubemap using skybox materials:
   skybox/xenspace5_sky*.vmt
 ! Run buildcubemaps in the engine to get the correct cube maps.
Creating default HDR cubemaps for env_cubemap using skybox materials:
   skybox/xenspace5_sky*.vmt
 ! Run buildcubemaps in the engine to get the correct cube maps.
Finding displacement neighbors...
Finding lightmap sample positions...
Displacement Alpha : 0...1...2...3...4...5...6...7...8...9...10
Building Physics collision data...
WARNING: Map using power 4 displacements, terrain physics cannot be compressed, map will need additional memory and CPU.
done (0) (1949117 bytes)
Placing detail props : 0...1...2...3...4...5...6...7...8...9...10
Water found with no water_lod_control entity, creating a default one.
Compacting texture/material tables...
Reduced 247 texinfos to 87
Reduced 7 texdatas to 5 (158 bytes to 87)
Writing d:\juegos\steam\steamapps\common\garrysmod\garrysmod\addons\vjguardfixim_maps_src\maps\src\xen1.bsp
1 second elapsed



16 threads
reading d:\juegos\steam\steamapps\common\garrysmod\garrysmod\addons\vjguardfixim_maps_src\maps\src\xen1.bsp
reading d:\juegos\steam\steamapps\common\garrysmod\garrysmod\addons\vjguardfixim_maps_src\maps\src\xen1.prt
  74 portalclusters
 161 numportals
BasePortalVis:       0...1...2...3...4...5...6...7...8...9...10 (0)
Optimized: 0 visible clusters (0.00%)
Total clusters visible: 5476
Average clusters visible: 74
Building PAS...
Average clusters audible: 74
visdatasize:2076  compressed from 2368
writing d:\juegos\steam\steamapps\common\garrysmod\garrysmod\addons\vjguardfixim_maps_src\maps\src\xen1.bsp
0 seconds elapsed



[Reading texlights from 'lights.rad']
[51 texlights parsed from 'lights.rad']
Loading d:\juegos\steam\steamapps\common\garrysmod\garrysmod\addons\vjguardfixim_maps_src\maps\src\xen1.bsp
Unable to load vertex data "models/props_foliage_new\xen_shrub_a.vvd"
Unable to load vertex data "models/props_foliage_new\xen_shrub_b.vvd"
BuildFacelights:     0...1...2...3...4...5...6...7...8...9...10 (1)
BuildStaticPropPatchlights: 0...1...2...3...4...5...6...7...8...9...10 (0)
BuildVisLeafs:       0...1...2...3...4...5...6...7...8...9...10 (0)
transfers 17517, max 65
static prop patch transfers 0
GatherLight:         0...1...2...3...4...5...6...7...8...9...10 (0)
GatherLight:         0...1...2...3...4...5...6...7...8...9...10 (0)
Build Patch/Sample Hash Table(s).....Done<0.0083 sec>
FinalLightFace:      0...1...2...3...4...5...6...7...8...9...10 (1)
FinalLightFace Done
0 of 0 (0% of) surface lights went in leaf ambient cubes.
ThreadComputeLeafAmbient: 0...1...2...3...4...5...6...7...8...9...10 (1)
Writing leaf ambient...done
Ready to Finish

Object names       Objects/Maxobjs  Memory / Maxmem  Fullness 
------------       ---------------  ---------------  -------- 
models                   5/4096          240/196608   ( 0.1%) 
brushes                 11/65535         132/786420   ( 0.0%) 
brushsides              80/655350        640/5242800  ( 0.0%) 
planes                 412/65536        8240/1310720  ( 0.6%) 
vertexes               343/65536        4116/786432   ( 0.5%) 
nodes                  285/65536        9120/2097152  ( 0.4%) 
texinfos                87/16384        6264/1179648  ( 0.5%) 
texdata                  5/8192          160/262144   ( 0.1%) 
dispinfos               78/0           13728/0        ( 0.0%) 
disp_verts           10062/0          201240/0        ( 0.0%) 
disp_tris            16896/0           33792/0        ( 0.0%) 
disp_multiblend          0/0               0/0        ( 0.0%) 
disp_lmsamples      795308/0          795308/0        ( 0.0%) 
faces                  256/65536       14336/3670016  ( 0.4%) 
hdr faces                0/65536           0/3670016  ( 0.0%) 
origfaces              102/65536        5712/3670016  ( 0.2%) 
leaves                 291/65536        9312/2097152  ( 0.4%) 
leaffaces              179/65536         358/131072   ( 0.3%) 
leafbrushes            165/65536         330/131072   ( 0.3%) 
areas                    2/1024           16/8192     ( 0.2%) 
surfedges             1464/512000       5856/2048000  ( 0.3%) 
edges                  787/256000       3148/1024000  ( 0.3%) 
LDR worldlights          3/8192          264/720896   ( 0.0%) 
HDR worldlights          0/8192            0/720896   ( 0.0%) 
leafwaterdata            1/32768          12/393216   ( 0.0%) 
waterstrips              0/32768           0/327680   ( 0.0%) 
waterverts               0/65536           0/786432   ( 0.0%) 
waterindices             0/65536           0/131072   ( 0.0%) 
cubemapsamples           0/1024            0/16384    ( 0.0%) 
overlays                 0/8192            0/2883584  ( 0.0%) 
LDR lightdata         [variable]      754416/0        ( 0.0%) 
HDR lightdata         [variable]           0/0        ( 0.0%) 
visdata               [variable]        2076/16777216 ( 0.0%) 
entdata               [variable]       39095/4194304  ( 0.9%) 
LDR ambient table      291/65536        1164/262144   ( 0.4%) 
HDR ambient table      291/65536        1164/262144   ( 0.4%) 
LDR leaf ambient       686/65536       19208/1835008  ( 1.0%) 
HDR leaf ambient       291/65536        8148/1835008  ( 0.4%) 
occluders                0/0               0/0        ( 0.0%) 
occluder polygons        0/0               0/0        ( 0.0%) 
occluder vert ind        0/0               0/0        ( 0.0%) 
detail props          [variable]          12/0        ( 0.0%) 
static props          [variable]        7404/0        ( 0.0%) 
static prop count       72/16384           0/0        ( 0.4%) 
pakfile               [variable]       70992/0        ( 0.0%) 
physics               [variable]     1949117/4194304  (46.5%) 
physics terrain       [variable]           0/1048576  ( 0.0%) 

Level flags = 0

Total triangle count: 528
Writing d:\juegos\steam\steamapps\common\garrysmod\garrysmod\addons\vjguardfixim_maps_src\maps\src\xen1.bsp
3 seconds elapsed




materialPath: D:\Juegos\Steam\steamapps\common\GarrysMod\garrysmod\materials
Loading d:\juegos\steam\steamapps\common\garrysmod\garrysmod\addons\vjguardfixim_maps_src\maps\src\xen1.vmf
Patching WVT material: maps/xen1/xeno/c4a1a_swmpwlb_wvt_patch
fixing up env_cubemap materials on brush sides...
ProcessBlock_Thread: 0...1...2...3...4...5...6...7...8...9...10 (0)
ProcessBlock_Thread: 0...1...2...3...4...5...6...7...8...9...10 (0)
Processing areas...done (0)
Building Faces...done (0)
FixTjuncs...
PruneNodes...
WriteBSP...
done (0)
writing d:\juegos\steam\steamapps\common\garrysmod\garrysmod\addons\vjguardfixim_maps_src\maps\src\xen1.prt...
Building visibility clusters...
done (0)
KeyValues Error: RecursiveLoadFromBuffer:  got EOF instead of keyname in file materials/skybox/xenspace5_skyup.vmt
UnlitGeneric, (*proxies*), (*Clamp*), 
KeyValues Error: RecursiveLoadFromBuffer:  got EOF instead of keyname in file materials/skybox/xenspace5_skyup.vmt
UnlitGeneric, (*proxies*), (*Clamp*), 
Creating default LDR cubemaps for env_cubemap using skybox materials:
   skybox/xenspace5_sky*.vmt
 ! Run buildcubemaps in the engine to get the correct cube maps.
Creating default HDR cubemaps for env_cubemap using skybox materials:
   skybox/xenspace5_sky*.vmt
 ! Run buildcubemaps in the engine to get the correct cube maps.
Finding displacement neighbors...
Finding lightmap sample positions...
Displacement Alpha : 0...1...2...3...4...5...6...7...8...9...10
Building Physics collision data...
WARNING: Map using power 4 displacements, terrain physics cannot be compressed, map will need additional memory and CPU.
done (0) (1949117 bytes)
Placing detail props : 0...1...2...3...4...5...6...7...8...9...10
Water found with no water_lod_control entity, creating a default one.
Compacting texture/material tables...
Reduced 247 texinfos to 87
Reduced 7 texdatas to 5 (158 bytes to 87)
Writing d:\juegos\steam\steamapps\common\garrysmod\garrysmod\addons\vjguardfixim_maps_src\maps\src\xen1.bsp
1 second elapsed



16 threads
reading d:\juegos\steam\steamapps\common\garrysmod\garrysmod\addons\vjguardfixim_maps_src\maps\src\xen1.bsp
reading d:\juegos\steam\steamapps\common\garrysmod\garrysmod\addons\vjguardfixim_maps_src\maps\src\xen1.prt
  74 portalclusters
 161 numportals
BasePortalVis:       0...1...2...3...4...5...6...7...8...9...10 (0)
Optimized: 0 visible clusters (0.00%)
Total clusters visible: 5476
Average clusters visible: 74
Building PAS...
Average clusters audible: 74
visdatasize:2076  compressed from 2368
writing d:\juegos\steam\steamapps\common\garrysmod\garrysmod\addons\vjguardfixim_maps_src\maps\src\xen1.bsp
0 seconds elapsed



[Reading texlights from 'lights.rad']
[51 texlights parsed from 'lights.rad']
Loading d:\juegos\steam\steamapps\common\garrysmod\garrysmod\addons\vjguardfixim_maps_src\maps\src\xen1.bsp
Unable to load vertex data "models/props_foliage_new\xen_shrub_a.vvd"
Unable to load vertex data "models/props_foliage_new\xen_shrub_b.vvd"
BuildFacelights:     0...1...2...3...4...5...6...7...8...9...10 (1)
BuildStaticPropPatchlights: 0...1...2...3...4...5...6...7...8...9...10 (0)
BuildVisLeafs:       0...1...2...3...4...5...6...7...8...9...10 (0)
transfers 17517, max 65
static prop patch transfers 0
GatherLight:         0...1...2...3...4...5...6...7...8...9...10 (0)
GatherLight:         0...1...2...3...4...5...6...7...8...9...10 (0)
Build Patch/Sample Hash Table(s).....Done<0.0084 sec>
FinalLightFace:      0...1...2...3...4...5...6...7...8...9...10 (1)
FinalLightFace Done
0 of 0 (0% of) surface lights went in leaf ambient cubes.
ThreadComputeLeafAmbient: 0...1...2...3...4...5...6...7...8...9...10 (1)
Writing leaf ambient...done
Ready to Finish

Object names       Objects/Maxobjs  Memory / Maxmem  Fullness 
------------       ---------------  ---------------  -------- 
models                   5/4096          240/196608   ( 0.1%) 
brushes                 11/65535         132/786420   ( 0.0%) 
brushsides              80/655350        640/5242800  ( 0.0%) 
planes                 412/65536        8240/1310720  ( 0.6%) 
vertexes               343/65536        4116/786432   ( 0.5%) 
nodes                  285/65536        9120/2097152  ( 0.4%) 
texinfos                87/16384        6264/1179648  ( 0.5%) 
texdata                  5/8192          160/262144   ( 0.1%) 
dispinfos               78/0           13728/0        ( 0.0%) 
disp_verts           10062/0          201240/0        ( 0.0%) 
disp_tris            16896/0           33792/0        ( 0.0%) 
disp_multiblend          0/0               0/0        ( 0.0%) 
disp_lmsamples      795308/0          795308/0        ( 0.0%) 
faces                  256/65536       14336/3670016  ( 0.4%) 
hdr faces                0/65536           0/3670016  ( 0.0%) 
origfaces              102/65536        5712/3670016  ( 0.2%) 
leaves                 291/65536        9312/2097152  ( 0.4%) 
leaffaces              179/65536         358/131072   ( 0.3%) 
leafbrushes            165/65536         330/131072   ( 0.3%) 
areas                    2/1024           16/8192     ( 0.2%) 
surfedges             1464/512000       5856/2048000  ( 0.3%) 
edges                  787/256000       3148/1024000  ( 0.3%) 
LDR worldlights          3/8192          264/720896   ( 0.0%) 
HDR worldlights          0/8192            0/720896   ( 0.0%) 
leafwaterdata            1/32768          12/393216   ( 0.0%) 
waterstrips              0/32768           0/327680   ( 0.0%) 
waterverts               0/65536           0/786432   ( 0.0%) 
waterindices             0/65536           0/131072   ( 0.0%) 
cubemapsamples           0/1024            0/16384    ( 0.0%) 
overlays                 0/8192            0/2883584  ( 0.0%) 
LDR lightdata         [variable]      754416/0        ( 0.0%) 
HDR lightdata         [variable]           0/0        ( 0.0%) 
visdata               [variable]        2076/16777216 ( 0.0%) 
entdata               [variable]       39095/4194304  ( 0.9%) 
LDR ambient table      291/65536        1164/262144   ( 0.4%) 
HDR ambient table      291/65536        1164/262144   ( 0.4%) 
LDR leaf ambient       686/65536       19208/1835008  ( 1.0%) 
HDR leaf ambient       291/65536        8148/1835008  ( 0.4%) 
occluders                0/0               0/0        ( 0.0%) 
occluder polygons        0/0               0/0        ( 0.0%) 
occluder vert ind        0/0               0/0        ( 0.0%) 
detail props          [variable]          12/0        ( 0.0%) 
static props          [variable]        7404/0        ( 0.0%) 
static prop count       72/16384           0/0        ( 0.4%) 
pakfile               [variable]       70992/0        ( 0.0%) 
physics               [variable]     1949117/4194304  (46.5%) 
physics terrain       [variable]           0/1048576  ( 0.0%) 

Level flags = 0

Total triangle count: 528
Writing d:\juegos\steam\steamapps\common\garrysmod\garrysmod\addons\vjguardfixim_maps_src\maps\src\xen1.bsp
4 seconds elapsed




materialPath: D:\Juegos\Steam\steamapps\common\GarrysMod\garrysmod\materials
Loading d:\juegos\steam\steamapps\common\garrysmod\garrysmod\addons\vjguardfixim_maps_src\maps\src\xen1.vmf
Patching WVT material: maps/xen1/xeno/c4a1a_swmpwlb_wvt_patch
fixing up env_cubemap materials on brush sides...
ProcessBlock_Thread: 0...1...2...3...4...5...6...7...8...9...10 (0)
ProcessBlock_Thread: 0...1...2...3...4...5...6...7...8...9...10 (0)
Processing areas...done (0)
Building Faces...done (0)
FixTjuncs...
PruneNodes...
WriteBSP...
done (0)
writing d:\juegos\steam\steamapps\common\garrysmod\garrysmod\addons\vjguardfixim_maps_src\maps\src\xen1.prt...
Building visibility clusters...
done (0)
KeyValues Error: RecursiveLoadFromBuffer:  got EOF instead of keyname in file materials/skybox/xenspace5_skyup.vmt
UnlitGeneric, (*proxies*), (*Clamp*), 
KeyValues Error: RecursiveLoadFromBuffer:  got EOF instead of keyname in file materials/skybox/xenspace5_skyup.vmt
UnlitGeneric, (*proxies*), (*Clamp*), 
Creating default LDR cubemaps for env_cubemap using skybox materials:
   skybox/xenspace5_sky*.vmt
 ! Run buildcubemaps in the engine to get the correct cube maps.
Creating default HDR cubemaps for env_cubemap using skybox materials:
   skybox/xenspace5_sky*.vmt
 ! Run buildcubemaps in the engine to get the correct cube maps.
Finding displacement neighbors...
Finding lightmap sample positions...
Displacement Alpha : 0...1...2...3...4...5...6...7...8...9...10
Building Physics collision data...
WARNING: Map using power 4 displacements, terrain physics cannot be compressed, map will need additional memory and CPU.
done (0) (1949117 bytes)
Placing detail props : 0...1...2...3...4...5...6...7...8...9...10
Water found with no water_lod_control entity, creating a default one.
Compacting texture/material tables...
Reduced 247 texinfos to 87
Reduced 7 texdatas to 5 (158 bytes to 87)
Writing d:\juegos\steam\steamapps\common\garrysmod\garrysmod\addons\vjguardfixim_maps_src\maps\src\xen1.bsp
1 second elapsed



16 threads
reading d:\juegos\steam\steamapps\common\garrysmod\garrysmod\addons\vjguardfixim_maps_src\maps\src\xen1.bsp
reading d:\juegos\steam\steamapps\common\garrysmod\garrysmod\addons\vjguardfixim_maps_src\maps\src\xen1.prt
  74 portalclusters
 161 numportals
BasePortalVis:       0...1...2...3...4...5...6...7...8...9...10 (0)
Optimized: 0 visible clusters (0.00%)
Total clusters visible: 5476
Average clusters visible: 74
Building PAS...
Average clusters audible: 74
visdatasize:2076  compressed from 2368
writing d:\juegos\steam\steamapps\common\garrysmod\garrysmod\addons\vjguardfixim_maps_src\maps\src\xen1.bsp
0 seconds elapsed



[Reading texlights from 'lights.rad']
[51 texlights parsed from 'lights.rad']
Loading d:\juegos\steam\steamapps\common\garrysmod\garrysmod\addons\vjguardfixim_maps_src\maps\src\xen1.bsp
Unable to load vertex data "models/props_foliage_new\xen_shrub_a.vvd"
Unable to load vertex data "models/props_foliage_new\xen_shrub_b.vvd"
BuildFacelights:     0...1...2...3...4...5...6...7...8...9...10 (1)
BuildStaticPropPatchlights: 0...1...2...3...4...5...6...7...8...9...10 (0)
BuildVisLeafs:       0...1...2...3...4...5...6...7...8...9...10 (0)
transfers 17517, max 65
static prop patch transfers 0
GatherLight:         0...1...2...3...4...5...6...7...8...9...10 (0)
GatherLight:         0...1...2...3...4...5...6...7...8...9...10 (0)
Build Patch/Sample Hash Table(s).....Done<0.0083 sec>
FinalLightFace:      0...1...2...3...4...5...6...7...8...9...10 (1)
FinalLightFace Done
0 of 0 (0% of) surface lights went in leaf ambient cubes.
ThreadComputeLeafAmbient: 0...1...2...3...4...5...6...7...8...9...10 (2)
Writing leaf ambient...done
Ready to Finish

Object names       Objects/Maxobjs  Memory / Maxmem  Fullness 
------------       ---------------  ---------------  -------- 
models                   5/4096          240/196608   ( 0.1%) 
brushes                 11/65535         132/786420   ( 0.0%) 
brushsides              80/655350        640/5242800  ( 0.0%) 
planes                 412/65536        8240/1310720  ( 0.6%) 
vertexes               343/65536        4116/786432   ( 0.5%) 
nodes                  285/65536        9120/2097152  ( 0.4%) 
texinfos                87/16384        6264/1179648  ( 0.5%) 
texdata                  5/8192          160/262144   ( 0.1%) 
dispinfos               78/0           13728/0        ( 0.0%) 
disp_verts           10062/0          201240/0        ( 0.0%) 
disp_tris            16896/0           33792/0        ( 0.0%) 
disp_multiblend          0/0               0/0        ( 0.0%) 
disp_lmsamples      795308/0          795308/0        ( 0.0%) 
faces                  256/65536       14336/3670016  ( 0.4%) 
hdr faces                0/65536           0/3670016  ( 0.0%) 
origfaces              102/65536        5712/3670016  ( 0.2%) 
leaves                 291/65536        9312/2097152  ( 0.4%) 
leaffaces              179/65536         358/131072   ( 0.3%) 
leafbrushes            165/65536         330/131072   ( 0.3%) 
areas                    2/1024           16/8192     ( 0.2%) 
surfedges             1464/512000       5856/2048000  ( 0.3%) 
edges                  787/256000       3148/1024000  ( 0.3%) 
LDR worldlights          3/8192          264/720896   ( 0.0%) 
HDR worldlights          0/8192            0/720896   ( 0.0%) 
leafwaterdata            1/32768          12/393216   ( 0.0%) 
waterstrips              0/32768           0/327680   ( 0.0%) 
waterverts               0/65536           0/786432   ( 0.0%) 
waterindices             0/65536           0/131072   ( 0.0%) 
cubemapsamples           0/1024            0/16384    ( 0.0%) 
overlays                 0/8192            0/2883584  ( 0.0%) 
LDR lightdata         [variable]      754416/0        ( 0.0%) 
HDR lightdata         [variable]           0/0        ( 0.0%) 
visdata               [variable]        2076/16777216 ( 0.0%) 
entdata               [variable]       39094/4194304  ( 0.9%) 
LDR ambient table      291/65536        1164/262144   ( 0.4%) 
HDR ambient table      291/65536        1164/262144   ( 0.4%) 
LDR leaf ambient       686/65536       19208/1835008  ( 1.0%) 
HDR leaf ambient       291/65536        8148/1835008  ( 0.4%) 
occluders                0/0               0/0        ( 0.0%) 
occluder polygons        0/0               0/0        ( 0.0%) 
occluder vert ind        0/0               0/0        ( 0.0%) 
detail props          [variable]          12/0        ( 0.0%) 
static props          [variable]        7404/0        ( 0.0%) 
static prop count       72/16384           0/0        ( 0.4%) 
pakfile               [variable]       70992/0        ( 0.0%) 
physics               [variable]     1949117/4194304  (46.5%) 
physics terrain       [variable]           0/1048576  ( 0.0%) 

Level flags = 0

Total triangle count: 528
Writing d:\juegos\steam\steamapps\common\garrysmod\garrysmod\addons\vjguardfixim_maps_src\maps\src\xen1.bsp
4 seconds elapsed




materialPath: D:\Juegos\Steam\steamapps\common\GarrysMod\garrysmod\materials
Loading d:\juegos\steam\steamapps\common\garrysmod\garrysmod\addons\vjguardfixim_maps_src\maps\src\xen1.vmf
Patching WVT material: maps/xen1/xeno/c4a1a_swmpwlb_wvt_patch
fixing up env_cubemap materials on brush sides...
ProcessBlock_Thread: 0...1...2...3...4...5...6...7...8...9...10 (0)
ProcessBlock_Thread: 0...1...2...3...4...5...6...7...8...9...10 (0)
Processing areas...done (0)
Building Faces...done (0)
FixTjuncs...
PruneNodes...
WriteBSP...
done (0)
writing d:\juegos\steam\steamapps\common\garrysmod\garrysmod\addons\vjguardfixim_maps_src\maps\src\xen1.prt...
Building visibility clusters...
done (0)
KeyValues Error: RecursiveLoadFromBuffer:  got EOF instead of keyname in file materials/skybox/xenspace5_skyup.vmt
UnlitGeneric, (*proxies*), (*Clamp*), 
KeyValues Error: RecursiveLoadFromBuffer:  got EOF instead of keyname in file materials/skybox/xenspace5_skyup.vmt
UnlitGeneric, (*proxies*), (*Clamp*), 
Creating default LDR cubemaps for env_cubemap using skybox materials:
   skybox/xenspace5_sky*.vmt
 ! Run buildcubemaps in the engine to get the correct cube maps.
Creating default HDR cubemaps for env_cubemap using skybox materials:
   skybox/xenspace5_sky*.vmt
 ! Run buildcubemaps in the engine to get the correct cube maps.
Finding displacement neighbors...
Finding lightmap sample positions...
Displacement Alpha : 0...1...2...3...4...5...6...7...8...9...10
Building Physics collision data...
WARNING: Map using power 4 displacements, terrain physics cannot be compressed, map will need additional memory and CPU.
done (0) (1949117 bytes)
Placing detail props : 0...1...2...3...4...5...6...7...8...9...10
Water found with no water_lod_control entity, creating a default one.
Compacting texture/material tables...
Reduced 247 texinfos to 87
Reduced 7 texdatas to 5 (158 bytes to 87)
Writing d:\juegos\steam\steamapps\common\garrysmod\garrysmod\addons\vjguardfixim_maps_src\maps\src\xen1.bsp
1 second elapsed



16 threads
reading d:\juegos\steam\steamapps\common\garrysmod\garrysmod\addons\vjguardfixim_maps_src\maps\src\xen1.bsp
reading d:\juegos\steam\steamapps\common\garrysmod\garrysmod\addons\vjguardfixim_maps_src\maps\src\xen1.prt
  74 portalclusters
 161 numportals
BasePortalVis:       0...1...2...3...4...5...6...7...8...9...10 (0)
Optimized: 0 visible clusters (0.00%)
Total clusters visible: 5476
Average clusters visible: 74
Building PAS...
Average clusters audible: 74
visdatasize:2076  compressed from 2368
writing d:\juegos\steam\steamapps\common\garrysmod\garrysmod\addons\vjguardfixim_maps_src\maps\src\xen1.bsp
0 seconds elapsed



[Reading texlights from 'lights.rad']
[51 texlights parsed from 'lights.rad']
Loading d:\juegos\steam\steamapps\common\garrysmod\garrysmod\addons\vjguardfixim_maps_src\maps\src\xen1.bsp
Unable to load vertex data "models/props_foliage_new\xen_shrub_a.vvd"
Unable to load vertex data "models/props_foliage_new\xen_shrub_b.vvd"
BuildFacelights:     0...1...2...3...4...5...6...7...8...9...10 (1)
BuildStaticPropPatchlights: 0...1...2...3...4...5...6...7...8...9...10 (0)
BuildVisLeafs:       0...1...2...3...4...5...6...7...8...9...10 (0)
transfers 17517, max 65
static prop patch transfers 0
GatherLight:         0...1...2...3...4...5...6...7...8...9...10 (0)
GatherLight:         0...1...2...3...4...5...6...7...8...9...10 (0)
Build Patch/Sample Hash Table(s).....Done<0.0084 sec>
FinalLightFace:      0...1...2...3...4...5...6...7...8...9...10 (1)
FinalLightFace Done
0 of 0 (0% of) surface lights went in leaf ambient cubes.
ThreadComputeLeafAmbient: 0...1...2...3...4...5...6...7...8...9...10 (2)
Writing leaf ambient...done
Ready to Finish

Object names       Objects/Maxobjs  Memory / Maxmem  Fullness 
------------       ---------------  ---------------  -------- 
models                   5/4096          240/196608   ( 0.1%) 
brushes                 11/65535         132/786420   ( 0.0%) 
brushsides              80/655350        640/5242800  ( 0.0%) 
planes                 412/65536        8240/1310720  ( 0.6%) 
vertexes               343/65536        4116/786432   ( 0.5%) 
nodes                  285/65536        9120/2097152  ( 0.4%) 
texinfos                87/16384        6264/1179648  ( 0.5%) 
texdata                  5/8192          160/262144   ( 0.1%) 
dispinfos               78/0           13728/0        ( 0.0%) 
disp_verts           10062/0          201240/0        ( 0.0%) 
disp_tris            16896/0           33792/0        ( 0.0%) 
disp_multiblend          0/0               0/0        ( 0.0%) 
disp_lmsamples      795308/0          795308/0        ( 0.0%) 
faces                  256/65536       14336/3670016  ( 0.4%) 
hdr faces                0/65536           0/3670016  ( 0.0%) 
origfaces              102/65536        5712/3670016  ( 0.2%) 
leaves                 291/65536        9312/2097152  ( 0.4%) 
leaffaces              179/65536         358/131072   ( 0.3%) 
leafbrushes            165/65536         330/131072   ( 0.3%) 
areas                    2/1024           16/8192     ( 0.2%) 
surfedges             1464/512000       5856/2048000  ( 0.3%) 
edges                  787/256000       3148/1024000  ( 0.3%) 
LDR worldlights          3/8192          264/720896   ( 0.0%) 
HDR worldlights          0/8192            0/720896   ( 0.0%) 
leafwaterdata            1/32768          12/393216   ( 0.0%) 
waterstrips              0/32768           0/327680   ( 0.0%) 
waterverts               0/65536           0/786432   ( 0.0%) 
waterindices             0/65536           0/131072   ( 0.0%) 
cubemapsamples           0/1024            0/16384    ( 0.0%) 
overlays                 0/8192            0/2883584  ( 0.0%) 
LDR lightdata         [variable]      754416/0        ( 0.0%) 
HDR lightdata         [variable]           0/0        ( 0.0%) 
visdata               [variable]        2076/16777216 ( 0.0%) 
entdata               [variable]       39094/4194304  ( 0.9%) 
LDR ambient table      291/65536        1164/262144   ( 0.4%) 
HDR ambient table      291/65536        1164/262144   ( 0.4%) 
LDR leaf ambient       686/65536       19208/1835008  ( 1.0%) 
HDR leaf ambient       291/65536        8148/1835008  ( 0.4%) 
occluders                0/0               0/0        ( 0.0%) 
occluder polygons        0/0               0/0        ( 0.0%) 
occluder vert ind        0/0               0/0        ( 0.0%) 
detail props          [variable]          12/0        ( 0.0%) 
static props          [variable]        7404/0        ( 0.0%) 
static prop count       72/16384           0/0        ( 0.4%) 
pakfile               [variable]       70992/0        ( 0.0%) 
physics               [variable]     1949117/4194304  (46.5%) 
physics terrain       [variable]           0/1048576  ( 0.0%) 

Level flags = 0

Total triangle count: 528
Writing d:\juegos\steam\steamapps\common\garrysmod\garrysmod\addons\vjguardfixim_maps_src\maps\src\xen1.bsp
4 seconds elapsed




materialPath: D:\Juegos\Steam\steamapps\common\GarrysMod\garrysmod\materials
Loading d:\juegos\steam\steamapps\common\garrysmod\garrysmod\addons\vjguardfixim_maps_src\maps\src\xen1.vmf
Patching WVT material: maps/xen1/xeno/c4a1a_swmpwlb_wvt_patch
fixing up env_cubemap materials on brush sides...
ProcessBlock_Thread: 0...1...2...3...4...5...6...7...8...9...10 (0)
ProcessBlock_Thread: 0...1...2...3...4...5...6...7...8...9...10 (0)
Processing areas...done (0)
Building Faces...done (0)
FixTjuncs...
PruneNodes...
WriteBSP...
done (0)
writing d:\juegos\steam\steamapps\common\garrysmod\garrysmod\addons\vjguardfixim_maps_src\maps\src\xen1.prt...
Building visibility clusters...
done (0)
KeyValues Error: RecursiveLoadFromBuffer:  got EOF instead of keyname in file materials/skybox/xenspace5_skyup.vmt
UnlitGeneric, (*proxies*), (*Clamp*), 
KeyValues Error: RecursiveLoadFromBuffer:  got EOF instead of keyname in file materials/skybox/xenspace5_skyup.vmt
UnlitGeneric, (*proxies*), (*Clamp*), 
Creating default LDR cubemaps for env_cubemap using skybox materials:
   skybox/xenspace5_sky*.vmt
 ! Run buildcubemaps in the engine to get the correct cube maps.
Creating default HDR cubemaps for env_cubemap using skybox materials:
   skybox/xenspace5_sky*.vmt
 ! Run buildcubemaps in the engine to get the correct cube maps.
Finding displacement neighbors...
Finding lightmap sample positions...
Displacement Alpha : 0...1...2...3...4...5...6...7...8...9...10
Building Physics collision data...
WARNING: Map using power 4 displacements, terrain physics cannot be compressed, map will need additional memory and CPU.
done (0) (1949117 bytes)
Placing detail props : 0...1...2...3...4...5...6...7...8...9...10
Water found with no water_lod_control entity, creating a default one.
Compacting texture/material tables...
Reduced 247 texinfos to 87
Reduced 7 texdatas to 5 (158 bytes to 87)
Writing d:\juegos\steam\steamapps\common\garrysmod\garrysmod\addons\vjguardfixim_maps_src\maps\src\xen1.bsp
1 second elapsed



16 threads
reading d:\juegos\steam\steamapps\common\garrysmod\garrysmod\addons\vjguardfixim_maps_src\maps\src\xen1.bsp
reading d:\juegos\steam\steamapps\common\garrysmod\garrysmod\addons\vjguardfixim_maps_src\maps\src\xen1.prt
  74 portalclusters
 161 numportals
BasePortalVis:       0...1...2...3...4...5...6...7...8...9...10 (0)
Optimized: 0 visible clusters (0.00%)
Total clusters visible: 5476
Average clusters visible: 74
Building PAS...
Average clusters audible: 74
visdatasize:2076  compressed from 2368
writing d:\juegos\steam\steamapps\common\garrysmod\garrysmod\addons\vjguardfixim_maps_src\maps\src\xen1.bsp
0 seconds elapsed



[Reading texlights from 'lights.rad']
[51 texlights parsed from 'lights.rad']
Loading d:\juegos\steam\steamapps\common\garrysmod\garrysmod\addons\vjguardfixim_maps_src\maps\src\xen1.bsp
Unable to load vertex data "models/props_foliage_new\xen_shrub_a.vvd"
Unable to load vertex data "models/props_foliage_new\xen_shrub_b.vvd"
BuildFacelights:     0...1...2...3...4...5...6...7...8...9...10 (1)
BuildStaticPropPatchlights: 0...1...2...3...4...5...6...7...8...9...10 (0)
BuildVisLeafs:       0...1...2...3...4...5...6...7...8...9...10 (0)
transfers 17517, max 65
static prop patch transfers 0
GatherLight:         0...1...2...3...4...5...6...7...8...9...10 (0)
GatherLight:         0...1...2...3...4...5...6...7...8...9...10 (0)
Build Patch/Sample Hash Table(s).....Done<0.0086 sec>
FinalLightFace:      0...1...2...3...4...5...6...7...8...9...10 (1)
FinalLightFace Done
0 of 0 (0% of) surface lights went in leaf ambient cubes.
ThreadComputeLeafAmbient: 0...1...2...3...4...5...6...7...8...9...10 (2)
Writing leaf ambient...done
Ready to Finish

Object names       Objects/Maxobjs  Memory / Maxmem  Fullness 
------------       ---------------  ---------------  -------- 
models                   5/4096          240/196608   ( 0.1%) 
brushes                 11/65535         132/786420   ( 0.0%) 
brushsides              80/655350        640/5242800  ( 0.0%) 
planes                 412/65536        8240/1310720  ( 0.6%) 
vertexes               343/65536        4116/786432   ( 0.5%) 
nodes                  285/65536        9120/2097152  ( 0.4%) 
texinfos                87/16384        6264/1179648  ( 0.5%) 
texdata                  5/8192          160/262144   ( 0.1%) 
dispinfos               78/0           13728/0        ( 0.0%) 
disp_verts           10062/0          201240/0        ( 0.0%) 
disp_tris            16896/0           33792/0        ( 0.0%) 
disp_multiblend          0/0               0/0        ( 0.0%) 
disp_lmsamples      795308/0          795308/0        ( 0.0%) 
faces                  256/65536       14336/3670016  ( 0.4%) 
hdr faces                0/65536           0/3670016  ( 0.0%) 
origfaces              102/65536        5712/3670016  ( 0.2%) 
leaves                 291/65536        9312/2097152  ( 0.4%) 
leaffaces              179/65536         358/131072   ( 0.3%) 
leafbrushes            165/65536         330/131072   ( 0.3%) 
areas                    2/1024           16/8192     ( 0.2%) 
surfedges             1464/512000       5856/2048000  ( 0.3%) 
edges                  787/256000       3148/1024000  ( 0.3%) 
LDR worldlights          3/8192          264/720896   ( 0.0%) 
HDR worldlights          0/8192            0/720896   ( 0.0%) 
leafwaterdata            1/32768          12/393216   ( 0.0%) 
waterstrips              0/32768           0/327680   ( 0.0%) 
waterverts               0/65536           0/786432   ( 0.0%) 
waterindices             0/65536           0/131072   ( 0.0%) 
cubemapsamples           0/1024            0/16384    ( 0.0%) 
overlays                 0/8192            0/2883584  ( 0.0%) 
LDR lightdata         [variable]      754416/0        ( 0.0%) 
HDR lightdata         [variable]           0/0        ( 0.0%) 
visdata               [variable]        2076/16777216 ( 0.0%) 
entdata               [variable]       39174/4194304  ( 0.9%) 
LDR ambient table      291/65536        1164/262144   ( 0.4%) 
HDR ambient table      291/65536        1164/262144   ( 0.4%) 
LDR leaf ambient       686/65536       19208/1835008  ( 1.0%) 
HDR leaf ambient       291/65536        8148/1835008  ( 0.4%) 
occluders                0/0               0/0        ( 0.0%) 
occluder polygons        0/0               0/0        ( 0.0%) 
occluder vert ind        0/0               0/0        ( 0.0%) 
detail props          [variable]          12/0        ( 0.0%) 
static props          [variable]        7404/0        ( 0.0%) 
static prop count       72/16384           0/0        ( 0.4%) 
pakfile               [variable]       70992/0        ( 0.0%) 
physics               [variable]     1949117/4194304  (46.5%) 
physics terrain       [variable]           0/1048576  ( 0.0%) 

Level flags = 0

Total triangle count: 528
Writing d:\juegos\steam\steamapps\common\garrysmod\garrysmod\addons\vjguardfixim_maps_src\maps\src\xen1.bsp
4 seconds elapsed




materialPath: D:\Juegos\Steam\steamapps\common\GarrysMod\garrysmod\materials
Loading d:\juegos\steam\steamapps\common\garrysmod\garrysmod\addons\vjguardfixim_maps_src\maps\src\xen1.vmf
Patching WVT material: maps/xen1/xeno/c4a1a_swmpwlb_wvt_patch
fixing up env_cubemap materials on brush sides...
ProcessBlock_Thread: 0...1...2...3...4...5...6...7...8...9...10 (0)
ProcessBlock_Thread: 0...1...2...3...4...5...6...7...8...9...10 (0)
Processing areas...done (0)
Building Faces...done (0)
FixTjuncs...
PruneNodes...
WriteBSP...
done (0)
writing d:\juegos\steam\steamapps\common\garrysmod\garrysmod\addons\vjguardfixim_maps_src\maps\src\xen1.prt...
Building visibility clusters...
done (0)
KeyValues Error: RecursiveLoadFromBuffer:  got EOF instead of keyname in file materials/skybox/xenspace5_skyup.vmt
UnlitGeneric, (*proxies*), (*Clamp*), 
KeyValues Error: RecursiveLoadFromBuffer:  got EOF instead of keyname in file materials/skybox/xenspace5_skyup.vmt
UnlitGeneric, (*proxies*), (*Clamp*), 
Creating default LDR cubemaps for env_cubemap using skybox materials:
   skybox/xenspace5_sky*.vmt
 ! Run buildcubemaps in the engine to get the correct cube maps.
Creating default HDR cubemaps for env_cubemap using skybox materials:
   skybox/xenspace5_sky*.vmt
 ! Run buildcubemaps in the engine to get the correct cube maps.
Finding displacement neighbors...
Finding lightmap sample positions...
Displacement Alpha : 0...1...2...3...4...5...6...7...8...9...10
Building Physics collision data...
WARNING: Map using power 4 displacements, terrain physics cannot be compressed, map will need additional memory and CPU.
done (0) (1949117 bytes)
Placing detail props : 0...1...2...3...4...5...6...7...8...9...10
Water found with no water_lod_control entity, creating a default one.
Compacting texture/material tables...
Reduced 247 texinfos to 87
Reduced 7 texdatas to 5 (158 bytes to 87)
Writing d:\juegos\steam\steamapps\common\garrysmod\garrysmod\addons\vjguardfixim_maps_src\maps\src\xen1.bsp
1 second elapsed



16 threads
reading d:\juegos\steam\steamapps\common\garrysmod\garrysmod\addons\vjguardfixim_maps_src\maps\src\xen1.bsp
reading d:\juegos\steam\steamapps\common\garrysmod\garrysmod\addons\vjguardfixim_maps_src\maps\src\xen1.prt
  74 portalclusters
 161 numportals
BasePortalVis:       0...1...2...3...4...5...6...7...8...9...10 (0)
Optimized: 0 visible clusters (0.00%)
Total clusters visible: 5476
Average clusters visible: 74
Building PAS...
Average clusters audible: 74
visdatasize:2076  compressed from 2368
writing d:\juegos\steam\steamapps\common\garrysmod\garrysmod\addons\vjguardfixim_maps_src\maps\src\xen1.bsp
0 seconds elapsed



[Reading texlights from 'lights.rad']
[51 texlights parsed from 'lights.rad']
Loading d:\juegos\steam\steamapps\common\garrysmod\garrysmod\addons\vjguardfixim_maps_src\maps\src\xen1.bsp
Unable to load vertex data "models/props_foliage_new\xen_shrub_a.vvd"
Unable to load vertex data "models/props_foliage_new\xen_shrub_b.vvd"
BuildFacelights:     0...1...2...3...4...5...6...7...8...9...10 (1)
BuildStaticPropPatchlights: 0...1...2...3...4...5...6...7...8...9...10 (0)
BuildVisLeafs:       0...1...2...3...4...5...6...7...8...9...10 (0)
transfers 17517, max 65
static prop patch transfers 0
GatherLight:         0...1...2...3...4...5...6...7...8...9...10 (0)
GatherLight:         0...1...2...3...4...5...6...7...8...9...10 (0)
Build Patch/Sample Hash Table(s).....Done<0.0083 sec>
FinalLightFace:      0...1...2...3...4...5...6...7...8...9...10 (1)
FinalLightFace Done
0 of 0 (0% of) surface lights went in leaf ambient cubes.
ThreadComputeLeafAmbient: 0...1...2...3...4...5...6...7...8...9...10 (2)
Writing leaf ambient...done
Ready to Finish

Object names       Objects/Maxobjs  Memory / Maxmem  Fullness 
------------       ---------------  ---------------  -------- 
models                   5/4096          240/196608   ( 0.1%) 
brushes                 11/65535         132/786420   ( 0.0%) 
brushsides              80/655350        640/5242800  ( 0.0%) 
planes                 412/65536        8240/1310720  ( 0.6%) 
vertexes               343/65536        4116/786432   ( 0.5%) 
nodes                  285/65536        9120/2097152  ( 0.4%) 
texinfos                87/16384        6264/1179648  ( 0.5%) 
texdata                  5/8192          160/262144   ( 0.1%) 
dispinfos               78/0           13728/0        ( 0.0%) 
disp_verts           10062/0          201240/0        ( 0.0%) 
disp_tris            16896/0           33792/0        ( 0.0%) 
disp_multiblend          0/0               0/0        ( 0.0%) 
disp_lmsamples      795308/0          795308/0        ( 0.0%) 
faces                  256/65536       14336/3670016  ( 0.4%) 
hdr faces                0/65536           0/3670016  ( 0.0%) 
origfaces              102/65536        5712/3670016  ( 0.2%) 
leaves                 291/65536        9312/2097152  ( 0.4%) 
leaffaces              179/65536         358/131072   ( 0.3%) 
leafbrushes            165/65536         330/131072   ( 0.3%) 
areas                    2/1024           16/8192     ( 0.2%) 
surfedges             1464/512000       5856/2048000  ( 0.3%) 
edges                  787/256000       3148/1024000  ( 0.3%) 
LDR worldlights          3/8192          264/720896   ( 0.0%) 
HDR worldlights          0/8192            0/720896   ( 0.0%) 
leafwaterdata            1/32768          12/393216   ( 0.0%) 
waterstrips              0/32768           0/327680   ( 0.0%) 
waterverts               0/65536           0/786432   ( 0.0%) 
waterindices             0/65536           0/131072   ( 0.0%) 
cubemapsamples           0/1024            0/16384    ( 0.0%) 
overlays                 0/8192            0/2883584  ( 0.0%) 
LDR lightdata         [variable]      754416/0        ( 0.0%) 
HDR lightdata         [variable]           0/0        ( 0.0%) 
visdata               [variable]        2076/16777216 ( 0.0%) 
entdata               [variable]       39174/4194304  ( 0.9%) 
LDR ambient table      291/65536        1164/262144   ( 0.4%) 
HDR ambient table      291/65536        1164/262144   ( 0.4%) 
LDR leaf ambient       686/65536       19208/1835008  ( 1.0%) 
HDR leaf ambient       291/65536        8148/1835008  ( 0.4%) 
occluders                0/0               0/0        ( 0.0%) 
occluder polygons        0/0               0/0        ( 0.0%) 
occluder vert ind        0/0               0/0        ( 0.0%) 
detail props          [variable]          12/0        ( 0.0%) 
static props          [variable]        7404/0        ( 0.0%) 
static prop count       72/16384           0/0        ( 0.4%) 
pakfile               [variable]       70992/0        ( 0.0%) 
physics               [variable]     1949117/4194304  (46.5%) 
physics terrain       [variable]           0/1048576  ( 0.0%) 

Level flags = 0

Total triangle count: 528
Writing d:\juegos\steam\steamapps\common\garrysmod\garrysmod\addons\vjguardfixim_maps_src\maps\src\xen1.bsp
4 seconds elapsed




materialPath: D:\Juegos\Steam\steamapps\common\GarrysMod\garrysmod\materials
Loading d:\juegos\steam\steamapps\common\garrysmod\garrysmod\addons\vjguardfixim_maps_src\maps\src\xen1.vmf
Patching WVT material: maps/xen1/xeno/c4a1a_swmpwlb_wvt_patch
fixing up env_cubemap materials on brush sides...
ProcessBlock_Thread: 0...1...2...3...4...5...6...7...8...9...10 (0)
ProcessBlock_Thread: 0...1...2...3...4...5...6...7...8...9...10 (0)
Processing areas...done (0)
Building Faces...done (0)
FixTjuncs...
PruneNodes...
WriteBSP...
done (0)
writing d:\juegos\steam\steamapps\common\garrysmod\garrysmod\addons\vjguardfixim_maps_src\maps\src\xen1.prt...
Building visibility clusters...
done (0)
KeyValues Error: RecursiveLoadFromBuffer:  got EOF instead of keyname in file materials/skybox/xenspace5_skyup.vmt
UnlitGeneric, (*proxies*), (*Clamp*), 
KeyValues Error: RecursiveLoadFromBuffer:  got EOF instead of keyname in file materials/skybox/xenspace5_skyup.vmt
UnlitGeneric, (*proxies*), (*Clamp*), 
Creating default LDR cubemaps for env_cubemap using skybox materials:
   skybox/xenspace5_sky*.vmt
 ! Run buildcubemaps in the engine to get the correct cube maps.
Creating default HDR cubemaps for env_cubemap using skybox materials:
   skybox/xenspace5_sky*.vmt
 ! Run buildcubemaps in the engine to get the correct cube maps.
Finding displacement neighbors...
Finding lightmap sample positions...
Displacement Alpha : 0...1...2...3...4...5...6...7...8...9...10
Building Physics collision data...
WARNING: Map using power 4 displacements, terrain physics cannot be compressed, map will need additional memory and CPU.
done (0) (1949117 bytes)
Placing detail props : 0...1...2...3...4...5...6...7...8...9...10
Water found with no water_lod_control entity, creating a default one.
Compacting texture/material tables...
Reduced 247 texinfos to 87
Reduced 7 texdatas to 5 (158 bytes to 87)
Writing d:\juegos\steam\steamapps\common\garrysmod\garrysmod\addons\vjguardfixim_maps_src\maps\src\xen1.bsp
1 second elapsed



16 threads
reading d:\juegos\steam\steamapps\common\garrysmod\garrysmod\addons\vjguardfixim_maps_src\maps\src\xen1.bsp
reading d:\juegos\steam\steamapps\common\garrysmod\garrysmod\addons\vjguardfixim_maps_src\maps\src\xen1.prt
  74 portalclusters
 161 numportals
BasePortalVis:       0...1...2...3...4...5...6...7...8...9...10 (0)
Optimized: 0 visible clusters (0.00%)
Total clusters visible: 5476
Average clusters visible: 74
Building PAS...
Average clusters audible: 74
visdatasize:2076  compressed from 2368
writing d:\juegos\steam\steamapps\common\garrysmod\garrysmod\addons\vjguardfixim_maps_src\maps\src\xen1.bsp
0 seconds elapsed



[Reading texlights from 'lights.rad']
[51 texlights parsed from 'lights.rad']
Loading d:\juegos\steam\steamapps\common\garrysmod\garrysmod\addons\vjguardfixim_maps_src\maps\src\xen1.bsp
Unable to load vertex data "models/props_foliage_new\xen_shrub_a.vvd"
Unable to load vertex data "models/props_foliage_new\xen_shrub_b.vvd"
BuildFacelights:     0...1...2...3...4...5...6...7...8...9...10 (1)
BuildStaticPropPatchlights: 0...1...2...3...4...5...6...7...8...9...10 (0)
BuildVisLeafs:       0...1...2...3...4...5...6...7...8...9...10 (0)
transfers 17517, max 65
static prop patch transfers 0
GatherLight:         0...1...2...3...4...5...6...7...8...9...10 (0)
GatherLight:         0...1...2...3...4...5...6...7...8...9...10 (0)
Build Patch/Sample Hash Table(s).....Done<0.0083 sec>
FinalLightFace:      0...1...2...3...4...5...6...7...8...9...10 (1)
FinalLightFace Done
0 of 0 (0% of) surface lights went in leaf ambient cubes.
ThreadComputeLeafAmbient: 0...1...2...3...4...5...6...7...8...9...10 (2)
Writing leaf ambient...done
Ready to Finish

Object names       Objects/Maxobjs  Memory / Maxmem  Fullness 
------------       ---------------  ---------------  -------- 
models                   5/4096          240/196608   ( 0.1%) 
brushes                 11/65535         132/786420   ( 0.0%) 
brushsides              80/655350        640/5242800  ( 0.0%) 
planes                 412/65536        8240/1310720  ( 0.6%) 
vertexes               343/65536        4116/786432   ( 0.5%) 
nodes                  285/65536        9120/2097152  ( 0.4%) 
texinfos                87/16384        6264/1179648  ( 0.5%) 
texdata                  5/8192          160/262144   ( 0.1%) 
dispinfos               78/0           13728/0        ( 0.0%) 
disp_verts           10062/0          201240/0        ( 0.0%) 
disp_tris            16896/0           33792/0        ( 0.0%) 
disp_multiblend          0/0               0/0        ( 0.0%) 
disp_lmsamples      795308/0          795308/0        ( 0.0%) 
faces                  256/65536       14336/3670016  ( 0.4%) 
hdr faces                0/65536           0/3670016  ( 0.0%) 
origfaces              102/65536        5712/3670016  ( 0.2%) 
leaves                 291/65536        9312/2097152  ( 0.4%) 
leaffaces              179/65536         358/131072   ( 0.3%) 
leafbrushes            165/65536         330/131072   ( 0.3%) 
areas                    2/1024           16/8192     ( 0.2%) 
surfedges             1464/512000       5856/2048000  ( 0.3%) 
edges                  787/256000       3148/1024000  ( 0.3%) 
LDR worldlights          3/8192          264/720896   ( 0.0%) 
HDR worldlights          0/8192            0/720896   ( 0.0%) 
leafwaterdata            1/32768          12/393216   ( 0.0%) 
waterstrips              0/32768           0/327680   ( 0.0%) 
waterverts               0/65536           0/786432   ( 0.0%) 
waterindices             0/65536           0/131072   ( 0.0%) 
cubemapsamples           0/1024            0/16384    ( 0.0%) 
overlays                 0/8192            0/2883584  ( 0.0%) 
LDR lightdata         [variable]      754416/0        ( 0.0%) 
HDR lightdata         [variable]           0/0        ( 0.0%) 
visdata               [variable]        2076/16777216 ( 0.0%) 
entdata               [variable]       39175/4194304  ( 0.9%) 
LDR ambient table      291/65536        1164/262144   ( 0.4%) 
HDR ambient table      291/65536        1164/262144   ( 0.4%) 
LDR leaf ambient       686/65536       19208/1835008  ( 1.0%) 
HDR leaf ambient       291/65536        8148/1835008  ( 0.4%) 
occluders                0/0               0/0        ( 0.0%) 
occluder polygons        0/0               0/0        ( 0.0%) 
occluder vert ind        0/0               0/0        ( 0.0%) 
detail props          [variable]          12/0        ( 0.0%) 
static props          [variable]        7404/0        ( 0.0%) 
static prop count       72/16384           0/0        ( 0.4%) 
pakfile               [variable]       70992/0        ( 0.0%) 
physics               [variable]     1949117/4194304  (46.5%) 
physics terrain       [variable]           0/1048576  ( 0.0%) 

Level flags = 0

Total triangle count: 528
Writing d:\juegos\steam\steamapps\common\garrysmod\garrysmod\addons\vjguardfixim_maps_src\maps\src\xen1.bsp
4 seconds elapsed




materialPath: D:\Juegos\Steam\steamapps\common\GarrysMod\garrysmod\materials
Loading d:\juegos\steam\steamapps\common\garrysmod\garrysmod\addons\vjguardfixim_maps_src\maps\src\xen1.vmf
Patching WVT material: maps/xen1/xeno/c4a1a_swmpwlb_wvt_patch
fixing up env_cubemap materials on brush sides...
ProcessBlock_Thread: 0...1...2...3...4...5...6...7...8...9...10 (0)
ProcessBlock_Thread: 0...1...2...3...4...5...6...7...8...9...10 (0)
Processing areas...done (0)
Building Faces...done (0)
FixTjuncs...
PruneNodes...
WriteBSP...
done (0)
writing d:\juegos\steam\steamapps\common\garrysmod\garrysmod\addons\vjguardfixim_maps_src\maps\src\xen1.prt...
Building visibility clusters...
done (0)
KeyValues Error: RecursiveLoadFromBuffer:  got EOF instead of keyname in file materials/skybox/xenspace5_skyup.vmt
UnlitGeneric, (*proxies*), (*Clamp*), 
KeyValues Error: RecursiveLoadFromBuffer:  got EOF instead of keyname in file materials/skybox/xenspace5_skyup.vmt
UnlitGeneric, (*proxies*), (*Clamp*), 
Creating default LDR cubemaps for env_cubemap using skybox materials:
   skybox/xenspace5_sky*.vmt
 ! Run buildcubemaps in the engine to get the correct cube maps.
Creating default HDR cubemaps for env_cubemap using skybox materials:
   skybox/xenspace5_sky*.vmt
 ! Run buildcubemaps in the engine to get the correct cube maps.
Finding displacement neighbors...
Finding lightmap sample positions...
Displacement Alpha : 0...1...2...3...4...5...6...7...8...9...10
Building Physics collision data...
WARNING: Map using power 4 displacements, terrain physics cannot be compressed, map will need additional memory and CPU.
done (0) (1949117 bytes)
Placing detail props : 0...1...2...3...4...5...6...7...8...9...10
Water found with no water_lod_control entity, creating a default one.
Compacting texture/material tables...
Reduced 247 texinfos to 87
Reduced 7 texdatas to 5 (158 bytes to 87)
Writing d:\juegos\steam\steamapps\common\garrysmod\garrysmod\addons\vjguardfixim_maps_src\maps\src\xen1.bsp
1 second elapsed



16 threads
reading d:\juegos\steam\steamapps\common\garrysmod\garrysmod\addons\vjguardfixim_maps_src\maps\src\xen1.bsp
reading d:\juegos\steam\steamapps\common\garrysmod\garrysmod\addons\vjguardfixim_maps_src\maps\src\xen1.prt
  74 portalclusters
 161 numportals
BasePortalVis:       0...1...2...3...4...5...6...7...8...9...10 (0)
Optimized: 0 visible clusters (0.00%)
Total clusters visible: 5476
Average clusters visible: 74
Building PAS...
Average clusters audible: 74
visdatasize:2076  compressed from 2368
writing d:\juegos\steam\steamapps\common\garrysmod\garrysmod\addons\vjguardfixim_maps_src\maps\src\xen1.bsp
0 seconds elapsed



[Reading texlights from 'lights.rad']
[51 texlights parsed from 'lights.rad']
Loading d:\juegos\steam\steamapps\common\garrysmod\garrysmod\addons\vjguardfixim_maps_src\maps\src\xen1.bsp
Unable to load vertex data "models/props_foliage_new\xen_shrub_a.vvd"
Unable to load vertex data "models/props_foliage_new\xen_shrub_b.vvd"
BuildFacelights:     0...1...2...3...4...5...6...7...8...9...10 (1)
BuildStaticPropPatchlights: 0...1...2...3...4...5...6...7...8...9...10 (0)
BuildVisLeafs:       0...1...2...3...4...5...6...7...8...9...10 (0)
transfers 17517, max 65
static prop patch transfers 0
GatherLight:         0...1...2...3...4...5...6...7...8...9...10 (0)
GatherLight:         0...1...2...3...4...5...6...7...8...9...10 (0)
Build Patch/Sample Hash Table(s).....Done<0.0083 sec>
FinalLightFace:      0...1...2...3...4...5...6...7...8...9...10 (1)
FinalLightFace Done
0 of 0 (0% of) surface lights went in leaf ambient cubes.
ThreadComputeLeafAmbient: 0...1...2...3...4...5...6...7...8...9...10 (2)
Writing leaf ambient...done
Ready to Finish

Object names       Objects/Maxobjs  Memory / Maxmem  Fullness 
------------       ---------------  ---------------  -------- 
models                   5/4096          240/196608   ( 0.1%) 
brushes                 11/65535         132/786420   ( 0.0%) 
brushsides              80/655350        640/5242800  ( 0.0%) 
planes                 412/65536        8240/1310720  ( 0.6%) 
vertexes               343/65536        4116/786432   ( 0.5%) 
nodes                  285/65536        9120/2097152  ( 0.4%) 
texinfos                87/16384        6264/1179648  ( 0.5%) 
texdata                  5/8192          160/262144   ( 0.1%) 
dispinfos               78/0           13728/0        ( 0.0%) 
disp_verts           10062/0          201240/0        ( 0.0%) 
disp_tris            16896/0           33792/0        ( 0.0%) 
disp_multiblend          0/0               0/0        ( 0.0%) 
disp_lmsamples      795308/0          795308/0        ( 0.0%) 
faces                  256/65536       14336/3670016  ( 0.4%) 
hdr faces                0/65536           0/3670016  ( 0.0%) 
origfaces              102/65536        5712/3670016  ( 0.2%) 
leaves                 291/65536        9312/2097152  ( 0.4%) 
leaffaces              179/65536         358/131072   ( 0.3%) 
leafbrushes            165/65536         330/131072   ( 0.3%) 
areas                    2/1024           16/8192     ( 0.2%) 
surfedges             1464/512000       5856/2048000  ( 0.3%) 
edges                  787/256000       3148/1024000  ( 0.3%) 
LDR worldlights          3/8192          264/720896   ( 0.0%) 
HDR worldlights          0/8192            0/720896   ( 0.0%) 
leafwaterdata            1/32768          12/393216   ( 0.0%) 
waterstrips              0/32768           0/327680   ( 0.0%) 
waterverts               0/65536           0/786432   ( 0.0%) 
waterindices             0/65536           0/131072   ( 0.0%) 
cubemapsamples           0/1024            0/16384    ( 0.0%) 
overlays                 0/8192            0/2883584  ( 0.0%) 
LDR lightdata         [variable]      754416/0        ( 0.0%) 
HDR lightdata         [variable]           0/0        ( 0.0%) 
visdata               [variable]        2076/16777216 ( 0.0%) 
entdata               [variable]       39769/4194304  ( 0.9%) 
LDR ambient table      291/65536        1164/262144   ( 0.4%) 
HDR ambient table      291/65536        1164/262144   ( 0.4%) 
LDR leaf ambient       686/65536       19208/1835008  ( 1.0%) 
HDR leaf ambient       291/65536        8148/1835008  ( 0.4%) 
occluders                0/0               0/0        ( 0.0%) 
occluder polygons        0/0               0/0        ( 0.0%) 
occluder vert ind        0/0               0/0        ( 0.0%) 
detail props          [variable]          12/0        ( 0.0%) 
static props          [variable]        7404/0        ( 0.0%) 
static prop count       72/16384           0/0        ( 0.4%) 
pakfile               [variable]       70992/0        ( 0.0%) 
physics               [variable]     1949117/4194304  (46.5%) 
physics terrain       [variable]           0/1048576  ( 0.0%) 

Level flags = 0

Total triangle count: 528
Writing d:\juegos\steam\steamapps\common\garrysmod\garrysmod\addons\vjguardfixim_maps_src\maps\src\xen1.bsp
4 seconds elapsed




materialPath: D:\Juegos\Steam\steamapps\common\GarrysMod\garrysmod\materials
Loading d:\juegos\steam\steamapps\common\garrysmod\garrysmod\addons\vjguardfixim_maps_src\maps\src\xen1.vmf
Patching WVT material: maps/xen1/xeno/c4a1a_swmpwlb_wvt_patch
fixing up env_cubemap materials on brush sides...
ProcessBlock_Thread: 0...1...2...3...4...5...6...7...8...9...10 (0)
ProcessBlock_Thread: 0...1...2...3...4...5...6...7...8...9...10 (0)
Processing areas...done (0)
Building Faces...done (0)
FixTjuncs...
PruneNodes...
WriteBSP...
done (0)
writing d:\juegos\steam\steamapps\common\garrysmod\garrysmod\addons\vjguardfixim_maps_src\maps\src\xen1.prt...
Building visibility clusters...
done (0)
KeyValues Error: RecursiveLoadFromBuffer:  got EOF instead of keyname in file materials/skybox/xenspace5_skyup.vmt
UnlitGeneric, (*proxies*), (*Clamp*), 
KeyValues Error: RecursiveLoadFromBuffer:  got EOF instead of keyname in file materials/skybox/xenspace5_skyup.vmt
UnlitGeneric, (*proxies*), (*Clamp*), 
Creating default LDR cubemaps for env_cubemap using skybox materials:
   skybox/xenspace5_sky*.vmt
 ! Run buildcubemaps in the engine to get the correct cube maps.
Creating default HDR cubemaps for env_cubemap using skybox materials:
   skybox/xenspace5_sky*.vmt
 ! Run buildcubemaps in the engine to get the correct cube maps.
Finding displacement neighbors...
Finding lightmap sample positions...
Displacement Alpha : 0...1...2...3...4...5...6...7...8...9...10
Building Physics collision data...
WARNING: Map using power 4 displacements, terrain physics cannot be compressed, map will need additional memory and CPU.
done (0) (1949117 bytes)
Placing detail props : 0...1...2...3...4...5...6...7...8...9...10
Water found with no water_lod_control entity, creating a default one.
Compacting texture/material tables...
Reduced 247 texinfos to 87
Reduced 7 texdatas to 5 (158 bytes to 87)
Writing d:\juegos\steam\steamapps\common\garrysmod\garrysmod\addons\vjguardfixim_maps_src\maps\src\xen1.bsp
1 second elapsed



16 threads
reading d:\juegos\steam\steamapps\common\garrysmod\garrysmod\addons\vjguardfixim_maps_src\maps\src\xen1.bsp
reading d:\juegos\steam\steamapps\common\garrysmod\garrysmod\addons\vjguardfixim_maps_src\maps\src\xen1.prt
  74 portalclusters
 161 numportals
BasePortalVis:       0...1...2...3...4...5...6...7...8...9...10 (0)
Optimized: 0 visible clusters (0.00%)
Total clusters visible: 5476
Average clusters visible: 74
Building PAS...
Average clusters audible: 74
visdatasize:2076  compressed from 2368
writing d:\juegos\steam\steamapps\common\garrysmod\garrysmod\addons\vjguardfixim_maps_src\maps\src\xen1.bsp
0 seconds elapsed



[Reading texlights from 'lights.rad']
[51 texlights parsed from 'lights.rad']
Loading d:\juegos\steam\steamapps\common\garrysmod\garrysmod\addons\vjguardfixim_maps_src\maps\src\xen1.bsp
Unable to load vertex data "models/props_foliage_new\xen_shrub_a.vvd"
Unable to load vertex data "models/props_foliage_new\xen_shrub_b.vvd"
BuildFacelights:     0...1...2...3...4...5...6...7...8...9...10 (1)
BuildStaticPropPatchlights: 0...1...2...3...4...5...6...7...8...9...10 (0)
BuildVisLeafs:       0...1...2...3...4...5...6...7...8...9...10 (0)
transfers 17517, max 65
static prop patch transfers 0
GatherLight:         0...1...2...3...4...5...6...7...8...9...10 (0)
GatherLight:         0...1...2...3...4...5...6...7...8...9...10 (0)
Build Patch/Sample Hash Table(s).....Done<0.0083 sec>
FinalLightFace:      0...1...2...3...4...5...6...7...8...9...10 (1)
FinalLightFace Done
0 of 0 (0% of) surface lights went in leaf ambient cubes.
ThreadComputeLeafAmbient: 0...1...2...3...4...5...6...7...8...9...10 (2)
Writing leaf ambient...done
Ready to Finish

Object names       Objects/Maxobjs  Memory / Maxmem  Fullness 
------------       ---------------  ---------------  -------- 
models                   5/4096          240/196608   ( 0.1%) 
brushes                 11/65535         132/786420   ( 0.0%) 
brushsides              80/655350        640/5242800  ( 0.0%) 
planes                 412/65536        8240/1310720  ( 0.6%) 
vertexes               343/65536        4116/786432   ( 0.5%) 
nodes                  285/65536        9120/2097152  ( 0.4%) 
texinfos                87/16384        6264/1179648  ( 0.5%) 
texdata                  5/8192          160/262144   ( 0.1%) 
dispinfos               78/0           13728/0        ( 0.0%) 
disp_verts           10062/0          201240/0        ( 0.0%) 
disp_tris            16896/0           33792/0        ( 0.0%) 
disp_multiblend          0/0               0/0        ( 0.0%) 
disp_lmsamples      795308/0          795308/0        ( 0.0%) 
faces                  256/65536       14336/3670016  ( 0.4%) 
hdr faces                0/65536           0/3670016  ( 0.0%) 
origfaces              102/65536        5712/3670016  ( 0.2%) 
leaves                 291/65536        9312/2097152  ( 0.4%) 
leaffaces              179/65536         358/131072   ( 0.3%) 
leafbrushes            165/65536         330/131072   ( 0.3%) 
areas                    2/1024           16/8192     ( 0.2%) 
surfedges             1464/512000       5856/2048000  ( 0.3%) 
edges                  787/256000       3148/1024000  ( 0.3%) 
LDR worldlights          3/8192          264/720896   ( 0.0%) 
HDR worldlights          0/8192            0/720896   ( 0.0%) 
leafwaterdata            1/32768          12/393216   ( 0.0%) 
waterstrips              0/32768           0/327680   ( 0.0%) 
waterverts               0/65536           0/786432   ( 0.0%) 
waterindices             0/65536           0/131072   ( 0.0%) 
cubemapsamples           0/1024            0/16384    ( 0.0%) 
overlays                 0/8192            0/2883584  ( 0.0%) 
LDR lightdata         [variable]      754416/0        ( 0.0%) 
HDR lightdata         [variable]           0/0        ( 0.0%) 
visdata               [variable]        2076/16777216 ( 0.0%) 
entdata               [variable]       39881/4194304  ( 1.0%) 
LDR ambient table      291/65536        1164/262144   ( 0.4%) 
HDR ambient table      291/65536        1164/262144   ( 0.4%) 
LDR leaf ambient       686/65536       19208/1835008  ( 1.0%) 
HDR leaf ambient       291/65536        8148/1835008  ( 0.4%) 
occluders                0/0               0/0        ( 0.0%) 
occluder polygons        0/0               0/0        ( 0.0%) 
occluder vert ind        0/0               0/0        ( 0.0%) 
detail props          [variable]          12/0        ( 0.0%) 
static props          [variable]        7404/0        ( 0.0%) 
static prop count       72/16384           0/0        ( 0.4%) 
pakfile               [variable]       70992/0        ( 0.0%) 
physics               [variable]     1949117/4194304  (46.5%) 
physics terrain       [variable]           0/1048576  ( 0.0%) 

Level flags = 0

Total triangle count: 528
Writing d:\juegos\steam\steamapps\common\garrysmod\garrysmod\addons\vjguardfixim_maps_src\maps\src\xen1.bsp
4 seconds elapsed




materialPath: D:\Juegos\Steam\steamapps\common\GarrysMod\garrysmod\materials
Loading d:\juegos\steam\steamapps\common\garrysmod\garrysmod\addons\vjguardfixim_maps_src\maps\src\xen1.vmf
Patching WVT material: maps/xen1/xeno/c4a1a_swmpwlb_wvt_patch
fixing up env_cubemap materials on brush sides...
ProcessBlock_Thread: 0...1...2...3...4...5...6...7...8...9...10 (0)
ProcessBlock_Thread: 0...1...2...3...4...5...6...7...8...9...10 (0)
Processing areas...done (0)
Building Faces...done (0)
FixTjuncs...
PruneNodes...
WriteBSP...
done (0)
writing d:\juegos\steam\steamapps\common\garrysmod\garrysmod\addons\vjguardfixim_maps_src\maps\src\xen1.prt...
Building visibility clusters...
done (0)
KeyValues Error: RecursiveLoadFromBuffer:  got EOF instead of keyname in file materials/skybox/xenspace5_skyup.vmt
UnlitGeneric, (*proxies*), (*Clamp*), 
KeyValues Error: RecursiveLoadFromBuffer:  got EOF instead of keyname in file materials/skybox/xenspace5_skyup.vmt
UnlitGeneric, (*proxies*), (*Clamp*), 
Creating default LDR cubemaps for env_cubemap using skybox materials:
   skybox/xenspace5_sky*.vmt
 ! Run buildcubemaps in the engine to get the correct cube maps.
Creating default HDR cubemaps for env_cubemap using skybox materials:
   skybox/xenspace5_sky*.vmt
 ! Run buildcubemaps in the engine to get the correct cube maps.
Finding displacement neighbors...
Finding lightmap sample positions...
Displacement Alpha : 0...1...2...3...4...5...6...7...8...9...10
Building Physics collision data...
WARNING: Map using power 4 displacements, terrain physics cannot be compressed, map will need additional memory and CPU.
done (0) (1950219 bytes)
Placing detail props : 0...1...2...3...4...5...6...7...8...9...10
Water found with no water_lod_control entity, creating a default one.
Compacting texture/material tables...
Reduced 271 texinfos to 87
Reduced 7 texdatas to 5 (158 bytes to 87)
Writing d:\juegos\steam\steamapps\common\garrysmod\garrysmod\addons\vjguardfixim_maps_src\maps\src\xen1.bsp
1 second elapsed



16 threads
reading d:\juegos\steam\steamapps\common\garrysmod\garrysmod\addons\vjguardfixim_maps_src\maps\src\xen1.bsp
reading d:\juegos\steam\steamapps\common\garrysmod\garrysmod\addons\vjguardfixim_maps_src\maps\src\xen1.prt
  74 portalclusters
 161 numportals
BasePortalVis:       0...1...2...3...4...5...6...7...8...9...10 (0)
Optimized: 0 visible clusters (0.00%)
Total clusters visible: 5476
Average clusters visible: 74
Building PAS...
Average clusters audible: 74
visdatasize:2076  compressed from 2368
writing d:\juegos\steam\steamapps\common\garrysmod\garrysmod\addons\vjguardfixim_maps_src\maps\src\xen1.bsp
0 seconds elapsed



[Reading texlights from 'lights.rad']
[51 texlights parsed from 'lights.rad']
Loading d:\juegos\steam\steamapps\common\garrysmod\garrysmod\addons\vjguardfixim_maps_src\maps\src\xen1.bsp
Unable to load vertex data "models/props_foliage_new\xen_shrub_a.vvd"
Unable to load vertex data "models/props_foliage_new\xen_shrub_b.vvd"
BuildFacelights:     0...1...2...3...4...5...6...7...8...9...10 (1)
BuildStaticPropPatchlights: 0...1...2...3...4...5...6...7...8...9...10 (0)
BuildVisLeafs:       0...1...2...3...4...5...6...7...8...9...10 (0)
transfers 17517, max 65
static prop patch transfers 0
GatherLight:         0...1...2...3...4...5...6...7...8...9...10 (0)
GatherLight:         0...1...2...3...4...5...6...7...8...9...10 (0)
Build Patch/Sample Hash Table(s).....Done<0.0083 sec>
FinalLightFace:      0...1...2...3...4...5...6...7...8...9...10 (1)
FinalLightFace Done
0 of 0 (0% of) surface lights went in leaf ambient cubes.
ThreadComputeLeafAmbient: 0...1...2...3...4...5...6...7...8...9...10 (2)
Writing leaf ambient...done
Ready to Finish

Object names       Objects/Maxobjs  Memory / Maxmem  Fullness 
------------       ---------------  ---------------  -------- 
models                   7/4096          336/196608   ( 0.2%) 
brushes                 13/65535         156/786420   ( 0.0%) 
brushsides              92/655350        736/5242800  ( 0.0%) 
planes                 436/65536        8720/1310720  ( 0.7%) 
vertexes               359/65536        4308/786432   ( 0.5%) 
nodes                  297/65536        9504/2097152  ( 0.5%) 
texinfos                87/16384        6264/1179648  ( 0.5%) 
texdata                  5/8192          160/262144   ( 0.1%) 
dispinfos               78/0           13728/0        ( 0.0%) 
disp_verts           10062/0          201240/0        ( 0.0%) 
disp_tris            16896/0           33792/0        ( 0.0%) 
disp_multiblend          0/0               0/0        ( 0.0%) 
disp_lmsamples      795308/0          795308/0        ( 0.0%) 
faces                  256/65536       14336/3670016  ( 0.4%) 
hdr faces                0/65536           0/3670016  ( 0.0%) 
origfaces              102/65536        5712/3670016  ( 0.2%) 
leaves                 305/65536        9760/2097152  ( 0.5%) 
leaffaces              179/65536         358/131072   ( 0.3%) 
leafbrushes            167/65536         334/131072   ( 0.3%) 
areas                    2/1024           16/8192     ( 0.2%) 
surfedges             1464/512000       5856/2048000  ( 0.3%) 
edges                  787/256000       3148/1024000  ( 0.3%) 
LDR worldlights          3/8192          264/720896   ( 0.0%) 
HDR worldlights          0/8192            0/720896   ( 0.0%) 
leafwaterdata            1/32768          12/393216   ( 0.0%) 
waterstrips              0/32768           0/327680   ( 0.0%) 
waterverts               0/65536           0/786432   ( 0.0%) 
waterindices             0/65536           0/131072   ( 0.0%) 
cubemapsamples           0/1024            0/16384    ( 0.0%) 
overlays                 0/8192            0/2883584  ( 0.0%) 
LDR lightdata         [variable]      754416/0        ( 0.0%) 
HDR lightdata         [variable]           0/0        ( 0.0%) 
visdata               [variable]        2076/16777216 ( 0.0%) 
entdata               [variable]       43799/4194304  ( 1.0%) 
LDR ambient table      305/65536        1220/262144   ( 0.5%) 
HDR ambient table      305/65536        1220/262144   ( 0.5%) 
LDR leaf ambient       698/65536       19544/1835008  ( 1.1%) 
HDR leaf ambient       305/65536        8540/1835008  ( 0.5%) 
occluders                0/0               0/0        ( 0.0%) 
occluder polygons        0/0               0/0        ( 0.0%) 
occluder vert ind        0/0               0/0        ( 0.0%) 
detail props          [variable]          12/0        ( 0.0%) 
static props          [variable]        7404/0        ( 0.0%) 
static prop count       72/16384           0/0        ( 0.4%) 
pakfile               [variable]       70992/0        ( 0.0%) 
physics               [variable]     1950219/4194304  (46.5%) 
physics terrain       [variable]           0/1048576  ( 0.0%) 

Level flags = 0

Total triangle count: 528
Writing d:\juegos\steam\steamapps\common\garrysmod\garrysmod\addons\vjguardfixim_maps_src\maps\src\xen1.bsp
4 seconds elapsed




materialPath: D:\Juegos\Steam\steamapps\common\GarrysMod\garrysmod\materials
Loading d:\juegos\steam\steamapps\common\garrysmod\garrysmod\addons\vjguardfixim_maps_src\maps\src\xen1.vmf
Patching WVT material: maps/xen1/xeno/c4a1a_swmpwlb_wvt_patch
fixing up env_cubemap materials on brush sides...
ProcessBlock_Thread: 0...1...2...3...4...5...6...7...8...9...10 (0)
ProcessBlock_Thread: 0...1...2...3...4...5...6...7...8...9...10 (0)
Processing areas...done (0)
Building Faces...done (0)
FixTjuncs...
PruneNodes...
WriteBSP...
done (0)
writing d:\juegos\steam\steamapps\common\garrysmod\garrysmod\addons\vjguardfixim_maps_src\maps\src\xen1.prt...
Building visibility clusters...
done (0)
KeyValues Error: RecursiveLoadFromBuffer:  got EOF instead of keyname in file materials/skybox/xenspace5_skyup.vmt
UnlitGeneric, (*proxies*), (*Clamp*), 
KeyValues Error: RecursiveLoadFromBuffer:  got EOF instead of keyname in file materials/skybox/xenspace5_skyup.vmt
UnlitGeneric, (*proxies*), (*Clamp*), 
Creating default LDR cubemaps for env_cubemap using skybox materials:
   skybox/xenspace5_sky*.vmt
 ! Run buildcubemaps in the engine to get the correct cube maps.
Creating default HDR cubemaps for env_cubemap using skybox materials:
   skybox/xenspace5_sky*.vmt
 ! Run buildcubemaps in the engine to get the correct cube maps.
Finding displacement neighbors...
Finding lightmap sample positions...
Displacement Alpha : 0...1...2...3...4...5...6...7...8...9...10
Building Physics collision data...
WARNING: Map using power 4 displacements, terrain physics cannot be compressed, map will need additional memory and CPU.
done (0) (1950219 bytes)
Placing detail props : 0...1...2...3...4...5...6...7...8...9...10
Water found with no water_lod_control entity, creating a default one.
Compacting texture/material tables...
Reduced 271 texinfos to 87
Reduced 7 texdatas to 5 (158 bytes to 87)
Writing d:\juegos\steam\steamapps\common\garrysmod\garrysmod\addons\vjguardfixim_maps_src\maps\src\xen1.bsp
1 second elapsed



16 threads
reading d:\juegos\steam\steamapps\common\garrysmod\garrysmod\addons\vjguardfixim_maps_src\maps\src\xen1.bsp
reading d:\juegos\steam\steamapps\common\garrysmod\garrysmod\addons\vjguardfixim_maps_src\maps\src\xen1.prt
  74 portalclusters
 161 numportals
BasePortalVis:       0...1...2...3...4...5...6...7...8...9...10 (0)
Optimized: 0 visible clusters (0.00%)
Total clusters visible: 5476
Average clusters visible: 74
Building PAS...
Average clusters audible: 74
visdatasize:2076  compressed from 2368
writing d:\juegos\steam\steamapps\common\garrysmod\garrysmod\addons\vjguardfixim_maps_src\maps\src\xen1.bsp
0 seconds elapsed



[Reading texlights from 'lights.rad']
[51 texlights parsed from 'lights.rad']
Loading d:\juegos\steam\steamapps\common\garrysmod\garrysmod\addons\vjguardfixim_maps_src\maps\src\xen1.bsp
Unable to load vertex data "models/props_foliage_new\xen_shrub_a.vvd"
Unable to load vertex data "models/props_foliage_new\xen_shrub_b.vvd"
BuildFacelights:     0...1...2...3...4...5...6...7...8...9...10 (1)
BuildStaticPropPatchlights: 0...1...2...3...4...5...6...7...8...9...10 (0)
BuildVisLeafs:       0...1...2...3...4...5...6...7...8...9...10 (0)
transfers 17517, max 65
static prop patch transfers 0
GatherLight:         0...1...2...3...4...5...6...7...8...9...10 (0)
GatherLight:         0...1...2...3...4...5...6...7...8...9...10 (0)
Build Patch/Sample Hash Table(s).....Done<0.0085 sec>
FinalLightFace:      0...1...2...3...4...5...6...7...8...9...10 (1)
FinalLightFace Done
0 of 0 (0% of) surface lights went in leaf ambient cubes.
ThreadComputeLeafAmbient: 0...1...2...3...4...5...6...7...8...9...10 (2)
Writing leaf ambient...done
Ready to Finish

Object names       Objects/Maxobjs  Memory / Maxmem  Fullness 
------------       ---------------  ---------------  -------- 
models                   7/4096          336/196608   ( 0.2%) 
brushes                 13/65535         156/786420   ( 0.0%) 
brushsides              92/655350        736/5242800  ( 0.0%) 
planes                 436/65536        8720/1310720  ( 0.7%) 
vertexes               359/65536        4308/786432   ( 0.5%) 
nodes                  297/65536        9504/2097152  ( 0.5%) 
texinfos                87/16384        6264/1179648  ( 0.5%) 
texdata                  5/8192          160/262144   ( 0.1%) 
dispinfos               78/0           13728/0        ( 0.0%) 
disp_verts           10062/0          201240/0        ( 0.0%) 
disp_tris            16896/0           33792/0        ( 0.0%) 
disp_multiblend          0/0               0/0        ( 0.0%) 
disp_lmsamples      795308/0          795308/0        ( 0.0%) 
faces                  256/65536       14336/3670016  ( 0.4%) 
hdr faces                0/65536           0/3670016  ( 0.0%) 
origfaces              102/65536        5712/3670016  ( 0.2%) 
leaves                 305/65536        9760/2097152  ( 0.5%) 
leaffaces              179/65536         358/131072   ( 0.3%) 
leafbrushes            167/65536         334/131072   ( 0.3%) 
areas                    2/1024           16/8192     ( 0.2%) 
surfedges             1464/512000       5856/2048000  ( 0.3%) 
edges                  787/256000       3148/1024000  ( 0.3%) 
LDR worldlights          3/8192          264/720896   ( 0.0%) 
HDR worldlights          0/8192            0/720896   ( 0.0%) 
leafwaterdata            1/32768          12/393216   ( 0.0%) 
waterstrips              0/32768           0/327680   ( 0.0%) 
waterverts               0/65536           0/786432   ( 0.0%) 
waterindices             0/65536           0/131072   ( 0.0%) 
cubemapsamples           0/1024            0/16384    ( 0.0%) 
overlays                 0/8192            0/2883584  ( 0.0%) 
LDR lightdata         [variable]      754416/0        ( 0.0%) 
HDR lightdata         [variable]           0/0        ( 0.0%) 
visdata               [variable]        2076/16777216 ( 0.0%) 
entdata               [variable]       43799/4194304  ( 1.0%) 
LDR ambient table      305/65536        1220/262144   ( 0.5%) 
HDR ambient table      305/65536        1220/262144   ( 0.5%) 
LDR leaf ambient       698/65536       19544/1835008  ( 1.1%) 
HDR leaf ambient       305/65536        8540/1835008  ( 0.5%) 
occluders                0/0               0/0        ( 0.0%) 
occluder polygons        0/0               0/0        ( 0.0%) 
occluder vert ind        0/0               0/0        ( 0.0%) 
detail props          [variable]          12/0        ( 0.0%) 
static props          [variable]        7404/0        ( 0.0%) 
static prop count       72/16384           0/0        ( 0.4%) 
pakfile               [variable]       70992/0        ( 0.0%) 
physics               [variable]     1950219/4194304  (46.5%) 
physics terrain       [variable]           0/1048576  ( 0.0%) 

Level flags = 0

Total triangle count: 528
Writing d:\juegos\steam\steamapps\common\garrysmod\garrysmod\addons\vjguardfixim_maps_src\maps\src\xen1.bsp
4 seconds elapsed




materialPath: D:\Juegos\Steam\steamapps\common\GarrysMod\garrysmod\materials
Loading d:\juegos\steam\steamapps\common\garrysmod\garrysmod\addons\vjguardfixim_maps_src\maps\src\xen1.vmf
Patching WVT material: maps/xen1/xeno/c4a1a_swmpwlb_wvt_patch
fixing up env_cubemap materials on brush sides...
ProcessBlock_Thread: 0...1...2...3...4...5...6...7...8...9...10 (0)
ProcessBlock_Thread: 0...1...2...3...4...5...6...7...8...9...10 (0)
Processing areas...done (0)
Building Faces...done (0)
FixTjuncs...
PruneNodes...
WriteBSP...
done (0)
writing d:\juegos\steam\steamapps\common\garrysmod\garrysmod\addons\vjguardfixim_maps_src\maps\src\xen1.prt...
Building visibility clusters...
done (0)
KeyValues Error: RecursiveLoadFromBuffer:  got EOF instead of keyname in file materials/skybox/xenspace5_skyup.vmt
UnlitGeneric, (*proxies*), (*Clamp*), 
KeyValues Error: RecursiveLoadFromBuffer:  got EOF instead of keyname in file materials/skybox/xenspace5_skyup.vmt
UnlitGeneric, (*proxies*), (*Clamp*), 
Creating default LDR cubemaps for env_cubemap using skybox materials:
   skybox/xenspace5_sky*.vmt
 ! Run buildcubemaps in the engine to get the correct cube maps.
Creating default HDR cubemaps for env_cubemap using skybox materials:
   skybox/xenspace5_sky*.vmt
 ! Run buildcubemaps in the engine to get the correct cube maps.
Finding displacement neighbors...
Finding lightmap sample positions...
Displacement Alpha : 0...1...2...3...4...5...6...7...8...9...10
Building Physics collision data...
WARNING: Map using power 4 displacements, terrain physics cannot be compressed, map will need additional memory and CPU.
done (0) (1951321 bytes)
Placing detail props : 0...1...2...3...4...5...6...7...8...9...10
Water found with no water_lod_control entity, creating a default one.
Compacting texture/material tables...
Reduced 295 texinfos to 87
Reduced 7 texdatas to 5 (158 bytes to 87)
Writing d:\juegos\steam\steamapps\common\garrysmod\garrysmod\addons\vjguardfixim_maps_src\maps\src\xen1.bsp
1 second elapsed



16 threads
reading d:\juegos\steam\steamapps\common\garrysmod\garrysmod\addons\vjguardfixim_maps_src\maps\src\xen1.bsp
reading d:\juegos\steam\steamapps\common\garrysmod\garrysmod\addons\vjguardfixim_maps_src\maps\src\xen1.prt
  74 portalclusters
 161 numportals
BasePortalVis:       0...1...2...3...4...5...6...7...8...9...10 (0)
Optimized: 0 visible clusters (0.00%)
Total clusters visible: 5476
Average clusters visible: 74
Building PAS...
Average clusters audible: 74
visdatasize:2076  compressed from 2368
writing d:\juegos\steam\steamapps\common\garrysmod\garrysmod\addons\vjguardfixim_maps_src\maps\src\xen1.bsp
0 seconds elapsed



[Reading texlights from 'lights.rad']
[51 texlights parsed from 'lights.rad']
Loading d:\juegos\steam\steamapps\common\garrysmod\garrysmod\addons\vjguardfixim_maps_src\maps\src\xen1.bsp
Unable to load vertex data "models/props_foliage_new\xen_shrub_a.vvd"
Unable to load vertex data "models/props_foliage_new\xen_shrub_b.vvd"
BuildFacelights:     0...1...2...3...4...5...6...7...8...9...10 (1)
BuildStaticPropPatchlights: 0...1...2...3...4...5...6...7...8...9...10 (0)
BuildVisLeafs:       0...1...2...3...4...5...6...7...8...9...10 (0)
transfers 17517, max 65
static prop patch transfers 0
GatherLight:         0...1...2...3...4...5...6...7...8...9...10 (0)
GatherLight:         0...1...2...3...4...5...6...7...8...9...10 (0)
Build Patch/Sample Hash Table(s).....Done<0.0083 sec>
FinalLightFace:      0...1...2...3...4...5...6...7...8...9...10 (1)
FinalLightFace Done
0 of 0 (0% of) surface lights went in leaf ambient cubes.
ThreadComputeLeafAmbient: 0...1...2...3...4...5...6...7...8...9...10 (2)
Writing leaf ambient...done
Ready to Finish

Object names       Objects/Maxobjs  Memory / Maxmem  Fullness 
------------       ---------------  ---------------  -------- 
models                   9/4096          432/196608   ( 0.2%) 
brushes                 15/65535         180/786420   ( 0.0%) 
brushsides             104/655350        832/5242800  ( 0.0%) 
planes                 452/65536        9040/1310720  ( 0.7%) 
vertexes               375/65536        4500/786432   ( 0.6%) 
nodes                  309/65536        9888/2097152  ( 0.5%) 
texinfos                87/16384        6264/1179648  ( 0.5%) 
texdata                  5/8192          160/262144   ( 0.1%) 
dispinfos               78/0           13728/0        ( 0.0%) 
disp_verts           10062/0          201240/0        ( 0.0%) 
disp_tris            16896/0           33792/0        ( 0.0%) 
disp_multiblend          0/0               0/0        ( 0.0%) 
disp_lmsamples      795308/0          795308/0        ( 0.0%) 
faces                  256/65536       14336/3670016  ( 0.4%) 
hdr faces                0/65536           0/3670016  ( 0.0%) 
origfaces              102/65536        5712/3670016  ( 0.2%) 
leaves                 319/65536       10208/2097152  ( 0.5%) 
leaffaces              179/65536         358/131072   ( 0.3%) 
leafbrushes            169/65536         338/131072   ( 0.3%) 
areas                    2/1024           16/8192     ( 0.2%) 
surfedges             1464/512000       5856/2048000  ( 0.3%) 
edges                  787/256000       3148/1024000  ( 0.3%) 
LDR worldlights          3/8192          264/720896   ( 0.0%) 
HDR worldlights          0/8192            0/720896   ( 0.0%) 
leafwaterdata            1/32768          12/393216   ( 0.0%) 
waterstrips              0/32768           0/327680   ( 0.0%) 
waterverts               0/65536           0/786432   ( 0.0%) 
waterindices             0/65536           0/131072   ( 0.0%) 
cubemapsamples           0/1024            0/16384    ( 0.0%) 
overlays                 0/8192            0/2883584  ( 0.0%) 
LDR lightdata         [variable]      754416/0        ( 0.0%) 
HDR lightdata         [variable]           0/0        ( 0.0%) 
visdata               [variable]        2076/16777216 ( 0.0%) 
entdata               [variable]       47694/4194304  ( 1.1%) 
LDR ambient table      319/65536        1276/262144   ( 0.5%) 
HDR ambient table      319/65536        1276/262144   ( 0.5%) 
LDR leaf ambient       710/65536       19880/1835008  ( 1.1%) 
HDR leaf ambient       319/65536        8932/1835008  ( 0.5%) 
occluders                0/0               0/0        ( 0.0%) 
occluder polygons        0/0               0/0        ( 0.0%) 
occluder vert ind        0/0               0/0        ( 0.0%) 
detail props          [variable]          12/0        ( 0.0%) 
static props          [variable]        7404/0        ( 0.0%) 
static prop count       72/16384           0/0        ( 0.4%) 
pakfile               [variable]       70992/0        ( 0.0%) 
physics               [variable]     1951321/4194304  (46.5%) 
physics terrain       [variable]           0/1048576  ( 0.0%) 

Level flags = 0

Total triangle count: 528
Writing d:\juegos\steam\steamapps\common\garrysmod\garrysmod\addons\vjguardfixim_maps_src\maps\src\xen1.bsp
4 seconds elapsed




materialPath: D:\Juegos\Steam\steamapps\common\GarrysMod\garrysmod\materials
Loading d:\juegos\steam\steamapps\common\garrysmod\garrysmod\addons\vjguardfixim_maps_src\maps\src\xen1.vmf
Patching WVT material: maps/xen1/xeno/c4a1a_swmpwlb_wvt_patch
fixing up env_cubemap materials on brush sides...
ProcessBlock_Thread: 0...1...2...3...4...5...6...7...8...9...10 (0)
ProcessBlock_Thread: 0...1...2...3...4...5...6...7...8...9...10 (0)
Processing areas...done (0)
Building Faces...done (0)
FixTjuncs...
PruneNodes...
WriteBSP...
done (0)
writing d:\juegos\steam\steamapps\common\garrysmod\garrysmod\addons\vjguardfixim_maps_src\maps\src\xen1.prt...
Building visibility clusters...
done (0)
KeyValues Error: RecursiveLoadFromBuffer:  got EOF instead of keyname in file materials/skybox/xenspace5_skyup.vmt
UnlitGeneric, (*proxies*), (*Clamp*), 
KeyValues Error: RecursiveLoadFromBuffer:  got EOF instead of keyname in file materials/skybox/xenspace5_skyup.vmt
UnlitGeneric, (*proxies*), (*Clamp*), 
Creating default LDR cubemaps for env_cubemap using skybox materials:
   skybox/xenspace5_sky*.vmt
 ! Run buildcubemaps in the engine to get the correct cube maps.
Creating default HDR cubemaps for env_cubemap using skybox materials:
   skybox/xenspace5_sky*.vmt
 ! Run buildcubemaps in the engine to get the correct cube maps.
Finding displacement neighbors...
Finding lightmap sample positions...
Displacement Alpha : 0...1...2...3...4...5...6...7...8...9...10
Building Physics collision data...
WARNING: Map using power 4 displacements, terrain physics cannot be compressed, map will need additional memory and CPU.
done (0) (1951321 bytes)
Placing detail props : 0...1...2...3...4...5...6...7...8...9...10
Water found with no water_lod_control entity, creating a default one.
Compacting texture/material tables...
Reduced 295 texinfos to 87
Reduced 7 texdatas to 5 (158 bytes to 87)
Writing d:\juegos\steam\steamapps\common\garrysmod\garrysmod\addons\vjguardfixim_maps_src\maps\src\xen1.bsp
1 second elapsed



16 threads
reading d:\juegos\steam\steamapps\common\garrysmod\garrysmod\addons\vjguardfixim_maps_src\maps\src\xen1.bsp
reading d:\juegos\steam\steamapps\common\garrysmod\garrysmod\addons\vjguardfixim_maps_src\maps\src\xen1.prt
  74 portalclusters
 161 numportals
BasePortalVis:       0...1...2...3...4...5...6...7...8...9...10 (0)
Optimized: 0 visible clusters (0.00%)
Total clusters visible: 5476
Average clusters visible: 74
Building PAS...
Average clusters audible: 74
visdatasize:2076  compressed from 2368
writing d:\juegos\steam\steamapps\common\garrysmod\garrysmod\addons\vjguardfixim_maps_src\maps\src\xen1.bsp
0 seconds elapsed



[Reading texlights from 'lights.rad']
[51 texlights parsed from 'lights.rad']
Loading d:\juegos\steam\steamapps\common\garrysmod\garrysmod\addons\vjguardfixim_maps_src\maps\src\xen1.bsp
Unable to load vertex data "models/props_foliage_new\xen_shrub_a.vvd"
Unable to load vertex data "models/props_foliage_new\xen_shrub_b.vvd"
BuildFacelights:     0...1...2...3...4...5...6...7...8...9...10 (1)
BuildStaticPropPatchlights: 0...1...2...3...4...5...6...7...8...9...10 (0)
BuildVisLeafs:       0...1...2...3...4...5...6...7...8...9...10 (0)
transfers 17517, max 65
static prop patch transfers 0
GatherLight:         0...1...2...3...4...5...6...7...8...9...10 (0)
GatherLight:         0...1...2...3...4...5...6...7...8...9...10 (0)
Build Patch/Sample Hash Table(s).....Done<0.0083 sec>
FinalLightFace:      0...1...2...3...4...5...6...7...8...9...10 (1)
FinalLightFace Done
0 of 0 (0% of) surface lights went in leaf ambient cubes.
ThreadComputeLeafAmbient: 0...1...2...3...4...5...6...7...8...9...10 (2)
Writing leaf ambient...done
Ready to Finish

Object names       Objects/Maxobjs  Memory / Maxmem  Fullness 
------------       ---------------  ---------------  -------- 
models                   9/4096          432/196608   ( 0.2%) 
brushes                 15/65535         180/786420   ( 0.0%) 
brushsides             104/655350        832/5242800  ( 0.0%) 
planes                 452/65536        9040/1310720  ( 0.7%) 
vertexes               375/65536        4500/786432   ( 0.6%) 
nodes                  309/65536        9888/2097152  ( 0.5%) 
texinfos                87/16384        6264/1179648  ( 0.5%) 
texdata                  5/8192          160/262144   ( 0.1%) 
dispinfos               78/0           13728/0        ( 0.0%) 
disp_verts           10062/0          201240/0        ( 0.0%) 
disp_tris            16896/0           33792/0        ( 0.0%) 
disp_multiblend          0/0               0/0        ( 0.0%) 
disp_lmsamples      795308/0          795308/0        ( 0.0%) 
faces                  256/65536       14336/3670016  ( 0.4%) 
hdr faces                0/65536           0/3670016  ( 0.0%) 
origfaces              102/65536        5712/3670016  ( 0.2%) 
leaves                 319/65536       10208/2097152  ( 0.5%) 
leaffaces              179/65536         358/131072   ( 0.3%) 
leafbrushes            169/65536         338/131072   ( 0.3%) 
areas                    2/1024           16/8192     ( 0.2%) 
surfedges             1464/512000       5856/2048000  ( 0.3%) 
edges                  787/256000       3148/1024000  ( 0.3%) 
LDR worldlights          3/8192          264/720896   ( 0.0%) 
HDR worldlights          0/8192            0/720896   ( 0.0%) 
leafwaterdata            1/32768          12/393216   ( 0.0%) 
waterstrips              0/32768           0/327680   ( 0.0%) 
waterverts               0/65536           0/786432   ( 0.0%) 
waterindices             0/65536           0/131072   ( 0.0%) 
cubemapsamples           0/1024            0/16384    ( 0.0%) 
overlays                 0/8192            0/2883584  ( 0.0%) 
LDR lightdata         [variable]      754416/0        ( 0.0%) 
HDR lightdata         [variable]           0/0        ( 0.0%) 
visdata               [variable]        2076/16777216 ( 0.0%) 
entdata               [variable]       47693/4194304  ( 1.1%) 
LDR ambient table      319/65536        1276/262144   ( 0.5%) 
HDR ambient table      319/65536        1276/262144   ( 0.5%) 
LDR leaf ambient       774/65536       21672/1835008  ( 1.2%) 
HDR leaf ambient       319/65536        8932/1835008  ( 0.5%) 
occluders                0/0               0/0        ( 0.0%) 
occluder polygons        0/0               0/0        ( 0.0%) 
occluder vert ind        0/0               0/0        ( 0.0%) 
detail props          [variable]          12/0        ( 0.0%) 
static props          [variable]        7404/0        ( 0.0%) 
static prop count       72/16384           0/0        ( 0.4%) 
pakfile               [variable]       70992/0        ( 0.0%) 
physics               [variable]     1951321/4194304  (46.5%) 
physics terrain       [variable]           0/1048576  ( 0.0%) 

Level flags = 0

Total triangle count: 528
Writing d:\juegos\steam\steamapps\common\garrysmod\garrysmod\addons\vjguardfixim_maps_src\maps\src\xen1.bsp
4 seconds elapsed




materialPath: D:\Juegos\Steam\steamapps\common\GarrysMod\garrysmod\materials
Loading d:\juegos\steam\steamapps\common\garrysmod\garrysmod\addons\vjguardfixim_maps_src\maps\src\xen1.vmf
Error: displacement found on a(n) func_tracktrain entity - not supported (entity 172, brush 0)



materialPath: D:\Juegos\Steam\steamapps\common\GarrysMod\garrysmod\materials
Loading d:\juegos\steam\steamapps\common\garrysmod\garrysmod\addons\vjguardfixim_maps_src\maps\src\xen1.vmf
Patching WVT material: maps/xen1/xeno/c4a1a_swmpwlb_wvt_patch
fixing up env_cubemap materials on brush sides...
ProcessBlock_Thread: 0...1...2...3...4...5...6...7...8...9...10 (0)
ProcessBlock_Thread: 0...1...2...3...4...5...6...7...8...9...10 (0)
Processing areas...done (0)
Building Faces...done (0)
FixTjuncs...
PruneNodes...
WriteBSP...
done (0)
writing d:\juegos\steam\steamapps\common\garrysmod\garrysmod\addons\vjguardfixim_maps_src\maps\src\xen1.prt...
Building visibility clusters...
done (0)
KeyValues Error: RecursiveLoadFromBuffer:  got EOF instead of keyname in file materials/skybox/xenspace5_skyup.vmt
UnlitGeneric, (*proxies*), (*Clamp*), 
KeyValues Error: RecursiveLoadFromBuffer:  got EOF instead of keyname in file materials/skybox/xenspace5_skyup.vmt
UnlitGeneric, (*proxies*), (*Clamp*), 
Creating default LDR cubemaps for env_cubemap using skybox materials:
   skybox/xenspace5_sky*.vmt
 ! Run buildcubemaps in the engine to get the correct cube maps.
Creating default HDR cubemaps for env_cubemap using skybox materials:
   skybox/xenspace5_sky*.vmt
 ! Run buildcubemaps in the engine to get the correct cube maps.
Finding displacement neighbors...
Finding lightmap sample positions...
Displacement Alpha : 0...1...2...3...4...5...6...7...8...9...10
Building Physics collision data...
WARNING: Map using power 4 displacements, terrain physics cannot be compressed, map will need additional memory and CPU.
done (0) (1950745 bytes)
Placing detail props : 0...1...2...3...4...5...6...7...8...9...10
Water found with no water_lod_control entity, creating a default one.
Compacting texture/material tables...
Reduced 295 texinfos to 87
Reduced 7 texdatas to 5 (158 bytes to 87)
Writing d:\juegos\steam\steamapps\common\garrysmod\garrysmod\addons\vjguardfixim_maps_src\maps\src\xen1.bsp
1 second elapsed



16 threads
reading d:\juegos\steam\steamapps\common\garrysmod\garrysmod\addons\vjguardfixim_maps_src\maps\src\xen1.bsp
reading d:\juegos\steam\steamapps\common\garrysmod\garrysmod\addons\vjguardfixim_maps_src\maps\src\xen1.prt
  74 portalclusters
 161 numportals
BasePortalVis:       0...1...2...3...4...5...6...7...8...9...10 (0)
Optimized: 0 visible clusters (0.00%)
Total clusters visible: 5476
Average clusters visible: 74
Building PAS...
Average clusters audible: 74
visdatasize:2076  compressed from 2368
writing d:\juegos\steam\steamapps\common\garrysmod\garrysmod\addons\vjguardfixim_maps_src\maps\src\xen1.bsp
0 seconds elapsed



[Reading texlights from 'lights.rad']
[51 texlights parsed from 'lights.rad']
Loading d:\juegos\steam\steamapps\common\garrysmod\garrysmod\addons\vjguardfixim_maps_src\maps\src\xen1.bsp
Unable to load vertex data "models/props_foliage_new\xen_shrub_a.vvd"
Unable to load vertex data "models/props_foliage_new\xen_shrub_b.vvd"
BuildFacelights:     0...1...2...3...4...5...6...7...8...9...10 (1)
BuildStaticPropPatchlights: 0...1...2...3...4...5...6...7...8...9...10 (0)
BuildVisLeafs:       0...1...2...3...4...5...6...7...8...9...10 (0)
transfers 15884, max 65
static prop patch transfers 0
GatherLight:         0...1...2...3...4...5...6...7...8...9...10 (0)
GatherLight:         0...1...2...3...4...5...6...7...8...9...10 (0)
Build Patch/Sample Hash Table(s).....Done<0.0082 sec>
FinalLightFace:      0...1...2...3...4...5...6...7...8...9...10 (1)
FinalLightFace Done
0 of 0 (0% of) surface lights went in leaf ambient cubes.
ThreadComputeLeafAmbient: 0...1...2...3...4...5...6...7...8...9...10 (2)
Writing leaf ambient...done
Ready to Finish

Object names       Objects/Maxobjs  Memory / Maxmem  Fullness 
------------       ---------------  ---------------  -------- 
models                   9/4096          432/196608   ( 0.2%) 
brushes                 15/65535         180/786420   ( 0.0%) 
brushsides             104/655350        832/5242800  ( 0.0%) 
planes                 452/65536        9040/1310720  ( 0.7%) 
vertexes               375/65536        4500/786432   ( 0.6%) 
nodes                  309/65536        9888/2097152  ( 0.5%) 
texinfos                87/16384        6264/1179648  ( 0.5%) 
texdata                  5/8192          160/262144   ( 0.1%) 
dispinfos               78/0           13728/0        ( 0.0%) 
disp_verts           10062/0          201240/0        ( 0.0%) 
disp_tris            16896/0           33792/0        ( 0.0%) 
disp_multiblend          0/0               0/0        ( 0.0%) 
disp_lmsamples      795308/0          795308/0        ( 0.0%) 
faces                  256/65536       14336/3670016  ( 0.4%) 
hdr faces                0/65536           0/3670016  ( 0.0%) 
origfaces              102/65536        5712/3670016  ( 0.2%) 
leaves                 319/65536       10208/2097152  ( 0.5%) 
leaffaces              179/65536         358/131072   ( 0.3%) 
leafbrushes            169/65536         338/131072   ( 0.3%) 
areas                    2/1024           16/8192     ( 0.2%) 
surfedges             1464/512000       5856/2048000  ( 0.3%) 
edges                  787/256000       3148/1024000  ( 0.3%) 
LDR worldlights          3/8192          264/720896   ( 0.0%) 
HDR worldlights          0/8192            0/720896   ( 0.0%) 
leafwaterdata            1/32768          12/393216   ( 0.0%) 
waterstrips              0/32768           0/327680   ( 0.0%) 
waterverts               0/65536           0/786432   ( 0.0%) 
waterindices             0/65536           0/131072   ( 0.0%) 
cubemapsamples           0/1024            0/16384    ( 0.0%) 
overlays                 0/8192            0/2883584  ( 0.0%) 
LDR lightdata         [variable]      754416/0        ( 0.0%) 
HDR lightdata         [variable]           0/0        ( 0.0%) 
visdata               [variable]        2076/16777216 ( 0.0%) 
entdata               [variable]       47693/4194304  ( 1.1%) 
LDR ambient table      319/65536        1276/262144   ( 0.5%) 
HDR ambient table      319/65536        1276/262144   ( 0.5%) 
LDR leaf ambient       773/65536       21644/1835008  ( 1.2%) 
HDR leaf ambient       319/65536        8932/1835008  ( 0.5%) 
occluders                0/0               0/0        ( 0.0%) 
occluder polygons        0/0               0/0        ( 0.0%) 
occluder vert ind        0/0               0/0        ( 0.0%) 
detail props          [variable]          12/0        ( 0.0%) 
static props          [variable]        7404/0        ( 0.0%) 
static prop count       72/16384           0/0        ( 0.4%) 
pakfile               [variable]       70992/0        ( 0.0%) 
physics               [variable]     1950745/4194304  (46.5%) 
physics terrain       [variable]           0/1048576  ( 0.0%) 

Level flags = 0

Total triangle count: 528
Writing d:\juegos\steam\steamapps\common\garrysmod\garrysmod\addons\vjguardfixim_maps_src\maps\src\xen1.bsp
4 seconds elapsed




materialPath: D:\Juegos\Steam\steamapps\common\GarrysMod\garrysmod\materials
Loading d:\juegos\steam\steamapps\common\garrysmod\garrysmod\addons\vjguardfixim_maps_src\maps\src\xen1.vmf
Patching WVT material: maps/xen1/xeno/c4a1a_swmpwlb_wvt_patch
fixing up env_cubemap materials on brush sides...
ProcessBlock_Thread: 0...1...2...3...4...5...6...7...8...9...10 (0)
ProcessBlock_Thread: 0...1...2...3...4...5...6...7...8...9...10 (0)
Processing areas...done (0)
Building Faces...done (0)
FixTjuncs...
PruneNodes...
WriteBSP...
done (0)
writing d:\juegos\steam\steamapps\common\garrysmod\garrysmod\addons\vjguardfixim_maps_src\maps\src\xen1.prt...
Building visibility clusters...
done (0)
KeyValues Error: RecursiveLoadFromBuffer:  got EOF instead of keyname in file materials/skybox/xenspace5_skyup.vmt
UnlitGeneric, (*proxies*), (*Clamp*), 
KeyValues Error: RecursiveLoadFromBuffer:  got EOF instead of keyname in file materials/skybox/xenspace5_skyup.vmt
UnlitGeneric, (*proxies*), (*Clamp*), 
Creating default LDR cubemaps for env_cubemap using skybox materials:
   skybox/xenspace5_sky*.vmt
 ! Run buildcubemaps in the engine to get the correct cube maps.
Creating default HDR cubemaps for env_cubemap using skybox materials:
   skybox/xenspace5_sky*.vmt
 ! Run buildcubemaps in the engine to get the correct cube maps.
Finding displacement neighbors...
Finding lightmap sample positions...
Displacement Alpha : 0...1...2...3...4...5...6...7...8...9...10
Building Physics collision data...
WARNING: Map using power 4 displacements, terrain physics cannot be compressed, map will need additional memory and CPU.
done (1) (2098535 bytes)
Placing detail props : 0...1...2...3...4...5...6...7...8...9...10
Water found with no water_lod_control entity, creating a default one.
Compacting texture/material tables...
Reduced 314 texinfos to 93
Reduced 9 texdatas to 6 (206 bytes to 101)
Writing d:\juegos\steam\steamapps\common\garrysmod\garrysmod\addons\vjguardfixim_maps_src\maps\src\xen1.bsp
3 seconds elapsed



16 threads
reading d:\juegos\steam\steamapps\common\garrysmod\garrysmod\addons\vjguardfixim_maps_src\maps\src\xen1.bsp
reading d:\juegos\steam\steamapps\common\garrysmod\garrysmod\addons\vjguardfixim_maps_src\maps\src\xen1.prt
  82 portalclusters
 190 numportals
BasePortalVis:       0...1...2...3...4...5...6...7...8...9...10 (0)
Optimized: 0 visible clusters (0.00%)
Total clusters visible: 6724
Average clusters visible: 82
Building PAS...
Average clusters audible: 82
visdatasize:2464  compressed from 2624
writing d:\juegos\steam\steamapps\common\garrysmod\garrysmod\addons\vjguardfixim_maps_src\maps\src\xen1.bsp
0 seconds elapsed



[Reading texlights from 'lights.rad']
[51 texlights parsed from 'lights.rad']
Loading d:\juegos\steam\steamapps\common\garrysmod\garrysmod\addons\vjguardfixim_maps_src\maps\src\xen1.bsp
Unable to load vertex data "models/props_foliage_new\xen_shrub_a.vvd"
Unable to load vertex data "models/props_foliage_new\xen_shrub_b.vvd"
BuildFacelights:     0...1...2...3...4...5...6...7...8...9...10 (0)
BuildStaticPropPatchlights: 0...1...2...3...4...5...6...7...8...9...10 (0)
BuildVisLeafs:       0...1...2...3...4...5...6...7...8...9...10 (1)
transfers 78209, max 143
static prop patch transfers 0
GatherLight:         0...1...2...3...4...5...6...7...8...9...10 (0)
GatherLight:         0...1...2...3...4...5...6...7...8...9...10 (0)
Build Patch/Sample Hash Table(s).....Done<0.0084 sec>
FinalLightFace:      0...1...2...3...4...5...6...7...8...9...10 (0)
FinalLightFace Done
0 of 0 (0% of) surface lights went in leaf ambient cubes.
ThreadComputeLeafAmbient: 0...1...2...3...4...5...6...7...8...9...10 (2)
Writing leaf ambient...done
Ready to Finish

Object names       Objects/Maxobjs  Memory / Maxmem  Fullness 
------------       ---------------  ---------------  -------- 
models                   9/4096          432/196608   ( 0.2%) 
brushes                 16/65535         192/786420   ( 0.0%) 
brushsides             110/655350        880/5242800  ( 0.0%) 
planes                 464/65536        9280/1310720  ( 0.7%) 
vertexes               421/65536        5052/786432   ( 0.6%) 
nodes                  325/65536       10400/2097152  ( 0.5%) 
texinfos                93/16384        6696/1179648  ( 0.6%) 
texdata                  6/8192          192/262144   ( 0.1%) 
dispinfos               88/0           15488/0        ( 0.0%) 
disp_verts           10872/0          217440/0        ( 0.0%) 
disp_tris            18176/0           36352/0        ( 0.0%) 
disp_multiblend          0/0               0/0        ( 0.0%) 
disp_lmsamples      767623/0          767623/0        ( 0.0%) 
faces                  306/65536       17136/3670016  ( 0.5%) 
hdr faces                0/65536           0/3670016  ( 0.0%) 
origfaces              124/65536        6944/3670016  ( 0.2%) 
leaves                 335/65536       10720/2097152  ( 0.5%) 
leaffaces              227/65536         454/131072   ( 0.3%) 
leafbrushes            179/65536         358/131072   ( 0.3%) 
areas                    2/1024           16/8192     ( 0.2%) 
surfedges             1752/512000       7008/2048000  ( 0.3%) 
edges                  963/256000       3852/1024000  ( 0.4%) 
LDR worldlights          3/8192          264/720896   ( 0.0%) 
HDR worldlights          0/8192            0/720896   ( 0.0%) 
leafwaterdata            2/32768          24/393216   ( 0.0%) 
waterstrips              0/32768           0/327680   ( 0.0%) 
waterverts               0/65536           0/786432   ( 0.0%) 
waterindices             0/65536           0/131072   ( 0.0%) 
cubemapsamples           0/1024            0/16384    ( 0.0%) 
overlays                 0/8192            0/2883584  ( 0.0%) 
LDR lightdata         [variable]      967860/0        ( 0.0%) 
HDR lightdata         [variable]           0/0        ( 0.0%) 
visdata               [variable]        2464/16777216 ( 0.0%) 
entdata               [variable]       48836/4194304  ( 1.2%) 
LDR ambient table      335/65536        1340/262144   ( 0.5%) 
HDR ambient table      335/65536        1340/262144   ( 0.5%) 
LDR leaf ambient       848/65536       23744/1835008  ( 1.3%) 
HDR leaf ambient       335/65536        9380/1835008  ( 0.5%) 
occluders                0/0               0/0        ( 0.0%) 
occluder polygons        0/0               0/0        ( 0.0%) 
occluder vert ind        0/0               0/0        ( 0.0%) 
detail props          [variable]          12/0        ( 0.0%) 
static props          [variable]        8234/0        ( 0.0%) 
static prop count       81/16384           0/0        ( 0.5%) 
pakfile               [variable]       71263/0        ( 0.0%) 
physics               [variable]     2098535/4194304  (50.0%) 
physics terrain       [variable]           0/1048576  ( 0.0%) 

Level flags = 0

Total triangle count: 628
Writing d:\juegos\steam\steamapps\common\garrysmod\garrysmod\addons\vjguardfixim_maps_src\maps\src\xen1.bsp
4 seconds elapsed




materialPath: D:\Juegos\Steam\steamapps\common\GarrysMod\garrysmod\materials
Loading d:\juegos\steam\steamapps\common\garrysmod\garrysmod\addons\vjguardfixim_maps_src\maps\src\xen1.vmf
Patching WVT material: maps/xen1/xeno/c4a1a_swmpwlb_wvt_patch
fixing up env_cubemap materials on brush sides...
ProcessBlock_Thread: 0...1...2...3...4...5...6...7...8...9...10 (0)
ProcessBlock_Thread: 0...1...2...3...4...5...6...7...8...9...10 (0)
Processing areas...done (0)
Building Faces...done (0)
FixTjuncs...
PruneNodes...
WriteBSP...
done (0)
writing d:\juegos\steam\steamapps\common\garrysmod\garrysmod\addons\vjguardfixim_maps_src\maps\src\xen1.prt...
Building visibility clusters...
done (0)
KeyValues Error: RecursiveLoadFromBuffer:  got EOF instead of keyname in file materials/skybox/xenspace5_skyup.vmt
UnlitGeneric, (*proxies*), (*Clamp*), 
KeyValues Error: RecursiveLoadFromBuffer:  got EOF instead of keyname in file materials/skybox/xenspace5_skyup.vmt
UnlitGeneric, (*proxies*), (*Clamp*), 
Creating default LDR cubemaps for env_cubemap using skybox materials:
   skybox/xenspace5_sky*.vmt
 ! Run buildcubemaps in the engine to get the correct cube maps.
Creating default HDR cubemaps for env_cubemap using skybox materials:
   skybox/xenspace5_sky*.vmt
 ! Run buildcubemaps in the engine to get the correct cube maps.
Finding displacement neighbors...
Finding lightmap sample positions...
Displacement Alpha : 0...1...2...3...4...5...6...7...8...9...10
Building Physics collision data...
WARNING: Map using power 4 displacements, terrain physics cannot be compressed, map will need additional memory and CPU.
done (0) (2098535 bytes)
Placing detail props : 0...1...2...3...4...5...6...7...8...9...10
Water found with no water_lod_control entity, creating a default one.
Compacting texture/material tables...
Reduced 314 texinfos to 93
Reduced 9 texdatas to 6 (206 bytes to 101)
Writing d:\juegos\steam\steamapps\common\garrysmod\garrysmod\addons\vjguardfixim_maps_src\maps\src\xen1.bsp
1 second elapsed



16 threads
reading d:\juegos\steam\steamapps\common\garrysmod\garrysmod\addons\vjguardfixim_maps_src\maps\src\xen1.bsp
reading d:\juegos\steam\steamapps\common\garrysmod\garrysmod\addons\vjguardfixim_maps_src\maps\src\xen1.prt
  82 portalclusters
 190 numportals
BasePortalVis:       0...1...2...3...4...5...6...7...8...9...10 (0)
Optimized: 0 visible clusters (0.00%)
Total clusters visible: 6724
Average clusters visible: 82
Building PAS...
Average clusters audible: 82
visdatasize:2464  compressed from 2624
writing d:\juegos\steam\steamapps\common\garrysmod\garrysmod\addons\vjguardfixim_maps_src\maps\src\xen1.bsp
0 seconds elapsed



[Reading texlights from 'lights.rad']
[51 texlights parsed from 'lights.rad']
Loading d:\juegos\steam\steamapps\common\garrysmod\garrysmod\addons\vjguardfixim_maps_src\maps\src\xen1.bsp
Unable to load vertex data "models/props_foliage_new\xen_shrub_a.vvd"
Unable to load vertex data "models/props_foliage_new\xen_shrub_b.vvd"
BuildFacelights:     0...1...2...3...4...5...6...7...8...9...10 (1)
BuildStaticPropPatchlights: 0...1...2...3...4...5...6...7...8...9...10 (0)
BuildVisLeafs:       0...1...2...3...4...5...6...7...8...9...10 (0)
transfers 89728, max 184
static prop patch transfers 0
GatherLight:         0...1...2...3...4...5...6...7...8...9...10 (0)
GatherLight:         0...1...2...3...4...5...6...7...8...9...10 (0)
Build Patch/Sample Hash Table(s).....Done<0.0081 sec>
FinalLightFace:      0...1...2...3...4...5...6...7...8...9...10 (1)
FinalLightFace Done
0 of 0 (0% of) surface lights went in leaf ambient cubes.
ThreadComputeLeafAmbient: 0...1...2...3...4...5...6...7...8...9...10 (2)
Writing leaf ambient...done
Ready to Finish

Object names       Objects/Maxobjs  Memory / Maxmem  Fullness 
------------       ---------------  ---------------  -------- 
models                   9/4096          432/196608   ( 0.2%) 
brushes                 16/65535         192/786420   ( 0.0%) 
brushsides             110/655350        880/5242800  ( 0.0%) 
planes                 462/65536        9240/1310720  ( 0.7%) 
vertexes               415/65536        4980/786432   ( 0.6%) 
nodes                  325/65536       10400/2097152  ( 0.5%) 
texinfos                93/16384        6696/1179648  ( 0.6%) 
texdata                  6/8192          192/262144   ( 0.1%) 
dispinfos               88/0           15488/0        ( 0.0%) 
disp_verts           10872/0          217440/0        ( 0.0%) 
disp_tris            18176/0           36352/0        ( 0.0%) 
disp_multiblend          0/0               0/0        ( 0.0%) 
disp_lmsamples      767623/0          767623/0        ( 0.0%) 
faces                  294/65536       16464/3670016  ( 0.4%) 
hdr faces                0/65536           0/3670016  ( 0.0%) 
origfaces              124/65536        6944/3670016  ( 0.2%) 
leaves                 335/65536       10720/2097152  ( 0.5%) 
leaffaces              211/65536         422/131072   ( 0.3%) 
leafbrushes            179/65536         358/131072   ( 0.3%) 
areas                    2/1024           16/8192     ( 0.2%) 
surfedges             1704/512000       6816/2048000  ( 0.3%) 
edges                  939/256000       3756/1024000  ( 0.4%) 
LDR worldlights          3/8192          264/720896   ( 0.0%) 
HDR worldlights          0/8192            0/720896   ( 0.0%) 
leafwaterdata            2/32768          24/393216   ( 0.0%) 
waterstrips              0/32768           0/327680   ( 0.0%) 
waterverts               0/65536           0/786432   ( 0.0%) 
waterindices             0/65536           0/131072   ( 0.0%) 
cubemapsamples           0/1024            0/16384    ( 0.0%) 
overlays                 0/8192            0/2883584  ( 0.0%) 
LDR lightdata         [variable]      882052/0        ( 0.0%) 
HDR lightdata         [variable]           0/0        ( 0.0%) 
visdata               [variable]        2464/16777216 ( 0.0%) 
entdata               [variable]       48836/4194304  ( 1.2%) 
LDR ambient table      335/65536        1340/262144   ( 0.5%) 
HDR ambient table      335/65536        1340/262144   ( 0.5%) 
LDR leaf ambient       848/65536       23744/1835008  ( 1.3%) 
HDR leaf ambient       335/65536        9380/1835008  ( 0.5%) 
occluders                0/0               0/0        ( 0.0%) 
occluder polygons        0/0               0/0        ( 0.0%) 
occluder vert ind        0/0               0/0        ( 0.0%) 
detail props          [variable]          12/0        ( 0.0%) 
static props          [variable]        8232/0        ( 0.0%) 
static prop count       81/16384           0/0        ( 0.5%) 
pakfile               [variable]       71263/0        ( 0.0%) 
physics               [variable]     2098535/4194304  (50.0%) 
physics terrain       [variable]           0/1048576  ( 0.0%) 

Level flags = 0

Total triangle count: 604
Writing d:\juegos\steam\steamapps\common\garrysmod\garrysmod\addons\vjguardfixim_maps_src\maps\src\xen1.bsp
4 seconds elapsed




materialPath: D:\Juegos\Steam\steamapps\common\GarrysMod\garrysmod\materials
Loading d:\juegos\steam\steamapps\common\garrysmod\garrysmod\addons\vjguardfixim_maps_src\maps\src\xen1.vmf
Patching WVT material: maps/xen1/xeno/c4a1a_swmpwlb_wvt_patch
fixing up env_cubemap materials on brush sides...
ProcessBlock_Thread: 0...1...2...3...4...5...6...7...8...9...10 (0)
ProcessBlock_Thread: 0...1...2...3...4...5...6...7...8...9...10 (0)
Processing areas...done (0)
Building Faces...done (0)
FixTjuncs...
PruneNodes...
WriteBSP...
done (0)
writing d:\juegos\steam\steamapps\common\garrysmod\garrysmod\addons\vjguardfixim_maps_src\maps\src\xen1.prt...
Building visibility clusters...
done (0)
KeyValues Error: RecursiveLoadFromBuffer:  got EOF instead of keyname in file materials/skybox/xenspace5_skyup.vmt
UnlitGeneric, (*proxies*), (*Clamp*), 
KeyValues Error: RecursiveLoadFromBuffer:  got EOF instead of keyname in file materials/skybox/xenspace5_skyup.vmt
UnlitGeneric, (*proxies*), (*Clamp*), 
Creating default LDR cubemaps for env_cubemap using skybox materials:
   skybox/xenspace5_sky*.vmt
 ! Run buildcubemaps in the engine to get the correct cube maps.
Creating default HDR cubemaps for env_cubemap using skybox materials:
   skybox/xenspace5_sky*.vmt
 ! Run buildcubemaps in the engine to get the correct cube maps.
Finding displacement neighbors...
Finding lightmap sample positions...
Displacement Alpha : 0...1...2...3...4...5...6...7...8...9...10
Building Physics collision data...
WARNING: Map using power 4 displacements, terrain physics cannot be compressed, map will need additional memory and CPU.
done (0) (2099091 bytes)
Placing detail props : 0...1...2...3...4...5...6...7...8...9...10
Water found with no water_lod_control entity, creating a default one.
Compacting texture/material tables...
Reduced 326 texinfos to 94
Reduced 10 texdatas to 7 (231 bytes to 126)
Writing d:\juegos\steam\steamapps\common\garrysmod\garrysmod\addons\vjguardfixim_maps_src\maps\src\xen1.bsp
1 second elapsed



16 threads
reading d:\juegos\steam\steamapps\common\garrysmod\garrysmod\addons\vjguardfixim_maps_src\maps\src\xen1.bsp
reading d:\juegos\steam\steamapps\common\garrysmod\garrysmod\addons\vjguardfixim_maps_src\maps\src\xen1.prt
  82 portalclusters
 190 numportals
BasePortalVis:       0...1...2...3...4...5...6...7...8...9...10 (0)
Optimized: 0 visible clusters (0.00%)
Total clusters visible: 6724
Average clusters visible: 82
Building PAS...
Average clusters audible: 82
visdatasize:2464  compressed from 2624
writing d:\juegos\steam\steamapps\common\garrysmod\garrysmod\addons\vjguardfixim_maps_src\maps\src\xen1.bsp
0 seconds elapsed



[Reading texlights from 'lights.rad']
[51 texlights parsed from 'lights.rad']
Loading d:\juegos\steam\steamapps\common\garrysmod\garrysmod\addons\vjguardfixim_maps_src\maps\src\xen1.bsp
Unable to load vertex data "models/props_foliage_new\xen_shrub_a.vvd"
Unable to load vertex data "models/props_foliage_new\xen_shrub_b.vvd"
BuildFacelights:     0...1...2...3...4...5...6...7...8...9...10 (1)
BuildStaticPropPatchlights: 0...1...2...3...4...5...6...7...8...9...10 (0)
BuildVisLeafs:       0...1...2...3...4...5...6...7...8...9...10 (0)
transfers 89728, max 184
static prop patch transfers 0
GatherLight:         0...1...2...3...4...5...6...7...8...9...10 (0)
GatherLight:         0...1...2...3...4...5...6...7...8...9...10 (0)
Build Patch/Sample Hash Table(s).....Done<0.0082 sec>
FinalLightFace:      0...1...2...3...4...5...6...7...8...9...10 (1)
FinalLightFace Done
0 of 0 (0% of) surface lights went in leaf ambient cubes.
ThreadComputeLeafAmbient: 0...1...2...3...4...5...6...7...8...9...10 (2)
Writing leaf ambient...done
Ready to Finish

Object names       Objects/Maxobjs  Memory / Maxmem  Fullness 
------------       ---------------  ---------------  -------- 
models                  10/4096          480/196608   ( 0.2%) 
brushes                 17/65535         204/786420   ( 0.0%) 
brushsides             124/655350        992/5242800  ( 0.0%) 
planes                 514/65536       10280/1310720  ( 0.8%) 
vertexes               415/65536        4980/786432   ( 0.6%) 
nodes                  331/65536       10592/2097152  ( 0.5%) 
texinfos                94/16384        6768/1179648  ( 0.6%) 
texdata                  7/8192          224/262144   ( 0.1%) 
dispinfos               88/0           15488/0        ( 0.0%) 
disp_verts           10872/0          217440/0        ( 0.0%) 
disp_tris            18176/0           36352/0        ( 0.0%) 
disp_multiblend          0/0               0/0        ( 0.0%) 
disp_lmsamples      767623/0          767623/0        ( 0.0%) 
faces                  294/65536       16464/3670016  ( 0.4%) 
hdr faces                0/65536           0/3670016  ( 0.0%) 
origfaces              124/65536        6944/3670016  ( 0.2%) 
leaves                 342/65536       10944/2097152  ( 0.5%) 
leaffaces              211/65536         422/131072   ( 0.3%) 
leafbrushes            180/65536         360/131072   ( 0.3%) 
areas                    2/1024           16/8192     ( 0.2%) 
surfedges             1704/512000       6816/2048000  ( 0.3%) 
edges                  939/256000       3756/1024000  ( 0.4%) 
LDR worldlights          3/8192          264/720896   ( 0.0%) 
HDR worldlights          0/8192            0/720896   ( 0.0%) 
leafwaterdata            2/32768          24/393216   ( 0.0%) 
waterstrips              0/32768           0/327680   ( 0.0%) 
waterverts               0/65536           0/786432   ( 0.0%) 
waterindices             0/65536           0/131072   ( 0.0%) 
cubemapsamples           0/1024            0/16384    ( 0.0%) 
overlays                 0/8192            0/2883584  ( 0.0%) 
LDR lightdata         [variable]      882052/0        ( 0.0%) 
HDR lightdata         [variable]           0/0        ( 0.0%) 
visdata               [variable]        2464/16777216 ( 0.0%) 
entdata               [variable]       53187/4194304  ( 1.3%) 
LDR ambient table      342/65536        1368/262144   ( 0.5%) 
HDR ambient table      342/65536        1368/262144   ( 0.5%) 
LDR leaf ambient       860/65536       24080/1835008  ( 1.3%) 
HDR leaf ambient       342/65536        9576/1835008  ( 0.5%) 
occluders                0/0               0/0        ( 0.0%) 
occluder polygons        0/0               0/0        ( 0.0%) 
occluder vert ind        0/0               0/0        ( 0.0%) 
detail props          [variable]          12/0        ( 0.0%) 
static props          [variable]        8232/0        ( 0.0%) 
static prop count       81/16384           0/0        ( 0.5%) 
pakfile               [variable]       71263/0        ( 0.0%) 
physics               [variable]     2099091/4194304  (50.0%) 
physics terrain       [variable]           0/1048576  ( 0.0%) 

Level flags = 0

Total triangle count: 604
Writing d:\juegos\steam\steamapps\common\garrysmod\garrysmod\addons\vjguardfixim_maps_src\maps\src\xen1.bsp
4 seconds elapsed




materialPath: D:\Juegos\Steam\steamapps\common\GarrysMod\garrysmod\materials
Loading d:\juegos\steam\steamapps\common\garrysmod\garrysmod\addons\vjguardfixim_maps_src\maps\src\xen1.vmf
Patching WVT material: maps/xen1/xeno/c4a1a_swmpwlb_wvt_patch
fixing up env_cubemap materials on brush sides...
ProcessBlock_Thread: 0...1...2...3...4...5...6...7...8...9...10 (0)
ProcessBlock_Thread: 0...1...2...3...4...5...6...7...8...9...10 (0)
Processing areas...done (0)
Building Faces...done (0)
FixTjuncs...
PruneNodes...
WriteBSP...
done (0)
writing d:\juegos\steam\steamapps\common\garrysmod\garrysmod\addons\vjguardfixim_maps_src\maps\src\xen1.prt...
Building visibility clusters...
done (0)
KeyValues Error: RecursiveLoadFromBuffer:  got EOF instead of keyname in file materials/skybox/xenspace5_skyup.vmt
UnlitGeneric, (*proxies*), (*Clamp*), 
KeyValues Error: RecursiveLoadFromBuffer:  got EOF instead of keyname in file materials/skybox/xenspace5_skyup.vmt
UnlitGeneric, (*proxies*), (*Clamp*), 
Creating default LDR cubemaps for env_cubemap using skybox materials:
   skybox/xenspace5_sky*.vmt
 ! Run buildcubemaps in the engine to get the correct cube maps.
Creating default HDR cubemaps for env_cubemap using skybox materials:
   skybox/xenspace5_sky*.vmt
 ! Run buildcubemaps in the engine to get the correct cube maps.
Finding displacement neighbors...
Finding lightmap sample positions...
Displacement Alpha : 0...1...2...3...4...5...6...7...8...9...10
Building Physics collision data...
WARNING: Map using power 4 displacements, terrain physics cannot be compressed, map will need additional memory and CPU.
done (0) (2099091 bytes)
Placing detail props : 0...1...2...3...4...5...6...7...8...9...10
Water found with no water_lod_control entity, creating a default one.
Compacting texture/material tables...
Reduced 326 texinfos to 94
Reduced 10 texdatas to 7 (231 bytes to 126)
Writing d:\juegos\steam\steamapps\common\garrysmod\garrysmod\addons\vjguardfixim_maps_src\maps\src\xen1.bsp
1 second elapsed



16 threads
reading d:\juegos\steam\steamapps\common\garrysmod\garrysmod\addons\vjguardfixim_maps_src\maps\src\xen1.bsp
reading d:\juegos\steam\steamapps\common\garrysmod\garrysmod\addons\vjguardfixim_maps_src\maps\src\xen1.prt
  82 portalclusters
 190 numportals
BasePortalVis:       0...1...2...3...4...5...6...7...8...9...10 (0)
Optimized: 0 visible clusters (0.00%)
Total clusters visible: 6724
Average clusters visible: 82
Building PAS...
Average clusters audible: 82
visdatasize:2464  compressed from 2624
writing d:\juegos\steam\steamapps\common\garrysmod\garrysmod\addons\vjguardfixim_maps_src\maps\src\xen1.bsp
0 seconds elapsed



[Reading texlights from 'lights.rad']
[51 texlights parsed from 'lights.rad']
Loading d:\juegos\steam\steamapps\common\garrysmod\garrysmod\addons\vjguardfixim_maps_src\maps\src\xen1.bsp
Unable to load vertex data "models/props_foliage_new\xen_shrub_a.vvd"
Unable to load vertex data "models/props_foliage_new\xen_shrub_b.vvd"
BuildFacelights:     0...1...2...3...4...5...6...7...8...9...10 (1)
BuildStaticPropPatchlights: 0...1...2...3...4...5...6...7...8...9...10 (0)
BuildVisLeafs:       0...1...2...3...4...5...6...7...8...9...10 (0)
transfers 89728, max 184
static prop patch transfers 0
GatherLight:         0...1...2...3...4...5...6...7...8...9...10 (0)
GatherLight:         0...1...2...3...4...5...6...7...8...9...10 (0)
Build Patch/Sample Hash Table(s).....Done<0.0082 sec>
FinalLightFace:      0...1...2...3...4...5...6...7...8...9...10 (1)
FinalLightFace Done
0 of 0 (0% of) surface lights went in leaf ambient cubes.
ThreadComputeLeafAmbient: 0...1...2...3...4...5...6...7...8...9...10 (2)
Writing leaf ambient...done
Ready to Finish

Object names       Objects/Maxobjs  Memory / Maxmem  Fullness 
------------       ---------------  ---------------  -------- 
models                  10/4096          480/196608   ( 0.2%) 
brushes                 17/65535         204/786420   ( 0.0%) 
brushsides             124/655350        992/5242800  ( 0.0%) 
planes                 514/65536       10280/1310720  ( 0.8%) 
vertexes               415/65536        4980/786432   ( 0.6%) 
nodes                  331/65536       10592/2097152  ( 0.5%) 
texinfos                94/16384        6768/1179648  ( 0.6%) 
texdata                  7/8192          224/262144   ( 0.1%) 
dispinfos               88/0           15488/0        ( 0.0%) 
disp_verts           10872/0          217440/0        ( 0.0%) 
disp_tris            18176/0           36352/0        ( 0.0%) 
disp_multiblend          0/0               0/0        ( 0.0%) 
disp_lmsamples      767623/0          767623/0        ( 0.0%) 
faces                  294/65536       16464/3670016  ( 0.4%) 
hdr faces                0/65536           0/3670016  ( 0.0%) 
origfaces              124/65536        6944/3670016  ( 0.2%) 
leaves                 342/65536       10944/2097152  ( 0.5%) 
leaffaces              211/65536         422/131072   ( 0.3%) 
leafbrushes            180/65536         360/131072   ( 0.3%) 
areas                    2/1024           16/8192     ( 0.2%) 
surfedges             1704/512000       6816/2048000  ( 0.3%) 
edges                  939/256000       3756/1024000  ( 0.4%) 
LDR worldlights          3/8192          264/720896   ( 0.0%) 
HDR worldlights          0/8192            0/720896   ( 0.0%) 
leafwaterdata            2/32768          24/393216   ( 0.0%) 
waterstrips              0/32768           0/327680   ( 0.0%) 
waterverts               0/65536           0/786432   ( 0.0%) 
waterindices             0/65536           0/131072   ( 0.0%) 
cubemapsamples           0/1024            0/16384    ( 0.0%) 
overlays                 0/8192            0/2883584  ( 0.0%) 
LDR lightdata         [variable]      882052/0        ( 0.0%) 
HDR lightdata         [variable]           0/0        ( 0.0%) 
visdata               [variable]        2464/16777216 ( 0.0%) 
entdata               [variable]       53189/4194304  ( 1.3%) 
LDR ambient table      342/65536        1368/262144   ( 0.5%) 
HDR ambient table      342/65536        1368/262144   ( 0.5%) 
LDR leaf ambient       860/65536       24080/1835008  ( 1.3%) 
HDR leaf ambient       342/65536        9576/1835008  ( 0.5%) 
occluders                0/0               0/0        ( 0.0%) 
occluder polygons        0/0               0/0        ( 0.0%) 
occluder vert ind        0/0               0/0        ( 0.0%) 
detail props          [variable]          12/0        ( 0.0%) 
static props          [variable]        8232/0        ( 0.0%) 
static prop count       81/16384           0/0        ( 0.5%) 
pakfile               [variable]       71263/0        ( 0.0%) 
physics               [variable]     2099091/4194304  (50.0%) 
physics terrain       [variable]           0/1048576  ( 0.0%) 

Level flags = 0

Total triangle count: 604
Writing d:\juegos\steam\steamapps\common\garrysmod\garrysmod\addons\vjguardfixim_maps_src\maps\src\xen1.bsp
4 seconds elapsed




materialPath: D:\Juegos\Steam\steamapps\common\GarrysMod\garrysmod\materials
Loading d:\juegos\steam\steamapps\common\garrysmod\garrysmod\addons\vjguardfixim_maps_src\maps\src\xen1.vmf
Patching WVT material: maps/xen1/xeno/c4a1a_swmpwlb_wvt_patch
fixing up env_cubemap materials on brush sides...
ProcessBlock_Thread: 0...1...2...3...4...5...6...7...8...9...10 (0)
ProcessBlock_Thread: 0...1...2...3...4...5...6...7...8...9...10 (0)
Processing areas...done (0)
Building Faces...done (0)
FixTjuncs...
PruneNodes...
WriteBSP...
done (0)
writing d:\juegos\steam\steamapps\common\garrysmod\garrysmod\addons\vjguardfixim_maps_src\maps\src\xen1.prt...
Building visibility clusters...
done (0)
KeyValues Error: RecursiveLoadFromBuffer:  got EOF instead of keyname in file materials/skybox/xenspace5_skyup.vmt
UnlitGeneric, (*proxies*), (*Clamp*), 
KeyValues Error: RecursiveLoadFromBuffer:  got EOF instead of keyname in file materials/skybox/xenspace5_skyup.vmt
UnlitGeneric, (*proxies*), (*Clamp*), 
Creating default LDR cubemaps for env_cubemap using skybox materials:
   skybox/xenspace5_sky*.vmt
 ! Run buildcubemaps in the engine to get the correct cube maps.
Creating default HDR cubemaps for env_cubemap using skybox materials:
   skybox/xenspace5_sky*.vmt
 ! Run buildcubemaps in the engine to get the correct cube maps.
Finding displacement neighbors...
Finding lightmap sample positions...
Displacement Alpha : 0...1...2...3...4...5...6...7...8...9...10
Building Physics collision data...
WARNING: Map using power 4 displacements, terrain physics cannot be compressed, map will need additional memory and CPU.
done (0) (2099091 bytes)
Placing detail props : 0...1...2...3...4...5...6...7...8...9...10
Water found with no water_lod_control entity, creating a default one.
Compacting texture/material tables...
Reduced 326 texinfos to 94
Reduced 10 texdatas to 7 (231 bytes to 126)
Writing d:\juegos\steam\steamapps\common\garrysmod\garrysmod\addons\vjguardfixim_maps_src\maps\src\xen1.bsp
1 second elapsed



16 threads
reading d:\juegos\steam\steamapps\common\garrysmod\garrysmod\addons\vjguardfixim_maps_src\maps\src\xen1.bsp
reading d:\juegos\steam\steamapps\common\garrysmod\garrysmod\addons\vjguardfixim_maps_src\maps\src\xen1.prt
  82 portalclusters
 190 numportals
BasePortalVis:       0...1...2...3...4...5...6...7...8...9...10 (0)
Optimized: 0 visible clusters (0.00%)
Total clusters visible: 6724
Average clusters visible: 82
Building PAS...
Average clusters audible: 82
visdatasize:2464  compressed from 2624
writing d:\juegos\steam\steamapps\common\garrysmod\garrysmod\addons\vjguardfixim_maps_src\maps\src\xen1.bsp
0 seconds elapsed



[Reading texlights from 'lights.rad']
[51 texlights parsed from 'lights.rad']
Loading d:\juegos\steam\steamapps\common\garrysmod\garrysmod\addons\vjguardfixim_maps_src\maps\src\xen1.bsp
Unable to load vertex data "models/props_foliage_new\xen_shrub_a.vvd"
Unable to load vertex data "models/props_foliage_new\xen_shrub_b.vvd"
BuildFacelights:     0...1...2...3...4...5...6...7...8...9...10 (1)
BuildStaticPropPatchlights: 0...1...2...3...4...5...6...7...8...9...10 (0)
BuildVisLeafs:       0...1...2...3...4...5...6...7...8...9...10 (0)
transfers 89728, max 184
static prop patch transfers 0
GatherLight:         0...1...2...3...4...5...6...7...8...9...10 (0)
GatherLight:         0...1...2...3...4...5...6...7...8...9...10 (0)
Build Patch/Sample Hash Table(s).....Done<0.0072 sec>
FinalLightFace:      0...1...2...3...4...5...6...7...8...9...10 (1)
FinalLightFace Done
0 of 0 (0% of) surface lights went in leaf ambient cubes.
ThreadComputeLeafAmbient: 0...1...2...3...4...5...6...7...8...9...10 (2)
Writing leaf ambient...done
Ready to Finish

Object names       Objects/Maxobjs  Memory / Maxmem  Fullness 
------------       ---------------  ---------------  -------- 
models                  10/4096          480/196608   ( 0.2%) 
brushes                 17/65535         204/786420   ( 0.0%) 
brushsides             123/655350        984/5242800  ( 0.0%) 
planes                 506/65536       10120/1310720  ( 0.8%) 
vertexes               415/65536        4980/786432   ( 0.6%) 
nodes                  331/65536       10592/2097152  ( 0.5%) 
texinfos                94/16384        6768/1179648  ( 0.6%) 
texdata                  7/8192          224/262144   ( 0.1%) 
dispinfos               88/0           15488/0        ( 0.0%) 
disp_verts           10872/0          217440/0        ( 0.0%) 
disp_tris            18176/0           36352/0        ( 0.0%) 
disp_multiblend          0/0               0/0        ( 0.0%) 
disp_lmsamples      767623/0          767623/0        ( 0.0%) 
faces                  294/65536       16464/3670016  ( 0.4%) 
hdr faces                0/65536           0/3670016  ( 0.0%) 
origfaces              124/65536        6944/3670016  ( 0.2%) 
leaves                 342/65536       10944/2097152  ( 0.5%) 
leaffaces              211/65536         422/131072   ( 0.3%) 
leafbrushes            180/65536         360/131072   ( 0.3%) 
areas                    2/1024           16/8192     ( 0.2%) 
surfedges             1704/512000       6816/2048000  ( 0.3%) 
edges                  939/256000       3756/1024000  ( 0.4%) 
LDR worldlights          3/8192          264/720896   ( 0.0%) 
HDR worldlights          0/8192            0/720896   ( 0.0%) 
leafwaterdata            2/32768          24/393216   ( 0.0%) 
waterstrips              0/32768           0/327680   ( 0.0%) 
waterverts               0/65536           0/786432   ( 0.0%) 
waterindices             0/65536           0/131072   ( 0.0%) 
cubemapsamples           0/1024            0/16384    ( 0.0%) 
overlays                 0/8192            0/2883584  ( 0.0%) 
LDR lightdata         [variable]      882052/0        ( 0.0%) 
HDR lightdata         [variable]           0/0        ( 0.0%) 
visdata               [variable]        2464/16777216 ( 0.0%) 
entdata               [variable]       53188/4194304  ( 1.3%) 
LDR ambient table      342/65536        1368/262144   ( 0.5%) 
HDR ambient table      342/65536        1368/262144   ( 0.5%) 
LDR leaf ambient       860/65536       24080/1835008  ( 1.3%) 
HDR leaf ambient       342/65536        9576/1835008  ( 0.5%) 
occluders                0/0               0/0        ( 0.0%) 
occluder polygons        0/0               0/0        ( 0.0%) 
occluder vert ind        0/0               0/0        ( 0.0%) 
detail props          [variable]          12/0        ( 0.0%) 
static props          [variable]        8232/0        ( 0.0%) 
static prop count       81/16384           0/0        ( 0.5%) 
pakfile               [variable]       71263/0        ( 0.0%) 
physics               [variable]     2099091/4194304  (50.0%) 
physics terrain       [variable]           0/1048576  ( 0.0%) 

Level flags = 0

Total triangle count: 604
Writing d:\juegos\steam\steamapps\common\garrysmod\garrysmod\addons\vjguardfixim_maps_src\maps\src\xen1.bsp
4 seconds elapsed




materialPath: D:\Juegos\Steam\steamapps\common\GarrysMod\garrysmod\materials
Loading d:\juegos\steam\steamapps\common\garrysmod\garrysmod\addons\vjguardfixim_maps_src\maps\src\xen1.vmf
Patching WVT material: maps/xen1/xeno/c4a1a_swmpwlb_wvt_patch
fixing up env_cubemap materials on brush sides...
ProcessBlock_Thread: 0...1...2...3...4...5...6...7...8...9...10 (0)
ProcessBlock_Thread: 0...1...2...3...4...5...6...7...8...9...10 (0)
Processing areas...done (0)
Building Faces...done (0)
FixTjuncs...
PruneNodes...
WriteBSP...
done (0)
writing d:\juegos\steam\steamapps\common\garrysmod\garrysmod\addons\vjguardfixim_maps_src\maps\src\xen1.prt...
Building visibility clusters...
done (0)
KeyValues Error: RecursiveLoadFromBuffer:  got EOF instead of keyname in file materials/skybox/xenspace5_skyup.vmt
UnlitGeneric, (*proxies*), (*Clamp*), 
KeyValues Error: RecursiveLoadFromBuffer:  got EOF instead of keyname in file materials/skybox/xenspace5_skyup.vmt
UnlitGeneric, (*proxies*), (*Clamp*), 
Creating default LDR cubemaps for env_cubemap using skybox materials:
   skybox/xenspace5_sky*.vmt
 ! Run buildcubemaps in the engine to get the correct cube maps.
Creating default HDR cubemaps for env_cubemap using skybox materials:
   skybox/xenspace5_sky*.vmt
 ! Run buildcubemaps in the engine to get the correct cube maps.
Finding displacement neighbors...
Finding lightmap sample positions...
Displacement Alpha : 0...1...2...3...4...5...6...7...8...9...10
Building Physics collision data...
WARNING: Map using power 4 displacements, terrain physics cannot be compressed, map will need additional memory and CPU.
done (0) (2099091 bytes)
Placing detail props : 0...1...2...3...4...5...6...7...8...9...10
Water found with no water_lod_control entity, creating a default one.
Compacting texture/material tables...
Reduced 332 texinfos to 94
Reduced 11 texdatas to 7 (249 bytes to 126)
Writing d:\juegos\steam\steamapps\common\garrysmod\garrysmod\addons\vjguardfixim_maps_src\maps\src\xen1.bsp
1 second elapsed



16 threads
reading d:\juegos\steam\steamapps\common\garrysmod\garrysmod\addons\vjguardfixim_maps_src\maps\src\xen1.bsp
reading d:\juegos\steam\steamapps\common\garrysmod\garrysmod\addons\vjguardfixim_maps_src\maps\src\xen1.prt
  82 portalclusters
 190 numportals
BasePortalVis:       0...1...2...3...4...5...6...7...8...9...10 (0)
Optimized: 0 visible clusters (0.00%)
Total clusters visible: 6724
Average clusters visible: 82
Building PAS...
Average clusters audible: 82
visdatasize:2464  compressed from 2624
writing d:\juegos\steam\steamapps\common\garrysmod\garrysmod\addons\vjguardfixim_maps_src\maps\src\xen1.bsp
0 seconds elapsed



[Reading texlights from 'lights.rad']
[51 texlights parsed from 'lights.rad']
Loading d:\juegos\steam\steamapps\common\garrysmod\garrysmod\addons\vjguardfixim_maps_src\maps\src\xen1.bsp
Unable to load vertex data "models/props_foliage_new\xen_shrub_a.vvd"
Unable to load vertex data "models/props_foliage_new\xen_shrub_b.vvd"
BuildFacelights:     0...1...2...3...4...5...6...7...8...9...10 (1)
BuildStaticPropPatchlights: 0...1...2...3...4...5...6...7...8...9...10 (0)
BuildVisLeafs:       0...1...2...3...4...5...6...7...8...9...10 (0)
transfers 89728, max 184
static prop patch transfers 0
GatherLight:         0...1...2...3...4...5...6...7...8...9...10 (0)
GatherLight:         0...1...2...3...4...5...6...7...8...9...10 (0)
Build Patch/Sample Hash Table(s).....Done<0.0072 sec>
FinalLightFace:      0...1...2...3...4...5...6...7...8...9...10 (1)
FinalLightFace Done
0 of 0 (0% of) surface lights went in leaf ambient cubes.
ThreadComputeLeafAmbient: 0...1...2...3...4...5...6...7...8...9...10 (2)
Writing leaf ambient...done
Ready to Finish

Object names       Objects/Maxobjs  Memory / Maxmem  Fullness 
------------       ---------------  ---------------  -------- 
models                  10/4096          480/196608   ( 0.2%) 
brushes                 17/65535         204/786420   ( 0.0%) 
brushsides             121/655350        968/5242800  ( 0.0%) 
planes                 510/65536       10200/1310720  ( 0.8%) 
vertexes               415/65536        4980/786432   ( 0.6%) 
nodes                  331/65536       10592/2097152  ( 0.5%) 
texinfos                94/16384        6768/1179648  ( 0.6%) 
texdata                  7/8192          224/262144   ( 0.1%) 
dispinfos               88/0           15488/0        ( 0.0%) 
disp_verts           10872/0          217440/0        ( 0.0%) 
disp_tris            18176/0           36352/0        ( 0.0%) 
disp_multiblend          0/0               0/0        ( 0.0%) 
disp_lmsamples      767623/0          767623/0        ( 0.0%) 
faces                  294/65536       16464/3670016  ( 0.4%) 
hdr faces                0/65536           0/3670016  ( 0.0%) 
origfaces              124/65536        6944/3670016  ( 0.2%) 
leaves                 342/65536       10944/2097152  ( 0.5%) 
leaffaces              211/65536         422/131072   ( 0.3%) 
leafbrushes            180/65536         360/131072   ( 0.3%) 
areas                    2/1024           16/8192     ( 0.2%) 
surfedges             1704/512000       6816/2048000  ( 0.3%) 
edges                  939/256000       3756/1024000  ( 0.4%) 
LDR worldlights          3/8192          264/720896   ( 0.0%) 
HDR worldlights          0/8192            0/720896   ( 0.0%) 
leafwaterdata            2/32768          24/393216   ( 0.0%) 
waterstrips              0/32768           0/327680   ( 0.0%) 
waterverts               0/65536           0/786432   ( 0.0%) 
waterindices             0/65536           0/131072   ( 0.0%) 
cubemapsamples           0/1024            0/16384    ( 0.0%) 
overlays                 0/8192            0/2883584  ( 0.0%) 
LDR lightdata         [variable]      882052/0        ( 0.0%) 
HDR lightdata         [variable]           0/0        ( 0.0%) 
visdata               [variable]        2464/16777216 ( 0.0%) 
entdata               [variable]       49969/4194304  ( 1.2%) 
LDR ambient table      342/65536        1368/262144   ( 0.5%) 
HDR ambient table      342/65536        1368/262144   ( 0.5%) 
LDR leaf ambient       855/65536       23940/1835008  ( 1.3%) 
HDR leaf ambient       342/65536        9576/1835008  ( 0.5%) 
occluders                0/0               0/0        ( 0.0%) 
occluder polygons        0/0               0/0        ( 0.0%) 
occluder vert ind        0/0               0/0        ( 0.0%) 
detail props          [variable]          12/0        ( 0.0%) 
static props          [variable]        8232/0        ( 0.0%) 
static prop count       81/16384           0/0        ( 0.5%) 
pakfile               [variable]       71263/0        ( 0.0%) 
physics               [variable]     2099091/4194304  (50.0%) 
physics terrain       [variable]           0/1048576  ( 0.0%) 

Level flags = 0

Total triangle count: 604
Writing d:\juegos\steam\steamapps\common\garrysmod\garrysmod\addons\vjguardfixim_maps_src\maps\src\xen1.bsp
4 seconds elapsed




materialPath: D:\Juegos\Steam\steamapps\common\GarrysMod\garrysmod\materials
Loading d:\juegos\steam\steamapps\common\garrysmod\garrysmod\addons\vjguardfixim_maps_src\maps\src\xen1.vmf
Patching WVT material: maps/xen1/xeno/c4a1a_swmpwlb_wvt_patch
fixing up env_cubemap materials on brush sides...
ProcessBlock_Thread: 0...1...2...3...4...5...6...7...8...9...10 (0)
ProcessBlock_Thread: 0...1...2...3...4...5...6...7...8...9...10 (0)
Processing areas...done (0)
Building Faces...done (0)
FixTjuncs...
PruneNodes...
WriteBSP...
done (0)
writing d:\juegos\steam\steamapps\common\garrysmod\garrysmod\addons\vjguardfixim_maps_src\maps\src\xen1.prt...
Building visibility clusters...
done (0)
KeyValues Error: RecursiveLoadFromBuffer:  got EOF instead of keyname in file materials/skybox/xenspace5_skyup.vmt
UnlitGeneric, (*proxies*), (*Clamp*), 
KeyValues Error: RecursiveLoadFromBuffer:  got EOF instead of keyname in file materials/skybox/xenspace5_skyup.vmt
UnlitGeneric, (*proxies*), (*Clamp*), 
Creating default LDR cubemaps for env_cubemap using skybox materials:
   skybox/xenspace5_sky*.vmt
 ! Run buildcubemaps in the engine to get the correct cube maps.
Creating default HDR cubemaps for env_cubemap using skybox materials:
   skybox/xenspace5_sky*.vmt
 ! Run buildcubemaps in the engine to get the correct cube maps.
Finding displacement neighbors...
Finding lightmap sample positions...
Displacement Alpha : 0...1...2...3...4...5...6...7...8...9...10
Building Physics collision data...
WARNING: Map using power 4 displacements, terrain physics cannot be compressed, map will need additional memory and CPU.
done (0) (2099091 bytes)
Placing detail props : 0...1...2...3...4...5...6...7...8...9...10
Water found with no water_lod_control entity, creating a default one.
Compacting texture/material tables...
Reduced 332 texinfos to 94
Reduced 11 texdatas to 7 (249 bytes to 126)
Writing d:\juegos\steam\steamapps\common\garrysmod\garrysmod\addons\vjguardfixim_maps_src\maps\src\xen1.bsp
1 second elapsed



16 threads
reading d:\juegos\steam\steamapps\common\garrysmod\garrysmod\addons\vjguardfixim_maps_src\maps\src\xen1.bsp
reading d:\juegos\steam\steamapps\common\garrysmod\garrysmod\addons\vjguardfixim_maps_src\maps\src\xen1.prt
  82 portalclusters
 190 numportals
BasePortalVis:       0...1...2...3...4...5...6...7...8...9...10 (0)
Optimized: 0 visible clusters (0.00%)
Total clusters visible: 6724
Average clusters visible: 82
Building PAS...
Average clusters audible: 82
visdatasize:2464  compressed from 2624
writing d:\juegos\steam\steamapps\common\garrysmod\garrysmod\addons\vjguardfixim_maps_src\maps\src\xen1.bsp
0 seconds elapsed



[Reading texlights from 'lights.rad']
[51 texlights parsed from 'lights.rad']
Loading d:\juegos\steam\steamapps\common\garrysmod\garrysmod\addons\vjguardfixim_maps_src\maps\src\xen1.bsp
Unable to load vertex data "models/props_foliage_new\xen_shrub_a.vvd"
Unable to load vertex data "models/props_foliage_new\xen_shrub_b.vvd"
BuildFacelights:     0...1...2...3...4...5...6...7...8...9...10 (1)
BuildStaticPropPatchlights: 0...1...2...3...4...5...6...7...8...9...10 (0)
BuildVisLeafs:       0...1...2...3...4...5...6...7...8...9...10 (0)
transfers 89728, max 184
static prop patch transfers 0
GatherLight:         0...1...2...3...4...5...6...7...8...9...10 (0)
GatherLight:         0...1...2...3...4...5...6...7...8...9...10 (0)
Build Patch/Sample Hash Table(s).....Done<0.0082 sec>
FinalLightFace:      0...1...2...3...4...5...6...7...8...9...10 (1)
FinalLightFace Done
0 of 0 (0% of) surface lights went in leaf ambient cubes.
ThreadComputeLeafAmbient: 0...1...2...3...4...5...6...7...8...9...10 (2)
Writing leaf ambient...done
Ready to Finish

Object names       Objects/Maxobjs  Memory / Maxmem  Fullness 
------------       ---------------  ---------------  -------- 
models                  10/4096          480/196608   ( 0.2%) 
brushes                 17/65535         204/786420   ( 0.0%) 
brushsides             121/655350        968/5242800  ( 0.0%) 
planes                 510/65536       10200/1310720  ( 0.8%) 
vertexes               415/65536        4980/786432   ( 0.6%) 
nodes                  331/65536       10592/2097152  ( 0.5%) 
texinfos                94/16384        6768/1179648  ( 0.6%) 
texdata                  7/8192          224/262144   ( 0.1%) 
dispinfos               88/0           15488/0        ( 0.0%) 
disp_verts           10872/0          217440/0        ( 0.0%) 
disp_tris            18176/0           36352/0        ( 0.0%) 
disp_multiblend          0/0               0/0        ( 0.0%) 
disp_lmsamples      767623/0          767623/0        ( 0.0%) 
faces                  294/65536       16464/3670016  ( 0.4%) 
hdr faces                0/65536           0/3670016  ( 0.0%) 
origfaces              124/65536        6944/3670016  ( 0.2%) 
leaves                 342/65536       10944/2097152  ( 0.5%) 
leaffaces              211/65536         422/131072   ( 0.3%) 
leafbrushes            180/65536         360/131072   ( 0.3%) 
areas                    2/1024           16/8192     ( 0.2%) 
surfedges             1704/512000       6816/2048000  ( 0.3%) 
edges                  939/256000       3756/1024000  ( 0.4%) 
LDR worldlights          3/8192          264/720896   ( 0.0%) 
HDR worldlights          0/8192            0/720896   ( 0.0%) 
leafwaterdata            2/32768          24/393216   ( 0.0%) 
waterstrips              0/32768           0/327680   ( 0.0%) 
waterverts               0/65536           0/786432   ( 0.0%) 
waterindices             0/65536           0/131072   ( 0.0%) 
cubemapsamples           0/1024            0/16384    ( 0.0%) 
overlays                 0/8192            0/2883584  ( 0.0%) 
LDR lightdata         [variable]      882052/0        ( 0.0%) 
HDR lightdata         [variable]           0/0        ( 0.0%) 
visdata               [variable]        2464/16777216 ( 0.0%) 
entdata               [variable]       49969/4194304  ( 1.2%) 
LDR ambient table      342/65536        1368/262144   ( 0.5%) 
HDR ambient table      342/65536        1368/262144   ( 0.5%) 
LDR leaf ambient       855/65536       23940/1835008  ( 1.3%) 
HDR leaf ambient       342/65536        9576/1835008  ( 0.5%) 
occluders                0/0               0/0        ( 0.0%) 
occluder polygons        0/0               0/0        ( 0.0%) 
occluder vert ind        0/0               0/0        ( 0.0%) 
detail props          [variable]          12/0        ( 0.0%) 
static props          [variable]        8232/0        ( 0.0%) 
static prop count       81/16384           0/0        ( 0.5%) 
pakfile               [variable]       71263/0        ( 0.0%) 
physics               [variable]     2099091/4194304  (50.0%) 
physics terrain       [variable]           0/1048576  ( 0.0%) 

Level flags = 0

Total triangle count: 604
Writing d:\juegos\steam\steamapps\common\garrysmod\garrysmod\addons\vjguardfixim_maps_src\maps\src\xen1.bsp
4 seconds elapsed




materialPath: D:\Juegos\Steam\steamapps\common\GarrysMod\garrysmod\materials
Loading d:\juegos\steam\steamapps\common\garrysmod\garrysmod\addons\vjguardfixim_maps_src\maps\src\xen1.vmf
Patching WVT material: maps/xen1/xeno/c4a1a_swmpwlb_wvt_patch
fixing up env_cubemap materials on brush sides...
ProcessBlock_Thread: 0...1...2...3...4...5...6...7...8...9...10 (0)
ProcessBlock_Thread: 0...1...2...3...4...5...6...7...8...9...10 (0)
Processing areas...done (0)
Building Faces...done (0)
FixTjuncs...
PruneNodes...
WriteBSP...
done (0)
writing d:\juegos\steam\steamapps\common\garrysmod\garrysmod\addons\vjguardfixim_maps_src\maps\src\xen1.prt...
Building visibility clusters...
done (0)
KeyValues Error: RecursiveLoadFromBuffer:  got EOF instead of keyname in file materials/skybox/xenspace5_skyup.vmt
UnlitGeneric, (*proxies*), (*Clamp*), 
KeyValues Error: RecursiveLoadFromBuffer:  got EOF instead of keyname in file materials/skybox/xenspace5_skyup.vmt
UnlitGeneric, (*proxies*), (*Clamp*), 
Creating default LDR cubemaps for env_cubemap using skybox materials:
   skybox/xenspace5_sky*.vmt
 ! Run buildcubemaps in the engine to get the correct cube maps.
Creating default HDR cubemaps for env_cubemap using skybox materials:
   skybox/xenspace5_sky*.vmt
 ! Run buildcubemaps in the engine to get the correct cube maps.
Finding displacement neighbors...
Finding lightmap sample positions...
Displacement Alpha : 0...1...2...3...4...5...6...7...8...9...10
Building Physics collision data...
WARNING: Map using power 4 displacements, terrain physics cannot be compressed, map will need additional memory and CPU.
done (0) (2099091 bytes)
Placing detail props : 0...1...2...3...4...5...6...7...8...9...10
Water found with no water_lod_control entity, creating a default one.
Compacting texture/material tables...
Reduced 332 texinfos to 94
Reduced 11 texdatas to 7 (249 bytes to 126)
Writing d:\juegos\steam\steamapps\common\garrysmod\garrysmod\addons\vjguardfixim_maps_src\maps\src\xen1.bsp
1 second elapsed



16 threads
reading d:\juegos\steam\steamapps\common\garrysmod\garrysmod\addons\vjguardfixim_maps_src\maps\src\xen1.bsp
reading d:\juegos\steam\steamapps\common\garrysmod\garrysmod\addons\vjguardfixim_maps_src\maps\src\xen1.prt
  82 portalclusters
 190 numportals
BasePortalVis:       0...1...2...3...4...5...6...7...8...9...10 (0)
Optimized: 0 visible clusters (0.00%)
Total clusters visible: 6724
Average clusters visible: 82
Building PAS...
Average clusters audible: 82
visdatasize:2464  compressed from 2624
writing d:\juegos\steam\steamapps\common\garrysmod\garrysmod\addons\vjguardfixim_maps_src\maps\src\xen1.bsp
0 seconds elapsed



[Reading texlights from 'lights.rad']
[51 texlights parsed from 'lights.rad']
Loading d:\juegos\steam\steamapps\common\garrysmod\garrysmod\addons\vjguardfixim_maps_src\maps\src\xen1.bsp
Unable to load vertex data "models/props_foliage_new\xen_shrub_a.vvd"
Unable to load vertex data "models/props_foliage_new\xen_shrub_b.vvd"
BuildFacelights:     0...1...2...3...4...5...6...7...8...9...10 (1)
BuildStaticPropPatchlights: 0...1...2...3...4...5...6...7...8...9...10 (0)
BuildVisLeafs:       0...1...2...3...4...5...6...7...8...9...10 (0)
transfers 89728, max 184
static prop patch transfers 0
GatherLight:         0...1...2...3...4...5...6...7...8...9...10 (0)
GatherLight:         0...1...2...3...4...5...6...7...8...9...10 (0)
Build Patch/Sample Hash Table(s).....Done<0.0071 sec>
FinalLightFace:      0...1...2...3...4...5...6...7...8...9...10 (1)
FinalLightFace Done
0 of 0 (0% of) surface lights went in leaf ambient cubes.
ThreadComputeLeafAmbient: 0...1...2...3...4...5...6...7...8...9...10 (2)
Writing leaf ambient...done
Ready to Finish

Object names       Objects/Maxobjs  Memory / Maxmem  Fullness 
------------       ---------------  ---------------  -------- 
models                  10/4096          480/196608   ( 0.2%) 
brushes                 17/65535         204/786420   ( 0.0%) 
brushsides             121/655350        968/5242800  ( 0.0%) 
planes                 512/65536       10240/1310720  ( 0.8%) 
vertexes               415/65536        4980/786432   ( 0.6%) 
nodes                  331/65536       10592/2097152  ( 0.5%) 
texinfos                94/16384        6768/1179648  ( 0.6%) 
texdata                  7/8192          224/262144   ( 0.1%) 
dispinfos               88/0           15488/0        ( 0.0%) 
disp_verts           10872/0          217440/0        ( 0.0%) 
disp_tris            18176/0           36352/0        ( 0.0%) 
disp_multiblend          0/0               0/0        ( 0.0%) 
disp_lmsamples      767623/0          767623/0        ( 0.0%) 
faces                  294/65536       16464/3670016  ( 0.4%) 
hdr faces                0/65536           0/3670016  ( 0.0%) 
origfaces              124/65536        6944/3670016  ( 0.2%) 
leaves                 342/65536       10944/2097152  ( 0.5%) 
leaffaces              211/65536         422/131072   ( 0.3%) 
leafbrushes            180/65536         360/131072   ( 0.3%) 
areas                    2/1024           16/8192     ( 0.2%) 
surfedges             1704/512000       6816/2048000  ( 0.3%) 
edges                  939/256000       3756/1024000  ( 0.4%) 
LDR worldlights          3/8192          264/720896   ( 0.0%) 
HDR worldlights          0/8192            0/720896   ( 0.0%) 
leafwaterdata            2/32768          24/393216   ( 0.0%) 
waterstrips              0/32768           0/327680   ( 0.0%) 
waterverts               0/65536           0/786432   ( 0.0%) 
waterindices             0/65536           0/131072   ( 0.0%) 
cubemapsamples           0/1024            0/16384    ( 0.0%) 
overlays                 0/8192            0/2883584  ( 0.0%) 
LDR lightdata         [variable]      882052/0        ( 0.0%) 
HDR lightdata         [variable]           0/0        ( 0.0%) 
visdata               [variable]        2464/16777216 ( 0.0%) 
entdata               [variable]       49968/4194304  ( 1.2%) 
LDR ambient table      342/65536        1368/262144   ( 0.5%) 
HDR ambient table      342/65536        1368/262144   ( 0.5%) 
LDR leaf ambient       856/65536       23968/1835008  ( 1.3%) 
HDR leaf ambient       342/65536        9576/1835008  ( 0.5%) 
occluders                0/0               0/0        ( 0.0%) 
occluder polygons        0/0               0/0        ( 0.0%) 
occluder vert ind        0/0               0/0        ( 0.0%) 
detail props          [variable]          12/0        ( 0.0%) 
static props          [variable]        8232/0        ( 0.0%) 
static prop count       81/16384           0/0        ( 0.5%) 
pakfile               [variable]       71263/0        ( 0.0%) 
physics               [variable]     2099091/4194304  (50.0%) 
physics terrain       [variable]           0/1048576  ( 0.0%) 

Level flags = 0

Total triangle count: 604
Writing d:\juegos\steam\steamapps\common\garrysmod\garrysmod\addons\vjguardfixim_maps_src\maps\src\xen1.bsp
4 seconds elapsed




materialPath: D:\Juegos\Steam\steamapps\common\GarrysMod\garrysmod\materials
Loading d:\juegos\steam\steamapps\common\garrysmod\garrysmod\addons\vjguardfixim_maps_src\maps\src\xen1.vmf
Patching WVT material: maps/xen1/xeno/c4a1a_swmpwlb_wvt_patch
fixing up env_cubemap materials on brush sides...
ProcessBlock_Thread: 0...1...2...3...4...5...6...7...8...9...10 (0)
ProcessBlock_Thread: 0...1...2...3...4...5...6...7...8...9...10 (0)
Processing areas...done (0)
Building Faces...done (0)
FixTjuncs...
PruneNodes...
WriteBSP...
done (0)
writing d:\juegos\steam\steamapps\common\garrysmod\garrysmod\addons\vjguardfixim_maps_src\maps\src\xen1.prt...
Building visibility clusters...
done (0)
KeyValues Error: RecursiveLoadFromBuffer:  got EOF instead of keyname in file materials/skybox/xenspace5_skyup.vmt
UnlitGeneric, (*proxies*), (*Clamp*), 
KeyValues Error: RecursiveLoadFromBuffer:  got EOF instead of keyname in file materials/skybox/xenspace5_skyup.vmt
UnlitGeneric, (*proxies*), (*Clamp*), 
Creating default LDR cubemaps for env_cubemap using skybox materials:
   skybox/xenspace5_sky*.vmt
 ! Run buildcubemaps in the engine to get the correct cube maps.
Creating default HDR cubemaps for env_cubemap using skybox materials:
   skybox/xenspace5_sky*.vmt
 ! Run buildcubemaps in the engine to get the correct cube maps.
Finding displacement neighbors...
Finding lightmap sample positions...
Displacement Alpha : 0...1...2...3...4...5...6...7...8...9...10
Building Physics collision data...
WARNING: Map using power 4 displacements, terrain physics cannot be compressed, map will need additional memory and CPU.
done (0) (2099091 bytes)
Placing detail props : 0...1...2...3...4...5...6...7...8...9...10
Water found with no water_lod_control entity, creating a default one.
Compacting texture/material tables...
Reduced 332 texinfos to 94
Reduced 11 texdatas to 7 (249 bytes to 126)
Writing d:\juegos\steam\steamapps\common\garrysmod\garrysmod\addons\vjguardfixim_maps_src\maps\src\xen1.bsp
1 second elapsed



16 threads
reading d:\juegos\steam\steamapps\common\garrysmod\garrysmod\addons\vjguardfixim_maps_src\maps\src\xen1.bsp
reading d:\juegos\steam\steamapps\common\garrysmod\garrysmod\addons\vjguardfixim_maps_src\maps\src\xen1.prt
  82 portalclusters
 190 numportals
BasePortalVis:       0...1...2...3...4...5...6...7...8...9...10 (0)
Optimized: 0 visible clusters (0.00%)
Total clusters visible: 6724
Average clusters visible: 82
Building PAS...
Average clusters audible: 82
visdatasize:2464  compressed from 2624
writing d:\juegos\steam\steamapps\common\garrysmod\garrysmod\addons\vjguardfixim_maps_src\maps\src\xen1.bsp
0 seconds elapsed



[Reading texlights from 'lights.rad']
[51 texlights parsed from 'lights.rad']
Loading d:\juegos\steam\steamapps\common\garrysmod\garrysmod\addons\vjguardfixim_maps_src\maps\src\xen1.bsp
Unable to load vertex data "models/props_foliage_new\xen_shrub_a.vvd"
Unable to load vertex data "models/props_foliage_new\xen_shrub_b.vvd"
BuildFacelights:     0...1...2...3...4...5...6...7...8...9...10 (1)
BuildStaticPropPatchlights: 0...1...2...3...4...5...6...7...8...9...10 (0)
BuildVisLeafs:       0...1...2...3...4...5...6...7...8...9...10 (0)
transfers 89728, max 184
static prop patch transfers 0
GatherLight:         0...1...2...3...4...5...6...7...8...9...10 (0)
GatherLight:         0...1...2...3...4...5...6...7...8...9...10 (0)
Build Patch/Sample Hash Table(s).....Done<0.0081 sec>
FinalLightFace:      0...1...2...3...4...5...6...7...8...9...10 (1)
FinalLightFace Done
0 of 0 (0% of) surface lights went in leaf ambient cubes.
ThreadComputeLeafAmbient: 0...1...2...3...4...5...6...7...8...9...10 (2)
Writing leaf ambient...done
Ready to Finish

Object names       Objects/Maxobjs  Memory / Maxmem  Fullness 
------------       ---------------  ---------------  -------- 
models                  10/4096          480/196608   ( 0.2%) 
brushes                 17/65535         204/786420   ( 0.0%) 
brushsides             121/655350        968/5242800  ( 0.0%) 
planes                 512/65536       10240/1310720  ( 0.8%) 
vertexes               415/65536        4980/786432   ( 0.6%) 
nodes                  331/65536       10592/2097152  ( 0.5%) 
texinfos                94/16384        6768/1179648  ( 0.6%) 
texdata                  7/8192          224/262144   ( 0.1%) 
dispinfos               88/0           15488/0        ( 0.0%) 
disp_verts           10872/0          217440/0        ( 0.0%) 
disp_tris            18176/0           36352/0        ( 0.0%) 
disp_multiblend          0/0               0/0        ( 0.0%) 
disp_lmsamples      767623/0          767623/0        ( 0.0%) 
faces                  294/65536       16464/3670016  ( 0.4%) 
hdr faces                0/65536           0/3670016  ( 0.0%) 
origfaces              124/65536        6944/3670016  ( 0.2%) 
leaves                 342/65536       10944/2097152  ( 0.5%) 
leaffaces              211/65536         422/131072   ( 0.3%) 
leafbrushes            180/65536         360/131072   ( 0.3%) 
areas                    2/1024           16/8192     ( 0.2%) 
surfedges             1704/512000       6816/2048000  ( 0.3%) 
edges                  939/256000       3756/1024000  ( 0.4%) 
LDR worldlights          3/8192          264/720896   ( 0.0%) 
HDR worldlights          0/8192            0/720896   ( 0.0%) 
leafwaterdata            2/32768          24/393216   ( 0.0%) 
waterstrips              0/32768           0/327680   ( 0.0%) 
waterverts               0/65536           0/786432   ( 0.0%) 
waterindices             0/65536           0/131072   ( 0.0%) 
cubemapsamples           0/1024            0/16384    ( 0.0%) 
overlays                 0/8192            0/2883584  ( 0.0%) 
LDR lightdata         [variable]      882052/0        ( 0.0%) 
HDR lightdata         [variable]           0/0        ( 0.0%) 
visdata               [variable]        2464/16777216 ( 0.0%) 
entdata               [variable]       49968/4194304  ( 1.2%) 
LDR ambient table      342/65536        1368/262144   ( 0.5%) 
HDR ambient table      342/65536        1368/262144   ( 0.5%) 
LDR leaf ambient       859/65536       24052/1835008  ( 1.3%) 
HDR leaf ambient       342/65536        9576/1835008  ( 0.5%) 
occluders                0/0               0/0        ( 0.0%) 
occluder polygons        0/0               0/0        ( 0.0%) 
occluder vert ind        0/0               0/0        ( 0.0%) 
detail props          [variable]          12/0        ( 0.0%) 
static props          [variable]        8232/0        ( 0.0%) 
static prop count       81/16384           0/0        ( 0.5%) 
pakfile               [variable]       71263/0        ( 0.0%) 
physics               [variable]     2099091/4194304  (50.0%) 
physics terrain       [variable]           0/1048576  ( 0.0%) 

Level flags = 0

Total triangle count: 604
Writing d:\juegos\steam\steamapps\common\garrysmod\garrysmod\addons\vjguardfixim_maps_src\maps\src\xen1.bsp
4 seconds elapsed




materialPath: D:\Juegos\Steam\steamapps\common\GarrysMod\garrysmod\materials
Loading d:\juegos\steam\steamapps\common\garrysmod\garrysmod\addons\vjguardfixim_maps_src\maps\src\xen1.vmf
Brush 25110: origin brushes not allowed in world


materialPath: D:\Juegos\Steam\steamapps\common\GarrysMod\garrysmod\materials
Loading d:\juegos\steam\steamapps\common\garrysmod\garrysmod\addons\vjguardfixim_maps_src\maps\src\xen1.vmf
Patching WVT material: maps/xen1/xeno/c4a1a_swmpwlb_wvt_patch
fixing up env_cubemap materials on brush sides...
ProcessBlock_Thread: 0...1...2...3...4...5...6...7...8...9...10 (0)
ProcessBlock_Thread: 0...1...2...3...4...5...6...7...8...9...10 (0)
Processing areas...done (0)
Building Faces...done (0)
FixTjuncs...
PruneNodes...
WriteBSP...
done (0)
writing d:\juegos\steam\steamapps\common\garrysmod\garrysmod\addons\vjguardfixim_maps_src\maps\src\xen1.prt...
Building visibility clusters...
done (0)
KeyValues Error: RecursiveLoadFromBuffer:  got EOF instead of keyname in file materials/skybox/xenspace5_skyup.vmt
UnlitGeneric, (*proxies*), (*Clamp*), 
KeyValues Error: RecursiveLoadFromBuffer:  got EOF instead of keyname in file materials/skybox/xenspace5_skyup.vmt
UnlitGeneric, (*proxies*), (*Clamp*), 
Creating default LDR cubemaps for env_cubemap using skybox materials:
   skybox/xenspace5_sky*.vmt
 ! Run buildcubemaps in the engine to get the correct cube maps.
Creating default HDR cubemaps for env_cubemap using skybox materials:
   skybox/xenspace5_sky*.vmt
 ! Run buildcubemaps in the engine to get the correct cube maps.
Finding displacement neighbors...
Finding lightmap sample positions...
Displacement Alpha : 0...1...2...3...4...5...6...7...8...9...10
Building Physics collision data...
WARNING: Map using power 4 displacements, terrain physics cannot be compressed, map will need additional memory and CPU.
done (0) (2099647 bytes)
Placing detail props : 0...1...2...3...4...5...6...7...8...9...10
Water found with no water_lod_control entity, creating a default one.
Compacting texture/material tables...
Reduced 347 texinfos to 94
Reduced 11 texdatas to 7 (249 bytes to 126)
Writing d:\juegos\steam\steamapps\common\garrysmod\garrysmod\addons\vjguardfixim_maps_src\maps\src\xen1.bsp
1 second elapsed



16 threads
reading d:\juegos\steam\steamapps\common\garrysmod\garrysmod\addons\vjguardfixim_maps_src\maps\src\xen1.bsp
reading d:\juegos\steam\steamapps\common\garrysmod\garrysmod\addons\vjguardfixim_maps_src\maps\src\xen1.prt
  82 portalclusters
 190 numportals
BasePortalVis:       0...1...2...3...4...5...6...7...8...9...10 (0)
Optimized: 0 visible clusters (0.00%)
Total clusters visible: 6724
Average clusters visible: 82
Building PAS...
Average clusters audible: 82
visdatasize:2464  compressed from 2624
writing d:\juegos\steam\steamapps\common\garrysmod\garrysmod\addons\vjguardfixim_maps_src\maps\src\xen1.bsp
0 seconds elapsed



[Reading texlights from 'lights.rad']
[51 texlights parsed from 'lights.rad']
Loading d:\juegos\steam\steamapps\common\garrysmod\garrysmod\addons\vjguardfixim_maps_src\maps\src\xen1.bsp
Unable to load vertex data "models/props_foliage_new\xen_shrub_a.vvd"
Unable to load vertex data "models/props_foliage_new\xen_shrub_b.vvd"
BuildFacelights:     0...1...2...3...4...5...6...7...8...9...10 (1)
BuildStaticPropPatchlights: 0...1...2...3...4...5...6...7...8...9...10 (0)
BuildVisLeafs:       0...1...2...3...4...5...6...7...8...9...10 (0)
transfers 89728, max 184
static prop patch transfers 0
GatherLight:         0...1...2...3...4...5...6...7...8...9...10 (0)
GatherLight:         0...1...2...3...4...5...6...7...8...9...10 (0)
Build Patch/Sample Hash Table(s).....Done<0.0083 sec>
FinalLightFace:      0...1...2...3...4...5...6...7...8...9...10 (1)
FinalLightFace Done
0 of 0 (0% of) surface lights went in leaf ambient cubes.
ThreadComputeLeafAmbient: 0...1...2...3...4...5...6...7...8...9...10 (2)
Writing leaf ambient...done
Ready to Finish

Object names       Objects/Maxobjs  Memory / Maxmem  Fullness 
------------       ---------------  ---------------  -------- 
models                  11/4096          528/196608   ( 0.3%) 
brushes                 18/65535         216/786420   ( 0.0%) 
brushsides             133/655350       1064/5242800  ( 0.0%) 
planes                 566/65536       11320/1310720  ( 0.9%) 
vertexes               415/65536        4980/786432   ( 0.6%) 
nodes                  337/65536       10784/2097152  ( 0.5%) 
texinfos                94/16384        6768/1179648  ( 0.6%) 
texdata                  7/8192          224/262144   ( 0.1%) 
dispinfos               88/0           15488/0        ( 0.0%) 
disp_verts           10872/0          217440/0        ( 0.0%) 
disp_tris            18176/0           36352/0        ( 0.0%) 
disp_multiblend          0/0               0/0        ( 0.0%) 
disp_lmsamples      767623/0          767623/0        ( 0.0%) 
faces                  294/65536       16464/3670016  ( 0.4%) 
hdr faces                0/65536           0/3670016  ( 0.0%) 
origfaces              124/65536        6944/3670016  ( 0.2%) 
leaves                 349/65536       11168/2097152  ( 0.5%) 
leaffaces              211/65536         422/131072   ( 0.3%) 
leafbrushes            181/65536         362/131072   ( 0.3%) 
areas                    2/1024           16/8192     ( 0.2%) 
surfedges             1704/512000       6816/2048000  ( 0.3%) 
edges                  939/256000       3756/1024000  ( 0.4%) 
LDR worldlights          3/8192          264/720896   ( 0.0%) 
HDR worldlights          0/8192            0/720896   ( 0.0%) 
leafwaterdata            2/32768          24/393216   ( 0.0%) 
waterstrips              0/32768           0/327680   ( 0.0%) 
waterverts               0/65536           0/786432   ( 0.0%) 
waterindices             0/65536           0/131072   ( 0.0%) 
cubemapsamples           0/1024            0/16384    ( 0.0%) 
overlays                 0/8192            0/2883584  ( 0.0%) 
LDR lightdata         [variable]      882052/0        ( 0.0%) 
HDR lightdata         [variable]           0/0        ( 0.0%) 
visdata               [variable]        2464/16777216 ( 0.0%) 
entdata               [variable]       51105/4194304  ( 1.2%) 
LDR ambient table      349/65536        1396/262144   ( 0.5%) 
HDR ambient table      349/65536        1396/262144   ( 0.5%) 
LDR leaf ambient       865/65536       24220/1835008  ( 1.3%) 
HDR leaf ambient       349/65536        9772/1835008  ( 0.5%) 
occluders                0/0               0/0        ( 0.0%) 
occluder polygons        0/0               0/0        ( 0.0%) 
occluder vert ind        0/0               0/0        ( 0.0%) 
detail props          [variable]          12/0        ( 0.0%) 
static props          [variable]        8232/0        ( 0.0%) 
static prop count       81/16384           0/0        ( 0.5%) 
pakfile               [variable]       71263/0        ( 0.0%) 
physics               [variable]     2099647/4194304  (50.1%) 
physics terrain       [variable]           0/1048576  ( 0.0%) 

Level flags = 0

Total triangle count: 604
Writing d:\juegos\steam\steamapps\common\garrysmod\garrysmod\addons\vjguardfixim_maps_src\maps\src\xen1.bsp
4 seconds elapsed




materialPath: D:\Juegos\Steam\steamapps\common\GarrysMod\garrysmod\materials
Loading d:\juegos\steam\steamapps\common\garrysmod\garrysmod\addons\vjguardfixim_maps_src\maps\src\xen1.vmf
Patching WVT material: maps/xen1/xeno/c4a1a_swmpwlb_wvt_patch
fixing up env_cubemap materials on brush sides...
ProcessBlock_Thread: 0...1...2...3...4...5...6...7...8...9...10 (0)
ProcessBlock_Thread: 0...1...2...3...4...5...6...7...8...9...10 (0)
Processing areas...done (0)
Building Faces...done (0)
FixTjuncs...
PruneNodes...
WriteBSP...
done (0)
writing d:\juegos\steam\steamapps\common\garrysmod\garrysmod\addons\vjguardfixim_maps_src\maps\src\xen1.prt...
Building visibility clusters...
done (0)
KeyValues Error: RecursiveLoadFromBuffer:  got EOF instead of keyname in file materials/skybox/xenspace5_skyup.vmt
UnlitGeneric, (*proxies*), (*Clamp*), 
KeyValues Error: RecursiveLoadFromBuffer:  got EOF instead of keyname in file materials/skybox/xenspace5_skyup.vmt
UnlitGeneric, (*proxies*), (*Clamp*), 
Creating default LDR cubemaps for env_cubemap using skybox materials:
   skybox/xenspace5_sky*.vmt
 ! Run buildcubemaps in the engine to get the correct cube maps.
Creating default HDR cubemaps for env_cubemap using skybox materials:
   skybox/xenspace5_sky*.vmt
 ! Run buildcubemaps in the engine to get the correct cube maps.
Finding displacement neighbors...
Finding lightmap sample positions...
Displacement Alpha : 0...1...2...3...4...5...6...7...8...9...10
Building Physics collision data...
WARNING: Map using power 4 displacements, terrain physics cannot be compressed, map will need additional memory and CPU.
done (0) (2099743 bytes)
Placing detail props : 0...1...2...3...4...5...6...7...8...9...10
Water found with no water_lod_control entity, creating a default one.
Compacting texture/material tables...
Reduced 348 texinfos to 94
Reduced 11 texdatas to 7 (249 bytes to 126)
Writing d:\juegos\steam\steamapps\common\garrysmod\garrysmod\addons\vjguardfixim_maps_src\maps\src\xen1.bsp
1 second elapsed



16 threads
reading d:\juegos\steam\steamapps\common\garrysmod\garrysmod\addons\vjguardfixim_maps_src\maps\src\xen1.bsp
reading d:\juegos\steam\steamapps\common\garrysmod\garrysmod\addons\vjguardfixim_maps_src\maps\src\xen1.prt
  82 portalclusters
 190 numportals
BasePortalVis:       0...1...2...3...4...5...6...7...8...9...10 (0)
Optimized: 0 visible clusters (0.00%)
Total clusters visible: 6724
Average clusters visible: 82
Building PAS...
Average clusters audible: 82
visdatasize:2464  compressed from 2624
writing d:\juegos\steam\steamapps\common\garrysmod\garrysmod\addons\vjguardfixim_maps_src\maps\src\xen1.bsp
0 seconds elapsed



[Reading texlights from 'lights.rad']
[51 texlights parsed from 'lights.rad']
Loading d:\juegos\steam\steamapps\common\garrysmod\garrysmod\addons\vjguardfixim_maps_src\maps\src\xen1.bsp
Unable to load vertex data "models/props_foliage_new\xen_shrub_a.vvd"
Unable to load vertex data "models/props_foliage_new\xen_shrub_b.vvd"
BuildFacelights:     0...1...2...3...4...5...6...7...8...9...10 (1)
BuildStaticPropPatchlights: 0...1...2...3...4...5...6...7...8...9...10 (0)
BuildVisLeafs:       0...1...2...3...4...5...6...7...8...9...10 (0)
transfers 89728, max 184
static prop patch transfers 0
GatherLight:         0...1...2...3...4...5...6...7...8...9...10 (0)
GatherLight:         0...1...2...3...4...5...6...7...8...9...10 (0)
Build Patch/Sample Hash Table(s).....Done<0.0083 sec>
FinalLightFace:      0...1...2...3...4...5...6...7...8...9...10 (1)
FinalLightFace Done
0 of 0 (0% of) surface lights went in leaf ambient cubes.
ThreadComputeLeafAmbient: 0...1...2...3...4...5...6...7...8...9...10 (2)
Writing leaf ambient...done
Ready to Finish

Object names       Objects/Maxobjs  Memory / Maxmem  Fullness 
------------       ---------------  ---------------  -------- 
models                  11/4096          528/196608   ( 0.3%) 
brushes                 18/65535         216/786420   ( 0.0%) 
brushsides             133/655350       1064/5242800  ( 0.0%) 
planes                 566/65536       11320/1310720  ( 0.9%) 
vertexes               415/65536        4980/786432   ( 0.6%) 
nodes                  337/65536       10784/2097152  ( 0.5%) 
texinfos                94/16384        6768/1179648  ( 0.6%) 
texdata                  7/8192          224/262144   ( 0.1%) 
dispinfos               88/0           15488/0        ( 0.0%) 
disp_verts           10872/0          217440/0        ( 0.0%) 
disp_tris            18176/0           36352/0        ( 0.0%) 
disp_multiblend          0/0               0/0        ( 0.0%) 
disp_lmsamples      767623/0          767623/0        ( 0.0%) 
faces                  294/65536       16464/3670016  ( 0.4%) 
hdr faces                0/65536           0/3670016  ( 0.0%) 
origfaces              124/65536        6944/3670016  ( 0.2%) 
leaves                 349/65536       11168/2097152  ( 0.5%) 
leaffaces              211/65536         422/131072   ( 0.3%) 
leafbrushes            181/65536         362/131072   ( 0.3%) 
areas                    2/1024           16/8192     ( 0.2%) 
surfedges             1704/512000       6816/2048000  ( 0.3%) 
edges                  939/256000       3756/1024000  ( 0.4%) 
LDR worldlights          3/8192          264/720896   ( 0.0%) 
HDR worldlights          0/8192            0/720896   ( 0.0%) 
leafwaterdata            2/32768          24/393216   ( 0.0%) 
waterstrips              0/32768           0/327680   ( 0.0%) 
waterverts               0/65536           0/786432   ( 0.0%) 
waterindices             0/65536           0/131072   ( 0.0%) 
cubemapsamples           0/1024            0/16384    ( 0.0%) 
overlays                 0/8192            0/2883584  ( 0.0%) 
LDR lightdata         [variable]      882052/0        ( 0.0%) 
HDR lightdata         [variable]           0/0        ( 0.0%) 
visdata               [variable]        2464/16777216 ( 0.0%) 
entdata               [variable]       51107/4194304  ( 1.2%) 
LDR ambient table      349/65536        1396/262144   ( 0.5%) 
HDR ambient table      349/65536        1396/262144   ( 0.5%) 
LDR leaf ambient       864/65536       24192/1835008  ( 1.3%) 
HDR leaf ambient       349/65536        9772/1835008  ( 0.5%) 
occluders                0/0               0/0        ( 0.0%) 
occluder polygons        0/0               0/0        ( 0.0%) 
occluder vert ind        0/0               0/0        ( 0.0%) 
detail props          [variable]          12/0        ( 0.0%) 
static props          [variable]        8232/0        ( 0.0%) 
static prop count       81/16384           0/0        ( 0.5%) 
pakfile               [variable]       71263/0        ( 0.0%) 
physics               [variable]     2099743/4194304  (50.1%) 
physics terrain       [variable]           0/1048576  ( 0.0%) 

Level flags = 0

Total triangle count: 604
Writing d:\juegos\steam\steamapps\common\garrysmod\garrysmod\addons\vjguardfixim_maps_src\maps\src\xen1.bsp
4 seconds elapsed




materialPath: D:\Juegos\Steam\steamapps\common\GarrysMod\garrysmod\materials
Loading d:\juegos\steam\steamapps\common\garrysmod\garrysmod\addons\vjguardfixim_maps_src\maps\src\xen1.vmf
Patching WVT material: maps/xen1/xeno/c4a1a_swmpwlb_wvt_patch
fixing up env_cubemap materials on brush sides...
ProcessBlock_Thread: 0...1...2...3...4...5...6...7...8...9...10 (0)
ProcessBlock_Thread: 0...1...2...3...4...5...6...7...8...9...10 (0)
Processing areas...done (0)
Building Faces...done (0)
FixTjuncs...
PruneNodes...
WriteBSP...
done (0)
writing d:\juegos\steam\steamapps\common\garrysmod\garrysmod\addons\vjguardfixim_maps_src\maps\src\xen1.prt...
Building visibility clusters...
done (0)
KeyValues Error: RecursiveLoadFromBuffer:  got EOF instead of keyname in file materials/skybox/xenspace5_skyup.vmt
UnlitGeneric, (*proxies*), (*Clamp*), 
KeyValues Error: RecursiveLoadFromBuffer:  got EOF instead of keyname in file materials/skybox/xenspace5_skyup.vmt
UnlitGeneric, (*proxies*), (*Clamp*), 
Creating default LDR cubemaps for env_cubemap using skybox materials:
   skybox/xenspace5_sky*.vmt
 ! Run buildcubemaps in the engine to get the correct cube maps.
Creating default HDR cubemaps for env_cubemap using skybox materials:
   skybox/xenspace5_sky*.vmt
 ! Run buildcubemaps in the engine to get the correct cube maps.
Finding displacement neighbors...
Finding lightmap sample positions...
Displacement Alpha : 0...1...2...3...4...5...6...7...8...9...10
Building Physics collision data...
WARNING: Map using power 4 displacements, terrain physics cannot be compressed, map will need additional memory and CPU.
done (0) (2100299 bytes)
Placing detail props : 0...1...2...3...4...5...6...7...8...9...10
Water found with no water_lod_control entity, creating a default one.
Compacting texture/material tables...
Reduced 366 texinfos to 94
Reduced 11 texdatas to 7 (249 bytes to 126)
Writing d:\juegos\steam\steamapps\common\garrysmod\garrysmod\addons\vjguardfixim_maps_src\maps\src\xen1.bsp
1 second elapsed



16 threads
reading d:\juegos\steam\steamapps\common\garrysmod\garrysmod\addons\vjguardfixim_maps_src\maps\src\xen1.bsp
reading d:\juegos\steam\steamapps\common\garrysmod\garrysmod\addons\vjguardfixim_maps_src\maps\src\xen1.prt
  82 portalclusters
 190 numportals
BasePortalVis:       0...1...2...3...4...5...6...7...8...9...10 (0)
Optimized: 0 visible clusters (0.00%)
Total clusters visible: 6724
Average clusters visible: 82
Building PAS...
Average clusters audible: 82
visdatasize:2464  compressed from 2624
writing d:\juegos\steam\steamapps\common\garrysmod\garrysmod\addons\vjguardfixim_maps_src\maps\src\xen1.bsp
0 seconds elapsed



[Reading texlights from 'lights.rad']
[51 texlights parsed from 'lights.rad']
Loading d:\juegos\steam\steamapps\common\garrysmod\garrysmod\addons\vjguardfixim_maps_src\maps\src\xen1.bsp
Unable to load vertex data "models/props_foliage_new\xen_shrub_a.vvd"
Unable to load vertex data "models/props_foliage_new\xen_shrub_b.vvd"
BuildFacelights:     0...1...2...3...4...5...6...7...8...9...10 (1)
BuildStaticPropPatchlights: 0...1...2...3...4...5...6...7...8...9...10 (0)
BuildVisLeafs:       0...1...2...3...4...5...6...7...8...9...10 (0)
transfers 89728, max 184
static prop patch transfers 0
GatherLight:         0...1...2...3...4...5...6...7...8...9...10 (0)
GatherLight:         0...1...2...3...4...5...6...7...8...9...10 (0)
Build Patch/Sample Hash Table(s).....Done<0.0082 sec>
FinalLightFace:      0...1...2...3...4...5...6...7...8...9...10 (1)
FinalLightFace Done
0 of 0 (0% of) surface lights went in leaf ambient cubes.
ThreadComputeLeafAmbient: 0...1...2...3...4...5...6...7...8...9...10 (2)
Writing leaf ambient...done
Ready to Finish

Object names       Objects/Maxobjs  Memory / Maxmem  Fullness 
------------       ---------------  ---------------  -------- 
models                  12/4096          576/196608   ( 0.3%) 
brushes                 19/65535         228/786420   ( 0.0%) 
brushsides             145/655350       1160/5242800  ( 0.0%) 
planes                 620/65536       12400/1310720  ( 0.9%) 
vertexes               415/65536        4980/786432   ( 0.6%) 
nodes                  343/65536       10976/2097152  ( 0.5%) 
texinfos                94/16384        6768/1179648  ( 0.6%) 
texdata                  7/8192          224/262144   ( 0.1%) 
dispinfos               88/0           15488/0        ( 0.0%) 
disp_verts           10872/0          217440/0        ( 0.0%) 
disp_tris            18176/0           36352/0        ( 0.0%) 
disp_multiblend          0/0               0/0        ( 0.0%) 
disp_lmsamples      767623/0          767623/0        ( 0.0%) 
faces                  294/65536       16464/3670016  ( 0.4%) 
hdr faces                0/65536           0/3670016  ( 0.0%) 
origfaces              124/65536        6944/3670016  ( 0.2%) 
leaves                 356/65536       11392/2097152  ( 0.5%) 
leaffaces              211/65536         422/131072   ( 0.3%) 
leafbrushes            182/65536         364/131072   ( 0.3%) 
areas                    2/1024           16/8192     ( 0.2%) 
surfedges             1704/512000       6816/2048000  ( 0.3%) 
edges                  939/256000       3756/1024000  ( 0.4%) 
LDR worldlights          3/8192          264/720896   ( 0.0%) 
HDR worldlights          0/8192            0/720896   ( 0.0%) 
leafwaterdata            2/32768          24/393216   ( 0.0%) 
waterstrips              0/32768           0/327680   ( 0.0%) 
waterverts               0/65536           0/786432   ( 0.0%) 
waterindices             0/65536           0/131072   ( 0.0%) 
cubemapsamples           0/1024            0/16384    ( 0.0%) 
overlays                 0/8192            0/2883584  ( 0.0%) 
LDR lightdata         [variable]      882052/0        ( 0.0%) 
HDR lightdata         [variable]           0/0        ( 0.0%) 
visdata               [variable]        2464/16777216 ( 0.0%) 
entdata               [variable]       52245/4194304  ( 1.2%) 
LDR ambient table      356/65536        1424/262144   ( 0.5%) 
HDR ambient table      356/65536        1424/262144   ( 0.5%) 
LDR leaf ambient       875/65536       24500/1835008  ( 1.3%) 
HDR leaf ambient       356/65536        9968/1835008  ( 0.5%) 
occluders                0/0               0/0        ( 0.0%) 
occluder polygons        0/0               0/0        ( 0.0%) 
occluder vert ind        0/0               0/0        ( 0.0%) 
detail props          [variable]          12/0        ( 0.0%) 
static props          [variable]        8232/0        ( 0.0%) 
static prop count       81/16384           0/0        ( 0.5%) 
pakfile               [variable]       71263/0        ( 0.0%) 
physics               [variable]     2100299/4194304  (50.1%) 
physics terrain       [variable]           0/1048576  ( 0.0%) 

Level flags = 0

Total triangle count: 604
Writing d:\juegos\steam\steamapps\common\garrysmod\garrysmod\addons\vjguardfixim_maps_src\maps\src\xen1.bsp
4 seconds elapsed




materialPath: D:\Juegos\Steam\steamapps\common\GarrysMod\garrysmod\materials
Loading d:\juegos\steam\steamapps\common\garrysmod\garrysmod\addons\vjguardfixim_maps_src\maps\src\xen1.vmf
Patching WVT material: maps/xen1/xeno/c4a1a_swmpwlb_wvt_patch
fixing up env_cubemap materials on brush sides...
ProcessBlock_Thread: 0...1...2...3...4...5...6...7...8...9...10 (0)
ProcessBlock_Thread: 0...1...2...3...4...5...6...7...8...9...10 (0)
Processing areas...done (0)
Building Faces...done (0)
FixTjuncs...
PruneNodes...
WriteBSP...
done (0)
writing d:\juegos\steam\steamapps\common\garrysmod\garrysmod\addons\vjguardfixim_maps_src\maps\src\xen1.prt...
Building visibility clusters...
done (0)
KeyValues Error: RecursiveLoadFromBuffer:  got EOF instead of keyname in file materials/skybox/xenspace5_skyup.vmt
UnlitGeneric, (*proxies*), (*Clamp*), 
KeyValues Error: RecursiveLoadFromBuffer:  got EOF instead of keyname in file materials/skybox/xenspace5_skyup.vmt
UnlitGeneric, (*proxies*), (*Clamp*), 
Creating default LDR cubemaps for env_cubemap using skybox materials:
   skybox/xenspace5_sky*.vmt
 ! Run buildcubemaps in the engine to get the correct cube maps.
Creating default HDR cubemaps for env_cubemap using skybox materials:
   skybox/xenspace5_sky*.vmt
 ! Run buildcubemaps in the engine to get the correct cube maps.
Finding displacement neighbors...
Finding lightmap sample positions...
Displacement Alpha : 0...1...2...3...4...5...6...7...8...9...10
Building Physics collision data...
WARNING: Map using power 4 displacements, terrain physics cannot be compressed, map will need additional memory and CPU.
done (0) (2100299 bytes)
Placing detail props : 0...1...2...3...4...5...6...7...8...9...10
Water found with no water_lod_control entity, creating a default one.
Compacting texture/material tables...
Reduced 366 texinfos to 94
Reduced 11 texdatas to 7 (249 bytes to 126)
Writing d:\juegos\steam\steamapps\common\garrysmod\garrysmod\addons\vjguardfixim_maps_src\maps\src\xen1.bsp
1 second elapsed



16 threads
reading d:\juegos\steam\steamapps\common\garrysmod\garrysmod\addons\vjguardfixim_maps_src\maps\src\xen1.bsp
reading d:\juegos\steam\steamapps\common\garrysmod\garrysmod\addons\vjguardfixim_maps_src\maps\src\xen1.prt
  82 portalclusters
 190 numportals
BasePortalVis:       0...1...2...3...4...5...6...7...8...9...10 (0)
Optimized: 0 visible clusters (0.00%)
Total clusters visible: 6724
Average clusters visible: 82
Building PAS...
Average clusters audible: 82
visdatasize:2464  compressed from 2624
writing d:\juegos\steam\steamapps\common\garrysmod\garrysmod\addons\vjguardfixim_maps_src\maps\src\xen1.bsp
0 seconds elapsed



[Reading texlights from 'lights.rad']
[51 texlights parsed from 'lights.rad']
Loading d:\juegos\steam\steamapps\common\garrysmod\garrysmod\addons\vjguardfixim_maps_src\maps\src\xen1.bsp
Unable to load vertex data "models/props_foliage_new\xen_shrub_a.vvd"
Unable to load vertex data "models/props_foliage_new\xen_shrub_b.vvd"
BuildFacelights:     0...1...2...3...4...5...6...7...8...9...10 (1)
BuildStaticPropPatchlights: 0...1...2...3...4...5...6...7...8...9...10 (0)
BuildVisLeafs:       0...1...2...3...4...5...6...7...8...9...10 (0)
transfers 89728, max 184
static prop patch transfers 0
GatherLight:         0...1...2...3...4...5...6...7...8...9...10 (0)
GatherLight:         0...1...2...3...4...5...6...7...8...9...10 (0)
Build Patch/Sample Hash Table(s).....Done<0.0083 sec>
FinalLightFace:      0...1...2...3...4...5...6...7...8...9...10 (1)
FinalLightFace Done
0 of 0 (0% of) surface lights went in leaf ambient cubes.
ThreadComputeLeafAmbient: 0...1...2...3...4...5...6...7...8...9...10 (2)
Writing leaf ambient...done
Ready to Finish

Object names       Objects/Maxobjs  Memory / Maxmem  Fullness 
------------       ---------------  ---------------  -------- 
models                  12/4096          576/196608   ( 0.3%) 
brushes                 19/65535         228/786420   ( 0.0%) 
brushsides             145/655350       1160/5242800  ( 0.0%) 
planes                 620/65536       12400/1310720  ( 0.9%) 
vertexes               415/65536        4980/786432   ( 0.6%) 
nodes                  343/65536       10976/2097152  ( 0.5%) 
texinfos                94/16384        6768/1179648  ( 0.6%) 
texdata                  7/8192          224/262144   ( 0.1%) 
dispinfos               88/0           15488/0        ( 0.0%) 
disp_verts           10872/0          217440/0        ( 0.0%) 
disp_tris            18176/0           36352/0        ( 0.0%) 
disp_multiblend          0/0               0/0        ( 0.0%) 
disp_lmsamples      767623/0          767623/0        ( 0.0%) 
faces                  294/65536       16464/3670016  ( 0.4%) 
hdr faces                0/65536           0/3670016  ( 0.0%) 
origfaces              124/65536        6944/3670016  ( 0.2%) 
leaves                 356/65536       11392/2097152  ( 0.5%) 
leaffaces              211/65536         422/131072   ( 0.3%) 
leafbrushes            182/65536         364/131072   ( 0.3%) 
areas                    2/1024           16/8192     ( 0.2%) 
surfedges             1704/512000       6816/2048000  ( 0.3%) 
edges                  939/256000       3756/1024000  ( 0.4%) 
LDR worldlights          3/8192          264/720896   ( 0.0%) 
HDR worldlights          0/8192            0/720896   ( 0.0%) 
leafwaterdata            2/32768          24/393216   ( 0.0%) 
waterstrips              0/32768           0/327680   ( 0.0%) 
waterverts               0/65536           0/786432   ( 0.0%) 
waterindices             0/65536           0/131072   ( 0.0%) 
cubemapsamples           0/1024            0/16384    ( 0.0%) 
overlays                 0/8192            0/2883584  ( 0.0%) 
LDR lightdata         [variable]      882052/0        ( 0.0%) 
HDR lightdata         [variable]           0/0        ( 0.0%) 
visdata               [variable]        2464/16777216 ( 0.0%) 
entdata               [variable]       52245/4194304  ( 1.2%) 
LDR ambient table      356/65536        1424/262144   ( 0.5%) 
HDR ambient table      356/65536        1424/262144   ( 0.5%) 
LDR leaf ambient       875/65536       24500/1835008  ( 1.3%) 
HDR leaf ambient       356/65536        9968/1835008  ( 0.5%) 
occluders                0/0               0/0        ( 0.0%) 
occluder polygons        0/0               0/0        ( 0.0%) 
occluder vert ind        0/0               0/0        ( 0.0%) 
detail props          [variable]          12/0        ( 0.0%) 
static props          [variable]        8232/0        ( 0.0%) 
static prop count       81/16384           0/0        ( 0.5%) 
pakfile               [variable]       71263/0        ( 0.0%) 
physics               [variable]     2100299/4194304  (50.1%) 
physics terrain       [variable]           0/1048576  ( 0.0%) 

Level flags = 0

Total triangle count: 604
Writing d:\juegos\steam\steamapps\common\garrysmod\garrysmod\addons\vjguardfixim_maps_src\maps\src\xen1.bsp
4 seconds elapsed




materialPath: D:\Juegos\Steam\steamapps\common\GarrysMod\garrysmod\materials
Loading d:\juegos\steam\steamapps\common\garrysmod\garrysmod\addons\vjguardfixim_maps_src\maps\src\xen1.vmf
Patching WVT material: maps/xen1/xeno/c4a1a_swmpwlb_wvt_patch
fixing up env_cubemap materials on brush sides...
ProcessBlock_Thread: 0...1...2...3...4...5...6...7...8...9...10 (0)
ProcessBlock_Thread: 0...1...2...3...4...5...6...7...8...9...10 (0)
Processing areas...done (0)
Building Faces...done (0)
FixTjuncs...
PruneNodes...
WriteBSP...
done (0)
writing d:\juegos\steam\steamapps\common\garrysmod\garrysmod\addons\vjguardfixim_maps_src\maps\src\xen1.prt...
Building visibility clusters...
done (0)
KeyValues Error: RecursiveLoadFromBuffer:  got EOF instead of keyname in file materials/skybox/xenspace5_skyup.vmt
UnlitGeneric, (*proxies*), (*Clamp*), 
KeyValues Error: RecursiveLoadFromBuffer:  got EOF instead of keyname in file materials/skybox/xenspace5_skyup.vmt
UnlitGeneric, (*proxies*), (*Clamp*), 
Creating default LDR cubemaps for env_cubemap using skybox materials:
   skybox/xenspace5_sky*.vmt
 ! Run buildcubemaps in the engine to get the correct cube maps.
Creating default HDR cubemaps for env_cubemap using skybox materials:
   skybox/xenspace5_sky*.vmt
 ! Run buildcubemaps in the engine to get the correct cube maps.
Finding displacement neighbors...
Finding lightmap sample positions...
Displacement Alpha : 0...1...2...3...4...5...6...7...8...9...10
Building Physics collision data...
WARNING: Map using power 4 displacements, terrain physics cannot be compressed, map will need additional memory and CPU.
done (0) (2100299 bytes)
Placing detail props : 0...1...2...3...4...5...6...7...8...9...10
Water found with no water_lod_control entity, creating a default one.
Compacting texture/material tables...
Reduced 366 texinfos to 94
Reduced 11 texdatas to 7 (249 bytes to 126)
Writing d:\juegos\steam\steamapps\common\garrysmod\garrysmod\addons\vjguardfixim_maps_src\maps\src\xen1.bsp
1 second elapsed



16 threads
reading d:\juegos\steam\steamapps\common\garrysmod\garrysmod\addons\vjguardfixim_maps_src\maps\src\xen1.bsp
reading d:\juegos\steam\steamapps\common\garrysmod\garrysmod\addons\vjguardfixim_maps_src\maps\src\xen1.prt
  82 portalclusters
 190 numportals
BasePortalVis:       0...1...2...3...4...5...6...7...8...9...10 (0)
Optimized: 0 visible clusters (0.00%)
Total clusters visible: 6724
Average clusters visible: 82
Building PAS...
Average clusters audible: 82
visdatasize:2464  compressed from 2624
writing d:\juegos\steam\steamapps\common\garrysmod\garrysmod\addons\vjguardfixim_maps_src\maps\src\xen1.bsp
0 seconds elapsed



[Reading texlights from 'lights.rad']
[51 texlights parsed from 'lights.rad']
Loading d:\juegos\steam\steamapps\common\garrysmod\garrysmod\addons\vjguardfixim_maps_src\maps\src\xen1.bsp
Unable to load vertex data "models/props_foliage_new\xen_shrub_a.vvd"
Unable to load vertex data "models/props_foliage_new\xen_shrub_b.vvd"
BuildFacelights:     0...1...2...3...4...5...6...7...8...9...10 (1)
BuildStaticPropPatchlights: 0...1...2...3...4...5...6...7...8...9...10 (0)
BuildVisLeafs:       0...1...2...3...4...5...6...7...8...9...10 (0)
transfers 89728, max 184
static prop patch transfers 0
GatherLight:         0...1...2...3...4...5...6...7...8...9...10 (0)
GatherLight:         0...1...2...3...4...5...6...7...8...9...10 (0)
Build Patch/Sample Hash Table(s).....Done<0.0084 sec>
FinalLightFace:      0...1...2...3...4...5...6...7...8...9...10 (1)
FinalLightFace Done
0 of 0 (0% of) surface lights went in leaf ambient cubes.
ThreadComputeLeafAmbient: 0...1...2...3...4...5...6...7...8...9...10 (2)
Writing leaf ambient...done
Ready to Finish

Object names       Objects/Maxobjs  Memory / Maxmem  Fullness 
------------       ---------------  ---------------  -------- 
models                  12/4096          576/196608   ( 0.3%) 
brushes                 19/65535         228/786420   ( 0.0%) 
brushsides             145/655350       1160/5242800  ( 0.0%) 
planes                 620/65536       12400/1310720  ( 0.9%) 
vertexes               415/65536        4980/786432   ( 0.6%) 
nodes                  343/65536       10976/2097152  ( 0.5%) 
texinfos                94/16384        6768/1179648  ( 0.6%) 
texdata                  7/8192          224/262144   ( 0.1%) 
dispinfos               88/0           15488/0        ( 0.0%) 
disp_verts           10872/0          217440/0        ( 0.0%) 
disp_tris            18176/0           36352/0        ( 0.0%) 
disp_multiblend          0/0               0/0        ( 0.0%) 
disp_lmsamples      767623/0          767623/0        ( 0.0%) 
faces                  294/65536       16464/3670016  ( 0.4%) 
hdr faces                0/65536           0/3670016  ( 0.0%) 
origfaces              124/65536        6944/3670016  ( 0.2%) 
leaves                 356/65536       11392/2097152  ( 0.5%) 
leaffaces              211/65536         422/131072   ( 0.3%) 
leafbrushes            182/65536         364/131072   ( 0.3%) 
areas                    2/1024           16/8192     ( 0.2%) 
surfedges             1704/512000       6816/2048000  ( 0.3%) 
edges                  939/256000       3756/1024000  ( 0.4%) 
LDR worldlights          3/8192          264/720896   ( 0.0%) 
HDR worldlights          0/8192            0/720896   ( 0.0%) 
leafwaterdata            2/32768          24/393216   ( 0.0%) 
waterstrips              0/32768           0/327680   ( 0.0%) 
waterverts               0/65536           0/786432   ( 0.0%) 
waterindices             0/65536           0/131072   ( 0.0%) 
cubemapsamples           0/1024            0/16384    ( 0.0%) 
overlays                 0/8192            0/2883584  ( 0.0%) 
LDR lightdata         [variable]      882052/0        ( 0.0%) 
HDR lightdata         [variable]           0/0        ( 0.0%) 
visdata               [variable]        2464/16777216 ( 0.0%) 
entdata               [variable]       67756/4194304  ( 1.6%) 
LDR ambient table      356/65536        1424/262144   ( 0.5%) 
HDR ambient table      356/65536        1424/262144   ( 0.5%) 
LDR leaf ambient       875/65536       24500/1835008  ( 1.3%) 
HDR leaf ambient       356/65536        9968/1835008  ( 0.5%) 
occluders                0/0               0/0        ( 0.0%) 
occluder polygons        0/0               0/0        ( 0.0%) 
occluder vert ind        0/0               0/0        ( 0.0%) 
detail props          [variable]          12/0        ( 0.0%) 
static props          [variable]        8082/0        ( 0.0%) 
static prop count       79/16384           0/0        ( 0.5%) 
pakfile               [variable]       71263/0        ( 0.0%) 
physics               [variable]     2100299/4194304  (50.1%) 
physics terrain       [variable]           0/1048576  ( 0.0%) 

Level flags = 0

Total triangle count: 604
Writing d:\juegos\steam\steamapps\common\garrysmod\garrysmod\addons\vjguardfixim_maps_src\maps\src\xen1.bsp
4 seconds elapsed




materialPath: D:\Juegos\Steam\steamapps\common\GarrysMod\garrysmod\materials
Loading d:\juegos\steam\steamapps\common\garrysmod\garrysmod\addons\vjguardfixim_maps_src\maps\src\xen1.vmf
Patching WVT material: maps/xen1/xeno/c4a1a_swmpwlb_wvt_patch
fixing up env_cubemap materials on brush sides...
ProcessBlock_Thread: 0...1...2...3...4...5...6...7...8...9...10 (0)
ProcessBlock_Thread: 0...1...2...3...4...5...6...7...8...9...10 (0)
Processing areas...done (0)
Building Faces...done (0)
FixTjuncs...
PruneNodes...
WriteBSP...
done (0)
writing d:\juegos\steam\steamapps\common\garrysmod\garrysmod\addons\vjguardfixim_maps_src\maps\src\xen1.prt...
Building visibility clusters...
done (0)
KeyValues Error: RecursiveLoadFromBuffer:  got EOF instead of keyname in file materials/skybox/xenspace5_skyup.vmt
UnlitGeneric, (*proxies*), (*Clamp*), 
KeyValues Error: RecursiveLoadFromBuffer:  got EOF instead of keyname in file materials/skybox/xenspace5_skyup.vmt
UnlitGeneric, (*proxies*), (*Clamp*), 
Creating default LDR cubemaps for env_cubemap using skybox materials:
   skybox/xenspace5_sky*.vmt
 ! Run buildcubemaps in the engine to get the correct cube maps.
Creating default HDR cubemaps for env_cubemap using skybox materials:
   skybox/xenspace5_sky*.vmt
 ! Run buildcubemaps in the engine to get the correct cube maps.
Finding displacement neighbors...
Finding lightmap sample positions...
Displacement Alpha : 0...1...2...3...4...5...6...7...8...9...10
Building Physics collision data...
WARNING: Map using power 4 displacements, terrain physics cannot be compressed, map will need additional memory and CPU.
done (0) (2102396 bytes)
Placing detail props : 0...1...2...3...4...5...6...7...8...9...10
Water found with no water_lod_control entity, creating a default one.
Compacting texture/material tables...
Reduced 372 texinfos to 94
Reduced 11 texdatas to 7 (249 bytes to 126)
Writing d:\juegos\steam\steamapps\common\garrysmod\garrysmod\addons\vjguardfixim_maps_src\maps\src\xen1.bsp
1 second elapsed



16 threads
reading d:\juegos\steam\steamapps\common\garrysmod\garrysmod\addons\vjguardfixim_maps_src\maps\src\xen1.bsp
reading d:\juegos\steam\steamapps\common\garrysmod\garrysmod\addons\vjguardfixim_maps_src\maps\src\xen1.prt
  91 portalclusters
 205 numportals
BasePortalVis:       0...1...2...3...4...5...6...7...8...9...10 (0)
Optimized: 0 visible clusters (0.00%)
Total clusters visible: 8101
Average clusters visible: 89
Building PAS...
Average clusters audible: 89
visdatasize:2898  compressed from 2912
writing d:\juegos\steam\steamapps\common\garrysmod\garrysmod\addons\vjguardfixim_maps_src\maps\src\xen1.bsp
0 seconds elapsed



[Reading texlights from 'lights.rad']
[51 texlights parsed from 'lights.rad']
Loading d:\juegos\steam\steamapps\common\garrysmod\garrysmod\addons\vjguardfixim_maps_src\maps\src\xen1.bsp
Unable to load vertex data "models/props_foliage_new\xen_shrub_a.vvd"
Unable to load vertex data "models/props_foliage_new\xen_shrub_b.vvd"
BuildFacelights:     0...1...2...3...4...5...6...7...8...9...10 (1)
BuildStaticPropPatchlights: 0...1...2...3...4...5...6...7...8...9...10 (0)
BuildVisLeafs:       0...1...2...3...4...5...6...7...8...9...10 (0)
transfers 89728, max 184
static prop patch transfers 0
GatherLight:         0...1...2...3...4...5...6...7...8...9...10 (0)
GatherLight:         0...1...2...3...4...5...6...7...8...9...10 (0)
Build Patch/Sample Hash Table(s).....Done<0.0082 sec>
FinalLightFace:      0...1...2...3...4...5...6...7...8...9...10 (1)
FinalLightFace Done
0 of 0 (0% of) surface lights went in leaf ambient cubes.
ThreadComputeLeafAmbient: 0...1...2...3...4...5...6...7...8...9...10 (4)
Writing leaf ambient...done
Ready to Finish

Object names       Objects/Maxobjs  Memory / Maxmem  Fullness 
------------       ---------------  ---------------  -------- 
models                  12/4096          576/196608   ( 0.3%) 
brushes                 25/65535         300/786420   ( 0.0%) 
brushsides             181/655350       1448/5242800  ( 0.0%) 
planes                 646/65536       12920/1310720  ( 1.0%) 
vertexes               575/65536        6900/786432   ( 0.9%) 
nodes                  491/65536       15712/2097152  ( 0.7%) 
texinfos                94/16384        6768/1179648  ( 0.6%) 
texdata                  7/8192          224/262144   ( 0.1%) 
dispinfos               88/0           15488/0        ( 0.0%) 
disp_verts           10872/0          217440/0        ( 0.0%) 
disp_tris            18176/0           36352/0        ( 0.0%) 
disp_multiblend          0/0               0/0        ( 0.0%) 
disp_lmsamples      767623/0          767623/0        ( 0.0%) 
faces                  430/65536       24080/3670016  ( 0.7%) 
hdr faces                0/65536           0/3670016  ( 0.0%) 
origfaces              130/65536        7280/3670016  ( 0.2%) 
leaves                 504/65536       16128/2097152  ( 0.8%) 
leaffaces              347/65536         694/131072   ( 0.5%) 
leafbrushes            318/65536         636/131072   ( 0.5%) 
areas                    3/1024           24/8192     ( 0.3%) 
surfedges             2272/512000       9088/2048000  ( 0.4%) 
edges                 1253/256000       5012/1024000  ( 0.5%) 
LDR worldlights          3/8192          264/720896   ( 0.0%) 
HDR worldlights          0/8192            0/720896   ( 0.0%) 
leafwaterdata            2/32768          24/393216   ( 0.0%) 
waterstrips              0/32768           0/327680   ( 0.0%) 
waterverts               0/65536           0/786432   ( 0.0%) 
waterindices             0/65536           0/131072   ( 0.0%) 
cubemapsamples           0/1024            0/16384    ( 0.0%) 
overlays                 0/8192            0/2883584  ( 0.0%) 
LDR lightdata         [variable]      882052/0        ( 0.0%) 
HDR lightdata         [variable]           0/0        ( 0.0%) 
visdata               [variable]        2898/16777216 ( 0.0%) 
entdata               [variable]       66136/4194304  ( 1.6%) 
LDR ambient table      504/65536        2016/262144   ( 0.8%) 
HDR ambient table      504/65536        2016/262144   ( 0.8%) 
LDR leaf ambient       936/65536       26208/1835008  ( 1.4%) 
HDR leaf ambient       504/65536       14112/1835008  ( 0.8%) 
occluders                0/0               0/0        ( 0.0%) 
occluder polygons        0/0               0/0        ( 0.0%) 
occluder vert ind        0/0               0/0        ( 0.0%) 
detail props          [variable]          12/0        ( 0.0%) 
static props          [variable]        8082/0        ( 0.0%) 
static prop count       79/16384           0/0        ( 0.5%) 
pakfile               [variable]       71263/0        ( 0.0%) 
physics               [variable]     2102396/4194304  (50.1%) 
physics terrain       [variable]           0/1048576  ( 0.0%) 

Level flags = 0

Total triangle count: 876
Writing d:\juegos\steam\steamapps\common\garrysmod\garrysmod\addons\vjguardfixim_maps_src\maps\src\xen1.bsp
6 seconds elapsed




materialPath: D:\Juegos\Steam\steamapps\common\GarrysMod\garrysmod\materials
Loading d:\juegos\steam\steamapps\common\garrysmod\garrysmod\addons\vjguardfixim_maps_src\maps\src\xen1.vmf
Patching WVT material: maps/xen1/xeno/c4a1a_swmpwlb_wvt_patch
fixing up env_cubemap materials on brush sides...
ProcessBlock_Thread: 0...1...2...3...4...5...6...7...8...9...10 (0)
ProcessBlock_Thread: 0...1...2...3...4...5...6...7...8...9...10 (0)
Processing areas...done (0)
Building Faces...done (0)
FixTjuncs...
PruneNodes...
WriteBSP...
done (0)
writing d:\juegos\steam\steamapps\common\garrysmod\garrysmod\addons\vjguardfixim_maps_src\maps\src\xen1.prt...
Building visibility clusters...
done (0)
KeyValues Error: RecursiveLoadFromBuffer:  got EOF instead of keyname in file materials/skybox/xenspace5_skyup.vmt
UnlitGeneric, (*proxies*), (*Clamp*), 
KeyValues Error: RecursiveLoadFromBuffer:  got EOF instead of keyname in file materials/skybox/xenspace5_skyup.vmt
UnlitGeneric, (*proxies*), (*Clamp*), 
Creating default LDR cubemaps for env_cubemap using skybox materials:
   skybox/xenspace5_sky*.vmt
 ! Run buildcubemaps in the engine to get the correct cube maps.
Creating default HDR cubemaps for env_cubemap using skybox materials:
   skybox/xenspace5_sky*.vmt
 ! Run buildcubemaps in the engine to get the correct cube maps.
Finding displacement neighbors...
Finding lightmap sample positions...
Displacement Alpha : 0...1...2...3...4...5...6...7...8...9...10
Building Physics collision data...
WARNING: Map using power 4 displacements, terrain physics cannot be compressed, map will need additional memory and CPU.
done (0) (2102396 bytes)
Placing detail props : 0...1...2...3...4...5...6...7...8...9...10
Water found with no water_lod_control entity, creating a default one.
Compacting texture/material tables...
Reduced 372 texinfos to 94
Reduced 11 texdatas to 7 (249 bytes to 126)
Writing d:\juegos\steam\steamapps\common\garrysmod\garrysmod\addons\vjguardfixim_maps_src\maps\src\xen1.bsp
1 second elapsed



16 threads
reading d:\juegos\steam\steamapps\common\garrysmod\garrysmod\addons\vjguardfixim_maps_src\maps\src\xen1.bsp
reading d:\juegos\steam\steamapps\common\garrysmod\garrysmod\addons\vjguardfixim_maps_src\maps\src\xen1.prt
  91 portalclusters
 205 numportals
BasePortalVis:       0...1...2...3...4...5...6...7...8...9...10 (0)
Optimized: 0 visible clusters (0.00%)
Total clusters visible: 8101
Average clusters visible: 89
Building PAS...
Average clusters audible: 89
visdatasize:2898  compressed from 2912
writing d:\juegos\steam\steamapps\common\garrysmod\garrysmod\addons\vjguardfixim_maps_src\maps\src\xen1.bsp
0 seconds elapsed



[Reading texlights from 'lights.rad']
[51 texlights parsed from 'lights.rad']
Loading d:\juegos\steam\steamapps\common\garrysmod\garrysmod\addons\vjguardfixim_maps_src\maps\src\xen1.bsp
Unable to load vertex data "models/props_foliage_new\xen_shrub_a.vvd"
Unable to load vertex data "models/props_foliage_new\xen_shrub_b.vvd"
BuildFacelights:     0...1...2...3...4...5...6...7...8...9...10 (1)
BuildStaticPropPatchlights: 0...1...2...3...4...5...6...7...8...9...10 (0)
BuildVisLeafs:       0...1...2...3...4...5...6...7...8...9...10 (0)
transfers 89728, max 184
static prop patch transfers 0
GatherLight:         0...1...2...3...4...5...6...7...8...9...10 (0)
GatherLight:         0...1...2...3...4...5...6...7...8...9...10 (0)
Build Patch/Sample Hash Table(s).....Done<0.0078 sec>
FinalLightFace:      0...1...2...3...4...5...6...7...8...9...10 (1)
FinalLightFace Done
0 of 0 (0% of) surface lights went in leaf ambient cubes.
ThreadComputeLeafAmbient: 0...1...2...3...4...5...6...7...8...9...10 (4)
Writing leaf ambient...done
Ready to Finish

Object names       Objects/Maxobjs  Memory / Maxmem  Fullness 
------------       ---------------  ---------------  -------- 
models                  12/4096          576/196608   ( 0.3%) 
brushes                 25/65535         300/786420   ( 0.0%) 
brushsides             181/655350       1448/5242800  ( 0.0%) 
planes                 646/65536       12920/1310720  ( 1.0%) 
vertexes               575/65536        6900/786432   ( 0.9%) 
nodes                  491/65536       15712/2097152  ( 0.7%) 
texinfos                94/16384        6768/1179648  ( 0.6%) 
texdata                  7/8192          224/262144   ( 0.1%) 
dispinfos               88/0           15488/0        ( 0.0%) 
disp_verts           10872/0          217440/0        ( 0.0%) 
disp_tris            18176/0           36352/0        ( 0.0%) 
disp_multiblend          0/0               0/0        ( 0.0%) 
disp_lmsamples      767623/0          767623/0        ( 0.0%) 
faces                  430/65536       24080/3670016  ( 0.7%) 
hdr faces                0/65536           0/3670016  ( 0.0%) 
origfaces              130/65536        7280/3670016  ( 0.2%) 
leaves                 504/65536       16128/2097152  ( 0.8%) 
leaffaces              347/65536         694/131072   ( 0.5%) 
leafbrushes            318/65536         636/131072   ( 0.5%) 
areas                    3/1024           24/8192     ( 0.3%) 
surfedges             2272/512000       9088/2048000  ( 0.4%) 
edges                 1253/256000       5012/1024000  ( 0.5%) 
LDR worldlights          3/8192          264/720896   ( 0.0%) 
HDR worldlights          0/8192            0/720896   ( 0.0%) 
leafwaterdata            2/32768          24/393216   ( 0.0%) 
waterstrips              0/32768           0/327680   ( 0.0%) 
waterverts               0/65536           0/786432   ( 0.0%) 
waterindices             0/65536           0/131072   ( 0.0%) 
cubemapsamples           0/1024            0/16384    ( 0.0%) 
overlays                 0/8192            0/2883584  ( 0.0%) 
LDR lightdata         [variable]      882052/0        ( 0.0%) 
HDR lightdata         [variable]           0/0        ( 0.0%) 
visdata               [variable]        2898/16777216 ( 0.0%) 
entdata               [variable]       66856/4194304  ( 1.6%) 
LDR ambient table      504/65536        2016/262144   ( 0.8%) 
HDR ambient table      504/65536        2016/262144   ( 0.8%) 
LDR leaf ambient       936/65536       26208/1835008  ( 1.4%) 
HDR leaf ambient       504/65536       14112/1835008  ( 0.8%) 
occluders                0/0               0/0        ( 0.0%) 
occluder polygons        0/0               0/0        ( 0.0%) 
occluder vert ind        0/0               0/0        ( 0.0%) 
detail props          [variable]          12/0        ( 0.0%) 
static props          [variable]        8082/0        ( 0.0%) 
static prop count       79/16384           0/0        ( 0.5%) 
pakfile               [variable]       71263/0        ( 0.0%) 
physics               [variable]     2102396/4194304  (50.1%) 
physics terrain       [variable]           0/1048576  ( 0.0%) 

Level flags = 0

Total triangle count: 876
Writing d:\juegos\steam\steamapps\common\garrysmod\garrysmod\addons\vjguardfixim_maps_src\maps\src\xen1.bsp
6 seconds elapsed




materialPath: D:\Juegos\Steam\steamapps\common\GarrysMod\garrysmod\materials
Loading d:\juegos\steam\steamapps\common\garrysmod\garrysmod\addons\vjguardfixim_maps_src\maps\src\xen1.vmf
Patching WVT material: maps/xen1/xeno/c4a1a_swmpwlb_wvt_patch
fixing up env_cubemap materials on brush sides...
ProcessBlock_Thread: 0...1...2...3...4...5...6...7...8...9...10 (0)
ProcessBlock_Thread: 0...1...2...3...4...5...6...7...8...9...10 (0)
Processing areas...done (0)
Building Faces...done (0)
FixTjuncs...
PruneNodes...
WriteBSP...
done (0)
writing d:\juegos\steam\steamapps\common\garrysmod\garrysmod\addons\vjguardfixim_maps_src\maps\src\xen1.prt...
Building visibility clusters...
done (0)
KeyValues Error: RecursiveLoadFromBuffer:  got EOF instead of keyname in file materials/skybox/xenspace5_skyup.vmt
UnlitGeneric, (*proxies*), (*Clamp*), 
KeyValues Error: RecursiveLoadFromBuffer:  got EOF instead of keyname in file materials/skybox/xenspace5_skyup.vmt
UnlitGeneric, (*proxies*), (*Clamp*), 
Creating default LDR cubemaps for env_cubemap using skybox materials:
   skybox/xenspace5_sky*.vmt
 ! Run buildcubemaps in the engine to get the correct cube maps.
Creating default HDR cubemaps for env_cubemap using skybox materials:
   skybox/xenspace5_sky*.vmt
 ! Run buildcubemaps in the engine to get the correct cube maps.
Finding displacement neighbors...
Finding lightmap sample positions...
Displacement Alpha : 0...1...2...3...4...5...6...7...8...9...10
Building Physics collision data...
WARNING: Map using power 4 displacements, terrain physics cannot be compressed, map will need additional memory and CPU.
done (0) (2102396 bytes)
Placing detail props : 0...1...2...3...4...5...6...7...8...9...10
Water found with no water_lod_control entity, creating a default one.
Compacting texture/material tables...
Reduced 372 texinfos to 94
Reduced 11 texdatas to 7 (249 bytes to 126)
Writing d:\juegos\steam\steamapps\common\garrysmod\garrysmod\addons\vjguardfixim_maps_src\maps\src\xen1.bsp
1 second elapsed



16 threads
reading d:\juegos\steam\steamapps\common\garrysmod\garrysmod\addons\vjguardfixim_maps_src\maps\src\xen1.bsp
reading d:\juegos\steam\steamapps\common\garrysmod\garrysmod\addons\vjguardfixim_maps_src\maps\src\xen1.prt
  91 portalclusters
 205 numportals
BasePortalVis:       0...1...2...3...4...5...6...7...8...9...10 (0)
Optimized: 0 visible clusters (0.00%)
Total clusters visible: 8101
Average clusters visible: 89
Building PAS...
Average clusters audible: 89
visdatasize:2898  compressed from 2912
writing d:\juegos\steam\steamapps\common\garrysmod\garrysmod\addons\vjguardfixim_maps_src\maps\src\xen1.bsp
0 seconds elapsed



[Reading texlights from 'lights.rad']
[51 texlights parsed from 'lights.rad']
Loading d:\juegos\steam\steamapps\common\garrysmod\garrysmod\addons\vjguardfixim_maps_src\maps\src\xen1.bsp
Unable to load vertex data "models/props_foliage_new\xen_shrub_a.vvd"
Unable to load vertex data "models/props_foliage_new\xen_shrub_b.vvd"
BuildFacelights:     0...1...2...3...4...5...6...7...8...9...10 (1)
BuildStaticPropPatchlights: 0...1...2...3...4...5...6...7...8...9...10 (0)
BuildVisLeafs:       0...1...2...3...4...5...6...7...8...9...10 (0)
transfers 89728, max 184
static prop patch transfers 0
GatherLight:         0...1...2...3...4...5...6...7...8...9...10 (0)
GatherLight:         0...1...2...3...4...5...6...7...8...9...10 (0)
Build Patch/Sample Hash Table(s).....Done<0.0082 sec>
FinalLightFace:      0...1...2...3...4...5...6...7...8...9...10 (1)
FinalLightFace Done
0 of 0 (0% of) surface lights went in leaf ambient cubes.
ThreadComputeLeafAmbient: 0...1...2...3...4...5...6...7...8...9...10 (4)
Writing leaf ambient...done
Ready to Finish

Object names       Objects/Maxobjs  Memory / Maxmem  Fullness 
------------       ---------------  ---------------  -------- 
models                  12/4096          576/196608   ( 0.3%) 
brushes                 25/65535         300/786420   ( 0.0%) 
brushsides             181/655350       1448/5242800  ( 0.0%) 
planes                 646/65536       12920/1310720  ( 1.0%) 
vertexes               575/65536        6900/786432   ( 0.9%) 
nodes                  491/65536       15712/2097152  ( 0.7%) 
texinfos                94/16384        6768/1179648  ( 0.6%) 
texdata                  7/8192          224/262144   ( 0.1%) 
dispinfos               88/0           15488/0        ( 0.0%) 
disp_verts           10872/0          217440/0        ( 0.0%) 
disp_tris            18176/0           36352/0        ( 0.0%) 
disp_multiblend          0/0               0/0        ( 0.0%) 
disp_lmsamples      767623/0          767623/0        ( 0.0%) 
faces                  430/65536       24080/3670016  ( 0.7%) 
hdr faces                0/65536           0/3670016  ( 0.0%) 
origfaces              130/65536        7280/3670016  ( 0.2%) 
leaves                 504/65536       16128/2097152  ( 0.8%) 
leaffaces              347/65536         694/131072   ( 0.5%) 
leafbrushes            318/65536         636/131072   ( 0.5%) 
areas                    3/1024           24/8192     ( 0.3%) 
surfedges             2272/512000       9088/2048000  ( 0.4%) 
edges                 1253/256000       5012/1024000  ( 0.5%) 
LDR worldlights          3/8192          264/720896   ( 0.0%) 
HDR worldlights          0/8192            0/720896   ( 0.0%) 
leafwaterdata            2/32768          24/393216   ( 0.0%) 
waterstrips              0/32768           0/327680   ( 0.0%) 
waterverts               0/65536           0/786432   ( 0.0%) 
waterindices             0/65536           0/131072   ( 0.0%) 
cubemapsamples           0/1024            0/16384    ( 0.0%) 
overlays                 0/8192            0/2883584  ( 0.0%) 
LDR lightdata         [variable]      882052/0        ( 0.0%) 
HDR lightdata         [variable]           0/0        ( 0.0%) 
visdata               [variable]        2898/16777216 ( 0.0%) 
entdata               [variable]       66851/4194304  ( 1.6%) 
LDR ambient table      504/65536        2016/262144   ( 0.8%) 
HDR ambient table      504/65536        2016/262144   ( 0.8%) 
LDR leaf ambient       936/65536       26208/1835008  ( 1.4%) 
HDR leaf ambient       504/65536       14112/1835008  ( 0.8%) 
occluders                0/0               0/0        ( 0.0%) 
occluder polygons        0/0               0/0        ( 0.0%) 
occluder vert ind        0/0               0/0        ( 0.0%) 
detail props          [variable]          12/0        ( 0.0%) 
static props          [variable]        8082/0        ( 0.0%) 
static prop count       79/16384           0/0        ( 0.5%) 
pakfile               [variable]       71263/0        ( 0.0%) 
physics               [variable]     2102396/4194304  (50.1%) 
physics terrain       [variable]           0/1048576  ( 0.0%) 

Level flags = 0

Total triangle count: 876
Writing d:\juegos\steam\steamapps\common\garrysmod\garrysmod\addons\vjguardfixim_maps_src\maps\src\xen1.bsp
6 seconds elapsed




materialPath: D:\Juegos\Steam\steamapps\common\GarrysMod\garrysmod\materials
Loading d:\juegos\steam\steamapps\common\garrysmod\garrysmod\addons\vjguardfixim_maps_src\maps\src\xen1.vmf
Patching WVT material: maps/xen1/xeno/c4a1a_swmpwlb_wvt_patch
fixing up env_cubemap materials on brush sides...
ProcessBlock_Thread: 0...1...2...3...4...5...6...7...8...9...10 (0)
ProcessBlock_Thread: 0...1...2...3...4...5...6...7...8...9...10 (0)
Processing areas...done (0)
Building Faces...done (0)
FixTjuncs...
PruneNodes...
WriteBSP...
done (0)
writing d:\juegos\steam\steamapps\common\garrysmod\garrysmod\addons\vjguardfixim_maps_src\maps\src\xen1.prt...
Building visibility clusters...
done (0)
KeyValues Error: RecursiveLoadFromBuffer:  got EOF instead of keyname in file materials/skybox/xenspace5_skyup.vmt
UnlitGeneric, (*proxies*), (*Clamp*), 
KeyValues Error: RecursiveLoadFromBuffer:  got EOF instead of keyname in file materials/skybox/xenspace5_skyup.vmt
UnlitGeneric, (*proxies*), (*Clamp*), 
Creating default LDR cubemaps for env_cubemap using skybox materials:
   skybox/xenspace5_sky*.vmt
 ! Run buildcubemaps in the engine to get the correct cube maps.
Creating default HDR cubemaps for env_cubemap using skybox materials:
   skybox/xenspace5_sky*.vmt
 ! Run buildcubemaps in the engine to get the correct cube maps.
Finding displacement neighbors...
Finding lightmap sample positions...
Displacement Alpha : 0...1...2...3...4...5...6...7...8...9...10
Building Physics collision data...
WARNING: Map using power 4 displacements, terrain physics cannot be compressed, map will need additional memory and CPU.
done (0) (2102396 bytes)
Placing detail props : 0...1...2...3...4...5...6...7...8...9...10
Water found with no water_lod_control entity, creating a default one.
Compacting texture/material tables...
Reduced 372 texinfos to 94
Reduced 11 texdatas to 7 (249 bytes to 126)
Writing d:\juegos\steam\steamapps\common\garrysmod\garrysmod\addons\vjguardfixim_maps_src\maps\src\xen1.bsp
1 second elapsed



16 threads
reading d:\juegos\steam\steamapps\common\garrysmod\garrysmod\addons\vjguardfixim_maps_src\maps\src\xen1.bsp
reading d:\juegos\steam\steamapps\common\garrysmod\garrysmod\addons\vjguardfixim_maps_src\maps\src\xen1.prt
  91 portalclusters
 205 numportals
BasePortalVis:       0...1...2...3...4...5...6...7...8...9...10 (0)
Optimized: 0 visible clusters (0.00%)
Total clusters visible: 8101
Average clusters visible: 89
Building PAS...
Average clusters audible: 89
visdatasize:2898  compressed from 2912
writing d:\juegos\steam\steamapps\common\garrysmod\garrysmod\addons\vjguardfixim_maps_src\maps\src\xen1.bsp
0 seconds elapsed



[Reading texlights from 'lights.rad']
[51 texlights parsed from 'lights.rad']
Loading d:\juegos\steam\steamapps\common\garrysmod\garrysmod\addons\vjguardfixim_maps_src\maps\src\xen1.bsp
Unable to load vertex data "models/props_foliage_new\xen_shrub_a.vvd"
Unable to load vertex data "models/props_foliage_new\xen_shrub_b.vvd"
BuildFacelights:     0...1...2...3...4...5...6...7...8...9...10 (1)
BuildStaticPropPatchlights: 0...1...2...3...4...5...6...7...8...9...10 (0)
BuildVisLeafs:       0...1...2...3...4...5...6...7...8...9...10 (0)
transfers 89728, max 184
static prop patch transfers 0
GatherLight:         0...1...2...3...4...5...6...7...8...9...10 (0)
GatherLight:         0...1...2...3...4...5...6...7...8...9...10 (0)
Build Patch/Sample Hash Table(s).....Done<0.0083 sec>
FinalLightFace:      0...1...2...3...4...5...6...7...8...9...10 (1)
FinalLightFace Done
0 of 0 (0% of) surface lights went in leaf ambient cubes.
ThreadComputeLeafAmbient: 0...1...2...3...4...5...6...7...8...9...10 (4)
Writing leaf ambient...done
Ready to Finish

Object names       Objects/Maxobjs  Memory / Maxmem  Fullness 
------------       ---------------  ---------------  -------- 
models                  12/4096          576/196608   ( 0.3%) 
brushes                 25/65535         300/786420   ( 0.0%) 
brushsides             181/655350       1448/5242800  ( 0.0%) 
planes                 646/65536       12920/1310720  ( 1.0%) 
vertexes               575/65536        6900/786432   ( 0.9%) 
nodes                  491/65536       15712/2097152  ( 0.7%) 
texinfos                94/16384        6768/1179648  ( 0.6%) 
texdata                  7/8192          224/262144   ( 0.1%) 
dispinfos               88/0           15488/0        ( 0.0%) 
disp_verts           10872/0          217440/0        ( 0.0%) 
disp_tris            18176/0           36352/0        ( 0.0%) 
disp_multiblend          0/0               0/0        ( 0.0%) 
disp_lmsamples      767623/0          767623/0        ( 0.0%) 
faces                  430/65536       24080/3670016  ( 0.7%) 
hdr faces                0/65536           0/3670016  ( 0.0%) 
origfaces              130/65536        7280/3670016  ( 0.2%) 
leaves                 504/65536       16128/2097152  ( 0.8%) 
leaffaces              347/65536         694/131072   ( 0.5%) 
leafbrushes            318/65536         636/131072   ( 0.5%) 
areas                    3/1024           24/8192     ( 0.3%) 
surfedges             2272/512000       9088/2048000  ( 0.4%) 
edges                 1253/256000       5012/1024000  ( 0.5%) 
LDR worldlights          3/8192          264/720896   ( 0.0%) 
HDR worldlights          0/8192            0/720896   ( 0.0%) 
leafwaterdata            2/32768          24/393216   ( 0.0%) 
waterstrips              0/32768           0/327680   ( 0.0%) 
waterverts               0/65536           0/786432   ( 0.0%) 
waterindices             0/65536           0/131072   ( 0.0%) 
cubemapsamples           0/1024            0/16384    ( 0.0%) 
overlays                 0/8192            0/2883584  ( 0.0%) 
LDR lightdata         [variable]      882052/0        ( 0.0%) 
HDR lightdata         [variable]           0/0        ( 0.0%) 
visdata               [variable]        2898/16777216 ( 0.0%) 
entdata               [variable]       71096/4194304  ( 1.7%) 
LDR ambient table      504/65536        2016/262144   ( 0.8%) 
HDR ambient table      504/65536        2016/262144   ( 0.8%) 
LDR leaf ambient       936/65536       26208/1835008  ( 1.4%) 
HDR leaf ambient       504/65536       14112/1835008  ( 0.8%) 
occluders                0/0               0/0        ( 0.0%) 
occluder polygons        0/0               0/0        ( 0.0%) 
occluder vert ind        0/0               0/0        ( 0.0%) 
detail props          [variable]          12/0        ( 0.0%) 
static props          [variable]        8082/0        ( 0.0%) 
static prop count       79/16384           0/0        ( 0.5%) 
pakfile               [variable]       71263/0        ( 0.0%) 
physics               [variable]     2102396/4194304  (50.1%) 
physics terrain       [variable]           0/1048576  ( 0.0%) 

Level flags = 0

Total triangle count: 876
Writing d:\juegos\steam\steamapps\common\garrysmod\garrysmod\addons\vjguardfixim_maps_src\maps\src\xen1.bsp
6 seconds elapsed




materialPath: D:\Juegos\Steam\steamapps\common\GarrysMod\garrysmod\materials
Loading d:\juegos\steam\steamapps\common\garrysmod\garrysmod\addons\vjguardfixim_maps_src\maps\src\xen1.vmf
Patching WVT material: maps/xen1/xeno/c4a1a_swmpwlb_wvt_patch
fixing up env_cubemap materials on brush sides...
ProcessBlock_Thread: 0...1...2...3...4...5...6...7...8...9...10 (0)
ProcessBlock_Thread: 0...1...2...3...4...5...6...7...8...9...10 (0)
Processing areas...done (0)
Building Faces...done (0)
FixTjuncs...
PruneNodes...
WriteBSP...
done (0)
writing d:\juegos\steam\steamapps\common\garrysmod\garrysmod\addons\vjguardfixim_maps_src\maps\src\xen1.prt...
Building visibility clusters...
done (0)
KeyValues Error: RecursiveLoadFromBuffer:  got EOF instead of keyname in file materials/skybox/xenspace5_skyup.vmt
UnlitGeneric, (*proxies*), (*Clamp*), 
KeyValues Error: RecursiveLoadFromBuffer:  got EOF instead of keyname in file materials/skybox/xenspace5_skyup.vmt
UnlitGeneric, (*proxies*), (*Clamp*), 
Creating default LDR cubemaps for env_cubemap using skybox materials:
   skybox/xenspace5_sky*.vmt
 ! Run buildcubemaps in the engine to get the correct cube maps.
Creating default HDR cubemaps for env_cubemap using skybox materials:
   skybox/xenspace5_sky*.vmt
 ! Run buildcubemaps in the engine to get the correct cube maps.
Finding displacement neighbors...
Finding lightmap sample positions...
Displacement Alpha : 0...1...2...3...4...5...6...7...8...9...10
Building Physics collision data...
WARNING: Map using power 4 displacements, terrain physics cannot be compressed, map will need additional memory and CPU.
done (0) (2102396 bytes)
Placing detail props : 0...1...2...3...4...5...6...7...8...9...10
Water found with no water_lod_control entity, creating a default one.
Compacting texture/material tables...
Reduced 372 texinfos to 94
Reduced 11 texdatas to 7 (249 bytes to 126)
Writing d:\juegos\steam\steamapps\common\garrysmod\garrysmod\addons\vjguardfixim_maps_src\maps\src\xen1.bsp
1 second elapsed



16 threads
reading d:\juegos\steam\steamapps\common\garrysmod\garrysmod\addons\vjguardfixim_maps_src\maps\src\xen1.bsp
reading d:\juegos\steam\steamapps\common\garrysmod\garrysmod\addons\vjguardfixim_maps_src\maps\src\xen1.prt
  91 portalclusters
 205 numportals
BasePortalVis:       0...1...2...3...4...5...6...7...8...9...10 (0)
Optimized: 0 visible clusters (0.00%)
Total clusters visible: 8101
Average clusters visible: 89
Building PAS...
Average clusters audible: 89
visdatasize:2898  compressed from 2912
writing d:\juegos\steam\steamapps\common\garrysmod\garrysmod\addons\vjguardfixim_maps_src\maps\src\xen1.bsp
0 seconds elapsed



[Reading texlights from 'lights.rad']
[51 texlights parsed from 'lights.rad']
Loading d:\juegos\steam\steamapps\common\garrysmod\garrysmod\addons\vjguardfixim_maps_src\maps\src\xen1.bsp
Unable to load vertex data "models/props_foliage_new\xen_shrub_a.vvd"
Unable to load vertex data "models/props_foliage_new\xen_shrub_b.vvd"
BuildFacelights:     0...1...2...3...4...5...6...7...8...9...10 (1)
BuildStaticPropPatchlights: 0...1...2...3...4...5...6...7...8...9...10 (0)
BuildVisLeafs:       0...1...2...3...4...5...6...7...8...9...10 (0)
transfers 89728, max 184
static prop patch transfers 0
GatherLight:         0...1...2...3...4...5...6...7...8...9...10 (0)
GatherLight:         0...1...2...3...4...5...6...7...8...9...10 (0)
Build Patch/Sample Hash Table(s).....Done<0.0082 sec>
FinalLightFace:      0...1...2...3...4...5...6...7...8...9...10 (1)
FinalLightFace Done
0 of 0 (0% of) surface lights went in leaf ambient cubes.
ThreadComputeLeafAmbient: 0...1...2...3...4...5...6...7...8...9...10 (4)
Writing leaf ambient...done
Ready to Finish

Object names       Objects/Maxobjs  Memory / Maxmem  Fullness 
------------       ---------------  ---------------  -------- 
models                  12/4096          576/196608   ( 0.3%) 
brushes                 25/65535         300/786420   ( 0.0%) 
brushsides             181/655350       1448/5242800  ( 0.0%) 
planes                 646/65536       12920/1310720  ( 1.0%) 
vertexes               607/65536        7284/786432   ( 0.9%) 
nodes                  535/65536       17120/2097152  ( 0.8%) 
texinfos                94/16384        6768/1179648  ( 0.6%) 
texdata                  7/8192          224/262144   ( 0.1%) 
dispinfos               88/0           15488/0        ( 0.0%) 
disp_verts           10872/0          217440/0        ( 0.0%) 
disp_tris            18176/0           36352/0        ( 0.0%) 
disp_multiblend          0/0               0/0        ( 0.0%) 
disp_lmsamples      767623/0          767623/0        ( 0.0%) 
faces                  462/65536       25872/3670016  ( 0.7%) 
hdr faces                0/65536           0/3670016  ( 0.0%) 
origfaces              130/65536        7280/3670016  ( 0.2%) 
leaves                 548/65536       17536/2097152  ( 0.8%) 
leaffaces              379/65536         758/131072   ( 0.6%) 
leafbrushes            350/65536         700/131072   ( 0.5%) 
areas                    3/1024           24/8192     ( 0.3%) 
surfedges             2400/512000       9600/2048000  ( 0.5%) 
edges                 1317/256000       5268/1024000  ( 0.5%) 
LDR worldlights          3/8192          264/720896   ( 0.0%) 
HDR worldlights          0/8192            0/720896   ( 0.0%) 
leafwaterdata            2/32768          24/393216   ( 0.0%) 
waterstrips              0/32768           0/327680   ( 0.0%) 
waterverts               0/65536           0/786432   ( 0.0%) 
waterindices             0/65536           0/131072   ( 0.0%) 
cubemapsamples           0/1024            0/16384    ( 0.0%) 
overlays                 0/8192            0/2883584  ( 0.0%) 
LDR lightdata         [variable]      882052/0        ( 0.0%) 
HDR lightdata         [variable]           0/0        ( 0.0%) 
visdata               [variable]        2898/16777216 ( 0.0%) 
entdata               [variable]       71794/4194304  ( 1.7%) 
LDR ambient table      548/65536        2192/262144   ( 0.8%) 
HDR ambient table      548/65536        2192/262144   ( 0.8%) 
LDR leaf ambient       950/65536       26600/1835008  ( 1.4%) 
HDR leaf ambient       548/65536       15344/1835008  ( 0.8%) 
occluders                0/0               0/0        ( 0.0%) 
occluder polygons        0/0               0/0        ( 0.0%) 
occluder vert ind        0/0               0/0        ( 0.0%) 
detail props          [variable]          12/0        ( 0.0%) 
static props          [variable]        8082/0        ( 0.0%) 
static prop count       79/16384           0/0        ( 0.5%) 
pakfile               [variable]       71263/0        ( 0.0%) 
physics               [variable]     2102396/4194304  (50.1%) 
physics terrain       [variable]           0/1048576  ( 0.0%) 

Level flags = 0

Total triangle count: 940
Writing d:\juegos\steam\steamapps\common\garrysmod\garrysmod\addons\vjguardfixim_maps_src\maps\src\xen1.bsp
6 seconds elapsed




materialPath: D:\Juegos\Steam\steamapps\common\GarrysMod\garrysmod\materials
Loading d:\juegos\steam\steamapps\common\garrysmod\garrysmod\addons\vjguardfixim_maps_src\maps\src\xen1.vmf
Patching WVT material: maps/xen1/xeno/c4a1a_swmpwlb_wvt_patch
fixing up env_cubemap materials on brush sides...
ProcessBlock_Thread: 0...1...2...3...4...5...6...7...8...9...10 (0)
ProcessBlock_Thread: 0...1...2...3...4...5...6...7...8...9...10 (0)
Processing areas...done (0)
Building Faces...done (0)
FixTjuncs...
PruneNodes...
WriteBSP...
done (0)
writing d:\juegos\steam\steamapps\common\garrysmod\garrysmod\addons\vjguardfixim_maps_src\maps\src\xen1.prt...
Building visibility clusters...
done (0)
KeyValues Error: RecursiveLoadFromBuffer:  got EOF instead of keyname in file materials/skybox/xenspace5_skyup.vmt
UnlitGeneric, (*proxies*), (*Clamp*), 
KeyValues Error: RecursiveLoadFromBuffer:  got EOF instead of keyname in file materials/skybox/xenspace5_skyup.vmt
UnlitGeneric, (*proxies*), (*Clamp*), 
Creating default LDR cubemaps for env_cubemap using skybox materials:
   skybox/xenspace5_sky*.vmt
 ! Run buildcubemaps in the engine to get the correct cube maps.
Creating default HDR cubemaps for env_cubemap using skybox materials:
   skybox/xenspace5_sky*.vmt
 ! Run buildcubemaps in the engine to get the correct cube maps.
Finding displacement neighbors...
Finding lightmap sample positions...
Displacement Alpha : 0...1...2...3...4...5...6...7...8...9...10
Building Physics collision data...
WARNING: Map using power 4 displacements, terrain physics cannot be compressed, map will need additional memory and CPU.
done (0) (2102396 bytes)
Placing detail props : 0...1...2...3...4...5...6...7...8...9...10
Water found with no water_lod_control entity, creating a default one.
Compacting texture/material tables...
Reduced 372 texinfos to 94
Reduced 11 texdatas to 7 (249 bytes to 126)
Writing d:\juegos\steam\steamapps\common\garrysmod\garrysmod\addons\vjguardfixim_maps_src\maps\src\xen1.bsp
1 second elapsed



16 threads
reading d:\juegos\steam\steamapps\common\garrysmod\garrysmod\addons\vjguardfixim_maps_src\maps\src\xen1.bsp
reading d:\juegos\steam\steamapps\common\garrysmod\garrysmod\addons\vjguardfixim_maps_src\maps\src\xen1.prt
  91 portalclusters
 205 numportals
BasePortalVis:       0...1...2...3...4...5...6...7...8...9...10 (0)
Optimized: 0 visible clusters (0.00%)
Total clusters visible: 8101
Average clusters visible: 89
Building PAS...
Average clusters audible: 89
visdatasize:2898  compressed from 2912
writing d:\juegos\steam\steamapps\common\garrysmod\garrysmod\addons\vjguardfixim_maps_src\maps\src\xen1.bsp
0 seconds elapsed



[Reading texlights from 'lights.rad']
[51 texlights parsed from 'lights.rad']
Loading d:\juegos\steam\steamapps\common\garrysmod\garrysmod\addons\vjguardfixim_maps_src\maps\src\xen1.bsp
Unable to load vertex data "models/props_foliage_new\xen_shrub_a.vvd"
Unable to load vertex data "models/props_foliage_new\xen_shrub_b.vvd"
BuildFacelights:     0...1...2...3...4...5...6...7...8...9...10 (1)
BuildStaticPropPatchlights: 0...1...2...3...4...5...6...7...8...9...10 (0)
BuildVisLeafs:       0...1...2...3...4...5...6...7...8...9...10 (0)
transfers 89728, max 184
static prop patch transfers 0
GatherLight:         0...1...2...3...4...5...6...7...8...9...10 (0)
GatherLight:         0...1...2...3...4...5...6...7...8...9...10 (0)
Build Patch/Sample Hash Table(s).....Done<0.0082 sec>
FinalLightFace:      0...1...2...3...4...5...6...7...8...9...10 (1)
FinalLightFace Done
0 of 0 (0% of) surface lights went in leaf ambient cubes.
ThreadComputeLeafAmbient: 0...1...2...3...4...5...6...7...8...9...10 (4)
Writing leaf ambient...done
Ready to Finish

Object names       Objects/Maxobjs  Memory / Maxmem  Fullness 
------------       ---------------  ---------------  -------- 
models                  12/4096          576/196608   ( 0.3%) 
brushes                 25/65535         300/786420   ( 0.0%) 
brushsides             181/655350       1448/5242800  ( 0.0%) 
planes                 646/65536       12920/1310720  ( 1.0%) 
vertexes               607/65536        7284/786432   ( 0.9%) 
nodes                  535/65536       17120/2097152  ( 0.8%) 
texinfos                94/16384        6768/1179648  ( 0.6%) 
texdata                  7/8192          224/262144   ( 0.1%) 
dispinfos               88/0           15488/0        ( 0.0%) 
disp_verts           10872/0          217440/0        ( 0.0%) 
disp_tris            18176/0           36352/0        ( 0.0%) 
disp_multiblend          0/0               0/0        ( 0.0%) 
disp_lmsamples      767623/0          767623/0        ( 0.0%) 
faces                  462/65536       25872/3670016  ( 0.7%) 
hdr faces                0/65536           0/3670016  ( 0.0%) 
origfaces              130/65536        7280/3670016  ( 0.2%) 
leaves                 548/65536       17536/2097152  ( 0.8%) 
leaffaces              379/65536         758/131072   ( 0.6%) 
leafbrushes            350/65536         700/131072   ( 0.5%) 
areas                    3/1024           24/8192     ( 0.3%) 
surfedges             2400/512000       9600/2048000  ( 0.5%) 
edges                 1317/256000       5268/1024000  ( 0.5%) 
LDR worldlights          3/8192          264/720896   ( 0.0%) 
HDR worldlights          0/8192            0/720896   ( 0.0%) 
leafwaterdata            2/32768          24/393216   ( 0.0%) 
waterstrips              0/32768           0/327680   ( 0.0%) 
waterverts               0/65536           0/786432   ( 0.0%) 
waterindices             0/65536           0/131072   ( 0.0%) 
cubemapsamples           0/1024            0/16384    ( 0.0%) 
overlays                 0/8192            0/2883584  ( 0.0%) 
LDR lightdata         [variable]      882052/0        ( 0.0%) 
HDR lightdata         [variable]           0/0        ( 0.0%) 
visdata               [variable]        2898/16777216 ( 0.0%) 
entdata               [variable]       71793/4194304  ( 1.7%) 
LDR ambient table      548/65536        2192/262144   ( 0.8%) 
HDR ambient table      548/65536        2192/262144   ( 0.8%) 
LDR leaf ambient       950/65536       26600/1835008  ( 1.4%) 
HDR leaf ambient       548/65536       15344/1835008  ( 0.8%) 
occluders                0/0               0/0        ( 0.0%) 
occluder polygons        0/0               0/0        ( 0.0%) 
occluder vert ind        0/0               0/0        ( 0.0%) 
detail props          [variable]          12/0        ( 0.0%) 
static props          [variable]        8082/0        ( 0.0%) 
static prop count       79/16384           0/0        ( 0.5%) 
pakfile               [variable]       71263/0        ( 0.0%) 
physics               [variable]     2102396/4194304  (50.1%) 
physics terrain       [variable]           0/1048576  ( 0.0%) 

Level flags = 0

Total triangle count: 940
Writing d:\juegos\steam\steamapps\common\garrysmod\garrysmod\addons\vjguardfixim_maps_src\maps\src\xen1.bsp
6 seconds elapsed




materialPath: D:\Juegos\Steam\steamapps\common\GarrysMod\garrysmod\materials
Loading d:\juegos\steam\steamapps\common\garrysmod\garrysmod\addons\vjguardfixim_maps_src\maps\src\xen1.vmf
Patching WVT material: maps/xen1/xeno/c4a1a_swmpwlb_wvt_patch
fixing up env_cubemap materials on brush sides...
ProcessBlock_Thread: 0...1...2...3...4...5...6...7...8...9...10 (0)
ProcessBlock_Thread: 0...1...2...3...4...5...6...7...8...9...10 (0)
Processing areas...done (0)
Building Faces...done (0)
FixTjuncs...
PruneNodes...
WriteBSP...
done (0)
writing d:\juegos\steam\steamapps\common\garrysmod\garrysmod\addons\vjguardfixim_maps_src\maps\src\xen1.prt...
Building visibility clusters...
done (0)
KeyValues Error: RecursiveLoadFromBuffer:  got EOF instead of keyname in file materials/skybox/xenspace5_skyup.vmt
UnlitGeneric, (*proxies*), (*Clamp*), 
KeyValues Error: RecursiveLoadFromBuffer:  got EOF instead of keyname in file materials/skybox/xenspace5_skyup.vmt
UnlitGeneric, (*proxies*), (*Clamp*), 
Creating default LDR cubemaps for env_cubemap using skybox materials:
   skybox/xenspace5_sky*.vmt
 ! Run buildcubemaps in the engine to get the correct cube maps.
Creating default HDR cubemaps for env_cubemap using skybox materials:
   skybox/xenspace5_sky*.vmt
 ! Run buildcubemaps in the engine to get the correct cube maps.
Finding displacement neighbors...
Finding lightmap sample positions...
Displacement Alpha : 0...1...2...3...4...5...6...7...8...9...10
Building Physics collision data...
WARNING: Map using power 4 displacements, terrain physics cannot be compressed, map will need additional memory and CPU.
done (0) (2102396 bytes)
Placing detail props : 0...1...2...3...4...5...6...7...8...9...10
Water found with no water_lod_control entity, creating a default one.
Compacting texture/material tables...
Reduced 372 texinfos to 94
Reduced 11 texdatas to 7 (249 bytes to 126)
Writing d:\juegos\steam\steamapps\common\garrysmod\garrysmod\addons\vjguardfixim_maps_src\maps\src\xen1.bsp
1 second elapsed



16 threads
reading d:\juegos\steam\steamapps\common\garrysmod\garrysmod\addons\vjguardfixim_maps_src\maps\src\xen1.bsp
reading d:\juegos\steam\steamapps\common\garrysmod\garrysmod\addons\vjguardfixim_maps_src\maps\src\xen1.prt
  91 portalclusters
 205 numportals
BasePortalVis:       0...1...2...3...4...5...6...7...8...9...10 (0)
Optimized: 0 visible clusters (0.00%)
Total clusters visible: 8101
Average clusters visible: 89
Building PAS...
Average clusters audible: 89
visdatasize:2898  compressed from 2912
writing d:\juegos\steam\steamapps\common\garrysmod\garrysmod\addons\vjguardfixim_maps_src\maps\src\xen1.bsp
0 seconds elapsed



[Reading texlights from 'lights.rad']
[51 texlights parsed from 'lights.rad']
Loading d:\juegos\steam\steamapps\common\garrysmod\garrysmod\addons\vjguardfixim_maps_src\maps\src\xen1.bsp
Unable to load vertex data "models/props_foliage_new\xen_shrub_a.vvd"
Unable to load vertex data "models/props_foliage_new\xen_shrub_b.vvd"
BuildFacelights:     0...1...2...3...4...5...6...7...8...9...10 (1)
BuildStaticPropPatchlights: 0...1...2...3...4...5...6...7...8...9...10 (0)
BuildVisLeafs:       0...1...2...3...4...5...6...7...8...9...10 (0)
transfers 89728, max 184
static prop patch transfers 0
GatherLight:         0...1...2...3...4...5...6...7...8...9...10 (0)
GatherLight:         0...1...2...3...4...5...6...7...8...9...10 (0)
Build Patch/Sample Hash Table(s).....Done<0.0082 sec>
FinalLightFace:      0...1...2...3...4...5...6...7...8...9...10 (1)
FinalLightFace Done
0 of 0 (0% of) surface lights went in leaf ambient cubes.
ThreadComputeLeafAmbient: 0...1...2...3...4...5...6...7...8...9...10 (4)
Writing leaf ambient...done
Ready to Finish

Object names       Objects/Maxobjs  Memory / Maxmem  Fullness 
------------       ---------------  ---------------  -------- 
models                  12/4096          576/196608   ( 0.3%) 
brushes                 25/65535         300/786420   ( 0.0%) 
brushsides             181/655350       1448/5242800  ( 0.0%) 
planes                 646/65536       12920/1310720  ( 1.0%) 
vertexes               607/65536        7284/786432   ( 0.9%) 
nodes                  535/65536       17120/2097152  ( 0.8%) 
texinfos                94/16384        6768/1179648  ( 0.6%) 
texdata                  7/8192          224/262144   ( 0.1%) 
dispinfos               88/0           15488/0        ( 0.0%) 
disp_verts           10872/0          217440/0        ( 0.0%) 
disp_tris            18176/0           36352/0        ( 0.0%) 
disp_multiblend          0/0               0/0        ( 0.0%) 
disp_lmsamples      767623/0          767623/0        ( 0.0%) 
faces                  462/65536       25872/3670016  ( 0.7%) 
hdr faces                0/65536           0/3670016  ( 0.0%) 
origfaces              130/65536        7280/3670016  ( 0.2%) 
leaves                 548/65536       17536/2097152  ( 0.8%) 
leaffaces              379/65536         758/131072   ( 0.6%) 
leafbrushes            350/65536         700/131072   ( 0.5%) 
areas                    3/1024           24/8192     ( 0.3%) 
surfedges             2400/512000       9600/2048000  ( 0.5%) 
edges                 1317/256000       5268/1024000  ( 0.5%) 
LDR worldlights          3/8192          264/720896   ( 0.0%) 
HDR worldlights          0/8192            0/720896   ( 0.0%) 
leafwaterdata            2/32768          24/393216   ( 0.0%) 
waterstrips              0/32768           0/327680   ( 0.0%) 
waterverts               0/65536           0/786432   ( 0.0%) 
waterindices             0/65536           0/131072   ( 0.0%) 
cubemapsamples           0/1024            0/16384    ( 0.0%) 
overlays                 0/8192            0/2883584  ( 0.0%) 
LDR lightdata         [variable]      882052/0        ( 0.0%) 
HDR lightdata         [variable]           0/0        ( 0.0%) 
visdata               [variable]        2898/16777216 ( 0.0%) 
entdata               [variable]       71793/4194304  ( 1.7%) 
LDR ambient table      548/65536        2192/262144   ( 0.8%) 
HDR ambient table      548/65536        2192/262144   ( 0.8%) 
LDR leaf ambient       950/65536       26600/1835008  ( 1.4%) 
HDR leaf ambient       548/65536       15344/1835008  ( 0.8%) 
occluders                0/0               0/0        ( 0.0%) 
occluder polygons        0/0               0/0        ( 0.0%) 
occluder vert ind        0/0               0/0        ( 0.0%) 
detail props          [variable]          12/0        ( 0.0%) 
static props          [variable]        8082/0        ( 0.0%) 
static prop count       79/16384           0/0        ( 0.5%) 
pakfile               [variable]       71263/0        ( 0.0%) 
physics               [variable]     2102396/4194304  (50.1%) 
physics terrain       [variable]           0/1048576  ( 0.0%) 

Level flags = 0

Total triangle count: 940
Writing d:\juegos\steam\steamapps\common\garrysmod\garrysmod\addons\vjguardfixim_maps_src\maps\src\xen1.bsp
6 seconds elapsed




materialPath: D:\Juegos\Steam\steamapps\common\GarrysMod\garrysmod\materials
Loading d:\juegos\steam\steamapps\common\garrysmod\garrysmod\addons\vjguardfixim_maps_src\maps\src\xen1.vmf
Patching WVT material: maps/xen1/xeno/c4a1a_swmpwlb_wvt_patch
fixing up env_cubemap materials on brush sides...
ProcessBlock_Thread: 0...1...2...3...4...5...6...7...8...9...10 (0)
ProcessBlock_Thread: 0...1...2...3...4...5...6...7...8...9...10 (0)
Processing areas...done (0)
Building Faces...done (0)
FixTjuncs...
PruneNodes...
WriteBSP...
done (0)
writing d:\juegos\steam\steamapps\common\garrysmod\garrysmod\addons\vjguardfixim_maps_src\maps\src\xen1.prt...
Building visibility clusters...
done (0)
KeyValues Error: RecursiveLoadFromBuffer:  got EOF instead of keyname in file materials/skybox/xenspace5_skyup.vmt
UnlitGeneric, (*proxies*), (*Clamp*), 
KeyValues Error: RecursiveLoadFromBuffer:  got EOF instead of keyname in file materials/skybox/xenspace5_skyup.vmt
UnlitGeneric, (*proxies*), (*Clamp*), 
Creating default LDR cubemaps for env_cubemap using skybox materials:
   skybox/xenspace5_sky*.vmt
 ! Run buildcubemaps in the engine to get the correct cube maps.
Creating default HDR cubemaps for env_cubemap using skybox materials:
   skybox/xenspace5_sky*.vmt
 ! Run buildcubemaps in the engine to get the correct cube maps.
Finding displacement neighbors...
Finding lightmap sample positions...
Displacement Alpha : 0...1...2...3...4...5...6...7...8...9...10
Building Physics collision data...
WARNING: Map using power 4 displacements, terrain physics cannot be compressed, map will need additional memory and CPU.
done (0) (2102396 bytes)
Placing detail props : 0...1...2...3...4...5...6...7...8...9...10
Water found with no water_lod_control entity, creating a default one.
Compacting texture/material tables...
Reduced 372 texinfos to 94
Reduced 11 texdatas to 7 (249 bytes to 126)
Writing d:\juegos\steam\steamapps\common\garrysmod\garrysmod\addons\vjguardfixim_maps_src\maps\src\xen1.bsp
1 second elapsed



16 threads
reading d:\juegos\steam\steamapps\common\garrysmod\garrysmod\addons\vjguardfixim_maps_src\maps\src\xen1.bsp
reading d:\juegos\steam\steamapps\common\garrysmod\garrysmod\addons\vjguardfixim_maps_src\maps\src\xen1.prt
  91 portalclusters
 205 numportals
BasePortalVis:       0...1...2...3...4...5...6...7...8...9...10 (0)
Optimized: 0 visible clusters (0.00%)
Total clusters visible: 8101
Average clusters visible: 89
Building PAS...
Average clusters audible: 89
visdatasize:2898  compressed from 2912
writing d:\juegos\steam\steamapps\common\garrysmod\garrysmod\addons\vjguardfixim_maps_src\maps\src\xen1.bsp
0 seconds elapsed



[Reading texlights from 'lights.rad']
[51 texlights parsed from 'lights.rad']
Loading d:\juegos\steam\steamapps\common\garrysmod\garrysmod\addons\vjguardfixim_maps_src\maps\src\xen1.bsp
Unable to load vertex data "models/props_foliage_new\xen_shrub_a.vvd"
Unable to load vertex data "models/props_foliage_new\xen_shrub_b.vvd"
BuildFacelights:     0...1...2...3...4...5...6...7...8...9...10 (1)
BuildStaticPropPatchlights: 0...1...2...3...4...5...6...7...8...9...10 (0)
BuildVisLeafs:       0...1...2...3...4...5...6...7...8...9...10 (0)
transfers 89728, max 184
static prop patch transfers 0
GatherLight:         0...1...2...3...4...5...6...7...8...9...10 (0)
GatherLight:         0...1...2...3...4...5...6...7...8...9...10 (0)
Build Patch/Sample Hash Table(s).....Done<0.0082 sec>
FinalLightFace:      0...1...2...3...4...5...6...7...8...9...10 (1)
FinalLightFace Done
0 of 0 (0% of) surface lights went in leaf ambient cubes.
ThreadComputeLeafAmbient: 0...1...2...3...4...5...6...7...8...9...10 (4)
Writing leaf ambient...done
Ready to Finish

Object names       Objects/Maxobjs  Memory / Maxmem  Fullness 
------------       ---------------  ---------------  -------- 
models                  12/4096          576/196608   ( 0.3%) 
brushes                 25/65535         300/786420   ( 0.0%) 
brushsides             181/655350       1448/5242800  ( 0.0%) 
planes                 646/65536       12920/1310720  ( 1.0%) 
vertexes               607/65536        7284/786432   ( 0.9%) 
nodes                  535/65536       17120/2097152  ( 0.8%) 
texinfos                94/16384        6768/1179648  ( 0.6%) 
texdata                  7/8192          224/262144   ( 0.1%) 
dispinfos               88/0           15488/0        ( 0.0%) 
disp_verts           10872/0          217440/0        ( 0.0%) 
disp_tris            18176/0           36352/0        ( 0.0%) 
disp_multiblend          0/0               0/0        ( 0.0%) 
disp_lmsamples      767623/0          767623/0        ( 0.0%) 
faces                  462/65536       25872/3670016  ( 0.7%) 
hdr faces                0/65536           0/3670016  ( 0.0%) 
origfaces              130/65536        7280/3670016  ( 0.2%) 
leaves                 548/65536       17536/2097152  ( 0.8%) 
leaffaces              379/65536         758/131072   ( 0.6%) 
leafbrushes            350/65536         700/131072   ( 0.5%) 
areas                    3/1024           24/8192     ( 0.3%) 
surfedges             2400/512000       9600/2048000  ( 0.5%) 
edges                 1317/256000       5268/1024000  ( 0.5%) 
LDR worldlights          3/8192          264/720896   ( 0.0%) 
HDR worldlights          0/8192            0/720896   ( 0.0%) 
leafwaterdata            2/32768          24/393216   ( 0.0%) 
waterstrips              0/32768           0/327680   ( 0.0%) 
waterverts               0/65536           0/786432   ( 0.0%) 
waterindices             0/65536           0/131072   ( 0.0%) 
cubemapsamples           0/1024            0/16384    ( 0.0%) 
overlays                 0/8192            0/2883584  ( 0.0%) 
LDR lightdata         [variable]      882052/0        ( 0.0%) 
HDR lightdata         [variable]           0/0        ( 0.0%) 
visdata               [variable]        2898/16777216 ( 0.0%) 
entdata               [variable]       71796/4194304  ( 1.7%) 
LDR ambient table      548/65536        2192/262144   ( 0.8%) 
HDR ambient table      548/65536        2192/262144   ( 0.8%) 
LDR leaf ambient       950/65536       26600/1835008  ( 1.4%) 
HDR leaf ambient       548/65536       15344/1835008  ( 0.8%) 
occluders                0/0               0/0        ( 0.0%) 
occluder polygons        0/0               0/0        ( 0.0%) 
occluder vert ind        0/0               0/0        ( 0.0%) 
detail props          [variable]          12/0        ( 0.0%) 
static props          [variable]        8082/0        ( 0.0%) 
static prop count       79/16384           0/0        ( 0.5%) 
pakfile               [variable]       71263/0        ( 0.0%) 
physics               [variable]     2102396/4194304  (50.1%) 
physics terrain       [variable]           0/1048576  ( 0.0%) 

Level flags = 0

Total triangle count: 940
Writing d:\juegos\steam\steamapps\common\garrysmod\garrysmod\addons\vjguardfixim_maps_src\maps\src\xen1.bsp
6 seconds elapsed




materialPath: D:\Juegos\Steam\steamapps\common\GarrysMod\garrysmod\materials
Loading d:\juegos\steam\steamapps\common\garrysmod\garrysmod\addons\vjguardfixim_maps_src\maps\src\xen1.vmf
Patching WVT material: maps/xen1/xeno/c4a1a_swmpwlb_wvt_patch
fixing up env_cubemap materials on brush sides...
ProcessBlock_Thread: 0...1...2...3...4...5...6...7...8...9...10 (0)
ProcessBlock_Thread: 0...1...2...3...4...5...6...7...8...9...10 (0)
Processing areas...done (0)
Building Faces...done (0)
FixTjuncs...
PruneNodes...
WriteBSP...
done (0)
writing d:\juegos\steam\steamapps\common\garrysmod\garrysmod\addons\vjguardfixim_maps_src\maps\src\xen1.prt...
Building visibility clusters...
done (0)
KeyValues Error: RecursiveLoadFromBuffer:  got EOF instead of keyname in file materials/skybox/xenspace5_skyup.vmt
UnlitGeneric, (*proxies*), (*Clamp*), 
KeyValues Error: RecursiveLoadFromBuffer:  got EOF instead of keyname in file materials/skybox/xenspace5_skyup.vmt
UnlitGeneric, (*proxies*), (*Clamp*), 
Creating default LDR cubemaps for env_cubemap using skybox materials:
   skybox/xenspace5_sky*.vmt
 ! Run buildcubemaps in the engine to get the correct cube maps.
Creating default HDR cubemaps for env_cubemap using skybox materials:
   skybox/xenspace5_sky*.vmt
 ! Run buildcubemaps in the engine to get the correct cube maps.
Finding displacement neighbors...
Finding lightmap sample positions...
Displacement Alpha : 0...1...2...3...4...5...6...7...8...9...10
Building Physics collision data...
WARNING: Map using power 4 displacements, terrain physics cannot be compressed, map will need additional memory and CPU.
done (0) (2102396 bytes)
Placing detail props : 0...1...2...3...4...5...6...7...8...9...10
Water found with no water_lod_control entity, creating a default one.
Compacting texture/material tables...
Reduced 372 texinfos to 94
Reduced 11 texdatas to 7 (249 bytes to 126)
Writing d:\juegos\steam\steamapps\common\garrysmod\garrysmod\addons\vjguardfixim_maps_src\maps\src\xen1.bsp
1 second elapsed



16 threads
reading d:\juegos\steam\steamapps\common\garrysmod\garrysmod\addons\vjguardfixim_maps_src\maps\src\xen1.bsp
reading d:\juegos\steam\steamapps\common\garrysmod\garrysmod\addons\vjguardfixim_maps_src\maps\src\xen1.prt
  91 portalclusters
 205 numportals
BasePortalVis:       0...1...2...3...4...5...6...7...8...9...10 (0)
PortalFlow:          0...1...2...3...4...5...6...7...8...9...10 (0)
Optimized: 0 visible clusters (0.00%)
Total clusters visible: 8101
Average clusters visible: 89
Building PAS...
Average clusters audible: 89
visdatasize:2898  compressed from 2912
writing d:\juegos\steam\steamapps\common\garrysmod\garrysmod\addons\vjguardfixim_maps_src\maps\src\xen1.bsp
0 seconds elapsed



[Reading texlights from 'lights.rad']
[51 texlights parsed from 'lights.rad']
Loading d:\juegos\steam\steamapps\common\garrysmod\garrysmod\addons\vjguardfixim_maps_src\maps\src\xen1.bsp
Unable to load vertex data "models/props_foliage_new\xen_shrub_a.vvd"
Unable to load vertex data "models/props_foliage_new\xen_shrub_b.vvd"
BuildFacelights:     0...1...2...3...4...5...6...7...8..


materialPath: D:\Juegos\Steam\steamapps\common\GarrysMod\garrysmod\materials
Loading d:\juegos\steam\steamapps\common\garrysmod\garrysmod\addons\vjguardfixim_maps_src\maps\src\xen1.vmf
Patching WVT material: maps/xen1/xeno/c4a1a_swmpwlb_wvt_patch
fixing up env_cubemap materials on brush sides...
ProcessBlock_Thread: 0...1...2...3...4...5...6...7...8...9...10 (0)
ProcessBlock_Thread: 0...1...2...3...4...5...6...7...8...9...10 (0)
Processing areas...done (0)
Building Faces...done (0)
FixTjuncs...
PruneNodes...
WriteBSP...
done (0)
writing d:\juegos\steam\steamapps\common\garrysmod\garrysmod\addons\vjguardfixim_maps_src\maps\src\xen1.prt...
Building visibility clusters...
done (0)
KeyValues Error: RecursiveLoadFromBuffer:  got EOF instead of keyname in file materials/skybox/xenspace5_skyup.vmt
UnlitGeneric, (*proxies*), (*Clamp*), 
KeyValues Error: RecursiveLoadFromBuffer:  got EOF instead of keyname in file materials/skybox/xenspace5_skyup.vmt
UnlitGeneric, (*proxies*), (*Clamp*), 
Creating default LDR cubemaps for env_cubemap using skybox materials:
   skybox/xenspace5_sky*.vmt
 ! Run buildcubemaps in the engine to get the correct cube maps.
Creating default HDR cubemaps for env_cubemap using skybox materials:
   skybox/xenspace5_sky*.vmt
 ! Run buildcubemaps in the engine to get the correct cube maps.
Finding displacement neighbors...
Finding lightmap sample positions...
Displacement Alpha : 0...1...2...3...4...5...6...7...8...9...10
Building Physics collision data...
WARNING: Map using power 4 displacements, terrain physics cannot be compressed, map will need additional memory and CPU.
done (0) (2102396 bytes)
Placing detail props : 0...1...2...3...4...5...6...7...8...9...10
Water found with no water_lod_control entity, creating a default one.
Compacting texture/material tables...
Reduced 372 texinfos to 94
Reduced 11 texdatas to 7 (249 bytes to 126)
Writing d:\juegos\steam\steamapps\common\garrysmod\garrysmod\addons\vjguardfixim_maps_src\maps\src\xen1.bsp
1 second elapsed



16 threads
reading d:\juegos\steam\steamapps\common\garrysmod\garrysmod\addons\vjguardfixim_maps_src\maps\src\xen1.bsp
reading d:\juegos\steam\steamapps\common\garrysmod\garrysmod\addons\vjguardfixim_maps_src\maps\src\xen1.prt
  91 portalclusters
 205 numportals
BasePortalVis:       0...1...2...3...4...5...6...7...8...9...10 (0)
PortalFlow:          0...1...2...3...4...5...6...7...8...9...10 (0)
Optimized: 0 visible clusters (0.00%)
Total clusters visible: 8101
Average clusters visible: 89
Building PAS...
Average clusters audible: 89
visdatasize:2898  compressed from 2912
writing d:\juegos\steam\steamapps\common\garrysmod\garrysmod\addons\vjguardfixim_maps_src\maps\src\xen1.bsp
0 seconds elapsed



[Reading texlights from 'lights.rad']
[51 texlights parsed from 'lights.rad']
Loading d:\juegos\steam\steamapps\common\garrysmod\garrysmod\addons\vjguardfixim_maps_src\maps\src\xen1.bsp
Unable to load vertex data "models/props_foliage_new\xen_shrub_a.vvd"
Unable to load vertex data "models/props_foliage_new\xen_shrub_b.vvd"
BuildFacelights:     0...1...2...3...4...5...6...7...8...9...10 (15)
BuildVisLeafs:       0...1...2...3...4...5...6...7...8...9...10 (0)
transfers 89728, max 184
GatherLight:         0...1...2...3...4...5...6...7...8...9...10 (0)
GatherLight:         0...1...2...3...4...5...6...7...8...9...10 (0)
GatherLight:         0...1...2...3...4...5...6...7...8...9...10 (0)
Build Patch/Sample Hash Table(s).....Done<0.0072 sec>
FinalLightFace:      0...1...2...3...4...5...6...7...8...9...10 (1)
FinalLightFace Done
0 of 0 (0% of) surface lights went in leaf ambient cubes.
ThreadComputeLeafAmbient: 0...1...2...3...4...5...6...7...8...9...10 (4)
Writing leaf ambient...done
Ready to Finish

Object names       Objects/Maxobjs  Memory / Maxmem  Fullness 
------------       ---------------  ---------------  -------- 
models                  12/4096          576/196608   ( 0.3%) 
brushes                 25/65535         300/786420   ( 0.0%) 
brushsides             181/655350       1448/5242800  ( 0.0%) 
planes                 646/65536       12920/1310720  ( 1.0%) 
vertexes               607/65536        7284/786432   ( 0.9%) 
nodes                  535/65536       17120/2097152  ( 0.8%) 
texinfos                94/16384        6768/1179648  ( 0.6%) 
texdata                  7/8192          224/262144   ( 0.1%) 
dispinfos               88/0           15488/0        ( 0.0%) 
disp_verts           10872/0          217440/0        ( 0.0%) 
disp_tris            18176/0           36352/0        ( 0.0%) 
disp_multiblend          0/0               0/0        ( 0.0%) 
disp_lmsamples      767623/0          767623/0        ( 0.0%) 
faces                  462/65536       25872/3670016  ( 0.7%) 
hdr faces                0/65536           0/3670016  ( 0.0%) 
origfaces              130/65536        7280/3670016  ( 0.2%) 
leaves                 548/65536       17536/2097152  ( 0.8%) 
leaffaces              379/65536         758/131072   ( 0.6%) 
leafbrushes            350/65536         700/131072   ( 0.5%) 
areas                    3/1024           24/8192     ( 0.3%) 
surfedges             2432/512000       9728/2048000  ( 0.5%) 
edges                 1289/256000       5156/1024000  ( 0.5%) 
LDR worldlights          3/8192          264/720896   ( 0.0%) 
HDR worldlights          0/8192            0/720896   ( 0.0%) 
leafwaterdata            2/32768          24/393216   ( 0.0%) 
waterstrips              2/32768          20/327680   ( 0.0%) 
waterverts               0/65536           0/786432   ( 0.0%) 
waterindices            24/65536          48/131072   ( 0.0%) 
cubemapsamples           0/1024            0/16384    ( 0.0%) 
overlays                 0/8192            0/2883584  ( 0.0%) 
LDR lightdata         [variable]      882052/0        ( 0.0%) 
HDR lightdata         [variable]           0/0        ( 0.0%) 
visdata               [variable]        2898/16777216 ( 0.0%) 
entdata               [variable]       72654/4194304  ( 1.7%) 
LDR ambient table      548/65536        2192/262144   ( 0.8%) 
HDR ambient table      548/65536        2192/262144   ( 0.8%) 
LDR leaf ambient       951/65536       26628/1835008  ( 1.5%) 
HDR leaf ambient       548/65536       15344/1835008  ( 0.8%) 
occluders                0/0               0/0        ( 0.0%) 
occluder polygons        0/0               0/0        ( 0.0%) 
occluder vert ind        0/0               0/0        ( 0.0%) 
detail props          [variable]          12/0        ( 0.0%) 
static props          [variable]        8082/0        ( 0.0%) 
static prop count       79/16384           0/0        ( 0.5%) 
pakfile               [variable]       71263/0        ( 0.0%) 
physics               [variable]     2102396/4194304  (50.1%) 
physics terrain       [variable]           0/1048576  ( 0.0%) 

Level flags = 0

Total triangle count: 972
Writing d:\juegos\steam\steamapps\common\garrysmod\garrysmod\addons\vjguardfixim_maps_src\maps\src\xen1.bsp
21 seconds elapsed




[Reading texlights from 'lights.rad']
[51 texlights parsed from 'lights.rad']
Loading d:\juegos\steam\steamapps\common\garrysmod\garrysmod\addons\vjguardfixim_maps_src\maps\src\xen1.bsp
Unable to load vertex data "models/props_foliage_new\xen_shrub_a.vvd"
Unable to load vertex data "models/props_foliage_new\xen_shrub_b.vvd"
BuildFacelights:     0...1...2...3...4...5...6...7...8...9...10 (15)
BuildVisLeafs:       0...1...2...3...4...5...6...7...8...9...10 (1)
transfers 89728, max 184
GatherLight:         0...1...2...3...4...5...6...7...8...9...10 (0)
GatherLight:         0...1...2...3...4...5...6...7...8...9...10 (0)
GatherLight:         0...1...2...3...4...5...6...7...8...9...10 (0)
Build Patch/Sample Hash Table(s).....Done<0.0094 sec>
FinalLightFace:      0...1...2...3...4...5...6...7...8...9...10 (0)
FinalLightFace Done
0 of 0 (0% of) surface lights went in leaf ambient cubes.
ThreadComputeLeafAmbient: 0...1...2...3...4...5...6...7...8...9...10 (5)
Writing leaf ambient...done
Ready to Finish

Object names       Objects/Maxobjs  Memory / Maxmem  Fullness 
------------       ---------------  ---------------  -------- 
models                  12/4096          576/196608   ( 0.3%) 
brushes                 25/65535         300/786420   ( 0.0%) 
brushsides             181/655350       1448/5242800  ( 0.0%) 
planes                 646/65536       12920/1310720  ( 1.0%) 
vertexes               607/65536        7284/786432   ( 0.9%) 
nodes                  535/65536       17120/2097152  ( 0.8%) 
texinfos                94/16384        6768/1179648  ( 0.6%) 
texdata                  7/8192          224/262144   ( 0.1%) 
dispinfos               88/0           15488/0        ( 0.0%) 
disp_verts           10872/0          217440/0        ( 0.0%) 
disp_tris            18176/0           36352/0        ( 0.0%) 
disp_multiblend          0/0               0/0        ( 0.0%) 
disp_lmsamples      767623/0          767623/0        ( 0.0%) 
faces                  462/65536       25872/3670016  ( 0.7%) 
hdr faces              462/65536       25872/3670016  ( 0.7%) 
origfaces              130/65536        7280/3670016  ( 0.2%) 
leaves                 548/65536       17536/2097152  ( 0.8%) 
leaffaces              379/65536         758/131072   ( 0.6%) 
leafbrushes            350/65536         700/131072   ( 0.5%) 
areas                    3/1024           24/8192     ( 0.3%) 
surfedges             2432/512000       9728/2048000  ( 0.5%) 
edges                 1289/256000       5156/1024000  ( 0.5%) 
LDR worldlights          3/8192          264/720896   ( 0.0%) 
HDR worldlights          3/8192          264/720896   ( 0.0%) 
leafwaterdata            2/32768          24/393216   ( 0.0%) 
waterstrips              2/32768          20/327680   ( 0.0%) 
waterverts               0/65536           0/786432   ( 0.0%) 
waterindices            24/65536          48/131072   ( 0.0%) 
cubemapsamples           0/1024            0/16384    ( 0.0%) 
overlays                 0/8192            0/2883584  ( 0.0%) 
LDR lightdata         [variable]      882052/0        ( 0.0%) 
HDR lightdata         [variable]      882052/0        ( 0.0%) 
visdata               [variable]        2898/16777216 ( 0.0%) 
entdata               [variable]       72654/4194304  ( 1.7%) 
LDR ambient table      548/65536        2192/262144   ( 0.8%) 
HDR ambient table      548/65536        2192/262144   ( 0.8%) 
LDR leaf ambient       951/65536       26628/1835008  ( 1.5%) 
HDR leaf ambient       951/65536       26628/1835008  ( 1.5%) 
occluders                0/0               0/0        ( 0.0%) 
occluder polygons        0/0               0/0        ( 0.0%) 
occluder vert ind        0/0               0/0        ( 0.0%) 
detail props          [variable]          12/0        ( 0.0%) 
static props          [variable]        8082/0        ( 0.0%) 
static prop count       79/16384           0/0        ( 0.5%) 
pakfile               [variable]       71263/0        ( 0.0%) 
physics               [variable]     2102396/4194304  (50.1%) 
physics terrain       [variable]           0/1048576  ( 0.0%) 

Level flags = 0

Total triangle count: 972
Writing d:\juegos\steam\steamapps\common\garrysmod\garrysmod\addons\vjguardfixim_maps_src\maps\src\xen1.bsp
21 seconds elapsed

